product_name,id,rating,message,date,timestamp,variant,is_anonymous,username,total_likes,has_image,has_video,seller_reply
X Beauty 1 Paket Isi 6 Redjelly Day Peach,2060155355,4,"Manfaat produk: Mencerahkan,
Jenis kulit: Berjerawat",1776894182,1 hari lalu,Default,True,Anonymous,0,False,False,
X Beauty 1 Paket Isi 6 Redjelly Day Peach,2060048871,5,bagus sekali,1776873845,1 hari lalu,Default,True,Anonymous,0,False,False,
X Beauty 1 Paket Isi 6 Redjelly Day Peach,2059954836,3,Baik,1776868368,1 hari lalu,Default,True,Anonymous,0,False,False,
X Beauty 1 Paket Isi 6 Redjelly Day Peach,2058988517,5,"Bahan: Bagus
Manfaat produk: Buat muka
Jenis kulit: Untuk semua",1776837181,1 hari lalu,Default,True,Anonymous,0,True,False,
X Beauty 1 Paket Isi 6 Redjelly Day Peach,2058792749,5,Blom d coba   . Klk cocok blek lgi CO 👍🩷,1776831259,1 hari lalu,Default,True,Anonymous,0,False,False,
X Beauty 1 Paket Isi 6 Redjelly Day Peach,2058747186,5,Bagus,1776829892,1 hari lalu,Default,True,Anonymous,0,False,False,
X Beauty 1 Paket Isi 6 Redjelly Day Peach,2058394965,5,Manfaat produk: Mencerahkan kulit wajah,1776815298,2 hari lalu,Default,True,Anonymous,0,False,False,
X Beauty 1 Paket Isi 6 Redjelly Day Peach,2058213738,5,Baru pertama kali nyobain semoga cocok nnti bakal beli lg klu cocok... Dpt gretong red jelly 1.maacih kkaakkkk,1776786783,2 hari lalu,Default,True,Anonymous,0,True,False,
X Beauty 1 Paket Isi 6 Redjelly Day Peach,2057271949,5,Bagus syuka,1776753107,2 hari lalu,Default,True,Anonymous,0,False,False,
X Beauty 1 Paket Isi 6 Redjelly Day Peach,2057078886,5,"Bahan: aman
Manfaat produk: Bisa mencerahkan dan menghilangkan bekas jerawat
masyaallah udah sampai barang nya pengiriman cepat barang sangat baik alhamdulillah udah abis 3 pkt di aku alhamdulillah udah byk perubahan sejak aku pakai produkxbeauty ini alhamdulillah banget beli di toko ini di jamin asli aku selalu beli di  🥰",1776745425,2 hari lalu,Default,True,Anonymous,0,True,False,
X Beauty 1 Paket Isi 6 Redjelly Day Peach,2056771444,4,"Bahan: Lembut ringan
Manfaat produk: Mencerahkan
Jenis kulit: Normal oily",1776733526,2 hari lalu,Default,True,Anonymous,0,True,False,
X Beauty 1 Paket Isi 6 Redjelly Day Peach,2056201433,4,Tutup serumnya gak rapat jadi banyak yang tumpah keluar.,1776686081,3 hari lalu,Default,True,Anonymous,0,False,False,
X Beauty 1 Paket Isi 6 Redjelly Day Peach,2056196584,5,Alhamdulillah ada perubahan make 3 hari 😍❤️,1776685909,3 hari lalu,Default,True,Anonymous,0,False,False,
X Beauty 1 Paket Isi 6 Redjelly Day Peach,2055348779,5,Semogaaa cocokk.. Biarr gak bngung hrus yg mana lagi.,1776657909,3 hari lalu,Default,True,Anonymous,0,True,False,
X Beauty 1 Paket Isi 6 Redjelly Day Peach,2055290769,3,Kurang cocok di aku yng berjrawat malah nambah kusam pori² nambah besarr pas beli karna uang ya pas² san terlalu fomo tapi tipe kuliat orng bedaaa²,1776656005,3 hari lalu,Default,True,Anonymous,0,False,False,
X Beauty 1 Paket Isi 6 Redjelly Day Peach,2055279141,5,Bagus,1776655630,3 hari lalu,Default,True,Anonymous,0,False,False,
X Beauty 1 Paket Isi 6 Redjelly Day Peach,2055073391,5,Fiks sangat bagus aku udah abis 5 paket hasil nya sangat luar biasa,1776647750,3 hari lalu,Default,True,Anonymous,0,False,False,
X Beauty 1 Paket Isi 6 Redjelly Day Peach,2054120263,5,Oke,1776585984,4 hari lalu,Default,True,Anonymous,0,False,False,
X Beauty 1 Paket Isi 6 Redjelly Day Peach,2053631658,1,sya bner2 kecewa saya udah bayar mahal2 tpi ga ada pertanggung jawaban nyah sama sekali di status nya udah di terima tapi sampay skrng aku ga terima barang nyah,1776568407,4 hari lalu,Default,True,Anonymous,0,False,False,
X Beauty 1 Paket Isi 6 Redjelly Day Peach,2053219754,5,Semoga aja cocok ada perubahan biar bisa order lagi🤗,1776527893,5 hari lalu,Default,True,Anonymous,0,True,False,
X Beauty 1 Paket Isi 6 Redjelly Day Peach,2053008198,5,"Manfaat produk: Sangat baik ccok banget buat
Jenis kulit: Berminyak,kusam
Bahan: Lmbut,harum,
Btw itu fto yg bju hitam polos flek y bnyk bngt ya bekas jerawat itu fto blm pemakaian yg baju hitam ada corak y udah pemakaian 6 harian alhmdulilah memudar seneng bgt entar abis kita co yg kdua kli y amanah trus ya owner y 🥰🥰🥰🌸",1776516631,5 hari lalu,Default,True,Anonymous,0,True,False,
X Beauty 1 Paket Isi 6 Redjelly Day Peach,2052695732,5,baguss aman juga datangnya,1776505145,5 hari lalu,Default,True,Anonymous,0,False,False,
X Beauty 1 Paket Isi 6 Redjelly Day Peach,2052467975,5,Semoga cocok,1776496944,5 hari lalu,Default,True,Anonymous,0,False,False,
X Beauty 1 Paket Isi 6 Redjelly Day Peach,2052369116,5,uda lumayan bersih muka aku,1776493465,5 hari lalu,Default,True,Anonymous,0,False,False,
X Beauty 1 Paket Isi 6 Redjelly Day Peach,2052295462,3,"Yg lain nya bagus, tapi ntah toner nya bocor",1776490772,5 hari lalu,Default,True,Anonymous,0,True,False,
X Beauty 1 Paket Isi 6 Redjelly Day Peach,2052055883,5,Manfaat produk ini kulit terasa bersih muka bersih jerawat hilang,1776483330,5 hari lalu,Default,True,Anonymous,0,False,False,
X Beauty 1 Paket Isi 6 Redjelly Day Peach,2052038821,5,Langganan ku,1776482789,5 hari lalu,Default,True,Anonymous,0,False,False,
X Beauty 1 Paket Isi 6 Redjelly Day Peach,2051834518,1,"Tidk bagus kta nya seminggu uda ada perubahan, perubahan di kulit aku malah kusam jerawatan",1776475743,5 hari lalu,Default,True,Anonymous,0,False,False,
X Beauty 1 Paket Isi 6 Redjelly Day Peach,2051310721,5,Kualitas nya sangat bagus sama mau pesan lagi kalau habis,1776430948,6 hari lalu,Default,True,Anonymous,0,False,False,
X Beauty 1 Paket Isi 6 Redjelly Day Peach,2051227883,5,Baru pertama kali mau coba semoga cocokk,1776427915,6 hari lalu,Default,True,Anonymous,0,True,False,
X Beauty 1 Paket Isi 6 Redjelly Day Peach,2051064494,5,Bru pake brp hari udhbersih muka nya,1776422701,6 hari lalu,Default,True,Anonymous,0,False,False,
X Beauty 1 Paket Isi 6 Redjelly Day Peach,2050783492,4,"Barang nya aman ga ada yang rusak, baru mau coba semoga cocokk",1776413476,6 hari lalu,Default,True,Anonymous,0,True,False,
X Beauty 1 Paket Isi 6 Redjelly Day Peach,2050586640,5,"Bahan: Lembut
Manfaat produk: Untuk wajah
Jenis kulit: Normal",1776406083,6 hari lalu,Default,True,Anonymous,0,False,False,
X Beauty 1 Paket Isi 6 Redjelly Day Peach,2050453642,5,Baik,1776401329,6 hari lalu,Default,True,Anonymous,0,False,False,
X Beauty 1 Paket Isi 6 Redjelly Day Peach,2050337116,5,udah beli ni produk ke 2x nya bagus banget sumpahhh plisss kirimin aku donggg min 😭😭😭🤏😖,1776397698,6 hari lalu,Default,True,Anonymous,0,False,False,
X Beauty 1 Paket Isi 6 Redjelly Day Peach,2050286031,5,Ini pemesanan ke 3 aku di aku cocok muka ku jdi bersih cerah dan halus,1776396045,6 hari lalu,Default,True,Anonymous,0,True,False,
X Beauty 1 Paket Isi 6 Redjelly Day Peach,2050154822,3,"Alhamdulillah paketan q udah sampai meski lama nunggu nya karna kendala di expedisi..
Pengemasan kurang sdkit aman karna gk di lapisin babel wrap tapi alhamdulillah nya barang ny aman
Makasih owner bonus red jelly nya semoga cocok pake ini.",1776391388,6 hari lalu,Default,True,Anonymous,0,True,False,
X Beauty 1 Paket Isi 6 Redjelly Day Peach,2049754127,5,"tekstur nya gal lengket bau&#34; buah berry gituww, semoga cocok day one pemakaian, kalo cocok bakal jadi langganan beli di toko ini",1776350497,1 minggu lalu,Default,True,Anonymous,0,False,False,
X Beauty 1 Paket Isi 6 Redjelly Day Peach,2048989855,4,"Bahan: Sesuai
Manfaat produk: Bguss",1776324055,1 minggu lalu,Default,True,Anonymous,0,False,False,
X Beauty 1 Paket Isi 6 Redjelly Day Peach,2048606018,5,Okey mantap saya udah pesen berapa kali di toko ini barang sesuai pesanan udah langganan di toko ini,1776310781,1 minggu lalu,Default,True,Anonymous,0,False,False,
X Beauty 1 Paket Isi 6 Redjelly Day Peach,2048189277,4,bagus bgt,1776282544,1 minggu lalu,Default,True,Anonymous,0,False,False,
X Beauty 1 Paket Isi 6 Redjelly Day Peach,2047994636,4,Kasi 🌟🌟🌟🌟 ajah dlu klau benar2 ada perubahan aku cek out lagi kasi  🌟🌟🌟🌟🌟,1776262459,1 minggu lalu,Default,True,Anonymous,0,False,False,
X Beauty 1 Paket Isi 6 Redjelly Day Peach,2047933193,5,"Semoga cocok dimuka aku yang susah putih, kalo cocok next order lagi 🥰",1776259986,1 minggu lalu,Default,True,Anonymous,0,True,False,
X Beauty 1 Paket Isi 6 Redjelly Day Peach,2047690853,4,"Bahan: Oke
Manfaat produk: Mencerahkan, menghilangkan bopeng,warna kulit tidak merata mengecilkan pori2 cocok banget buat kulit sensitif kaya aku
Jenis kulit: Sensitif, normal",1776252156,1 minggu lalu,Default,True,Anonymous,0,False,False,
X Beauty 1 Paket Isi 6 Redjelly Day Peach,2047690563,5,"Manfaat produk: Mencerahkan kulit , menghilangkan beruntusan harus sabar yaa konsisten inti nya",1776252147,1 minggu lalu,Default,True,Anonymous,0,False,False,
X Beauty 1 Paket Isi 6 Redjelly Day Peach,2047393104,5,Mantap klo cocok mau beli lagi disini,1776243520,1 minggu lalu,Default,True,Anonymous,0,False,False,
X Beauty 1 Paket Isi 6 Redjelly Day Peach,2047279081,5,"Bahan: Ok
Manfaat produk: Mencerahkan
Jenis kulit: Semua jenis",1776239927,1 minggu lalu,Default,True,Anonymous,0,False,False,
X Beauty 1 Paket Isi 6 Redjelly Day Peach,2046808259,5,"uda berapa paket yaa lupa wkwk
intinya bagus bgt make x beauty skincare, sllu dihati💗💗💗",1776224601,1 minggu lalu,Default,True,Anonymous,0,True,False,
X Beauty 1 Paket Isi 6 Redjelly Day Peach,2046762708,5,Pengiriman cepat dan aman packing rapih cream pemutih wajah terbaik,1776223188,1 minggu lalu,Default,True,Anonymous,0,True,False,
X Beauty 1 Paket Isi 6 Redjelly Day Peach,2046658699,5,"Alhamdulilah barang ya dtng,,aku suka bngt sama skincare ini,,aku bisa beli ini kumpulin uang,,sudah engga pake seminggu,,,skrng dtng saya seneng...terima kasih seĺler.....",1776219676,1 minggu lalu,Default,True,Anonymous,0,True,True,
X Beauty 1 Paket Isi 6 Redjelly Day Peach,2046411559,4,bagus sangt cocok dikulit saya,1776205058,1 minggu lalu,Default,True,Anonymous,0,True,False,
X Beauty 1 Paket Isi 6 Redjelly Day Peach,2046052930,5,Bagus,1776170754,1 minggu lalu,Default,True,Anonymous,0,False,False,
X Beauty 1 Paket Isi 6 Redjelly Day Peach,2045996859,5,"Manfaat produk: Menghilangkan beruntusan,bekas jerawat, jerawat on off
Jenis kulit: Sensitif
Udah pesan untuk ke 2 kali nya",1776168783,1 minggu lalu,Default,True,Anonymous,0,False,False,
X Beauty 1 Paket Isi 6 Redjelly Day Peach,2045981852,4,"Semoga cocok dikulit aku, dan aku dapat bonus satu red jelly nya",1776168300,1 minggu lalu,Default,True,Anonymous,0,True,False,
X Beauty 1 Paket Isi 6 Redjelly Day Peach,2045716689,5,udah jadi langganan 💞💞💞,1776159970,1 minggu lalu,Default,True,Anonymous,0,False,False,
X Beauty 1 Paket Isi 6 Redjelly Day Peach,2045709478,5,Bru prtma kli cba smog cocok,1776159709,1 minggu lalu,Default,True,Anonymous,0,False,False,
X Beauty 1 Paket Isi 6 Redjelly Day Peach,2045594331,5,mau coba semoga cocok,1776155691,1 minggu lalu,Default,True,Anonymous,0,True,False,
X Beauty 1 Paket Isi 6 Redjelly Day Peach,2045293006,5,"Barang nya sesuai,",1776143797,1 minggu lalu,Default,True,Anonymous,0,True,False,
X Beauty 1 Paket Isi 6 Redjelly Day Peach,2044570845,5,bagus,1776092855,1 minggu lalu,Default,True,Anonymous,0,False,False,
X Beauty 1 Paket Isi 6 Redjelly Day Peach,2044364905,5,Lumayan,1776084022,1 minggu lalu,Default,True,Anonymous,0,True,False,
X Beauty 1 Paket Isi 6 Redjelly Day Peach,2043905408,5,barangnya udah Dateng maaf ga kepoto 🙏,1776069464,1 minggu lalu,Default,True,Anonymous,0,False,False,
X Beauty 1 Paket Isi 6 Redjelly Day Peach,2043558774,5,Udah beli ke3kalinya cocok sih di kulit ku,1776057105,1 minggu lalu,Default,True,Anonymous,0,False,False,
X Beauty 1 Paket Isi 6 Redjelly Day Peach,2043363683,5,"Pengiriman cepat,kemasan rapih...semoga cocok,kalau cocok next order lagi",1776050969,1 minggu lalu,Default,True,Anonymous,0,True,False,
X Beauty 1 Paket Isi 6 Redjelly Day Peach,2043271888,5,"Mantep,, semoga cocok ya,, terimakasih",1776048397,1 minggu lalu,Default,True,Anonymous,0,True,False,
X Beauty 1 Paket Isi 6 Redjelly Day Peach,2043201038,5,Makasih kak red jelly nya dikasih 3,1776045700,1 minggu lalu,Default,True,Anonymous,0,True,False,
X Beauty 1 Paket Isi 6 Redjelly Day Peach,2043150623,2,kenapa beda sama yg d foto,1776043461,1 minggu lalu,Default,True,Anonymous,0,True,False,
X Beauty 1 Paket Isi 6 Redjelly Day Peach,2042832867,5,Day 1 pake do&#39;ain cck yh friend,1776004606,1 minggu lalu,Default,True,Anonymous,0,False,False,
X Beauty 1 Paket Isi 6 Redjelly Day Peach,2042671301,5,Semoga cocok,1775997140,1 minggu lalu,Default,True,Anonymous,0,False,False,
X Beauty 1 Paket Isi 6 Redjelly Day Peach,2042367559,5,Bagus,1775985798,1 minggu lalu,Default,True,Anonymous,0,False,False,
X Beauty 1 Paket Isi 6 Redjelly Day Peach,2041958143,5,paket aman sampai tujuan,1775969277,1 minggu lalu,Default,True,Anonymous,0,True,False,
X Beauty 1 Paket Isi 6 Redjelly Day Peach,2041680847,5,"Maaf baru ngasih ulasan soalnya mau lihat hasil ya dulu dan ternyata mantul yg awal nya susah cerah jadi cerah 😊
Manfaat produk: Susah cerah
Jenis kulit: Semua jenis kulit",1775958108,1 minggu lalu,Default,True,Anonymous,0,False,False,
X Beauty 1 Paket Isi 6 Redjelly Day Peach,2041680679,5,"bagus produk nya ga ada yg lecet cmn blm di coba aja, semoga cocok klo cocok bakal langganan sih soalnya harga 1 paketnya muce abizz",1775958097,1 minggu lalu,Default,True,Anonymous,0,False,False,
X Beauty 1 Paket Isi 6 Redjelly Day Peach,2041360345,5,semoga cocok,1775916951,1 minggu lalu,Default,True,Anonymous,0,False,False,
X Beauty 1 Paket Isi 6 Redjelly Day Peach,2040885743,5,Paket udh dteng semoga aja cocok,1775898270,1 minggu lalu,Default,True,Anonymous,0,False,False,
X Beauty 1 Paket Isi 6 Redjelly Day Peach,2040257708,4,Mff  baru ulas pket nya baru Dateng ini mau coba semoga cocok,1775874274,1 minggu lalu,Default,True,Anonymous,0,True,False,
X Beauty 1 Paket Isi 6 Redjelly Day Peach,2039844747,3,"Blm ada ngaruh nya ke aku ,,",1775830274,1 minggu lalu,Default,True,Anonymous,0,False,False,
X Beauty 1 Paket Isi 6 Redjelly Day Peach,2039346221,5,"Alhamdulillah udh sampe pesanannya, pertama kali beli semoga ccok 😍",1775811839,1 minggu lalu,Default,True,Anonymous,0,False,False,
X Beauty 1 Paket Isi 6 Redjelly Day Peach,2038774242,5,Peking rapih semoga cocok D wajah q pertma beli,1775791193,1 minggu lalu,Default,True,Anonymous,0,False,False,
X Beauty 1 Paket Isi 6 Redjelly Day Peach,2037876046,5,Semoga cocok.biar bisa beli lag😊iii,1775731012,2 minggu lalu,Default,True,Anonymous,0,False,False,
X Beauty 1 Paket Isi 6 Redjelly Day Peach,2035787248,5,"Bahan: Baik
Manfaat produk: Untuk memutihkan wajah
Jenis kulit: Semua jenis kulit",1775635243,2 minggu lalu,Default,True,Anonymous,0,True,False,
X Beauty 1 Paket Isi 6 Redjelly Day Peach,2035613567,4,Bismilah baru coba semoga cocok dikulitku,1775629227,2 minggu lalu,Default,True,Anonymous,0,False,False,
X Beauty 1 Paket Isi 6 Redjelly Day Peach,2035222294,5,Sesuai dengan pesanan.mudah²an cocok,1775616953,2 minggu lalu,Default,True,Anonymous,0,False,False,
X Beauty 1 Paket Isi 6 Redjelly Day Peach,2035176442,5,aku beli dua paket dapat bonus red jelly 1 mkasih ya😍,1775615310,2 minggu lalu,Default,True,Anonymous,0,True,False,
X Beauty 1 Paket Isi 6 Redjelly Day Peach,2034464416,5,Semoga cocokk biar ga gonta ganti skincare lagi,1775561383,2 minggu lalu,Default,True,Anonymous,0,True,False,
X Beauty 1 Paket Isi 6 Redjelly Day Peach,2034029080,5,berminyak,1775546179,2 minggu lalu,Default,True,Anonymous,0,False,False,
X Beauty 1 Paket Isi 6 Redjelly Day Peach,2033306351,5,"Semoga cocok di aku,baru per1 kali beli soalx😁",1775511272,2 minggu lalu,Default,True,Anonymous,0,False,False,
X Beauty 1 Paket Isi 6 Redjelly Day Peach,2033205511,5,Udah berapaa kali beli mantulllll,1775491237,2 minggu lalu,Default,True,Anonymous,0,False,False,
X Beauty 1 Paket Isi 6 Redjelly Day Peach,2033200201,4,"baru coba blm tau hasilnya,semoga baguss",1775490820,2 minggu lalu,Default,True,Anonymous,0,True,False,
X Beauty 1 Paket Isi 6 Redjelly Day Peach,2033171324,4,"Paket sudah datang
Semoga cocok",1775488767,2 minggu lalu,Default,True,Anonymous,0,False,False,
X Beauty 1 Paket Isi 6 Redjelly Day Peach,2033005967,5,"Produk sangat baik,, 
Semoga cocok
Terimakasih",1775481318,2 minggu lalu,Default,True,Anonymous,0,True,False,
X Beauty 1 Paket Isi 6 Redjelly Day Peach,2032975021,5,"Alhamdulillah paket super sudah sampai,,,semoga cocok d wajah aq",1775480167,2 minggu lalu,Default,True,Anonymous,0,False,False,
X Beauty 1 Paket Isi 6 Redjelly Day Peach,2032877035,5,"Aman sampai tujuan, terimakasih min🥰🤗",1775476691,2 minggu lalu,Default,True,Anonymous,0,True,False,
X Beauty 1 Paket Isi 6 Redjelly Day Peach,2032671517,4,Paketnya kurang 1 kurang Night cream,1775470356,2 minggu lalu,Default,True,Anonymous,0,False,False,
X Beauty 1 Paket Isi 6 Redjelly Day Peach,2032574841,1,mudah mudahan coco yaaaa soalnya frist time,1775467223,2 minggu lalu,Default,True,Anonymous,0,True,False,
X Beauty 1 Paket Isi 6 Redjelly Day Peach,2032110442,4,"Jenis kulit: sdikit brntusn
tp cocok di kulit aku",1775451576,2 minggu lalu,Default,True,Anonymous,0,True,False,
X Beauty 1 Paket Isi 6 Redjelly Day Peach,2031769564,5,Paket sudah sampai semoga cocok buat bisa langganan,1775440065,2 minggu lalu,Default,True,Anonymous,0,True,False,
X Beauty 1 Paket Isi 6 Redjelly Day Peach,2031041453,5,"Sangat bagus, semoga cocok",1775385614,2 minggu lalu,Default,True,Anonymous,0,False,False,
X Beauty 1 Paket Isi 6 Redjelly Day Peach,2030015380,5,"Muda mudahan cocok d aku,",1775319249,2 minggu lalu,Default,True,Anonymous,0,False,False,
X Beauty 1 Paket Isi 6 Redjelly Day Peach,2028939835,5,👍,1775274375,2 minggu lalu,Default,True,Anonymous,0,False,False,
X Beauty 1 Paket Isi 6 Redjelly Day Peach,2028780868,5,"Paket mendarat dgn aman, packing rapi dpt bonus tas pink cantik,,baru pertama pesan mudahan cocok di muka aku.
Kurir sdh langganan the best pokok nya",1775268414,2 minggu lalu,Default,True,Anonymous,0,True,False,
X Beauty 1 Paket Isi 6 Redjelly Day Peach,2028780686,1,"wajah ku rusak parah gara gara ni produkk nyesel bangett beli ini plis yang mau coba hati hati  aku coba Konsul di live owner nya nyolot kualitas produk buruk
kecewa banget 
gk tau cara nyembuh In nya
 gimanaa ni",1775268404,2 minggu lalu,,False,erik,1,True,False,
X Beauty 1 Paket Isi 6 Redjelly Day Peach,2028732785,5,Jenis kulit: Bagusss,1775266126,2 minggu lalu,Default,True,Anonymous,0,True,False,
X Beauty 1 Paket Isi 6 Redjelly Day Peach,2027722941,5,Masya Allah sudah sudah paket ke sekian kalinya mantan,1775201547,2 minggu lalu,Default,True,Anonymous,0,True,False,
X Beauty 1 Paket Isi 6 Redjelly Day Peach,2027188481,5,Paket sudah sampai dengan baikk,1775183001,2 minggu lalu,Default,True,Anonymous,0,False,False,
X Beauty 1 Paket Isi 6 Redjelly Day Peach,2026741922,5,Maaf baru kasih ulasan 🤭 Alhamdulillah baru satu Minggu pemakaian udah ada hasil nya🥰🥰 Mksh buat yang punya toko Alhamdulillah toko nya amanah 😊😊 Mkasih buat Abang kurir nya jga udh ramah 🙃,1775139457,3 minggu lalu,Default,True,Anonymous,0,False,False,
X Beauty 1 Paket Isi 6 Redjelly Day Peach,2026722901,5,"Bguss Bgtt sumpah dah, ga boong walupun belum pakee berpaket paket baru satu pakett dulu, kalo cocok balik lagi iya min",1775138573,3 minggu lalu,Default,True,Anonymous,0,False,False,
X Beauty 1 Paket Isi 6 Redjelly Day Peach,2026685422,5,"Manfaat produk: mencerahkan
Jenis kulit: kulit jerawat on of",1775136986,3 minggu lalu,Default,True,Anonymous,0,False,False,
X Beauty 1 Paket Isi 6 Redjelly Day Peach,2026590737,5,Uadah jatuh cinta ma ni jd g pgn berpaling muka pleknya udh ilang g bruntusan lagi skrg dh bersih mkch x beauty semoga arganya juga g naik ea 😁😍😍,1775133446,3 minggu lalu,Default,True,Anonymous,0,False,False,
X Beauty 1 Paket Isi 6 Redjelly Day Peach,2025769002,5,Makasih KA paket nya udah nyampe paking nya rapih dapet tas nya juga isi sesuai ada 6 paket,1775106528,3 minggu lalu,Default,True,Anonymous,0,True,False,
X Beauty 1 Paket Isi 6 Redjelly Day Peach,2025679207,5,Lengkap cepat nyampe nya Baru pertama semoga cocok nanti order lg 😍,1775103681,3 minggu lalu,Default,True,Anonymous,0,True,False,
X Beauty 1 Paket Isi 6 Redjelly Day Peach,2025541331,2,masa di krm dua dua nya day crem gmna si yg kerjaaa nya😔,1775099004,3 minggu lalu,Default,True,Anonymous,0,True,False,
X Beauty 1 Paket Isi 6 Redjelly Day Peach,2025526805,4,Sesuai belum di coba moga cocok,1775098484,3 minggu lalu,Default,True,Anonymous,0,True,False,
X Beauty 1 Paket Isi 6 Redjelly Day Peach,2025033422,5,Sangat baik aku suka sama barngya walaupun harganya murah tapi GK murah an bagus bikin muka cerah aku udh habis 1 paket ini pemakaian paket yang ke 2,1775054103,3 minggu lalu,Default,True,Anonymous,0,False,False,
X Beauty 1 Paket Isi 6 Redjelly Day Peach,2024655107,4,"semoga di wajah aku cocok
Jenis kulit: berminyak",1775041329,3 minggu lalu,Default,True,Anonymous,0,True,False,
X Beauty 1 Paket Isi 6 Redjelly Day Peach,2024295731,5,Bgus nnti aku blik lgi klo cocok 🥰,1775029651,3 minggu lalu,Default,True,Anonymous,0,False,False,
X Beauty 1 Paket Isi 6 Redjelly Day Peach,2024279398,5,Baru coba semoga cocok,1775029039,3 minggu lalu,Default,True,Anonymous,0,True,False,
X Beauty 1 Paket Isi 6 Redjelly Day Peach,2023633966,5,"Stektur Lembut dan wangi banget ,pekingan nya pun rapi,pesan 2 pket dikirem gratis jelly satu,Mksih kk,semoga cocok di muka aku👍🤲🥰",1775005403,3 minggu lalu,Default,True,Anonymous,0,True,False,
X Beauty 1 Paket Isi 6 Redjelly Day Peach,2022483505,5,"Baru pertama belik, moga aja cocok
Bahan: Bagus
Manfaat produk: Memutihkan dan melembabkan",1774939580,3 minggu lalu,Default,True,Anonymous,0,True,False,
X Beauty 1 Paket Isi 6 Redjelly Day Peach,2022382279,5,Bahan: Bgus,1774935945,3 minggu lalu,Default,True,Anonymous,0,False,False,
X Beauty 1 Paket Isi 6 Redjelly Day Peach,2022023432,4,"Ingredient: Ok
Product benefit: Ok
Skin type: Ok
Semoga cocok ya baru pertama kali pake x beauty.😃",1774922023,3 minggu lalu,Default,True,Anonymous,0,False,False,
X Beauty 1 Paket Isi 6 Redjelly Day Peach,2021880009,5,bagus,1774912844,3 minggu lalu,Default,True,Anonymous,0,False,False,
X Beauty 1 Paket Isi 6 Redjelly Day Peach,2021323335,5,"Blm di coba si 
Mudah”han aja cocok ya 
Cape gonta ganti caem mulu 
Ujung” nya balik jadi ITEM 😩
Mudah-mudahan ini yg terakhir dan gk ganti” cream lagi aamiin 🤲",1774869856,3 minggu lalu,Default,True,Anonymous,0,True,False,
X Beauty 1 Paket Isi 6 Redjelly Day Peach,2020896350,4,"sayang serumnya pecah,tpi baguss",1774856491,3 minggu lalu,Default,True,Anonymous,0,True,False,
X Beauty 1 Paket Isi 6 Redjelly Day Peach,2020710301,5,Semoga cocok amiin,1774850124,3 minggu lalu,Default,True,Anonymous,0,False,False,
X Beauty 1 Paket Isi 6 Redjelly Day Peach,2020477632,4,Barang nya sudah sampai semoga cocok baru aku coba pertama kali 🥰,1774842877,3 minggu lalu,Default,True,Anonymous,0,False,False,
X Beauty 1 Paket Isi 6 Redjelly Day Peach,2020311972,5,"Semoga cocok ya Allah🤲
Packing aman the best pokonya 
Semoga beneran aman udah BPOM asli",1774837173,3 minggu lalu,Default,True,Anonymous,0,True,True,
X Beauty 1 Paket Isi 6 Redjelly Day Peach,2019504174,5,glowinggg,1774782647,3 minggu lalu,Default,True,Anonymous,0,False,False,
X Beauty 1 Paket Isi 6 Redjelly Day Peach,2019465394,4,baru mau coba semoga cocok ya,1774781566,3 minggu lalu,Default,True,Anonymous,0,False,False,
X Beauty 1 Paket Isi 6 Redjelly Day Peach,2019197990,5,Ini pesenan ke 2 akuu semogaa cepet hilang jrawat nyaa,1774772577,3 minggu lalu,Default,True,Anonymous,0,False,True,
X Beauty 1 Paket Isi 6 Redjelly Day Peach,2018560023,5,Manfaat produk: Mencerahkan,1774750554,3 minggu lalu,Default,True,Anonymous,0,True,False,
X Beauty 1 Paket Isi 6 Redjelly Day Peach,2018494330,5,aku bru pesen 1 pket ini kita lihat bgus apa ga di aku,1774747210,3 minggu lalu,Default,True,Anonymous,0,True,False,
X Beauty 1 Paket Isi 6 Redjelly Day Peach,2017842485,4,"Bahan: Wangi banget
Manfaat produk: Bisa mencerahkan
Jenis kulit: Kusam, jerawat no off, komedo, pori-pori",1774698055,3 minggu lalu,Default,True,Anonymous,0,True,False,
X Beauty 1 Paket Isi 6 Redjelly Day Peach,2016806464,5,"Alhamdulilah udah nyampai, dengan baik tidak ada yang lecet, mudhan2 cocok ya, klw cocok bisa pesen lagi",1774664680,3 minggu lalu,Default,True,Anonymous,0,True,True,
X Beauty 1 Paket Isi 6 Redjelly Day Peach,2016680034,5,cocok dikulit gampang diblen,1774657696,3 minggu lalu,Default,True,Anonymous,0,False,False,
X Beauty 1 Paket Isi 6 Redjelly Day Peach,2016552068,5,"Sebenarnya sudah lama pakai skincare ini brhubung berhenti karena aku lagi hamil wajah aku jadi kusam dan jerawatan, akhirnya setelah sekian lama coba pakai lagi, alhamdulillah masih cocok dan wajah aku jadi bersih kembali",1774637544,3 minggu lalu,Default,True,Anonymous,0,True,False,
X Beauty 1 Paket Isi 6 Redjelly Day Peach,2015626895,5,Baru mau nyoba semoga cocok trimakasih,1774598383,3 minggu lalu,Default,True,Anonymous,0,False,False,
X Beauty 1 Paket Isi 6 Redjelly Day Peach,2014542064,5,Semoga cocok,1774534753,4 minggu lalu,Default,True,Anonymous,0,False,False,
X Beauty 1 Paket Isi 6 Redjelly Day Peach,2014468703,4,Baru coba semoga cocok,1774531662,4 minggu lalu,Default,True,Anonymous,0,False,False,
X Beauty 1 Paket Isi 6 Redjelly Day Peach,2012745202,5,"Barang sudah sampai ya 
Cuma ko kemasan nya beda ya dri yg ak beli pertama apa kah ini kemasan yg baru 
Semoga isi nya ttap sama ya karna ak 1 paket udah cocok 🙏",1774438816,4 minggu lalu,Default,True,Anonymous,0,True,False,
X Beauty 1 Paket Isi 6 Redjelly Day Peach,2010716325,5,Baru kasih ulasan bagus mukaku jadi bersih cocok di aku,1774311242,1 bulan lalu,Default,True,Anonymous,0,False,False,
X Beauty 1 Paket Isi 6 Redjelly Day Peach,2010600070,4,Bagus ringan dikulitq,1774284128,1 bulan lalu,Default,True,Anonymous,0,False,False,
X Beauty 1 Paket Isi 6 Redjelly Day Peach,2009676809,5,bagus ..cepat meresap ke kulit dan tidak lengket mudah diblend cream pagi nya .,1774194384,1 bulan lalu,Default,True,Anonymous,0,False,False,
X Beauty 1 Paket Isi 6 Redjelly Day Peach,2009386336,5,"Barang aman nggak ada yang bocor aku udah mau habis 2paket diaku cocok, aku awal&#34;pake ada jerawat sama bruntusan tapi lama&#34;sembuh harus konsisten kyaknya",1774166621,1 bulan lalu,Default,True,Anonymous,0,True,False,
X Beauty 1 Paket Isi 6 Redjelly Day Peach,2009133864,5,"Bahan: Bagus
Manfaat produk: bisa mencerahkan menghilangkan bekas jerawat
Jenis kulit: Kuning langsat
alhamdulillah paket nya udh sampai dan udah 2 pket aku habis dan udah ada hasil nya baguss alhamdulillah cocok sama aku 🥰",1774139465,1 bulan lalu,Default,True,Anonymous,0,True,False,
X Beauty 1 Paket Isi 6 Redjelly Day Peach,2008766154,5,"Bru coba smoga ccok d kulit wajah ku kk🤗
Sawo matang",1774080819,1 bulan lalu,Default,True,Anonymous,0,False,False,
X Beauty 1 Paket Isi 6 Redjelly Day Peach,2008527318,3,"gak ngefek,,,,,",1774034206,1 bulan lalu,Default,True,Anonymous,0,False,False,
X Beauty 1 Paket Isi 6 Redjelly Day Peach,2008330018,5,Halhamdulilah paketnya sudah sampai cepat lgi datang nya,1774011826,1 bulan lalu,Default,True,Anonymous,0,False,False,
X Beauty 1 Paket Isi 6 Redjelly Day Peach,2007928542,5,"Mendarat sebelum lebaran , mantab",1773987530,1 bulan lalu,Default,True,Anonymous,0,False,False,
X Beauty 1 Paket Isi 6 Redjelly Day Peach,2007245724,5,Sukakkkkkkkkk,1773936090,1 bulan lalu,Default,True,Anonymous,0,True,False,
X Beauty 1 Paket Isi 6 Redjelly Day Peach,2006713338,5,"Udah beli yang kedua kalinya,,",1773910656,1 bulan lalu,Default,True,Anonymous,0,False,False,
X Beauty 1 Paket Isi 6 Redjelly Day Peach,2006169170,5,Barangnya baru datang semoga muka ku cocok pake produk ini,1773890826,1 bulan lalu,Default,True,Anonymous,0,True,False,
X Beauty 1 Paket Isi 6 Redjelly Day Peach,2005621402,5,"Bahan: Bagus
Manfaat produk: Banyak
Jenis kulit: Normal
Syukaaaa polllllllllll jadi glowing",1773848399,1 bulan lalu,Default,True,Anonymous,0,True,False,
X Beauty 1 Paket Isi 6 Redjelly Day Peach,2004162100,5,"selalu di kasi bonus, baikk bngtt 🫰🏻🫰🏻🫰🏻🫰🏻",1773802208,1 bulan lalu,Default,True,Anonymous,0,False,False,
X Beauty 1 Paket Isi 6 Redjelly Day Peach,2003989528,5,Suka bangettt sama si pink yang satu ini,1773794505,1 bulan lalu,Default,True,Anonymous,0,True,False,
X Beauty 1 Paket Isi 6 Redjelly Day Peach,2003278705,2,Barang tidak sesuai,1773751221,1 bulan lalu,Default,True,Anonymous,0,False,False,
X Beauty 1 Paket Isi 6 Redjelly Day Peach,2002844611,5,"Dapat 7 aitem terimakasih 
Kualitas pemakaian blm coba
Semoga cocok",1773738765,1 bulan lalu,Default,True,Anonymous,0,True,True,
X Beauty 1 Paket Isi 6 Redjelly Day Peach,2002817899,5,"Bahan: mudah diapply
Manfaat produk: di aku nglembab in
Jenis kulit: kering",1773737938,1 bulan lalu,Default,True,Anonymous,0,True,False,
X Beauty 1 Paket Isi 6 Redjelly Day Peach,2002727271,5,Manfaat produk: Bagus bikin wajah makin cantik dan putih,1773735044,1 bulan lalu,Default,True,Anonymous,0,False,False,
X Beauty 1 Paket Isi 6 Redjelly Day Peach,2001255392,5,sangat bagus,1773669510,1 bulan lalu,Default,True,Anonymous,0,False,False,
X Beauty 1 Paket Isi 6 Redjelly Day Peach,2000587647,5,Produkk nya bagusss bangettt,1773651945,1 bulan lalu,Default,True,Anonymous,0,True,True,
X Beauty 1 Paket Isi 6 Redjelly Day Peach,2000579146,5,Oke,1773651711,1 bulan lalu,Default,True,Anonymous,0,False,False,
X Beauty 1 Paket Isi 6 Redjelly Day Peach,2000150285,1,Bsok kl ad hsl balik sini lg,1773640643,1 bulan lalu,Default,True,Anonymous,0,False,False,
X Beauty 1 Paket Isi 6 Redjelly Day Peach,1998961351,5,Baunya wangi creamnya gak lengket gampang diblen baru pertamakali pemakaian sih dan udah cobah kulit udah mulai halus semoga aja cocok dan kurinya rama,1773589586,1 bulan lalu,Default,True,Anonymous,0,True,False,
X Beauty 1 Paket Isi 6 Redjelly Day Peach,1998632783,5,Hasil nya memuas kan,1773580126,1 bulan lalu,Default,True,Anonymous,0,False,False,
X Beauty 1 Paket Isi 6 Redjelly Day Peach,1998608653,5,Barangnya bagus banget pekinganya rapihh semoga cocok,1773579535,1 bulan lalu,Default,True,Anonymous,0,False,False,
X Beauty 1 Paket Isi 6 Redjelly Day Peach,1997275963,4,"suka dengan tekstur creamnya semoga cocok di wajah aku, aku kasih bintang 4 dulu nanti kalau ada hasilnya aku tambah lgi bintangnya",1773547780,1 bulan lalu,Default,True,Anonymous,0,False,False,
X Beauty 1 Paket Isi 6 Redjelly Day Peach,1997073976,5,"Semoga cocok
Manfaat produk: Mencerahkan
Jenis kulit: Sensitif",1773542754,1 bulan lalu,Default,True,Anonymous,0,True,False,
X Beauty 1 Paket Isi 6 Redjelly Day Peach,1996699875,3,Paketnya ada yang pecah,1773523545,1 bulan lalu,Default,True,Anonymous,0,False,False,
X Beauty 1 Paket Isi 6 Redjelly Day Peach,1996573242,5,Barang nya okeee,1773512795,1 bulan lalu,Default,True,Anonymous,0,False,False,
X Beauty 1 Paket Isi 6 Redjelly Day Peach,1996185644,5,"Alhamdulillah paketnya sdh sampai, ini paket kedua dan paket kedua ini dikasih night cream booster. Terima kasih",1773497486,1 bulan lalu,Default,True,Anonymous,0,True,False,
X Beauty 1 Paket Isi 6 Redjelly Day Peach,1994702110,1,gimana ya buat yang pecking di tengok tengok lah lebih detail masak kaya gini ke tukar gini di kasihnya malah night cream dua dua nya,1773462580,1 bulan lalu,Default,True,Anonymous,0,True,False,
X Beauty 1 Paket Isi 6 Redjelly Day Peach,1992612253,5,"Beli yg ke 2 kalinya cocok bngt aplgi day whitening ny bikin glowing cerah ga bikin abu. ga kaya day cream pd umumny yg hasilnya kya dempul, ini ngga ya pokokny bgus deh",1773391927,1 bulan lalu,Default,True,Anonymous,0,True,False,
X Beauty 1 Paket Isi 6 Redjelly Day Peach,1991454930,3,Lagi coba dulu,1773364580,1 bulan lalu,Default,True,Anonymous,0,False,False,
X Beauty 1 Paket Isi 6 Redjelly Day Peach,1990264102,5,Alhamdulillah paket skincarenya sd smp semoga cocok di aku🙏,1773317165,1 bulan lalu,Default,True,Anonymous,0,True,False,
X Beauty 1 Paket Isi 6 Redjelly Day Peach,1990021378,5,Sudah 2 kali pesan.walau belum ada perubahan tapi nyaman di pakek,1773312299,1 bulan lalu,Default,True,Anonymous,0,False,False,
X Beauty 1 Paket Isi 6 Redjelly Day Peach,1988879773,5,Paket nya sudah sampai dengan cepat,1773288102,1 bulan lalu,Default,True,Anonymous,0,False,False,
X Beauty 1 Paket Isi 6 Redjelly Day Peach,1988241489,5,"Bahan: Bagus
Jenis kulit: Normal",1773265435,1 bulan lalu,Default,True,Anonymous,0,False,False,
X Beauty 1 Paket Isi 6 Redjelly Day Peach,1987685566,5,"alhamdulillah masyallah bagusss bingitss di muka aku,bismillah aku udh jalan 2 pakett buruann yukk jgn ragu&#34; lagiii bess 💗🥰☺😍",1773238532,1 bulan lalu,Default,True,Anonymous,0,True,False,
X Beauty 1 Paket Isi 6 Redjelly Day Peach,1985138737,5,"Manfaat produk: mencerahkan kulit
Jenis kulit: sensitif
Bahan: aman dan sudah BPOM, lembut di pakai, harum baunya",1773172274,1 bulan lalu,Default,True,Anonymous,0,True,False,
X Beauty 1 Paket Isi 6 Redjelly Day Peach,1985085331,5,Jenis kulit: bagus aja bikin glowing,1773165700,1 bulan lalu,Default,True,Anonymous,0,False,False,
X Beauty 1 Paket Isi 6 Redjelly Day Peach,1984782851,5,"Baru kasih ulasan sengaja, udh 1paket lumayan bersih bgt",1773153228,1 bulan lalu,Default,True,Anonymous,0,False,False,
X Beauty 1 Paket Isi 6 Redjelly Day Peach,1983837182,5,"Paket ke tiga atau empat lupa… yang jelas mantul, sudah mulai kelihatan perubahannya🥰",1773133142,1 bulan lalu,Default,True,Anonymous,0,True,False,
X Beauty 1 Paket Isi 6 Redjelly Day Peach,1983695340,5,Brngnya udh nyampe,1773129837,1 bulan lalu,Default,True,Anonymous,0,True,True,
X Beauty 1 Paket Isi 6 Redjelly Day Peach,1982982757,5,bagusss bangetttt kyaa yangg akuu carii cuma minus lama ajaa nyampe nya,1773114134,1 bulan lalu,Default,True,Anonymous,0,False,False,
X Beauty 1 Paket Isi 6 Redjelly Day Peach,1982965436,1,"Jenis kulit: normal
awal muka saya bagus tapi semenjak pake ini jerawat membandel banget 🥲🥲",1773113755,1 bulan lalu,Default,True,Anonymous,0,False,False,
X Beauty 1 Paket Isi 6 Redjelly Day Peach,1982679034,5,Bonus night booster 🥰,1773106454,1 bulan lalu,Default,True,Anonymous,0,True,False,
X Beauty 1 Paket Isi 6 Redjelly Day Peach,1982162545,5,"Bagus dalam pengemasanya,di aku lumayan cocok bruntusan sudah agaa memuudar cuma kulit aku sensitif jdi kelupas bagian hidung aja yg lain nya aman",1773076265,1 bulan lalu,Default,True,Anonymous,0,True,False,
X Beauty 1 Paket Isi 6 Redjelly Day Peach,1982137074,5,"Tempat yang rapih bagus, mantap deh pokoknya yang mau samaan yuk di cekout jg teman²",1773074789,1 bulan lalu,Default,True,Anonymous,0,True,False,
X Beauty 1 Paket Isi 6 Redjelly Day Peach,1981807566,5,Emng SE bagus itu sihh .udh dapet bonus pelicin lagii,1773064691,1 bulan lalu,Default,True,Anonymous,0,False,False,
X Beauty 1 Paket Isi 6 Redjelly Day Peach,1981414129,5,"Jenis kulit: Berminyak jerawat
Manfaat produk: Mencerahkan
Saya cocok menggunakan skincare ini Alhamdulillah tidak ada tanda² apa² cuman kusem aja soalnya belum ada 1 bulan pemakaian",1773056995,1 bulan lalu,Default,True,Anonymous,0,True,False,
X Beauty 1 Paket Isi 6 Redjelly Day Peach,1981246892,5,Udh habis 5 tpi belum ada perubahan💪🏻Suka aja klau dibuat kerja awet sampe sore😍,1773053594,1 bulan lalu,Default,True,Anonymous,0,True,False,
X Beauty 1 Paket Isi 6 Redjelly Day Peach,1980587057,5,"aku pertama kali coba, semoga cocok ya",1773039787,1 bulan lalu,Default,True,Anonymous,0,True,False,
X Beauty 1 Paket Isi 6 Redjelly Day Peach,1980579575,5,"Bahan: Lembut
Manfaat produk: Mencerahkan
Jenis kulit: Normal",1773039627,1 bulan lalu,Default,True,Anonymous,0,False,False,
X Beauty 1 Paket Isi 6 Redjelly Day Peach,1979614682,4,"Bahan: Sesuai deskripsi
Manfaat produk: Mencerahkan
Jenis kulit: Normal
Udah pemakaian 2 pket.",1773019570,1 bulan lalu,Default,True,Anonymous,0,False,False,
X Beauty 1 Paket Isi 6 Redjelly Day Peach,1979245280,4,Lain kli sebelum di kirim di cek dulu ya kak syng bngt tonernya gabisa di semprotin gabisa keluar di dalm selang kecilnya pecah😭,1773002057,1 bulan lalu,Default,True,Anonymous,0,False,False,
X Beauty 1 Paket Isi 6 Redjelly Day Peach,1979234664,5,Okey barang aman aku udah beli langganan di toko ini .,1773001223,1 bulan lalu,Default,True,Anonymous,0,True,False,
X Beauty 1 Paket Isi 6 Redjelly Day Peach,1979197611,5,"Sumpah bagus banget, sukkaaaaaaa. Ga nyesel, makasih yaaaaaa 🥰",1772996718,1 bulan lalu,Default,True,Anonymous,0,False,False,
X Beauty 1 Paket Isi 6 Redjelly Day Peach,1978989694,4,Alhamdulillah Wajak ku udah agak cerahan habis 1paket udah jalan 2 semoga bisa glowing.,1772984173,1 bulan lalu,Default,True,Anonymous,0,True,False,
X Beauty 1 Paket Isi 6 Redjelly Day Peach,1978615106,5,"baguss sekali,udah 2 paket an alhamdulilah Uda ada hasilnya best bangett",1772974718,1 bulan lalu,Default,True,Anonymous,0,False,False,
X Beauty 1 Paket Isi 6 Redjelly Day Peach,1978130683,5,Thanks you min dapet bonus night cream booster☺️,1772964108,1 bulan lalu,Default,True,Anonymous,0,False,False,
X Beauty 1 Paket Isi 6 Redjelly Day Peach,1977670217,5,Bagus sesuai yang di pessannnn semoga cocok,1772953615,1 bulan lalu,Default,True,Anonymous,0,True,False,
X Beauty 1 Paket Isi 6 Redjelly Day Peach,1977457412,5,1 minggu pake udah ada hasilnya mksh,1772949295,1 bulan lalu,Default,True,Anonymous,0,True,False,
X Beauty 1 Paket Isi 6 Redjelly Day Peach,1977435174,4,"Blm ada hasil nih owner x_beauty,baru 2 Minggu soalnya pake nya",1772948872,1 bulan lalu,Default,True,Anonymous,0,False,False,
X Beauty 1 Paket Isi 6 Redjelly Day Peach,1977105013,4,"Ini ke 2 beli sepaket pas awal beli wangi nya bunga bnget jdi seger ke 2 kalinya ini malah FW nya encer banget, kalok FW ke 3 kalinya beli",1772942770,1 bulan lalu,Default,True,Anonymous,0,False,False,
X Beauty 1 Paket Isi 6 Redjelly Day Peach,1977074960,3,"Bahan: Lembut
Manfaat produk: Kurang ngaruh
Jenis kulit: Badak",1772942178,1 bulan lalu,Default,True,Anonymous,0,False,False,
X Beauty 1 Paket Isi 6 Redjelly Day Peach,1976796119,5,Barang sesuai pesanan.tpi ktanya waktu live dibonusi jelly merahnya kaka,1772935525,1 bulan lalu,Default,True,Anonymous,0,True,False,
X Beauty 1 Paket Isi 6 Redjelly Day Peach,1976492467,5,sumpah bekas jerawat memudar ccok bnget,1772919654,1 bulan lalu,Default,True,Anonymous,0,True,False,
X Beauty 1 Paket Isi 6 Redjelly Day Peach,1976476772,5,"Bagusss bangett udh 5/6 pakettt sudah Alhamdulillah cocok,dan semoga teruuuss cocok🫰🙏",1772918984,1 bulan lalu,Default,True,Anonymous,0,False,False,
X Beauty 1 Paket Isi 6 Redjelly Day Peach,1975981743,5,"Bahan: Skincare
Manfaat produk: Mencerahkan dan mengencangkan
Jenis kulit: Oily",1772893070,1 bulan lalu,Default,True,Anonymous,0,True,False,
X Beauty 1 Paket Isi 6 Redjelly Day Peach,1975878598,5,Oke,1772890559,1 bulan lalu,Default,True,Anonymous,0,False,False,
X Beauty 1 Paket Isi 6 Redjelly Day Peach,1975530631,5,"Alhamdulillah paketnya udah datang Q suka banget dan alhamdulillahnya Q ccok masyaalloh ,,,😍😍
Next bakal order lagi pkoknya sepaket gak murah tapi mantap 👍🏿👍🏿",1772883118,1 bulan lalu,Default,True,Anonymous,0,False,False,
X Beauty 1 Paket Isi 6 Redjelly Day Peach,1974694531,5,"pesanan sesuai, moga cocok di wajahku",1772864154,1 bulan lalu,Default,True,Anonymous,0,True,False,
X Beauty 1 Paket Isi 6 Redjelly Day Peach,1974562393,4,Baik semoga cocok,1772861560,1 bulan lalu,Default,True,Anonymous,0,False,False,
X Beauty 1 Paket Isi 6 Redjelly Day Peach,1974379935,4,Bagus ini untuk ke 2 kali nya,1772858262,1 bulan lalu,Default,True,Anonymous,0,False,False,
X Beauty 1 Paket Isi 6 Redjelly Day Peach,1974192396,5,"Manfaat produk: Memutihkan
Jenis kulit: Normal
Baru mau dicoba semoga aja cocok nanti bakalan order lagi",1772854774,1 bulan lalu,Default,True,Anonymous,0,True,True,
X Beauty 1 Paket Isi 6 Redjelly Day Peach,1974166422,5,Bagus cocok di muka sy,1772854246,1 bulan lalu,Default,True,Anonymous,0,False,False,
X Beauty 1 Paket Isi 6 Redjelly Day Peach,1974137624,5,Barang bagus sesuai pesanan selalu puas belanja di toko ini dapet harga murah lagi,1772853658,1 bulan lalu,Default,True,Anonymous,0,True,False,
X Beauty 1 Paket Isi 6 Redjelly Day Peach,1973974546,5,Cocok semua jenis kulit,1772850065,1 bulan lalu,Default,True,Anonymous,0,False,False,
X Beauty 1 Paket Isi 6 Redjelly Day Peach,1973115680,5,Paketan aman semua gda yg bocor semoga cocok dimuka biar jdi langgangan terus,1772807607,1 bulan lalu,Default,True,Anonymous,0,True,False,
X Beauty 1 Paket Isi 6 Redjelly Day Peach,1972990580,5,Bagusss bangettt.,1772804750,1 bulan lalu,Default,True,Anonymous,0,False,False,
X Beauty 1 Paket Isi 6 Redjelly Day Peach,1972489573,5,"Alhamdulillah paketku tlah sampai dg selamat, ini perdana aq coba bismillah muda2han hasilnya memuaskan n nexk order lagi",1772794619,1 bulan lalu,Default,True,Anonymous,0,True,False,
X Beauty 1 Paket Isi 6 Redjelly Day Peach,1972050202,5,"Bahan: Lembut dan tidak lengket
Manfaat produk: Mencerahkan kulit wajah",1772784838,1 bulan lalu,Default,True,Anonymous,0,True,False,
X Beauty 1 Paket Isi 6 Redjelly Day Peach,1972021684,5,Jenis kulit sensitif mudah d blen gk abu2 krim siang nya. Maaf saya edit hasil nya ya kak. Putih nya natural sama dg tangan,1772784186,1 bulan lalu,Default,True,Anonymous,0,True,False,
X Beauty 1 Paket Isi 6 Redjelly Day Peach,1971837351,5,"Bahan: lembutt dan mudah di aplay
Manfaat produk: mencerahkan warna",1772780059,1 bulan lalu,Default,True,Anonymous,0,False,False,
X Beauty 1 Paket Isi 6 Redjelly Day Peach,1971515195,4,"bagus,gk lengket  dikulit,sangat cocok",1772773315,1 bulan lalu,Default,True,Anonymous,0,True,False,
X Beauty 1 Paket Isi 6 Redjelly Day Peach,1971494605,5,"dikasih bonus night boster, thanks kakk😍🫶🏻🫰🏻",1772772942,1 bulan lalu,Default,True,Anonymous,0,True,False,
X Beauty 1 Paket Isi 6 Redjelly Day Peach,1971315091,5,Paket nya sudah mendarat dengan baik...dan terimakasih kak sudah dikasih bonus 🤩... Setok aman untuk lebaran dan auto glowing dihari lebaran🤩🤩🤩🤩🤩🤩,1772769693,1 bulan lalu,Default,True,Anonymous,0,True,False,
X Beauty 1 Paket Isi 6 Redjelly Day Peach,1971272505,5,Alhamdulillah paket sudah Dateng Terima kasih bonusnya kak🥰,1772768853,1 bulan lalu,Default,True,Anonymous,0,False,True,
X Beauty 1 Paket Isi 6 Redjelly Day Peach,1971227768,5,sesuai,1772767949,1 bulan lalu,Default,True,Anonymous,0,False,False,
X Beauty 1 Paket Isi 6 Redjelly Day Peach,1970941024,5,"Terimakasih pesanan sdh sampai
Belum di coba, semoga cocok di wajahku",1772760527,1 bulan lalu,Default,True,Anonymous,0,True,False,
X Beauty 1 Paket Isi 6 Redjelly Day Peach,1970807531,5,"Bahan: Bagus
Manfaat produk: Whitening
Jenis kulit: Kulit normal
Bismillah semoga cocok..",1772755286,1 bulan lalu,Default,True,Anonymous,0,True,False,
X Beauty 1 Paket Isi 6 Redjelly Day Peach,1970682529,5,"Manfaat produk: bagusss
Jenis kulit: normal",1772748278,1 bulan lalu,Default,True,Anonymous,0,True,False,
X Beauty 1 Paket Isi 6 Redjelly Day Peach,1970536437,5,"Bahan: Bags
Manfaat produk: Bagus
Jenis kulit: Bagus",1772741296,1 bulan lalu,Default,True,Anonymous,0,False,False,
X Beauty 1 Paket Isi 6 Redjelly Day Peach,1969945478,5,Baik,1772716615,1 bulan lalu,Default,True,Anonymous,0,False,False,
X Beauty 1 Paket Isi 6 Redjelly Day Peach,1968424409,5,"Jenis kulit: susah putih
aaaa baru dateng semoga cocok🫰🏻🫰🏻🫰🏻dapet 7 pcs😭😭",1772686253,1 bulan lalu,Default,True,Anonymous,0,True,False,
X Beauty 1 Paket Isi 6 Redjelly Day Peach,1968210884,5,Alhamdulillah amanah makasih,1772682004,1 bulan lalu,Default,True,Anonymous,0,True,False,
X Beauty 1 Paket Isi 6 Redjelly Day Peach,1968097878,5,"Barang sesuai gambar,harga murah dan dapat voucher jadi tambah murah semoga produk nya cocok untuk wajah saya dan aman",1772679419,1 bulan lalu,Default,True,Anonymous,0,True,True,
X Beauty 1 Paket Isi 6 Redjelly Day Peach,1967428405,5,job,1772644452,1 bulan lalu,Default,True,Anonymous,0,False,False,
X Beauty 1 Paket Isi 6 Redjelly Day Peach,1966763842,5,Barang ready kemasan rapi trimakasih,1772626284,1 bulan lalu,Default,True,Anonymous,0,False,True,
X Beauty 1 Paket Isi 6 Redjelly Day Peach,1966543968,5,Manfaat produk: Sangat bagus,1772622008,1 bulan lalu,Default,True,Anonymous,0,True,True,
X Beauty 1 Paket Isi 6 Redjelly Day Peach,1966261925,5,Paket udah nyampe semoga cocok ☺️aku langsung cekout 2 paket,1772616216,1 bulan lalu,Default,True,Anonymous,0,True,False,
X Beauty 1 Paket Isi 6 Redjelly Day Peach,1965791677,5,sudah sampaiii,1772605753,1 bulan lalu,Default,True,Anonymous,0,True,False,
X Beauty 1 Paket Isi 6 Redjelly Day Peach,1965603601,5,"Ok, barang sampai sesuai expectasi.
Baru d coba, semoga cocok d aku",1772602054,1 bulan lalu,Default,True,Anonymous,0,True,False,
X Beauty 1 Paket Isi 6 Redjelly Day Peach,1965401530,5,"Bahan: bagus
Manfaat produk: untuk bmebcerhakan muka yang kusam
Jenis kulit: jenis kulitku beminyak ad jrwtnya tpi mga&#34;cocok pakai ini💗✌️",1772598409,1 bulan lalu,Default,True,Anonymous,0,False,True,
X Beauty 1 Paket Isi 6 Redjelly Day Peach,1965005235,4,Alhamdulillah barang udah sampe cepet datangnya packing nya juga rapii makasih,1772589539,1 bulan lalu,Default,True,Anonymous,0,False,False,
X Beauty 1 Paket Isi 6 Redjelly Day Peach,1964643627,5,"Bahan: oke
Manfaat produk: oke
Jenis kulit: oke",1772572477,1 bulan lalu,Default,True,Anonymous,0,True,False,
X Beauty 1 Paket Isi 6 Redjelly Day Peach,1964247689,5,"Cream lembutt tidak lengkettt,,lembap di muka",1772548264,1 bulan lalu,Default,True,Anonymous,0,False,False,
X Beauty 1 Paket Isi 6 Redjelly Day Peach,1964154658,5,Masih dicoba beberapa hari tp jerawat mengecil sangat bagus,1772545865,1 bulan lalu,Default,True,Anonymous,0,False,False,
X Beauty 1 Paket Isi 6 Redjelly Day Peach,1963862101,5,Niceee,1772539537,1 bulan lalu,Default,True,Anonymous,0,False,False,
X Beauty 1 Paket Isi 6 Redjelly Day Peach,1963630639,5,Komplit dgn hrga sgtu dpt 6 semogaa cocok diwajah ku,1772534455,1 bulan lalu,Default,True,Anonymous,0,True,False,
X Beauty 1 Paket Isi 6 Redjelly Day Peach,1963311603,5,baik,1772526788,1 bulan lalu,Default,True,Anonymous,0,True,False,
X Beauty 1 Paket Isi 6 Redjelly Day Peach,1962751870,5,"Produk nya 👍 masih Segel semáu
Baru pertama kali semoga cocok",1772513697,1 bulan lalu,Default,True,Anonymous,0,True,False,
X Beauty 1 Paket Isi 6 Redjelly Day Peach,1962439911,5,"Manfaat produk: Bagus ccok di kulit saya
Jenis kulit: Kering
Bahan: Teksturnya gk lengket",1772507035,1 bulan lalu,Default,True,Anonymous,0,False,False,
X Beauty 1 Paket Isi 6 Redjelly Day Peach,1962404198,5,"Barang sudah sampai dan realpict makasih seller semoga toko selalu,.,.,.",1772506100,1 bulan lalu,Default,True,Anonymous,0,True,False,
X Beauty 1 Paket Isi 6 Redjelly Day Peach,1962055209,4,bgus,1772491605,1 bulan lalu,Default,True,Anonymous,0,False,False,
X Beauty 1 Paket Isi 6 Redjelly Day Peach,1961972706,5,baru pertama kali coba semoga cocok,1772487103,1 bulan lalu,Default,True,Anonymous,0,True,False,
X Beauty 1 Paket Isi 6 Redjelly Day Peach,1961410708,5,udh dateng sesuai pesanan good job,1772458660,1 bulan lalu,Default,True,Anonymous,0,True,False,
X Beauty 1 Paket Isi 6 Redjelly Day Peach,1961295085,4,bagus banget,1772455908,1 bulan lalu,Default,True,Anonymous,0,False,False,
X Beauty 1 Paket Isi 6 Redjelly Day Peach,1960303010,4,"Manfaat produk: Mencerahkan dan mengatasi kekusman dan jerawat
Jenis kulit: semua jenis kulit",1772434278,1 bulan lalu,Default,True,Anonymous,0,False,True,
X Beauty 1 Paket Isi 6 Redjelly Day Peach,1960183023,5,Udah kali ke 2 ode nya ..barang bgus sesua pesanan,1772431627,1 bulan lalu,Default,True,Anonymous,0,False,False,
X Beauty 1 Paket Isi 6 Redjelly Day Peach,1959990677,4,Di kasih bintang 4 dulu soalnya baru pertama kali nyobak nanti kalau ada hasil aman di pakek di kasih bintang 5,1772427805,1 bulan lalu,Default,True,Anonymous,0,False,False,
X Beauty 1 Paket Isi 6 Redjelly Day Peach,1959407600,5,Ke wajahku enk banget pokoknya pemakaiannya wajahku makin lembab,1772414134,1 bulan lalu,Default,True,Anonymous,0,True,False,
X Beauty 1 Paket Isi 6 Redjelly Day Peach,1958979991,5,Produk nya bagus,1772384953,1 bulan lalu,Default,True,Anonymous,0,False,False,
X Beauty 1 Paket Isi 6 Redjelly Day Peach,1958879311,5,"Jenis kulit: Hitam
Manfaat produk: Mencerahkan",1772380005,1 bulan lalu,Default,True,Anonymous,0,False,False,
X Beauty 1 Paket Isi 6 Redjelly Day Peach,1958289384,5,Alhamdulillah paket mendarat degan selamat semoga cocok di wajah aku,1772364728,1 bulan lalu,Default,True,Anonymous,0,True,False,
X Beauty 1 Paket Isi 6 Redjelly Day Peach,1958236748,3,"Tutup red jelly nya emg polos gini kak, yang lain ada tulisan redd jelly nya? Beda ya ni?",1772363248,1 bulan lalu,Default,True,Anonymous,0,True,False,
X Beauty 1 Paket Isi 6 Redjelly Day Peach,1958189657,5,"Manfaat produk: Mencerahkan
Jenis kulit: Semua
Bahan: Alami
Alhamdulillah masyallah tabarakhallah Syukron jazakhairan khasiran kk paket komplit udah datang dengan baik packing rapi dan aman sukses selalu tiktok shop dan toko nya yah Aamiin Ya mujibassailin kunfayakun 🤲",1772362158,1 bulan lalu,Default,True,Anonymous,0,True,True,
X Beauty 1 Paket Isi 6 Redjelly Day Peach,1957961133,5,"Pertama checkout ,semoga cocok",1772356301,1 bulan lalu,Default,True,Anonymous,0,False,False,
X Beauty 1 Paket Isi 6 Redjelly Day Peach,1957901932,4,"Semoga cocok y,klo Cocok Order lg. Maaf aq kasih ⭐ 4 dulu. Mo di coba dlu",1772354727,1 bulan lalu,Default,True,Anonymous,0,False,False,
X Beauty 1 Paket Isi 6 Redjelly Day Peach,1956857732,4,bagus,1772331307,1 bulan lalu,Default,True,Anonymous,0,False,False,
X Beauty 1 Paket Isi 6 Redjelly Day Peach,1956823234,4,"semoga cocok di akuuu,murce banget",1772330267,1 bulan lalu,Default,True,Anonymous,0,True,False,
X Beauty 1 Paket Isi 6 Redjelly Day Peach,1956703560,5,Cocock di aku tapi lama efek nya,1772325073,1 bulan lalu,Default,True,Anonymous,0,False,False,
X Beauty 1 Paket Isi 6 Redjelly Day Peach,1956451266,5,Bismillah cocok,1772307700,1 bulan lalu,Default,True,Anonymous,0,False,False,
X Beauty 1 Paket Isi 6 Redjelly Day Peach,1956385019,5,Udah pesen ke2kalinya semoga cocok trus di muka ku kurir ramah langnan juga,1772300004,1 bulan lalu,Default,True,Anonymous,0,False,False,
X Beauty 1 Paket Isi 6 Redjelly Day Peach,1956098050,5,"Bahan: Lembut
Manfaat produk: Untuk wajah
Jenis kulit: Normal",1772288139,1 bulan lalu,Default,True,Anonymous,0,False,False,
X Beauty 1 Paket Isi 6 Redjelly Day Peach,1956097982,5,"Kasih bintang 5,Sudah habis dua paket,hasilnya bagus ,cocok banget dimukaku yg sulit banget bersih nya,amanah selalu untuk toko dan kualitas skincare nya 👍",1772288137,1 bulan lalu,Default,True,Anonymous,0,False,False,
X Beauty 1 Paket Isi 6 Redjelly Day Peach,1955532870,5,"Bahan: Bagus banget glowing cwrahan Alhamdulillah Banget mantul pkoknya
Manfaat produk: BKIN cerah
Jenis kulit: Semua nya jerawat juga bisa",1772274138,1 bulan lalu,Default,True,Anonymous,0,True,False,
X Beauty 1 Paket Isi 6 Redjelly Day Peach,1955507718,5,Baru coba semoga cocok,1772273493,1 bulan lalu,Default,True,Anonymous,0,False,False,
X Beauty 1 Paket Isi 6 Redjelly Day Peach,1955503169,5,"Bahan: Bagus
Manfaat produk: Bikin glowing 😍😍
Jenis kulit: Sensitif
Aku udh habis 3paket +night booster 
Bnr&#34;bikin glowing 
Cuma mau kasih tau,jgn prnh beli di toko yg lain soalnya aku sekali tergiurr harga murah ternyata bikin muka kusamm, eh skrng udh tau toko ini yg real nya produk nya jugaa baguss",1772273381,1 bulan lalu,Default,True,Anonymous,0,True,False,
X Beauty 1 Paket Isi 6 Redjelly Day Peach,1955416468,4,Barang sesuai pesanan,1772271133,1 bulan lalu,Default,True,Anonymous,0,True,False,
X Beauty 1 Paket Isi 6 Redjelly Day Peach,1955307511,5,"cocok banget di aku thank you 
semoga di kasih sama owner baik",1772268256,1 bulan lalu,Default,True,Anonymous,0,False,False,
X Beauty 1 Paket Isi 6 Redjelly Day Peach,1955247670,5,Baru pake ajah udh baguss buangetttt mudah”han cocok yachhhhh😫🥹😍😍😍,1772266682,1 bulan lalu,Default,True,Anonymous,0,True,False,
X Beauty 1 Paket Isi 6 Redjelly Day Peach,1954651616,5,"Aman
Manfaat produk: Mencerahkan kulit wajah
Jenis kulit: Normal
Blm tau hasil nya semoga cocok, udh brpa x ganti skincare gk ada yg cocok, mudah²an ini cocok",1772253001,1 bulan lalu,Default,True,Anonymous,0,True,False,
X Beauty 1 Paket Isi 6 Redjelly Day Peach,1953884290,5,Kemarin coba yg ungu dn beralih ke pink smoga cocok🥰,1772223545,1 bulan lalu,Default,True,Anonymous,0,False,False,
X Beauty 1 Paket Isi 6 Redjelly Day Peach,1953538890,5,Bguss,1772202002,1 bulan lalu,Default,True,Anonymous,0,False,False,
X Beauty 1 Paket Isi 6 Redjelly Day Peach,1953053053,5,Manfaat produk: Mogaa cocok,1772190401,1 bulan lalu,Default,True,Anonymous,0,False,False,
X Beauty 1 Paket Isi 6 Redjelly Day Peach,1952944172,1,Jelek bikin muka kusam pemakaian 10 hr malah kluar jrawat,1772187849,1 bulan lalu,Default,True,Anonymous,0,False,False,
X Beauty 1 Paket Isi 6 Redjelly Day Peach,1952895370,5,manfaattt produkkk: bisa memutihkan kulit wajah,1772186628,1 bulan lalu,Default,True,Anonymous,0,True,False,
X Beauty 1 Paket Isi 6 Redjelly Day Peach,1952694900,5,"Bagus
Manfaat produk: Mencerahkan kulit wajah
Membuat kulit wajah glowing",1772181339,1 bulan lalu,Default,True,Anonymous,0,True,False,
X Beauty 1 Paket Isi 6 Redjelly Day Peach,1952648027,4,aku kasih bintang 4 dulu yaa aku mau cobain siapa tau cocok🥰,1772180057,1 bulan lalu,Default,True,Anonymous,0,False,False,
X Beauty 1 Paket Isi 6 Redjelly Day Peach,1952290553,4,"baguss banget tapi tonernya bocor plisss:(((

doain semoga di aku cocokkk",1772170768,1 bulan lalu,Default,True,Anonymous,0,True,False,
X Beauty 1 Paket Isi 6 Redjelly Day Peach,1952135359,5,"Bahan: Lembut
Manfaat produk: Untuk skincare
Jenis kulit: Normal",1772167513,1 bulan lalu,Default,True,Anonymous,0,False,False,
X Beauty 1 Paket Isi 6 Redjelly Day Peach,1951898032,4,X beauty y udh sampe,1772162605,1 bulan lalu,Default,True,Anonymous,0,False,False,
X Beauty 1 Paket Isi 6 Redjelly Day Peach,1951887757,5,Bagus,1772162366,1 bulan lalu,Default,True,Anonymous,0,True,False,
X Beauty 1 Paket Isi 6 Redjelly Day Peach,1951882084,5,bagus banget cocok banget ke kulit aku,1772162229,1 bulan lalu,Default,True,Anonymous,0,False,False,
X Beauty 1 Paket Isi 6 Redjelly Day Peach,1951376196,5,Paket an sesuai..Peking rapih,1772140171,1 bulan lalu,Default,True,Anonymous,0,False,False,
X Beauty 1 Paket Isi 6 Redjelly Day Peach,1951077223,5,"Bahan: Baguss👍👍
Manfaat produk: Kulit dari hitam sampe cerah berkat produk ini",1772118259,1 bulan lalu,Default,True,Anonymous,0,False,False,
X Beauty 1 Paket Isi 6 Redjelly Day Peach,1950867341,5,semog cocok🥰🥰🥰,1772113081,1 bulan lalu,Default,True,Anonymous,0,True,False,
X Beauty 1 Paket Isi 6 Redjelly Day Peach,1950866867,5,Aku dah habis 2 paket sekarang paket ke 3 cocok banget di aku . 🤭🤭😍😍 sukak bbanget pokoknya,1772113069,1 bulan lalu,Default,True,Anonymous,0,False,True,
X Beauty 1 Paket Isi 6 Redjelly Day Peach,1950759015,5,"Baguuussss,,,,ringan diapliksikan dwjah",1772110377,1 bulan lalu,Default,True,Anonymous,0,True,False,
X Beauty 1 Paket Isi 6 Redjelly Day Peach,1950410963,5,Baru awal pakai semoga cocok dan jadi langganan,1772102532,1 bulan lalu,Default,True,Anonymous,0,True,True,
X Beauty 1 Paket Isi 6 Redjelly Day Peach,1950143398,5,Akhirnya paketnya nyampe udah sering co kalau di aku Bagus bikin kulit jadi cerah jadi lebih halus cocok di aku tergantung kulit terus aku suka,1772095884,1 bulan lalu,Default,True,Anonymous,0,True,False,
X Beauty 1 Paket Isi 6 Redjelly Day Peach,1949904398,4,"barangnya udh sampe, semoga cocok baru pertama kali nyoba nanti kalau cocok beli lagi",1772089779,1 bulan lalu,Default,True,Anonymous,0,False,False,
X Beauty 1 Paket Isi 6 Redjelly Day Peach,1949761068,4,"Bahan: Bagus
Manfaat produk: Untuk wajah
Jenis kulit: Normal
Bagus bgt buat wajah beruntusan",1772086194,1 bulan lalu,Default,True,Anonymous,0,True,False,
X Beauty 1 Paket Isi 6 Redjelly Day Peach,1949504368,5,"MaysaAllahh uda sampe😍😍, langsung pesen 2 semoga cocokk, trimakssii own xbeauty😍",1772080521,1 bulan lalu,Default,True,Anonymous,0,True,False,
X Beauty 1 Paket Isi 6 Redjelly Day Peach,1949440775,3,paket nya sudah datang semoga cocok,1772079158,1 bulan lalu,Default,True,Anonymous,0,True,False,
X Beauty 1 Paket Isi 6 Redjelly Day Peach,1949170422,5,Memuaskan trimakasih Nex order lagi sesuai,1772072584,1 bulan lalu,Default,True,Anonymous,0,True,False,
X Beauty 1 Paket Isi 6 Redjelly Day Peach,1949154108,3,"aku gatau yaa, ak yg ga cocok atau gimana tapi ak pake seminggu lebihh muka aku malah kusem bgt😭😭
atau ini purging aku gatau pliss, dulu putihan muka ak sekarang mlh putihan tgn ak gara&#34; muka ak jdi kusam pdhl dulu cmn pake basic skincare",1772072093,1 bulan lalu,Default,True,Anonymous,0,False,False,
X Beauty 1 Paket Isi 6 Redjelly Day Peach,1949078308,5,Mantap pokonyaa,1772069596,1 bulan lalu,Default,True,Anonymous,0,False,False,
X Beauty 1 Paket Isi 6 Redjelly Day Peach,1949008896,5,Baguss,1772066654,1 bulan lalu,Default,True,Anonymous,0,True,False,
X Beauty 1 Paket Isi 6 Redjelly Day Peach,1948983567,5,udaa paket ke 3 x nyaa bener&#34; mantul cocok di muka ku packing jg slalu aman,1772065337,1 bulan lalu,Default,True,Anonymous,0,True,False,
X Beauty 1 Paket Isi 6 Redjelly Day Peach,1948641884,5,Cepat pengiriman nya belom di coba smoga cocok,1772037428,1 bulan lalu,Default,True,Anonymous,0,True,False,
X Beauty 1 Paket Isi 6 Redjelly Day Peach,1948271482,5,Aman,1772025793,1 bulan lalu,Default,True,Anonymous,0,False,False,
X Beauty 1 Paket Isi 6 Redjelly Day Peach,1947952520,5,Produk bagus sekali,1772018984,1 bulan lalu,Default,True,Anonymous,0,False,False,
X Beauty 1 Paket Isi 6 Redjelly Day Peach,1947559336,5,Bagus paket yg ke 3×nya,1772009312,1 bulan lalu,Default,True,Anonymous,0,False,False,
X Beauty 1 Paket Isi 6 Redjelly Day Peach,1944594098,4,"Jenis kulit: Mencerahkan,kulitku konbinasi",1771908877,1 bulan lalu,Default,True,Anonymous,0,False,False,
X Beauty 1 Paket Isi 6 Redjelly Day Peach,1944436616,5,Bahan: Bagus si daycreamnya mudah di bland,1771904837,1 bulan lalu,Default,True,Anonymous,0,False,False,
X Beauty 1 Paket Isi 6 Redjelly Day Peach,1944085421,5,"Manfaat produk: Mencerahkan
Jenis kulit: susah putih",1771892964,1 bulan lalu,Default,True,Anonymous,0,False,False,
X Beauty 1 Paket Isi 6 Redjelly Day Peach,1943692877,4,"Bahan: -
Manfaat produk: Bagus
Jenis kulit: Cocok untuk kulit saya",1771860513,1 bulan lalu,Default,True,Anonymous,0,False,False,
X Beauty 1 Paket Isi 6 Redjelly Day Peach,1943040550,5,bagus sesui baru day 1 mencoba,1771841897,1 bulan lalu,Default,True,Anonymous,0,True,False,
X Beauty 1 Paket Isi 6 Redjelly Day Peach,1943021493,5,Lumayan oke cuma butuh ke sabaran buat nunggu perubahan nya,1771841393,1 bulan lalu,Default,True,Anonymous,0,True,False,
X Beauty 1 Paket Isi 6 Redjelly Day Peach,1942812700,5,Pesanan sesuai dengan keinginan,1771835732,1 bulan lalu,Default,True,Anonymous,0,False,False,
X Beauty 1 Paket Isi 6 Redjelly Day Peach,1942757228,5,"semoga cocokk
Jenis kulit: kusam",1771834214,1 bulan lalu,Default,True,Anonymous,0,True,False,
X Beauty 1 Paket Isi 6 Redjelly Day Peach,1942735534,5,alhamdulilah paket x beauty sudah datang baru cobah kali ini semoga cocok dah 🥰,1771833624,1 bulan lalu,Default,True,Anonymous,0,True,False,
X Beauty 1 Paket Isi 6 Redjelly Day Peach,1942008635,2,"Ga ccok di aku nya bikin kering 
Tmba jerawatan di aku nya",1771816257,1 bulan lalu,Default,True,Anonymous,0,False,False,
X Beauty 1 Paket Isi 6 Redjelly Day Peach,1941543864,5,"Jujur saja, menemukan satu set skincare yang isinya benar-benar lengkap dan Belakangan ini, aku lagi konsisten mencoba rangkaian produk dari Xbeauty yang fokus pada pencerahan kulit. Mulai dari tahap pembersihan hingga nutrisi tambahan,Langkah awal dimulai dengan Facial Wash AHA dan Skin Toner AHA..",1771794363,2 bulan lalu,Default,True,Anonymous,0,True,False,
X Beauty 1 Paket Isi 6 Redjelly Day Peach,1940768341,5,"baru pakee 2harii mukaa aku cerahaan masyaAllah,",1771757446,2 bulan lalu,Default,True,Anonymous,0,False,False,
X Beauty 1 Paket Isi 6 Redjelly Day Peach,1940258939,5,"Cocok dengan hasilnya
Seller juga amanah,baik,fastrespon..",1771744071,2 bulan lalu,Default,True,Anonymous,0,False,False,
X Beauty 1 Paket Isi 6 Redjelly Day Peach,1940127863,5,"Bahan: Aktif untuk menghilangkan jerawat,komedo
Manfaat produk: Bisa mengatasi kulit berminyak dan kulit yg susah putih,
Jenis kulit: berminyak,kusam,komedo,ada jerawat on .of semoga cocok pakai x beauty skin aku langsung co 2 pket semoga ada perubahan pakai skincare ini udh capek ganti&#34; g cocok aman g ada yg rusak.😍",1771740687,2 bulan lalu,Default,True,Anonymous,0,False,False,
X Beauty 1 Paket Isi 6 Redjelly Day Peach,1939679325,5,"Bahan: Sesuai di foto
Manfaat produk: Mencerahkan kulit
Jenis kulit: Sawo matang",1771730947,2 bulan lalu,Default,True,Anonymous,0,True,False,
X Beauty 1 Paket Isi 6 Redjelly Day Peach,1938559613,5,bagus bgtttttt,1771674462,2 bulan lalu,Default,True,Anonymous,0,True,False,
X Beauty 1 Paket Isi 6 Redjelly Day Peach,1938535932,4,Pegejing ny baru,1771673763,2 bulan lalu,Default,True,Anonymous,0,False,False,
X Beauty 1 Paket Isi 6 Redjelly Day Peach,1938461489,2,"Kok jadi kayak gini si 
Kalo yg pertama aku beli itu gak kyk gini gak timbul kalo pke krim malam nya tapi ini pas beli yg ke 2 malah jdi kayak gini🙁 trus serum nya gak mau keluar",1771671368,2 bulan lalu,Default,True,Anonymous,0,True,False,
X Beauty 1 Paket Isi 6 Redjelly Day Peach,1938374906,4,"datang dalam keadaan amann, tpi kok datang ya beda ya, tutup nya beda sama dan lebel nya juga beda",1771668920,2 bulan lalu,Default,True,Anonymous,0,False,False,
X Beauty 1 Paket Isi 6 Redjelly Day Peach,1938309596,5,Semoga bisa menghilang kan flek ku i,1771666957,2 bulan lalu,Default,True,Anonymous,1,True,False,
X Beauty 1 Paket Isi 6 Redjelly Day Peach,1938141054,5,"Bahan: Bagus
Manfaat produk: Bagus udah hbs dua paket",1771661930,2 bulan lalu,Default,True,Anonymous,0,True,False,
X Beauty 1 Paket Isi 6 Redjelly Day Peach,1938008974,5,Manfaat produk: Untuk mencerahkan baru pemakaian pemula semoga cocok,1771658260,2 bulan lalu,Default,True,Anonymous,0,False,False,
X Beauty 1 Paket Isi 6 Redjelly Day Peach,1937828628,5,"Makasih owner, red jelly nya dpt lebih 1 😁🙏🏻
Jenis kulit: Sawo matang
Manfaat produk: Mencerahkan melembutkan",1771653442,2 bulan lalu,Default,True,Anonymous,0,True,False,
X Beauty 1 Paket Isi 6 Redjelly Day Peach,1936651017,5,Udh beli ke 2x Alhamdulillah cocok,1771598135,2 bulan lalu,Default,True,Anonymous,0,True,False,
X Beauty 1 Paket Isi 6 Redjelly Day Peach,1936436501,3,"maaf baru ngasih ulasan 

ini kondisi kulit aku setelah pemakaian 6 hari, mungkin di aku ini ga cocok 🤍👐🏽",1771591248,2 bulan lalu,Default,True,Anonymous,0,True,False,
X Beauty 1 Paket Isi 6 Redjelly Day Peach,1936012248,5,😍sesuai pesanan,1771578768,2 bulan lalu,Default,True,Anonymous,0,False,False,
X Beauty 1 Paket Isi 6 Redjelly Day Peach,1935925043,5,Baru mau nyoba semoga cocok,1771576137,2 bulan lalu,Default,True,Anonymous,0,False,False,
X Beauty 1 Paket Isi 6 Redjelly Day Peach,1935203099,5,Pemakaian otw 2 paket🥰🥰,1771557602,2 bulan lalu,Default,True,Anonymous,0,True,False,
X Beauty 1 Paket Isi 6 Redjelly Day Peach,1934962002,5,"Paketnya sudah sampai lumayan lama ya sampainya,,, baru pertama mencoba siapa tau cocok🥰",1771550505,2 bulan lalu,Default,True,Anonymous,0,False,True,
X Beauty 1 Paket Isi 6 Redjelly Day Peach,1934566355,4,"Jenis kulit: berminyak + chicken skin
Manfaat produk: mencerahkan kulit dan mengontrol minyk di muka ✌🏻",1771514979,2 bulan lalu,Default,True,Anonymous,0,True,False,
X Beauty 1 Paket Isi 6 Redjelly Day Peach,1934166494,5,Bagus,1771501266,2 bulan lalu,Default,True,Anonymous,0,False,False,
X Beauty 1 Paket Isi 6 Redjelly Day Peach,1933921533,5,Dlu pernah pake tapi yg paket platinum.srkarang pindah ke yg whitening semoga cocok .suka sama day cream nya bikin glowing,1771493542,2 bulan lalu,Default,True,Anonymous,0,False,False,
X Beauty 1 Paket Isi 6 Redjelly Day Peach,1933828461,3,"Manfaat produk: Mencerahkan
Jenis kulit: Berminyak
Bahan: Nyaman",1771490427,2 bulan lalu,Default,True,Anonymous,0,False,False,
X Beauty 1 Paket Isi 6 Redjelly Day Peach,1933728660,5,barang ok baru pertama order mau coba dulu kalau cocok tar order lagi,1771487464,2 bulan lalu,Default,True,Anonymous,0,False,False,
X Beauty 1 Paket Isi 6 Redjelly Day Peach,1933709634,5,"Ini paket yg ke 3,klo masih gaada perubahan ga akan beli lagi",1771486910,2 bulan lalu,Default,True,Anonymous,0,True,False,
X Beauty 1 Paket Isi 6 Redjelly Day Peach,1933518736,4,"belum coba,semoga cocok",1771481452,2 bulan lalu,Default,True,Anonymous,0,False,False,
X Beauty 1 Paket Isi 6 Redjelly Day Peach,1933517990,5,Baru pertama pakai mudahan cocok,1771481432,2 bulan lalu,Default,True,Anonymous,0,True,True,
X Beauty 1 Paket Isi 6 Redjelly Day Peach,1933509629,3,"pas aku beli di toko oren, packagingnya bagus ih glossy” gitu toner sama facewashnya, kenapa ga konsisten gitu ya stikernya, udah gitu sering bocor tonernya😌",1771481198,2 bulan lalu,Default,True,Anonymous,0,False,False,
X Beauty 1 Paket Isi 6 Redjelly Day Peach,1933120438,5,barang sudah datang smga cocok,1771471362,2 bulan lalu,Default,True,Anonymous,0,False,False,
X Beauty 1 Paket Isi 6 Redjelly Day Peach,1933115993,5,"Manfaat produk: Mencerahkan
Jenis kulit: Semua jenis kulit",1771471244,2 bulan lalu,Default,True,Anonymous,0,False,False,
X Beauty 1 Paket Isi 6 Redjelly Day Peach,1932818440,5,"Paket nya udah sampee, ternyata bagus dan cocok krna harga lagi ambyar aku co 2 paket lagi🥰🥰",1771460168,2 bulan lalu,Default,True,Anonymous,0,True,False,
X Beauty 1 Paket Isi 6 Redjelly Day Peach,1932756835,5,Cinta bngtt sama poroduk ini❤️,1771454205,2 bulan lalu,Default,True,Anonymous,0,False,False,
X Beauty 1 Paket Isi 6 Redjelly Day Peach,1932635762,5,"Bahan bagus,,cocok dikulit berjerawat",1771443012,2 bulan lalu,Default,True,Anonymous,0,False,False,
X Beauty 1 Paket Isi 6 Redjelly Day Peach,1932274415,5,Barang sudah sampai ini pemesanan yang ke 3 kli nya muka ku yang awalnya kusem jdi agak cerahan makasih seler,1771420071,2 bulan lalu,Default,True,Anonymous,0,True,False,
X Beauty 1 Paket Isi 6 Redjelly Day Peach,1932216704,5,Bagus lengkap gaada yang rusak,1771417927,2 bulan lalu,Default,True,Anonymous,0,True,False,
X Beauty 1 Paket Isi 6 Redjelly Day Peach,1931762718,5,"Trimakasih paketan sudah sampean,
Baru mau cba semoga cocok ya .",1771405027,2 bulan lalu,Default,True,Anonymous,0,True,False,
X Beauty 1 Paket Isi 6 Redjelly Day Peach,1931581407,5,Mudah&#34;an cocok dimuka aku,1771399508,2 bulan lalu,Default,True,Anonymous,0,True,False,
X Beauty 1 Paket Isi 6 Redjelly Day Peach,1931555850,5,Jangan ragu beli di toko ini biarkan bintang yang berbicara ⭐️⭐️⭐️⭐️⭐️⭐️ toko nya amanah 🥰,1771398712,2 bulan lalu,Default,True,Anonymous,0,False,False,
X Beauty 1 Paket Isi 6 Redjelly Day Peach,1931438974,5,"Bahan: Bagus
Jenis kulit: Sangat baik bagus
Manfaat produk: Mencerahkan",1771395132,2 bulan lalu,Default,True,Anonymous,0,False,False,
X Beauty 1 Paket Isi 6 Redjelly Day Peach,1931194176,5,"Manfaat produk: Untuk mencerahkan kulit wajah
Alhamdulillah sampai, pertama pemakaian, mudah mudahan cocok, terimakasih🙏🏻😊",1771388375,2 bulan lalu,Default,True,Anonymous,0,True,False,
X Beauty 1 Paket Isi 6 Redjelly Day Peach,1931140962,5,Baru pertama beli barang aman tidak ada yg tumpah ..semoga cocok kalo cocok next mau order lagi,1771386942,2 bulan lalu,Default,True,Anonymous,0,True,False,
X Beauty 1 Paket Isi 6 Redjelly Day Peach,1930533604,5,Biar bintang yang berbicara,1771342769,2 bulan lalu,Default,True,Anonymous,1,True,False,
X Beauty 1 Paket Isi 6 Redjelly Day Peach,1930529977,5,"Pemakaian 2 paket behhh menyala abng ku owner ngk mau ni kirimin aku stok, jujur demi apa kecintaan ampek stok banyk poll",1771342565,2 bulan lalu,Default,True,Anonymous,0,True,False,
X Beauty 1 Paket Isi 6 Redjelly Day Peach,1930528236,5,"baguss bgtt produk nyaa cocok di aku, btw aku baru habis 1 paket dan jalan ke 2 paket inii",1771342468,2 bulan lalu,Default,True,Anonymous,0,False,False,
X Beauty 1 Paket Isi 6 Redjelly Day Peach,1930263576,5,"Bahan: Aktif
Manfaat produk: Mencerahkan
Jenis kulit: Normal",1771332182,2 bulan lalu,Default,True,Anonymous,0,True,False,
X Beauty 1 Paket Isi 6 Redjelly Day Peach,1930104252,5,"Suka 🤭 
Semoga cocok sma kulitku",1771327407,2 bulan lalu,Default,True,Anonymous,0,True,False,
X Beauty 1 Paket Isi 6 Redjelly Day Peach,1929982222,4,"Bahan: Baik
Manfaat produk: Lumayan
Jenis kulit: Sensitif",1771323937,2 bulan lalu,Default,True,Anonymous,0,False,False,
X Beauty 1 Paket Isi 6 Redjelly Day Peach,1929877690,5,"Bahan: Aman
Manfaat produk: Untuk muka, udh 2x mesen
Jenis kulit: Normal",1771320571,2 bulan lalu,Default,True,Anonymous,0,False,False,
X Beauty 1 Paket Isi 6 Redjelly Day Peach,1929776950,4,"Bahan: Baik
Manfaat produk: Baik
Jenis kulit: Normal
Pertama kali coba nanti KLO sdh ada hasil saya akan kembali",1771317090,2 bulan lalu,Default,True,Anonymous,0,True,False,
X Beauty 1 Paket Isi 6 Redjelly Day Peach,1929579018,5,Sangat memuaskan trimakasih Nex order lagi,1771310031,2 bulan lalu,Default,True,Anonymous,0,True,False,
X Beauty 1 Paket Isi 6 Redjelly Day Peach,1929429079,5,"Baru pakai 4 hari sih blm ad hasilnya,tunggu 1 smpai 2 Minggu yaa klw mau klihatan hasilnya",1771304923,2 bulan lalu,Default,True,Anonymous,0,False,False,
X Beauty 1 Paket Isi 6 Redjelly Day Peach,1929368425,2,Lambat datang,1771302978,2 bulan lalu,Default,True,Anonymous,0,False,False,
X Beauty 1 Paket Isi 6 Redjelly Day Peach,1928858697,5,Bagus bangat,1771275612,2 bulan lalu,Default,True,Anonymous,0,False,False,
X Beauty 1 Paket Isi 6 Redjelly Day Peach,1928314991,5,Semoga cocok di muka qu,1771241399,2 bulan lalu,Default,True,Anonymous,0,False,False,
X Beauty 1 Paket Isi 6 Redjelly Day Peach,1927676835,5,Semoga cocok Di kulit aku.,1771221681,2 bulan lalu,Default,True,Anonymous,0,False,False,
X Beauty 1 Paket Isi 6 Redjelly Day Peach,1927630937,5,Alhamdulillah paketnya sdh sampai.semoga cocok. Terima kasih,1771220326,2 bulan lalu,Default,True,Anonymous,0,False,False,
X Beauty 1 Paket Isi 6 Redjelly Day Peach,1927140412,4,"Mencerahkan wajah
Bahan: Struktur nya bagus sih wangi
Jenis kulit: Sawo matang",1771205500,2 bulan lalu,Default,True,Anonymous,0,False,False,
X Beauty 1 Paket Isi 6 Redjelly Day Peach,1926978669,5,"Jenis kulit: Bgus semoga cocok
Manfaat produk: Semoga cocok",1771195978,2 bulan lalu,Default,True,Anonymous,0,True,False,
X Beauty 1 Paket Isi 6 Redjelly Day Peach,1926744275,3,"Bahan: Skincare
Manfaat produk: Mencerahkan
Jenis kulit: Normal
Bismillah semoga bpom 
Soalnya ngeri dari skincare nya baunya nyengat banget",1771168156,2 bulan lalu,Default,True,Anonymous,0,True,False,
X Beauty 1 Paket Isi 6 Redjelly Day Peach,1926503422,5,"Pengiriman sangat cepat,barang sampai dengan selamat",1771159234,2 bulan lalu,Default,True,Anonymous,0,False,False,
X Beauty 1 Paket Isi 6 Redjelly Day Peach,1926449249,5,Pemakaian baru 4 hari dan udah ke liatan hasil nya.kalo udah habis pasti beli lagi,1771157586,2 bulan lalu,Default,True,Anonymous,0,False,False,
X Beauty 1 Paket Isi 6 Redjelly Day Peach,1925604262,5,"Barang sudah smpai, semoga cocok di kulit aku yah... 😊",1771130919,2 bulan lalu,Default,True,Anonymous,0,True,False,
X Beauty 1 Paket Isi 6 Redjelly Day Peach,1925278839,5,bagus 2 paket pemakaian udh ada perubahan,1771120100,2 bulan lalu,Default,True,Anonymous,0,False,False,
X Beauty 1 Paket Isi 6 Redjelly Day Peach,1925130822,1,Manfaat produk: membuat jerawat saya tambah banyak,1771110582,2 bulan lalu,Default,True,Anonymous,0,False,False,
X Beauty 1 Paket Isi 6 Redjelly Day Peach,1925130194,1,"sayaa mau membatalkn pesanan ini
Manfaat produk: membuat banyak jerawat saya",1771110529,2 bulan lalu,Default,True,Anonymous,0,False,False,
X Beauty 1 Paket Isi 6 Redjelly Day Peach,1924574364,5,"Bahan: Cream tdk lengket
Manfaat produk: mencerahkan wajah
Jenis kulit: Sensitif",1771070167,2 bulan lalu,Default,True,Anonymous,0,True,False,
X Beauty 1 Paket Isi 6 Redjelly Day Peach,1924443969,5,Manttapppp dapat free gold jelyy,1771066560,2 bulan lalu,Default,True,Anonymous,0,True,False,
X Beauty 1 Paket Isi 6 Redjelly Day Peach,1924071686,5,"Manfaat produk: Buat perawatan wajah
Jenis kulit: Normal",1771054907,2 bulan lalu,Default,True,Anonymous,0,False,False,
X Beauty 1 Paket Isi 6 Redjelly Day Peach,1923973820,5,Biar bintang yg berbicara 🤩,1771051690,2 bulan lalu,Default,True,Anonymous,0,False,False,
X Beauty 1 Paket Isi 6 Redjelly Day Peach,1923315894,5,"Moga&#34;cocok aja dah
Manfaat produk: Mencerahkan dan memudarkan bekas jerawat",1771029658,2 bulan lalu,Default,True,Anonymous,0,True,False,
X Beauty 1 Paket Isi 6 Redjelly Day Peach,1923302016,5,Bagus lah,1771028780,2 bulan lalu,Default,True,Anonymous,0,False,False,
X Beauty 1 Paket Isi 6 Redjelly Day Peach,1923296748,4,"paket ke 2,, sayangnya aja di kiriminnya kemasan lama lagii padahal mau kemasan yang baruu nyaaa😓",1771028449,2 bulan lalu,Default,True,Anonymous,0,True,False,
X Beauty 1 Paket Isi 6 Redjelly Day Peach,1922963483,4,"Udah dteng dari lama, sengaja baru kasih ulasan karna mau tau hasil nya, dan udah mau abis sepaket ni lumayan bikin glowing tapi tidak bikin putih/cerah untuk paket yang ini cuma bikin glowing lembab dan halus tapi suka next beli lagi paket yang lain yang bisa bikin putih atau lebih tepat nya cerah",1770995466,2 bulan lalu,Default,True,Anonymous,0,True,False,
X Beauty 1 Paket Isi 6 Redjelly Day Peach,1922770604,3,Wajah ku kok Tamba kusam ya stelah memakai produk ini,1770988468,2 bulan lalu,Default,True,Anonymous,0,False,False,
X Beauty 1 Paket Isi 6 Redjelly Day Peach,1922272890,5,Smoga cocok biar beli lagi,1770974836,2 bulan lalu,Default,True,Anonymous,0,True,False,
X Beauty 1 Paket Isi 6 Redjelly Day Peach,1922210127,5,Sudah dtang belum dicoba semoga beneran bagusss yaaa dengan hrga yang sangat murah  udah dpt 1 paket semoga beneran bisa bikin glowing sehat tanpa timbul jerawat yaaa,1770972907,2 bulan lalu,Default,True,Anonymous,0,False,False,
X Beauty 1 Paket Isi 6 Redjelly Day Peach,1922194719,5,Aku udah berapa kali beli mantap sesuai dengan pesanan,1770972404,2 bulan lalu,Default,True,Anonymous,0,False,False,
X Beauty 1 Paket Isi 6 Redjelly Day Peach,1922005235,5,Paketnya mendarat dng aman 👍👍,1770966407,2 bulan lalu,Default,True,Anonymous,0,True,False,
X Beauty 1 Paket Isi 6 Redjelly Day Peach,1921914846,5,Terimakasi barang nya bagus semoga cocok,1770963445,2 bulan lalu,Default,True,Anonymous,0,True,False,
X Beauty 1 Paket Isi 6 Redjelly Day Peach,1921550990,4,Mga ada prbhnn baru nyoba sabun ny aj,1770953225,2 bulan lalu,Default,True,Anonymous,0,False,False,
X Beauty 1 Paket Isi 6 Redjelly Day Peach,1921529328,5,Mantap semoga lebaran glowing amin,1770952569,2 bulan lalu,Default,True,Anonymous,0,True,False,
X Beauty 1 Paket Isi 6 Redjelly Day Peach,1921519945,5,"Sudah dateng paket nya, semoga cocok, dan gk gonta ganti skincare lagi",1770952276,2 bulan lalu,Default,True,Anonymous,0,True,False,
X Beauty 1 Paket Isi 6 Redjelly Day Peach,1921358118,4,Mantap,1770946592,2 bulan lalu,Default,True,Anonymous,0,False,False,
X Beauty 1 Paket Isi 6 Redjelly Day Peach,1921190365,5,Sudah 3 kali beli paket ini Alhamdulillah bagus,1770936429,2 bulan lalu,Default,True,Anonymous,0,False,False,
X Beauty 1 Paket Isi 6 Redjelly Day Peach,1920488713,5,"pesanan dtng dg cpat, bru mau cba skincare ini smga ccok di aku🥰",1770894207,2 bulan lalu,Default,True,Anonymous,0,True,False,
X Beauty 1 Paket Isi 6 Redjelly Day Peach,1920332496,4,"paket kedua akuu, jerawat on off on off, bismillah glowing😭🙏🏻",1770890300,2 bulan lalu,Default,True,Anonymous,0,True,False,
X Beauty 1 Paket Isi 6 Redjelly Day Peach,1920141418,5,"Paket mendarat dengan aman,cepat pengirimannya.baru pertama kali nyobak mudah mudahan cocok.",1770884725,2 bulan lalu,Default,True,Anonymous,0,True,False,
X Beauty 1 Paket Isi 6 Redjelly Day Peach,1919828978,4,baik semua aja cocok,1770875265,2 bulan lalu,Default,True,Anonymous,0,False,False,
X Beauty 1 Paket Isi 6 Redjelly Day Peach,1919348153,5,Udh paket ke duaa,1770860321,2 bulan lalu,Default,True,Anonymous,0,False,False,
X Beauty 1 Paket Isi 6 Redjelly Day Peach,1919178603,5,smga ccok😍,1770849871,2 bulan lalu,Default,True,Anonymous,0,False,False,
X Beauty 1 Paket Isi 6 Redjelly Day Peach,1919073469,4,Pokok ny debest lah mager foto in produk nh hehehe maap yh pokok ny bgus lah gyusss ☺️,1770830112,2 bulan lalu,Default,True,Anonymous,0,False,False,
X Beauty 1 Paket Isi 6 Redjelly Day Peach,1918741603,4,Bahan: Bagus,1770814670,2 bulan lalu,Default,True,Anonymous,0,False,False,
X Beauty 1 Paket Isi 6 Redjelly Day Peach,1918715857,5,"Manfaat produk: Untuk kecantikan
Jenis kulit: Normal",1770813906,2 bulan lalu,Default,True,Anonymous,0,False,False,
X Beauty 1 Paket Isi 6 Redjelly Day Peach,1918632990,5,Best lh pokoknya 😻,1770811930,2 bulan lalu,Default,True,Anonymous,0,False,False,
X Beauty 1 Paket Isi 6 Redjelly Day Peach,1918550738,1,"Facial wash nya encer bau nya jga gaenak udh 2x order yg pertama memuaskan tapi yg kedua bikin kecewa, ini muncul flek hitam wktu pertama beli abis 1 paket udh cerah nah yg kedua muncul flek",1770809777,2 bulan lalu,Default,True,Anonymous,0,False,False,
X Beauty 1 Paket Isi 6 Redjelly Day Peach,1918545380,4,Trimaksih paket sudah di trima dngn baik..semoga cocok,1770809638,2 bulan lalu,Default,True,Anonymous,0,False,False,
X Beauty 1 Paket Isi 6 Redjelly Day Peach,1918407209,1,gacocok di aku muka tambah kusam+ bruntusan,1770806230,2 bulan lalu,Default,True,Anonymous,0,False,False,
X Beauty 1 Paket Isi 6 Redjelly Day Peach,1918348518,5,Sangat bagus dan sya puas sama produk ini🤗,1770804658,2 bulan lalu,Default,True,Anonymous,0,False,False,
X Beauty 1 Paket Isi 6 Redjelly Day Peach,1918304034,5,Mudah-mudahan cocok,1770803421,2 bulan lalu,Default,True,Anonymous,0,False,False,
X Beauty 1 Paket Isi 6 Redjelly Day Peach,1918072178,5,"dri beli baru ini ngasih ulasan, bagusss bangettt sukaaa skrng jln 3paket🥰🥰",1770797032,2 bulan lalu,Default,True,Anonymous,0,True,False,
X Beauty 1 Paket Isi 6 Redjelly Day Peach,1917791760,5,Brangnya nyampai dengan amam,1770791935,2 bulan lalu,Default,True,Anonymous,0,False,False,
X Beauty 1 Paket Isi 6 Redjelly Day Peach,1917541438,5,"Bahan: Mantep deh baru nnyoba bagus
Jenis kulit: Knyal",1770784853,2 bulan lalu,Default,True,Anonymous,0,False,False,
X Beauty 1 Paket Isi 6 Redjelly Day Peach,1917094277,5,"Bahan: Ringan
Manfaat produk: Bagus banget
Jenis kulit: Semua jenis kulit",1770768054,2 bulan lalu,Default,True,Anonymous,0,False,False,
X Beauty 1 Paket Isi 6 Redjelly Day Peach,1917088807,5,Semoga cocok next order kembali,1770767676,2 bulan lalu,Default,True,Anonymous,0,False,False,
X Beauty 1 Paket Isi 6 Redjelly Day Peach,1917039724,5,"Bahan: Baguss
Manfaat produk: Bikin glowing
Jenis kulit: Kering",1770763896,2 bulan lalu,Default,True,Anonymous,0,False,False,
X Beauty 1 Paket Isi 6 Redjelly Day Peach,1916743431,3,Order pertama mudh2n cocok,1770732805,2 bulan lalu,Default,True,Anonymous,0,False,False,
X Beauty 1 Paket Isi 6 Redjelly Day Peach,1916621861,3,Menarik semoga cocok,1770728479,2 bulan lalu,Default,True,Anonymous,0,False,False,
X Beauty 1 Paket Isi 6 Redjelly Day Peach,1916614626,5,MANTAPPP GONGGG BANGETT HASILNYA🥰,1770728241,2 bulan lalu,Default,True,Anonymous,0,False,False,
X Beauty 1 Paket Isi 6 Redjelly Day Peach,1916521867,2,Yg dtang beda dengan gambar.. Sayangnya gagal terus kirim foto buat ulasan...,1770725345,2 bulan lalu,Default,True,Anonymous,0,False,False,
X Beauty 1 Paket Isi 6 Redjelly Day Peach,1915555621,5,semoga cocok di muka aku yah kalo cocok aku beli lagi☺️,1770693217,2 bulan lalu,Default,True,Anonymous,0,True,False,
X Beauty 1 Paket Isi 6 Redjelly Day Peach,1915261569,5,Pengiriman cepat dan aman cocok juga pake skincare ini,1770678824,2 bulan lalu,Default,True,Anonymous,0,True,False,
X Beauty 1 Paket Isi 6 Redjelly Day Peach,1914776031,5,Alhamdulillah sejauh ini udh 3 kali pesan.. sbagus itu di muka ku dan enak di muka gak perih ato rasa panas pokok nya cream terbaiku untuk skrg,1770641266,2 bulan lalu,Default,True,Anonymous,0,False,False,
X Beauty 1 Paket Isi 6 Redjelly Day Peach,1914530474,5,Alhamdulillah bagus dipakai pun tidak lengket🥰🥰🥰🥰,1770633941,2 bulan lalu,Default,True,Anonymous,0,True,False,
X Beauty 1 Paket Isi 6 Redjelly Day Peach,1914469556,4,Baru awal masih seminggu smoga cocok,1770632177,2 bulan lalu,Default,True,Anonymous,0,False,False,
X Beauty 1 Paket Isi 6 Redjelly Day Peach,1914377232,5,Manfaat produk: Bgssssssss ini udh kesekian klu nya,1770629329,2 bulan lalu,Default,True,Anonymous,0,False,False,
X Beauty 1 Paket Isi 6 Redjelly Day Peach,1914365033,5,"Bahan: Aman
Manfaat produk: Untuk mencerahkan
Jenis kulit: Semua jenis kulit
Pertama kali order semoga bisa cocok dan repeat order lagi.

Pengiriman nya juga cepat dan aman karna barang dilapis bubble wrap yang cukup tebal.

Terimakasih kak",1770628954,2 bulan lalu,Default,True,Anonymous,0,True,False,
X Beauty 1 Paket Isi 6 Redjelly Day Peach,1914137914,5,Pesen yang ke 2 kali nya pekingan nya bagus rapih cck di muka aku neks order lagi 🥰,1770621763,2 bulan lalu,Default,True,Anonymous,0,True,False,
X Beauty 1 Paket Isi 6 Redjelly Day Peach,1914101097,4,"Paketnya wes nyampek, peking aman meski gk ada bubel warpnya, isinya agak dikit ternyata keknya bakal cepat banget habisnya...

Tadi langsung saya coba, tonernya agak lengket di muka dan pas kenak tangan tetep lengket, selesai pakai agak panas muka saya, semoga gk ada efek dan kali ini cocok☺️",1770620566,2 bulan lalu,Default,True,Anonymous,0,True,False,
X Beauty 1 Paket Isi 6 Redjelly Day Peach,1914099469,5,"Bahan: alami
Manfaat produk: mencerahkan
Jenis kulit: normal",1770620516,2 bulan lalu,Default,True,Anonymous,0,False,False,
X Beauty 1 Paket Isi 6 Redjelly Day Peach,1913987647,5,"Bahan: Ok
Manfaat produk: Belum dicoba semoga cocok",1770617269,2 bulan lalu,Default,True,Anonymous,0,True,False,
X Beauty 1 Paket Isi 6 Redjelly Day Peach,1913812465,5,"Alhamdulillah paket mendarat dengan baik , baru pertama kali coba semoga cocok biar bisa next order lagiii",1770612022,2 bulan lalu,Default,True,Anonymous,0,False,False,
X Beauty 1 Paket Isi 6 Redjelly Day Peach,1913721791,5,Bagusss suka glowing,1770609346,2 bulan lalu,Default,True,Anonymous,0,False,False,
X Beauty 1 Paket Isi 6 Redjelly Day Peach,1913705939,4,Paket sudah Dateng Alhamdulillah dapet bonus red jelly 1,1770608873,2 bulan lalu,Default,True,Anonymous,0,True,False,
X Beauty 1 Paket Isi 6 Redjelly Day Peach,1913120682,5,"Alhamdulillah barang sdh smpi,tdk ada yg tumpah,pengemasanx sangat baik.
Baru mau coba,semoga cocok.
Biar jadi langganan di toko ini. Trimakasih 🫰",1770566756,2 bulan lalu,Default,True,Anonymous,0,False,False,
X Beauty 1 Paket Isi 6 Redjelly Day Peach,1912685524,5,"Blum dicoba
Bahan: Bagus
Manfaat produk: Mencerahkan kulit
Jenis kulit: Lembab",1770554771,2 bulan lalu,Default,True,Anonymous,0,False,False,
X Beauty 1 Paket Isi 6 Redjelly Day Peach,1912621263,5,"Bahan: Bagus Dan baik
Manfaat produk: Mencerahkan memutihkan Serta membuat glowing
Jenis kulit: Sedikit berminyak",1770553474,2 bulan lalu,Default,True,Anonymous,0,True,False,
X Beauty 1 Paket Isi 6 Redjelly Day Peach,1912319928,5,"Bahan: Creamnya nggak lengket
Manfaat produk: Menghilangkan jerawat
Jenis kulit: Sensitif
Semoga cocok sama creamnya, mau coba dulu kalau ccok bakal langganan lagi",1770544798,2 bulan lalu,Default,True,Anonymous,0,True,False,
X Beauty 1 Paket Isi 6 Redjelly Day Peach,1912198051,5,Manfaat produk: Mencerahkan,1770540613,2 bulan lalu,Default,True,Anonymous,0,True,False,
X Beauty 1 Paket Isi 6 Redjelly Day Peach,1912169951,5,"baru sampe setelah lama menunggu,tp bagus packaging nye",1770539618,2 bulan lalu,Default,True,Anonymous,0,True,False,
X Beauty 1 Paket Isi 6 Redjelly Day Peach,1912131676,5,"Bahan: Bagus
Jenis kulit: Berminyak
Manfaat produk: Mencerahkan",1770538286,2 bulan lalu,Default,True,Anonymous,0,False,False,
X Beauty 1 Paket Isi 6 Redjelly Day Peach,1911338305,5,baru prtma kali coba semoga cocok,1770506990,2 bulan lalu,Default,True,Anonymous,0,False,False,
X Beauty 1 Paket Isi 6 Redjelly Day Peach,1911240942,5,Baru pertama kali coba semoga cocok ❤️,1770492527,2 bulan lalu,Default,True,Anonymous,0,True,False,
X Beauty 1 Paket Isi 6 Redjelly Day Peach,1910510818,5,"alhamdulillah cocok ini jln 2 pket,",1770457116,2 bulan lalu,Default,True,Anonymous,0,False,False,
X Beauty 1 Paket Isi 6 Redjelly Day Peach,1910373305,5,Mantap,1770452441,2 bulan lalu,Default,True,Anonymous,0,False,False,
X Beauty 1 Paket Isi 6 Redjelly Day Peach,1910145345,5,"Ini yg TDK diragukan,si paling best,pokoknya teeeeeerrrrrrrlah🫶🥰😍🥳",1770444711,2 bulan lalu,Default,True,Anonymous,0,False,False,
X Beauty 1 Paket Isi 6 Redjelly Day Peach,1910003498,5,"yass bagus bangettttt, aku uda ke 3 kali beli skincare ini,smga dikirim gratisan whehe",1770440302,2 bulan lalu,Default,True,Anonymous,0,False,False,
X Beauty 1 Paket Isi 6 Redjelly Day Peach,1909632888,5,"Udah 4 paket x beauty skin hasilnya bener bener mantul cocokkk gamau pindah2 skincare lain,udah kecintaan bgtt samaaa produk x beauty skin🫰🏻🫰🏻
Lucu ihh serumnya di bngkus hehe comel mungkin biar ga pecah atau tumpah 🥰🥰
Jenis kulit: Sensitif susah putih
Bahan: Cocokkkk ademm cepet meresapp",1770427937,2 bulan lalu,Default,True,Anonymous,0,False,False,
X Beauty 1 Paket Isi 6 Redjelly Day Peach,1909453595,4,"Semogo cocok, tpi mau nanyak kok kemasannya kayak beda ya  apa wmang kayak gitu",1770414081,2 bulan lalu,Default,True,Anonymous,0,True,False,
X Beauty 1 Paket Isi 6 Redjelly Day Peach,1909393643,5,Bru kali ini dapat produk yg cocok dgn kulitku....🫶🏼,1770399396,2 bulan lalu,Default,True,Anonymous,0,True,False,
X Beauty 1 Paket Isi 6 Redjelly Day Peach,1909165902,4,"Paketnya udh datang ,saya pesan 2 paket, baru semingguan pake belom ada si perubahannya , mungkin krna belum lama",1770385925,2 bulan lalu,Default,True,Anonymous,0,False,False,
X Beauty 1 Paket Isi 6 Redjelly Day Peach,1909137300,5,"produk nya bgus, cocok di kulit aku, lumayan mencerahkan",1770384902,2 bulan lalu,Default,True,Anonymous,0,True,False,
X Beauty 1 Paket Isi 6 Redjelly Day Peach,1909067414,5,"Sesuai dengan gambar,kulitku sudah beter setelah,seminggu pemakaian",1770382753,2 bulan lalu,Default,True,Anonymous,0,False,True,
X Beauty 1 Paket Isi 6 Redjelly Day Peach,1908857284,5,"Bahan: Lembut
Manfaat produk: Mencerahkan
Jenis kulit: Normal
Semoga cocok sama produk nya capek gonta ganti skincare gak ada yg cocok",1770376622,2 bulan lalu,Default,True,Anonymous,0,False,False,
X Beauty 1 Paket Isi 6 Redjelly Day Peach,1908573408,1,"ini serumnya kenapa tidak seperti pembelian saya yg pertama ya, serum yg barusan datang itu aromanya kecut, tapi bukan kecut aroma strobery, pdhal tulisan exp nya masih 2028, sedangkan serum pembelian saya yg pertama gaada exp nya tapi aromanya harum seger. kecewa sekali sih",1770368265,2 bulan lalu,Default,True,Anonymous,0,True,False,
X Beauty 1 Paket Isi 6 Redjelly Day Peach,1908553773,5,"Bahan: Lmbut
Manfaat produk: Mencerahkan kulit wajah
Jenis kulit: Semua jenis kulit",1770367650,2 bulan lalu,Default,True,Anonymous,0,True,False,
X Beauty 1 Paket Isi 6 Redjelly Day Peach,1908520298,5,Day 1 Masih mencoba,1770366591,2 bulan lalu,Default,True,Anonymous,0,True,False,
X Beauty 1 Paket Isi 6 Redjelly Day Peach,1908283580,5,Bru mau cuba,1770358908,2 bulan lalu,Default,True,Anonymous,0,False,False,
X Beauty 1 Paket Isi 6 Redjelly Day Peach,1908120316,5,Baru coba,1770354092,2 bulan lalu,Default,True,Anonymous,0,False,False,
X Beauty 1 Paket Isi 6 Redjelly Day Peach,1907876717,5,Manfaat produk: Bagus untuk Mencerahkan dan melembabkan wajah,1770347542,2 bulan lalu,Default,True,Anonymous,0,False,False,
X Beauty 1 Paket Isi 6 Redjelly Day Peach,1907856892,5,"Barangnyaa uda sampee,reall fix bgtt gda yg pecahh sama sekalii smemogaa cocokk  di kulit aku",1770346929,2 bulan lalu,Default,True,Anonymous,0,True,False,
X Beauty 1 Paket Isi 6 Redjelly Day Peach,1907832746,4,Bagusss,1770346165,2 bulan lalu,Default,True,Anonymous,0,False,False,
X Beauty 1 Paket Isi 6 Redjelly Day Peach,1907716652,5,Paket sudah sampai gak ada yang kurang sama sekali sesuai semua tapi belum aku pake semoga cocok biar bisa beli lagi langganan makasih packing rapih pengiriman cepat (terimakasih),1770342278,2 bulan lalu,Default,True,Anonymous,0,False,False,
X Beauty 1 Paket Isi 6 Redjelly Day Peach,1907602986,5,"suka bngt sama day creamnyaa, bismillah cocok aminn",1770336785,2 bulan lalu,Default,True,Anonymous,0,False,False,
X Beauty 1 Paket Isi 6 Redjelly Day Peach,1906961803,4,Bahan: Semoga cocok,1770293969,2 bulan lalu,Default,True,Anonymous,0,False,True,
X Beauty 1 Paket Isi 6 Redjelly Day Peach,1906780598,4,"Baru nyobak semoga cocok soalnya wes capek gonta ganti scincare
Manfaat produk: Memutihkan wajah
Jenis kulit: Glowing",1770289348,2 bulan lalu,Default,True,Anonymous,0,True,False,
X Beauty 1 Paket Isi 6 Redjelly Day Peach,1906258883,5,"Barang nya datang dengan selamat, makasih minn dikasih tas nya juga terus serum nya dikasih bubllewarp jga jdi aman deh ga pecah",1770274351,2 bulan lalu,Default,True,Anonymous,0,False,False,
X Beauty 1 Paket Isi 6 Redjelly Day Peach,1906147032,5,"Manfaat produk: Bermanfaat
Jenis kulit: Sesuai",1770271024,2 bulan lalu,Default,True,Anonymous,0,True,False,
X Beauty 1 Paket Isi 6 Redjelly Day Peach,1906142818,4,"Bahan: Lembut
Manfaat produk: Mencerahkan
Jenis kulit: Berminyak &amp; susah putih",1770270898,2 bulan lalu,Default,True,Anonymous,0,False,False,
X Beauty 1 Paket Isi 6 Redjelly Day Peach,1905710739,5,Udahhh pakettt yang ketigaaa kalinyaaa cocokk bangett,1770258915,2 bulan lalu,Default,True,Anonymous,0,True,False,
X Beauty 1 Paket Isi 6 Redjelly Day Peach,1905265060,5,Emang bagus banget ini aku udah pake beberapa paket tadinya kusam sekarang glowing ga akan berpaling lagi deh udah Nemu produk ini udah nyaman bahkan temen temen aku juga pake loh 🤩,1770220934,2 bulan lalu,Default,True,Anonymous,0,False,False,
X Beauty 1 Paket Isi 6 Redjelly Day Peach,1905234989,5,Debesss pokonamah 😻😻😻,1770219254,2 bulan lalu,Default,True,Anonymous,0,False,False,
X Beauty 1 Paket Isi 6 Redjelly Day Peach,1905108977,5,Sangat Bagus baru di pakai 2 hari kulit udah keliatan cerah memang nggk bakalan nyesal beli di sini nanti kalau udah habis aku order lagi,1770214198,2 bulan lalu,Default,True,Anonymous,0,True,True,
X Beauty 1 Paket Isi 6 Redjelly Day Peach,1905102939,5,"Mantul bgt,,baru make 4hari udh agak cerahan,neks bkl mesan lagi",1770213996,2 bulan lalu,Default,True,Anonymous,0,False,False,
X Beauty 1 Paket Isi 6 Redjelly Day Peach,1905049395,4,"Bahan: Aman
Manfaat produk: Sangat baik
Jenis kulit: Normal, kusam",1770212261,2 bulan lalu,Default,True,Anonymous,0,False,False,
X Beauty 1 Paket Isi 6 Redjelly Day Peach,1904841074,5,bgus aku dh hbs pink 2 pkt skrg tmbh oke boostrny,1770206430,2 bulan lalu,Default,True,Anonymous,0,True,False,
X Beauty 1 Paket Isi 6 Redjelly Day Peach,1904621104,5,"bagus, aman sampai tangan",1770201110,2 bulan lalu,Default,True,Anonymous,0,False,False,
X Beauty 1 Paket Isi 6 Redjelly Day Peach,1904583666,3,Kok beda sama kayak di vidio pekejing nya apa ini yg baru ya tempatnya moga aja ini aslinya soalnya baru pertama x coba klw cocok bakalan order lagi,1770200161,2 bulan lalu,Default,True,Anonymous,0,True,False,
X Beauty 1 Paket Isi 6 Redjelly Day Peach,1904269085,5,Manfaat produk: Mencerahkan mengencangkan bagus bngt guysss ayo buruan di co 🥰 itu fto q no efek no filter ya guyssss🥰🥹,1770191418,2 bulan lalu,Default,True,Anonymous,0,True,False,
X Beauty 1 Paket Isi 6 Redjelly Day Peach,1904215314,1,Sangat mengecewakan kurir nya sampe sekarang blm ada respon sama sekali dditelfon dan di cht tidak di respon,1770189790,2 bulan lalu,Default,True,Anonymous,0,False,False,
X Beauty 1 Paket Isi 6 Redjelly Day Peach,1903941278,5,"Enak banget wangi , GK lengket moga cocok ya baru pertama pakai",1770182276,2 bulan lalu,Default,True,Anonymous,0,True,False,
X Beauty 1 Paket Isi 6 Redjelly Day Peach,1903000176,5,Bagus ada Perubahan sedikit baru abis 1 paket,1770127195,2 bulan lalu,Default,True,Anonymous,0,False,False,
X Beauty 1 Paket Isi 6 Redjelly Day Peach,1902744936,5,baguss,1770119316,2 bulan lalu,Default,True,Anonymous,0,False,False,
X Beauty 1 Paket Isi 6 Redjelly Day Peach,1902250746,5,Bagus banget🤗🤗,1770104598,2 bulan lalu,Default,True,Anonymous,0,True,True,
X Beauty 1 Paket Isi 6 Redjelly Day Peach,1901796342,5,"Rffffrrrrrhnkjjjjjbnb
Uhbhhyuyfff
Hyuuuuuu
Yyyy yyyyyygtgg
Yg kk pake yug
Hy KE motor tu cuma",1770089551,2 bulan lalu,Default,True,Anonymous,0,True,False,
X Beauty 1 Paket Isi 6 Redjelly Day Peach,1901792613,5,Baik 👌,1770089429,2 bulan lalu,Default,True,Anonymous,0,False,False,
X Beauty 1 Paket Isi 6 Redjelly Day Peach,1901651239,5,Cocok bgt pake ini,1770084529,2 bulan lalu,Default,True,Anonymous,0,True,False,
X Beauty 1 Paket Isi 6 Redjelly Day Peach,1901416638,5,udah abis 2 paket hasilnya memuaskan hhhe,1770070930,2 bulan lalu,Default,True,Anonymous,0,True,False,
X Beauty 1 Paket Isi 6 Redjelly Day Peach,1901324967,5,"Sebenernya udah sampe dari kemarin.maaf baru kasih ulasan,semoga cocok di aku",1770053284,2 bulan lalu,Default,True,Anonymous,0,True,False,
X Beauty 1 Paket Isi 6 Redjelly Day Peach,1900797225,5,Sangat memuaskan bagi saya eh saya di kau free red jely,1770031117,2 bulan lalu,Default,True,Anonymous,0,False,False,
X Beauty 1 Paket Isi 6 Redjelly Day Peach,1900664283,5,"Semoga cocok ,btw nitip before ya wkwk",1770027312,2 bulan lalu,Default,True,Anonymous,0,True,False,
X Beauty 1 Paket Isi 6 Redjelly Day Peach,1900471157,5,"Sesuai dan recommend . terimakasih next order lagi. ..
Jos jiz",1770021456,2 bulan lalu,Default,True,Anonymous,0,True,False,
X Beauty 1 Paket Isi 6 Redjelly Day Peach,1900453725,5,Bagus sesuai dengan ekspektasi kita 🥰🥰,1770020904,2 bulan lalu,Default,True,Anonymous,0,False,False,
X Beauty 1 Paket Isi 6 Redjelly Day Peach,1900448987,5,Bismillah semoga cocok,1770020750,2 bulan lalu,Default,True,Anonymous,0,False,False,
X Beauty 1 Paket Isi 6 Redjelly Day Peach,1900221300,5,Sesuai,1770013799,2 bulan lalu,Default,True,Anonymous,0,True,False,
X Beauty 1 Paket Isi 6 Redjelly Day Peach,1900194037,5,"packaging aman bangettt😩🩷🩷🩷
bismillah baru pertama kali, smoga cocok yaa🩷🩷🩷",1770012978,2 bulan lalu,Default,True,Anonymous,0,False,True,
X Beauty 1 Paket Isi 6 Redjelly Day Peach,1899926013,3,Jenis kulit: Kenapa yah klo di pake muka suka gatel,1770005596,2 bulan lalu,Default,True,Anonymous,0,False,False,
X Beauty 1 Paket Isi 6 Redjelly Day Peach,1899739978,1,"zonk banget, aku pke yg drinya ga ada jerawat pas pke lngsung bnyk polll wkwk mff ya rate ku 1 emng zonk",1770000341,2 bulan lalu,Default,True,Anonymous,0,False,False,
X Beauty 1 Paket Isi 6 Redjelly Day Peach,1899332608,5,Bagus banget packingan nya produk nya juga bagus semoga cocok sama kulitku amanah selalu yah kak🥰🥰,1769976865,2 bulan lalu,Default,True,Anonymous,0,False,False,
X Beauty 1 Paket Isi 6 Redjelly Day Peach,1899221207,5,Bagus banget ternyata cocok diaku bikin kulit keliatan lebih bersih dan gak kusam lagi semoga beneran bisa bikin putih dan glowing ya,1769962559,2 bulan lalu,Default,True,Anonymous,0,False,False,
X Beauty 1 Paket Isi 6 Redjelly Day Peach,1899199494,2,sabun muka pecah,1769961321,2 bulan lalu,Default,True,Anonymous,0,False,False,
X Beauty 1 Paket Isi 6 Redjelly Day Peach,1898530735,5,"Bahan: Lembut
Manfaat produk: Mencerahkan
Jenis kulit: Berminyak kusam
Btw pertama kali beli di tiktok biasanya dioyen
Ini real asli ga boong aku tipe orng males skincarean tp ttp ada hasil , 1 paket awet bgt kecuali (day cream, facial wash, serum)

Ini before after lumayan lah buat aku yg jrng2 skincare an",1769938486,2 bulan lalu,Default,True,Anonymous,0,True,False,
X Beauty 1 Paket Isi 6 Redjelly Day Peach,1898367573,5,Baru pertama coba semoga cocok pengiriman barang baik cepet juga kalao cocok bakal lanjut lgi🩷🥰,1769933079,2 bulan lalu,Default,True,Anonymous,0,True,False,
X Beauty 1 Paket Isi 6 Redjelly Day Peach,1898228861,5,Baru coba semoga cocok,1769928403,2 bulan lalu,Default,True,Anonymous,0,False,False,
X Beauty 1 Paket Isi 6 Redjelly Day Peach,1897855126,5,"paketnya Uda dateng tapi belum tau cocok apa nga,semoga aja cocok ya,nanti aku balik lagi kesini kalo uda pake",1769916964,2 bulan lalu,Default,True,Anonymous,0,True,True,
X Beauty 1 Paket Isi 6 Redjelly Day Peach,1897778096,5,Belum ada Riview titip dlu ya ntr klo ada hasil aku balik lagi,1769914499,2 bulan lalu,Default,True,Anonymous,0,True,False,
X Beauty 1 Paket Isi 6 Redjelly Day Peach,1897672327,3,Semoga cocok,1769910618,2 bulan lalu,Default,True,Anonymous,0,False,False,
X Beauty 1 Paket Isi 6 Redjelly Day Peach,1897596535,5,"Paket nya udaa nyampe, aman ga ada yg bocor, mudah2an ccok di muka",1769906702,2 bulan lalu,Default,True,Anonymous,0,False,False,
X Beauty 1 Paket Isi 6 Redjelly Day Peach,1897508256,5,"Manfaat produk: Memudarkan jerawat
Jenis kulit: Sensitif",1769900592,2 bulan lalu,Default,True,Anonymous,0,False,False,
X Beauty 1 Paket Isi 6 Redjelly Day Peach,1897423357,5,Biarkan bintang yang berbicara,1769885024,2 bulan lalu,Default,True,Anonymous,0,False,False,
X Beauty 1 Paket Isi 6 Redjelly Day Peach,1897216533,5,"Manfaat produk: mencerahkan
Jenis kulit: semua
Bahan: bagus
CINTAA BGT AMA XBEAUTY😫💖",1769870129,2 bulan lalu,Default,True,Anonymous,0,False,False,
X Beauty 1 Paket Isi 6 Redjelly Day Peach,1897211589,4,10/100,1769869919,2 bulan lalu,Default,True,Anonymous,0,False,False,
X Beauty 1 Paket Isi 6 Redjelly Day Peach,1897100186,5,Masi dalam pemakaian tapi bagus,1769865618,2 bulan lalu,Default,True,Anonymous,0,False,False,
X Beauty 1 Paket Isi 6 Redjelly Day Peach,1896876957,5,"Jenis kulit: kering
Manfaat produk: mencerahkan kulit
day cremnya baguss poll, kena sinar matahari tambah glowing udah habis 3 pot",1769858628,2 bulan lalu,Default,True,Anonymous,0,True,False,
X Beauty 1 Paket Isi 6 Redjelly Day Peach,1896591244,5,Sampai dg amn smoga di akunya cocok biar kmbli ke sini lgi☺,1769849861,2 bulan lalu,Default,True,Anonymous,0,True,False,
X Beauty 1 Paket Isi 6 Redjelly Day Peach,1896496035,5,baru pertama kali nyoba xbeauty semoga cocok,1769846730,2 bulan lalu,Default,True,Anonymous,0,False,False,
X Beauty 1 Paket Isi 6 Redjelly Day Peach,1896353848,5,Baru pertama kali coba mudah mudah cocok,1769842061,2 bulan lalu,Default,True,Anonymous,0,False,False,
X Beauty 1 Paket Isi 6 Redjelly Day Peach,1896306061,2,Kak kok read jelly nya beda Yakk baru gak ada perubahan ini makin hitam,1769840548,2 bulan lalu,Default,True,Anonymous,0,True,False,
X Beauty 1 Paket Isi 6 Redjelly Day Peach,1896285728,5,"Paket sudah sampai .pengiriman cepat,semoga cocok",1769839928,2 bulan lalu,Default,True,Anonymous,0,False,False,
X Beauty 1 Paket Isi 6 Redjelly Day Peach,1896230935,5,Pemakainan 5 haru sudah terasa beda,1769838251,2 bulan lalu,Default,True,Anonymous,0,True,False,
X Beauty 1 Paket Isi 6 Redjelly Day Peach,1896142432,5,"Mendarat dengan selamat
Makasih",1769835760,2 bulan lalu,Default,True,Anonymous,0,True,False,
X Beauty 1 Paket Isi 6 Redjelly Day Peach,1896019689,5,Baru mau nyoba semoga cocok aja,1769832367,2 bulan lalu,Default,True,Anonymous,0,True,False,
X Beauty 1 Paket Isi 6 Redjelly Day Peach,1895582568,4,Masih mencoba semoga cocok akan beli lagi disini,1769815338,2 bulan lalu,Default,True,Anonymous,0,False,False,
X Beauty 1 Paket Isi 6 Redjelly Day Peach,1895482439,5,Bagus aman,1769801264,2 bulan lalu,Default,True,Anonymous,0,False,False,
X Beauty 1 Paket Isi 6 Redjelly Day Peach,1895425738,5,Manfaat produk: Blm d coba jika ad perubahan aku blek ke ulasan ini lg,1769793133,2 bulan lalu,Default,True,Anonymous,0,False,False,
X Beauty 1 Paket Isi 6 Redjelly Day Peach,1895361694,3,"Biasa aja,tidak ngaruh di kulit ku",1769788466,2 bulan lalu,Default,True,Anonymous,0,False,False,
X Beauty 1 Paket Isi 6 Redjelly Day Peach,1895335319,5,"Alhamdulillah di wajah aku cocok pemakaian nya blom smpe 1 Minggu udh ada perubahannya Nex order lagi amanah trus ya tokonyaa . Tunggu sya kmbli lgi ya min,🥰🥰🥰🫶",1769787041,2 bulan lalu,Default,True,Anonymous,0,False,False,
X Beauty 1 Paket Isi 6 Redjelly Day Peach,1895304342,5,Bagus,1769785611,2 bulan lalu,Default,True,Anonymous,0,False,False,
X Beauty 1 Paket Isi 6 Redjelly Day Peach,1895090046,4,"Pantau udh sampai, aku ksh bintang 4 dlu kalo bagus aku balik lagii, ini aku ksh foto before nya dulu yawww",1769777886,2 bulan lalu,Default,True,Anonymous,0,True,False,
X Beauty 1 Paket Isi 6 Redjelly Day Peach,1894935990,5,"SUKA BGT, BARU SEMINGGU UDH ADA PERUBAHAN",1769773659,2 bulan lalu,Default,True,Anonymous,0,False,False,
X Beauty 1 Paket Isi 6 Redjelly Day Peach,1894871666,4,Baru mau coba semoga saja cocok,1769771974,2 bulan lalu,Default,True,Anonymous,0,False,False,
X Beauty 1 Paket Isi 6 Redjelly Day Peach,1894852990,5,"Belum dicoba , semoga cocok ☺️",1769771501,2 bulan lalu,Default,True,Anonymous,0,True,False,
X Beauty 1 Paket Isi 6 Redjelly Day Peach,1894612386,5,sesuai,1769764623,2 bulan lalu,Default,True,Anonymous,0,False,False,
X Beauty 1 Paket Isi 6 Redjelly Day Peach,1894456243,5,"Bagus
Hjjjjjjkkjvcccfyikkkmnbhhhuikkkkkkhgcc",1769761603,2 bulan lalu,Default,True,Anonymous,0,True,False,
X Beauty 1 Paket Isi 6 Redjelly Day Peach,1893771648,5,Semoga aj cocok spaya next order lagi,1769739916,2 bulan lalu,Default,True,Anonymous,0,False,False,
X Beauty 1 Paket Isi 6 Redjelly Day Peach,1893158074,5,Baru pertama coba semoga cocok sama kulit kuu,1769689497,2 bulan lalu,Default,True,Anonymous,0,False,False,
X Beauty 1 Paket Isi 6 Redjelly Day Peach,1892829466,4,bagus bangetttt cocokk di aku sukaaa,1769679160,2 bulan lalu,Default,True,Anonymous,0,True,False,
X Beauty 1 Paket Isi 6 Redjelly Day Peach,1892655223,5,"Suka bnget sama pekingnya pokonya puas, ini udah produk yg ke 3 kalinya pesan d sni bagus bngett😍😍",1769673008,2 bulan lalu,Default,True,Anonymous,0,True,False,
X Beauty 1 Paket Isi 6 Redjelly Day Peach,1892627127,3,Belum tau karna baru jyobak,1769671972,2 bulan lalu,Default,True,Anonymous,0,True,False,
X Beauty 1 Paket Isi 6 Redjelly Day Peach,1892592319,5,Allhamdulilah paketnya sudah sampai dgn selamat terima kasih  insyaallah cocok yha,1769670683,2 bulan lalu,Default,True,Anonymous,0,False,False,
X Beauty 1 Paket Isi 6 Redjelly Day Peach,1890925773,5,Mntappp,1769586607,2 bulan lalu,Default,True,Anonymous,0,False,False,
X Beauty 1 Paket Isi 6 Redjelly Day Peach,1890903113,4,Blm d coba semoga cocok,1769585843,2 bulan lalu,Default,True,Anonymous,0,True,False,
X Beauty 1 Paket Isi 6 Redjelly Day Peach,1890608107,5,Sesuai,1769575897,2 bulan lalu,Default,True,Anonymous,0,True,False,
X Beauty 1 Paket Isi 6 Redjelly Day Peach,1890338678,5,Manfaat produk: Sumpah secocok ini sama produk ini,1769566807,2 bulan lalu,Default,True,Anonymous,0,True,False,
X Beauty 1 Paket Isi 6 Redjelly Day Peach,1889795931,3,diaku blm ada hasil pemakaian 1minggu kalo udh ada hasil aku kabarin.,1769518403,2 bulan lalu,Default,True,Anonymous,0,False,False,
X Beauty 1 Paket Isi 6 Redjelly Day Peach,1889583739,3,Aku kasih bintang 3 dulu. Kalau bgus aku kasih bintang 5,1769511450,2 bulan lalu,Default,True,Anonymous,0,False,False,
X Beauty 1 Paket Isi 6 Redjelly Day Peach,1889427279,5,Manfaat produk: Baik,1769506011,2 bulan lalu,Default,True,Anonymous,0,False,False,
X Beauty 1 Paket Isi 6 Redjelly Day Peach,1888971857,5,"Bahan: Bagus, bpom, be kerja dengan baik
Manfaat produk: Mencerahkan
Jenis kulit: Kusam",1769487568,2 bulan lalu,Default,True,Anonymous,0,True,False,
X Beauty 1 Paket Isi 6 Redjelly Day Peach,1888971360,4,Bagus,1769487549,2 bulan lalu,Default,True,Anonymous,0,False,False,
X Beauty 1 Paket Isi 6 Redjelly Day Peach,1888811574,5,Paket sudh datang semoga cocok,1769481147,2 bulan lalu,Default,True,Anonymous,0,True,False,
X Beauty 1 Paket Isi 6 Redjelly Day Peach,1888544528,4,Jenis kulit: Berjerawat,1769451816,2 bulan lalu,Default,True,Anonymous,0,False,False,
X Beauty 1 Paket Isi 6 Redjelly Day Peach,1888442461,1,Aku loh gk dapat red jelly nya sihh,1769440260,2 bulan lalu,Default,True,Anonymous,0,False,False,
X Beauty 1 Paket Isi 6 Redjelly Day Peach,1888137777,4,Baru mau coba kesini lagi klau mmng bagus,1769427380,2 bulan lalu,Default,True,Anonymous,0,True,False,
X Beauty 1 Paket Isi 6 Redjelly Day Peach,1887967913,5,Semoga cocok di kulit saya,1769421530,2 bulan lalu,Default,True,Anonymous,0,True,False,
X Beauty 1 Paket Isi 6 Redjelly Day Peach,1887958734,5,"Paketnya sudah datang terimakasih baru pertama coba semoga cocok baunya harus khas bungga mawar banget terimakasih juga dapat bonus redjely 1
Jenis kulit: Normal",1769421196,2 bulan lalu,Default,True,Anonymous,0,True,False,
X Beauty 1 Paket Isi 6 Redjelly Day Peach,1887661248,5,Pemakayan yang ke 4 paket,1769410345,2 bulan lalu,Default,True,Anonymous,0,True,False,
X Beauty 1 Paket Isi 6 Redjelly Day Peach,1887314885,4,Baru prtama coba smoga ccok,1769399267,2 bulan lalu,Default,True,Anonymous,0,False,False,
X Beauty 1 Paket Isi 6 Redjelly Day Peach,1887299696,4,Semogaa cocok,1769398749,2 bulan lalu,Default,True,Anonymous,0,False,False,
X Beauty 1 Paket Isi 6 Redjelly Day Peach,1886899291,5,Manfaat produk: Bgus bnget Smga cpt perubahan nya,1769369658,2 bulan lalu,Default,True,Anonymous,0,False,True,
X Beauty 1 Paket Isi 6 Redjelly Day Peach,1886770176,5,"Manfaat produk: Untuk kecantikan
Jenis kulit: Normal",1769354308,2 bulan lalu,Default,True,Anonymous,0,False,False,
X Beauty 1 Paket Isi 6 Redjelly Day Peach,1886756633,5,Udah langganan jadi ga ragu lagi🤭,1769353510,2 bulan lalu,Default,True,Anonymous,0,False,False,
X Beauty 1 Paket Isi 6 Redjelly Day Peach,1885890020,5,Sangat amanah semoga cocok di kulit aku agar bsa berlangganan terus,1769320664,2 bulan lalu,Default,True,Anonymous,0,False,False,
X Beauty 1 Paket Isi 6 Redjelly Day Peach,1885806684,5,cocokk sangat bagus,1769317690,2 bulan lalu,Default,True,Anonymous,0,False,False,
X Beauty 1 Paket Isi 6 Redjelly Day Peach,1885603517,5,Bagus sih tpi aku sering mekaupan karna ada acara makanya ku stop dulu skincare an nya,1769310761,2 bulan lalu,Default,True,Anonymous,0,False,False,
X Beauty 1 Paket Isi 6 Redjelly Day Peach,1885557760,3,Percuma serum nya pake bubberwrap pas di buka bocor mana pecah lagi pdhl belm saya buka tuh plastik serum nya,1769309109,2 bulan lalu,Default,True,Anonymous,0,False,True,
X Beauty 1 Paket Isi 6 Redjelly Day Peach,1885142154,5,"lumayan ngecerahin,bikin lembab",1769266204,2 bulan lalu,Default,True,Anonymous,0,True,False,
X Beauty 1 Paket Isi 6 Redjelly Day Peach,1884880235,5,"Bagus,bikin wajah cerah dan glowing",1769254681,2 bulan lalu,Default,True,Anonymous,0,True,False,
X Beauty 1 Paket Isi 6 Redjelly Day Peach,1884723456,5,Bagus bgtt baru kali ini cocok dngn paketan semoga langganan🫰🏻😍😍,1769249203,2 bulan lalu,Default,True,Anonymous,0,True,False,
X Beauty 1 Paket Isi 6 Redjelly Day Peach,1884635019,5,Sesuai pesanan baguzzz... terimakasih bonusnya red jelly KK ..semoga tmbh sukses dan berkah kk,1769245893,2 bulan lalu,Default,True,Anonymous,0,True,False,
X Beauty 1 Paket Isi 6 Redjelly Day Peach,1884282138,5,Bagus,1769232161,2 bulan lalu,Default,True,Anonymous,0,False,False,
X Beauty 1 Paket Isi 6 Redjelly Day Peach,1883990477,5,"Alhamdulillah pket sdh sampai dengan selamat no lecet2😊
Tokoh yang amanah, sdh 4 kali pesan",1769222642,2 bulan lalu,Default,True,Anonymous,0,False,False,
X Beauty 1 Paket Isi 6 Redjelly Day Peach,1883928578,5,Manfaat produk: Mencerahkan wajah,1769219994,2 bulan lalu,Default,True,Anonymous,0,True,False,
X Beauty 1 Paket Isi 6 Redjelly Day Peach,1883880676,5,"Alhmdulillah barang sudah sampai sesuai mdhan cocok di aku,next Klo cocok pesen lagi",1769217356,2 bulan lalu,Default,True,Anonymous,0,True,False,
X Beauty 1 Paket Isi 6 Redjelly Day Peach,1883565144,5,Langganan pokok nya mahhh,1769179025,3 bulan lalu,Default,True,Anonymous,0,False,False,
X Beauty 1 Paket Isi 6 Redjelly Day Peach,1883272757,5,Udah sampe paketnya semoga cocok,1769167429,3 bulan lalu,Default,True,Anonymous,0,False,False,
X Beauty 1 Paket Isi 6 Redjelly Day Peach,1883015529,5,bagus,1769158683,3 bulan lalu,Default,True,Anonymous,0,False,False,
X Beauty 1 Paket Isi 6 Redjelly Day Peach,1882697521,5,Semoga cocok,1769146586,3 bulan lalu,Default,True,Anonymous,0,True,False,
X Beauty 1 Paket Isi 6 Redjelly Day Peach,1881724486,5,Semoga cocokkk,1769085578,3 bulan lalu,Default,True,Anonymous,0,True,False,
X Beauty 1 Paket Isi 6 Redjelly Day Peach,1881696754,5,Baru pertama kali nyoba semoga cocok,1769084757,3 bulan lalu,Default,True,Anonymous,0,False,False,
X Beauty 1 Paket Isi 6 Redjelly Day Peach,1881294047,5,"barang sampai sesuai yang di pesan, tidak ada kerusakan, rasanya sangat puas dengan produk yang sampai dengan baik.",1769073273,3 bulan lalu,Default,True,Anonymous,0,False,True,
X Beauty 1 Paket Isi 6 Redjelly Day Peach,1881160853,5,Sangat rapi kemasan ya,1769069115,3 bulan lalu,Default,True,Anonymous,0,True,False,
X Beauty 1 Paket Isi 6 Redjelly Day Peach,1881131161,4,"Saya baru coba paketan skincare semoga aja cocok, kondisi kulit saya itu jarang berjerawat dia cuman kusam, dan agak gelap",1769068084,3 bulan lalu,Default,True,Anonymous,0,True,False,
X Beauty 1 Paket Isi 6 Redjelly Day Peach,1881092470,4,Bismillah yaa semoga cocok,1769066707,3 bulan lalu,Default,True,Anonymous,0,False,False,
X Beauty 1 Paket Isi 6 Redjelly Day Peach,1880558842,5,"pengiriman aman,, produk jg bagus cocok, muka jdi cerah",1769047114,3 bulan lalu,Default,True,Anonymous,0,False,False,
X Beauty 1 Paket Isi 6 Redjelly Day Peach,1880047015,5,Pembelian ke 2 Alhamdulillah suka bgttt sama hasilnya nampolll 🥰 lopelope sekebon X_beauty 🫰,1769002120,3 bulan lalu,Default,True,Anonymous,0,True,False,
X Beauty 1 Paket Isi 6 Redjelly Day Peach,1879546718,4,Isinya dikit bangetttt hha,1768987256,3 bulan lalu,Default,True,Anonymous,0,True,False,
X Beauty 1 Paket Isi 6 Redjelly Day Peach,1879451347,5,"Jenis kulit: Sensitif
Manfaat produk: mncerhkan
Bahan: Gak tau ,blm dbukak",1768984069,3 bulan lalu,Default,True,Anonymous,0,True,False,
X Beauty 1 Paket Isi 6 Redjelly Day Peach,1879365394,5,baguss polll,1768981191,3 bulan lalu,Default,True,Anonymous,0,False,False,
X Beauty 1 Paket Isi 6 Redjelly Day Peach,1879206713,5,Alhamdulillah paket udh nyampe dan bener2 dpt 6 pcs semoga cocok 🥰🥰,1768975770,3 bulan lalu,Default,True,Anonymous,0,True,False,
X Beauty 1 Paket Isi 6 Redjelly Day Peach,1878980848,5,Sengaja nunggu 1 Mingguan setelah pakek bedaknya ternyata gong bgt bikin halus kenyal mulus glowing pokonya 🥰 secinta itu sama xbeauty nya nampol bgt..ini foto sebelum dan sesudah pemakaian,1768968884,3 bulan lalu,Default,True,Anonymous,0,True,False,
X Beauty 1 Paket Isi 6 Redjelly Day Peach,1878582350,5,bgus,1768949636,3 bulan lalu,Default,True,Anonymous,0,False,False,
X Beauty 1 Paket Isi 6 Redjelly Day Peach,1878538307,5,Baru pake semoga cocok di wajah aku,1768942173,3 bulan lalu,Default,True,Anonymous,0,True,False,
X Beauty 1 Paket Isi 6 Redjelly Day Peach,1878219411,5,"Trimksh skincare datang tepat waktu
Manfaat produk: Menangani kulit badak,kusam,dan jerawat on&amp;of
Jenis kulit: Kusam,kulit badak,susah putih, jawarat on&amp;of",1768914552,3 bulan lalu,Default,True,Anonymous,0,False,False,
X Beauty 1 Paket Isi 6 Redjelly Day Peach,1877548241,5,Manfaat produk: Mengcerah kan,1768890887,3 bulan lalu,Default,True,Anonymous,0,False,False,
X Beauty 1 Paket Isi 6 Redjelly Day Peach,1876901280,5,"Bahan: Bagus
Manfaat produk: Jadi kulit sehat
Jenis kulit: Normal",1768849671,3 bulan lalu,Default,True,Anonymous,0,True,True,
X Beauty 1 Paket Isi 6 Redjelly Day Peach,1876758711,5,👍🏻,1768834814,3 bulan lalu,Default,True,Anonymous,0,False,False,
X Beauty 1 Paket Isi 6 Redjelly Day Peach,1876407565,5,Jenis kulit: Alhamdulillah pketnya dtg dengan sesuai jga,1768821616,3 bulan lalu,Default,True,Anonymous,0,False,False,
X Beauty 1 Paket Isi 6 Redjelly Day Peach,1876145528,4,produknya dah nyampe ini ke 2 kalinya aku pesan di toko ini and udah habis sepaket belum keliatan hasilnya si malah lgi fase purging huhu tpi moga aja cocok yww🥰,1768813139,3 bulan lalu,Default,True,Anonymous,0,False,False,
X Beauty 1 Paket Isi 6 Redjelly Day Peach,1876038121,5,"Manfaat produk: membersihkan muka
Jenis kulit: kombinasi
Bahan: bagus
mantap deh pokok e",1768809417,3 bulan lalu,Default,True,Anonymous,0,True,False,
X Beauty 1 Paket Isi 6 Redjelly Day Peach,1875934718,5,baru jalan satu paket udah putih bersih,1768805788,3 bulan lalu,Default,True,Anonymous,0,True,False,
X Beauty 1 Paket Isi 6 Redjelly Day Peach,1875914010,5,Produk sangat baik,1768805092,3 bulan lalu,Default,True,Anonymous,0,False,False,
X Beauty 1 Paket Isi 6 Redjelly Day Peach,1875517864,4,"Belom ada perubahan jenis kulit berminyak
Manfaat produk: Mencerahkan
Jenis kulit: Berminyak",1768795549,3 bulan lalu,Default,True,Anonymous,0,True,False,
X Beauty 1 Paket Isi 6 Redjelly Day Peach,1875013577,5,"Order yg 2 kali nya langsung nyetok karna emang sebagus itu
Manfaat produk: Mencerahkan kulit
Jenis kulit: Normal",1768753193,3 bulan lalu,Default,True,Anonymous,0,True,False,
X Beauty 1 Paket Isi 6 Redjelly Day Peach,1874633938,1,"Bijak dalam membeli ya guyss,balik basic aja kalo gamau kena dermatitis,pdhl bru 2hari pake",1768735488,3 bulan lalu,Default,True,Anonymous,0,False,False,
X Beauty 1 Paket Isi 6 Redjelly Day Peach,1874333381,5,"Bahan: lembutt
Manfaat produk: mencerahkan
Jenis kulit: normal",1768724612,3 bulan lalu,Default,True,Anonymous,0,True,False,
X Beauty 1 Paket Isi 6 Redjelly Day Peach,1874296569,5,Kedua kali cekout semoga cocok yak walupun yang petama blm hbis,1768723161,3 bulan lalu,Default,True,Anonymous,0,False,False,
X Beauty 1 Paket Isi 6 Redjelly Day Peach,1874155428,5,Belum di coba semoga cocok,1768717525,3 bulan lalu,Default,True,Anonymous,0,True,False,
X Beauty 1 Paket Isi 6 Redjelly Day Peach,1874063975,5,"Bahan: Bahan rapi
Manfaat produk: mencerahkan dan melembabkan kulit
Jenis kulit: berminyak sensitif
Alhamdulillah paket nya udah sampe ini baru coba semoga cocok",1768714036,3 bulan lalu,Default,True,Anonymous,0,True,False,
X Beauty 1 Paket Isi 6 Redjelly Day Peach,1873939222,5,Bagus banget,1768709625,3 bulan lalu,Default,True,Anonymous,0,False,False,
X Beauty 1 Paket Isi 6 Redjelly Day Peach,1873720669,5,Barang datng sampai tujuan aman gak ada yg lecet suka banget sama sekincar ini day creamnya enteng enak bngt di blandnya,1768700659,3 bulan lalu,Default,True,Anonymous,0,True,False,
X Beauty 1 Paket Isi 6 Redjelly Day Peach,1873703031,5,"Bagus,,",1768699613,3 bulan lalu,Default,True,Anonymous,0,False,False,
X Beauty 1 Paket Isi 6 Redjelly Day Peach,1873448576,4,Kemasan baru,1768664102,3 bulan lalu,Default,True,Anonymous,0,False,False,
X Beauty 1 Paket Isi 6 Redjelly Day Peach,1873415974,5,"Bahan: Lembut mudah menyerap
Manfaat produk: Mencerahkan mengecilkan pori-pori di wajah
Jenis kulit: Semua jenis kulit wajah
Pesanan mendarat dengan selamat pekingan bagus aman tanpa ada kerusakan sedikit pun ownernya ramah respon cepat baru pertama kali pakai ya semogaa cocok",1768661992,3 bulan lalu,Default,True,Anonymous,0,True,False,
X Beauty 1 Paket Isi 6 Redjelly Day Peach,1872593882,5,Pengemasan rapi cuma tonernya sidikit rembes...smoga ccok di wajahq soalnya cpek gnta ganti skincare,1768630828,3 bulan lalu,Default,True,Anonymous,0,False,False,
X Beauty 1 Paket Isi 6 Redjelly Day Peach,1871184754,5,baru mau coba bismilah semoga cocok makacie bu owner udah di kasih bonus banyak bgt 🥰🥰🥰🥰berkah barokah sehat trs senantiasa dlm lindungan Allah 💜,1768554020,3 bulan lalu,Default,True,Anonymous,0,True,False,
X Beauty 1 Paket Isi 6 Redjelly Day Peach,1870604979,4,Belx beauty udh Dateng....q lumayan cocok pke ini .. jerawat udh ga timbul LG..bekas y jg udh mulai mudar,1768534264,3 bulan lalu,Default,True,Anonymous,0,False,False,
X Beauty 1 Paket Isi 6 Redjelly Day Peach,1869973379,5,Semoga ccok di pakai di mukaku,1768484008,3 bulan lalu,Default,True,Anonymous,0,True,False,
X Beauty 1 Paket Isi 6 Redjelly Day Peach,1869874538,5,Sudah datang,1768480229,3 bulan lalu,Default,True,Anonymous,0,False,False,
X Beauty 1 Paket Isi 6 Redjelly Day Peach,1869665340,3,Inikok beda yah sama di promosiin kemasannya apakah ini kemasan lama jadi ragi2 pake😌,1768473724,3 bulan lalu,Default,True,Anonymous,0,True,False,
X Beauty 1 Paket Isi 6 Redjelly Day Peach,1869616285,5,bonus red jelly nya maksih ya kk semoga ak cocok ak kan bli lg,1768472199,3 bulan lalu,Default,True,Anonymous,0,True,False,
X Beauty 1 Paket Isi 6 Redjelly Day Peach,1869571887,5,"Tapi kok kemasan nya beda ya, pertama beli warna nya pink terang, tapi yg sekarang warna pink agak pudar",1768470786,3 bulan lalu,Default,True,Anonymous,0,True,False,
X Beauty 1 Paket Isi 6 Redjelly Day Peach,1869386981,5,Bahan: Bagus yah,1768464578,3 bulan lalu,Default,True,Anonymous,0,True,False,
X Beauty 1 Paket Isi 6 Redjelly Day Peach,1869147399,4,"Bahan: Sesuai
Manfaat produk: Mengglowingkan
Jenis kulit: Normal
Semoga ajah cocok soalnya udah malas Gonta ganti skincare dan foto ini 2hr",1768456147,3 bulan lalu,Default,True,Anonymous,0,True,False,
X Beauty 1 Paket Isi 6 Redjelly Day Peach,1868794397,5,"ini serius ga sii baru pake hari pertama lgsng penglupasan,semoga cocok yaww aamiin 🫰🏻💋",1768444806,3 bulan lalu,Default,True,Anonymous,0,True,False,
X Beauty 1 Paket Isi 6 Redjelly Day Peach,1868529021,5,Bagus,1768428344,3 bulan lalu,Default,True,Anonymous,0,False,False,
X Beauty 1 Paket Isi 6 Redjelly Day Peach,1868464324,4,Semoga cocok,1768411742,3 bulan lalu,Default,True,Anonymous,0,True,False,
X Beauty 1 Paket Isi 6 Redjelly Day Peach,1868395812,5,Baru satu Minggu pakai hasil nya bagus mantap,1768404963,3 bulan lalu,Default,True,Anonymous,0,True,False,
X Beauty 1 Paket Isi 6 Redjelly Day Peach,1868341875,4,Baru pertama kali coba semoga cocok kalau cocok bakal aku terusin untuk saat ini aku kasih bintang 4 dulu ya,1768402014,3 bulan lalu,Default,True,Anonymous,0,False,False,
X Beauty 1 Paket Isi 6 Redjelly Day Peach,1868256564,5,Jenis kulit: Normal,1768398399,3 bulan lalu,Default,True,Anonymous,0,True,False,
X Beauty 1 Paket Isi 6 Redjelly Day Peach,1868237513,1,yg datang seperti bukan barang ORI palsu,1768397695,3 bulan lalu,Default,True,Anonymous,0,True,False,
X Beauty 1 Paket Isi 6 Redjelly Day Peach,1868141119,5,Bagus aku udah habis 3 Pakat makasih ya kak udah di kasih bonus,1768394316,3 bulan lalu,Default,True,Anonymous,0,True,False,
X Beauty 1 Paket Isi 6 Redjelly Day Peach,1868019255,5,Bagus,1768390706,3 bulan lalu,Default,True,Anonymous,0,False,False,
X Beauty 1 Paket Isi 6 Redjelly Day Peach,1868015326,5,"Baru mau nyoba semoga cocokk🥰,kalo ada perubahan aku balik lagi🫰🏻",1768390594,3 bulan lalu,Default,True,Anonymous,0,False,False,
X Beauty 1 Paket Isi 6 Redjelly Day Peach,1867630764,5,"Wih bagus bnget Pekejing nya, bismillah cocok di wajah aku ya",1768379152,3 bulan lalu,Default,True,Anonymous,0,True,False,
X Beauty 1 Paket Isi 6 Redjelly Day Peach,1867568085,4,"Packingann rapi aman ga ada yg bocor
Baru di coba sih , tekstur nya enak ga lengket",1768377015,3 bulan lalu,Default,True,Anonymous,0,False,False,
X Beauty 1 Paket Isi 6 Redjelly Day Peach,1867506261,5,Alhamdulillah sudah sampai🤗😍,1768374947,3 bulan lalu,Default,True,Anonymous,0,True,True,
X Beauty 1 Paket Isi 6 Redjelly Day Peach,1867302822,5,Produk nya bagus aku CO ke 2kalinya,1768368216,3 bulan lalu,Default,True,Anonymous,0,True,False,
X Beauty 1 Paket Isi 6 Redjelly Day Peach,1867247994,5,cocok di aku bkin kulit lembap bersih udh abis 2 pket,1768366565,3 bulan lalu,Default,True,Anonymous,0,False,False,
X Beauty 1 Paket Isi 6 Redjelly Day Peach,1867118820,5,di aku ccok guys,1768362629,3 bulan lalu,Default,True,Anonymous,0,False,True,
X Beauty 1 Paket Isi 6 Redjelly Day Peach,1866581293,5,blum di coba moga ccok,1768317262,3 bulan lalu,Default,True,Anonymous,0,False,False,
X Beauty 1 Paket Isi 6 Redjelly Day Peach,1866475348,5,Coba dl sepaket ini semoga cocok biar bisa order lagi,1768312162,3 bulan lalu,Default,True,Anonymous,0,False,False,
X Beauty 1 Paket Isi 6 Redjelly Day Peach,1866394643,4,Kok bedah yah toner sm facial wash dan serum ny juga apa kemasan baru,1768308982,3 bulan lalu,Default,True,Anonymous,0,True,False,
X Beauty 1 Paket Isi 6 Redjelly Day Peach,1866360859,5,"Manfaat produk: Bagus,memng belum terlihat putih tp bersih jerawat hempas mulai memudar,mksh Xbeauty pertahankan produkmu,oteweew 3 paket",1768307762,3 bulan lalu,Default,True,Anonymous,0,False,False,
X Beauty 1 Paket Isi 6 Redjelly Day Peach,1866188944,5,Udh pembelian yg ke 2,1768302346,3 bulan lalu,Default,True,Anonymous,0,False,False,
X Beauty 1 Paket Isi 6 Redjelly Day Peach,1866086823,5,Alhamdulillah udh jalan 6 paket semoga cocok terus🥰,1768299111,3 bulan lalu,Default,True,Anonymous,0,True,False,
X Beauty 1 Paket Isi 6 Redjelly Day Peach,1865886395,4,Alhamdulillah paket sudah smpai kmarin pmkaian baru hari ini bismillah sudah gonta ganti scincare semoga pket X beauty bisa mencerahkan glowing membersihkan beruntusan jerwat dan menghilangkan bekas jerawat nntik klau ada hasil saya akan kasih komennya dan tesstinya Pket smpai dengan aman dan baik,1768291684,3 bulan lalu,Default,True,Anonymous,0,False,False,
X Beauty 1 Paket Isi 6 Redjelly Day Peach,1865449066,5,Pokoknya mantull aku suka dngan produknya,1768274852,3 bulan lalu,Default,True,Anonymous,0,False,False,
X Beauty 1 Paket Isi 6 Redjelly Day Peach,1865379740,5,Sumpah bagus banget pokokx aku suka sma hasilx,1768272069,3 bulan lalu,Default,True,Anonymous,0,False,False,
X Beauty 1 Paket Isi 6 Redjelly Day Peach,1865330471,5,Hasil pemakai satu minggu😍,1768269957,3 bulan lalu,Default,True,Anonymous,0,True,False,
X Beauty 1 Paket Isi 6 Redjelly Day Peach,1864302093,4,"Barangnya baru sampai setelah sekian lama, mau coba dlu semoga cocok",1768207183,3 bulan lalu,Default,True,Anonymous,0,False,False,
X Beauty 1 Paket Isi 6 Redjelly Day Peach,1863957173,4,Barru mau pakai semoga cocok aminn,1768194933,3 bulan lalu,Default,True,Anonymous,0,False,False,
X Beauty 1 Paket Isi 6 Redjelly Day Peach,1863832508,5,"Wangi ,semoga cocok lembut banget gak bkin perih juga",1768190749,3 bulan lalu,Default,True,Anonymous,0,False,False,
X Beauty 1 Paket Isi 6 Redjelly Day Peach,1863743838,5,sepakett isi 6 dengan harga ramah di kantong semoga cocok aja,1768187571,3 bulan lalu,Default,True,Anonymous,0,True,False,
X Beauty 1 Paket Isi 6 Redjelly Day Peach,1863636530,5,Baik,1768183140,3 bulan lalu,Default,True,Anonymous,0,False,False,
X Beauty 1 Paket Isi 6 Redjelly Day Peach,1863456274,5,"Trimksh,datangnya lebih cepat dri perkiraan sya+dapat tas nya",1768171364,3 bulan lalu,Default,True,Anonymous,0,True,False,
X Beauty 1 Paket Isi 6 Redjelly Day Peach,1863123863,5,sudah dating dan masih aman pengiriman cepat,1768137732,3 bulan lalu,Default,True,Anonymous,0,True,False,
X Beauty 1 Paket Isi 6 Redjelly Day Peach,1862979483,1,"beli yang apa Dateng nya apa , ga sesuai sama sekali ga amanah banget",1768132540,3 bulan lalu,Default,True,Anonymous,0,True,False,
X Beauty 1 Paket Isi 6 Redjelly Day Peach,1862764804,5,Bagus,1768125453,3 bulan lalu,Default,True,Anonymous,0,False,False,
X Beauty 1 Paket Isi 6 Redjelly Day Peach,1862732788,5,Blum di coba semoga cocok,1768124271,3 bulan lalu,Default,True,Anonymous,0,False,False,
X Beauty 1 Paket Isi 6 Redjelly Day Peach,1862158190,5,Cinta sekali sma skincare satu ini❤️,1768103756,3 bulan lalu,Default,True,Anonymous,0,False,False,
X Beauty 1 Paket Isi 6 Redjelly Day Peach,1862040273,5,Ini asli kan ya? Soalnya kemasannya beda,1768099369,3 bulan lalu,Default,True,Anonymous,0,True,False,
X Beauty 1 Paket Isi 6 Redjelly Day Peach,1862014497,5,Semogaa cocok yaa kak,1768098268,3 bulan lalu,Default,True,Anonymous,0,False,False,
X Beauty 1 Paket Isi 6 Redjelly Day Peach,1861869078,5,Bagus,1768089726,3 bulan lalu,Default,True,Anonymous,0,False,False,
X Beauty 1 Paket Isi 6 Redjelly Day Peach,1861822817,5,"Jenis kulit: Sensitif
Bahan: Bagus
Manfaat produk: Mencerahkan
Kaloo cocok gass orderre kembaliiiii",1768085417,3 bulan lalu,Default,True,Anonymous,0,True,False,
X Beauty 1 Paket Isi 6 Redjelly Day Peach,1861482123,5,Bagusssss bgtttt,1768050145,3 bulan lalu,Default,True,Anonymous,0,False,False,
X Beauty 1 Paket Isi 6 Redjelly Day Peach,1861357927,5,Suka sama kirimnya  bagus bikin glowing baru 2 hari SDH kelihatan hasilnya suka bangat sama kirimnya pkonya mantul 😍,1768045719,3 bulan lalu,Default,True,Anonymous,0,True,False,
X Beauty 1 Paket Isi 6 Redjelly Day Peach,1861343519,3,"Ka ini kok beda ya packing nya sama yg sebelumnya, tolong di jawab ya ka🙏",1768045237,3 bulan lalu,Default,True,Anonymous,0,True,False,
X Beauty 1 Paket Isi 6 Redjelly Day Peach,1861296016,3,"Kenapa barangnya beda skali yang datang 
Soalnya saya pesen yang ke dua kali ini
ORI atau kW yang datang ini",1768043734,3 bulan lalu,Default,True,Anonymous,0,True,True,
X Beauty 1 Paket Isi 6 Redjelly Day Peach,1861192929,5,Cair mencerahkan kulit wajah semua jenis kulit,1768040526,3 bulan lalu,Default,True,Anonymous,0,False,False,
X Beauty 1 Paket Isi 6 Redjelly Day Peach,1861073092,5,"Semoga cocok di muka q,,nanti kalau bagus aq repeat order",1768036409,3 bulan lalu,Default,True,Anonymous,0,False,False,
X Beauty 1 Paket Isi 6 Redjelly Day Peach,1860808979,5,Baguss aman bnget,1768026729,3 bulan lalu,Default,True,Anonymous,0,True,False,
X Beauty 1 Paket Isi 6 Redjelly Day Peach,1860675645,5,Baik,1768022130,3 bulan lalu,Default,True,Anonymous,0,False,False,
X Beauty 1 Paket Isi 6 Redjelly Day Peach,1860572160,5,Paket sudah sampai ini pemesanan yang kedua dan yahh bangus banget muka ku jdi agak gerakan lov banget dehh pokoknya 🥰,1768018846,3 bulan lalu,Default,True,Anonymous,0,True,False,
X Beauty 1 Paket Isi 6 Redjelly Day Peach,1860254678,5,Baru coba semoga cocok,1768006570,3 bulan lalu,Default,True,Anonymous,0,False,False,
X Beauty 1 Paket Isi 6 Redjelly Day Peach,1860067375,5,"Bahan: Harum, lembut😍
Manfaat produk: Mencerahkan
Jenis kulit: Cocok buat semua kulit",1767978759,3 bulan lalu,Default,True,Anonymous,0,True,False,
X Beauty 1 Paket Isi 6 Redjelly Day Peach,1859948854,5,Bagus di kulit wajah bersihnya pun natural pokoknya mantul dah,1767969995,3 bulan lalu,Default,True,Anonymous,0,True,False,
X Beauty 1 Paket Isi 6 Redjelly Day Peach,1859787578,5,Aku langsung beli 2paket .. aku kasik lngsung ksik bintang 5 .. doain semoga cocok,1767963190,3 bulan lalu,Default,True,Anonymous,0,True,False,
X Beauty 1 Paket Isi 6 Redjelly Day Peach,1859691558,4,"Paket nya sudah datang ,semoga cocok🥳",1767960047,3 bulan lalu,Default,True,Anonymous,0,True,False,
X Beauty 1 Paket Isi 6 Redjelly Day Peach,1859576973,5,"Pertama kali mau nyoba, muka masi dempul makeup +beskas jerawat masi pada keliatan, semoga aja cocok 🫶🏻",1767956729,3 bulan lalu,Default,True,Anonymous,0,True,False,
X Beauty 1 Paket Isi 6 Redjelly Day Peach,1859242421,5,Semoga cocok skincer nya,1767945650,3 bulan lalu,Default,True,Anonymous,0,False,False,
X Beauty 1 Paket Isi 6 Redjelly Day Peach,1858741791,5,"Paket kedua kemasannya beda bau tonernya jga beda,smoga masih cocok dikulitku",1767928860,3 bulan lalu,Default,True,Anonymous,0,True,False,
X Beauty 1 Paket Isi 6 Redjelly Day Peach,1858601336,5,Ter the bestt bangett dibonusin read jely🥰,1767923702,3 bulan lalu,Default,True,Anonymous,0,True,False,
X Beauty 1 Paket Isi 6 Redjelly Day Peach,1858437269,5,"Bahan: baik
Manfaat produk: melembabkan dan mencerahkan
Jenis kulit: normal / kombinasi",1767913533,3 bulan lalu,Default,True,Anonymous,0,False,False,
X Beauty 1 Paket Isi 6 Redjelly Day Peach,1857998424,3,"Apakah yg ini ori atau tidak, kok nama skincare nya  ga latin ????aman ga kak pillisss jwb🙏😂",1767875868,3 bulan lalu,Default,True,Anonymous,0,True,False,
X Beauty 1 Paket Isi 6 Redjelly Day Peach,1857989917,5,Baru datang ni paket nya smoga ccok di aku nya kalau bagus nex order selanjutnya☺️,1767875601,3 bulan lalu,Default,True,Anonymous,0,False,True,
X Beauty 1 Paket Isi 6 Redjelly Day Peach,1857720289,5,Terimakasih semoga cocok d muka aku baru pertama kli coba,1767868032,3 bulan lalu,Default,True,Anonymous,0,False,False,
X Beauty 1 Paket Isi 6 Redjelly Day Peach,1857399571,5,tonernya bocor,1767857604,3 bulan lalu,Default,True,Anonymous,0,True,False,
X Beauty 1 Paket Isi 6 Redjelly Day Peach,1857311579,1,Kok kemasannya beda ya sama yang digambar,1767854520,3 bulan lalu,Default,True,Anonymous,0,True,False,
X Beauty 1 Paket Isi 6 Redjelly Day Peach,1857272697,5,"Jenis kulit: Sensitif
Manfaat produk: Banyak bangettttttttt
Bahan: bpomm",1767853194,3 bulan lalu,Default,True,Anonymous,0,False,False,
X Beauty 1 Paket Isi 6 Redjelly Day Peach,1856641780,4,Coba&#34; smoga cocok,1767828803,3 bulan lalu,Default,True,Anonymous,0,True,False,
X Beauty 1 Paket Isi 6 Redjelly Day Peach,1856275932,2,Sesuatu pesanan,1767793130,3 bulan lalu,Default,True,Anonymous,0,False,False,
X Beauty 1 Paket Isi 6 Redjelly Day Peach,1856116495,5,"Bahan: Skincare
Manfaat produk: Untuk wajah
Baru mau mencoba semoga cocok",1767788058,3 bulan lalu,Default,True,Anonymous,0,False,False,
X Beauty 1 Paket Isi 6 Redjelly Day Peach,1855830439,5,"Lain kali lbih teliti yah min 🙃
Harus nya day 1 night 1 ini malah dapet nya night semua",1767780666,3 bulan lalu,Default,True,Anonymous,0,True,False,
X Beauty 1 Paket Isi 6 Redjelly Day Peach,1855812227,5,Udh 6 pkt order semoga bagus,1767780138,3 bulan lalu,Default,True,Anonymous,0,False,False,
X Beauty 1 Paket Isi 6 Redjelly Day Peach,1855786295,5,Sudah nyampe semoga cepet glowing amin ☺️🫶,1767779366,3 bulan lalu,Default,True,Anonymous,0,True,False,
X Beauty 1 Paket Isi 6 Redjelly Day Peach,1855761748,4,Baru mau coba,1767778629,3 bulan lalu,Default,True,Anonymous,0,False,False,
X Beauty 1 Paket Isi 6 Redjelly Day Peach,1855371635,4,"baruuu nyobaaaa nihhhh, semoga cocokkkk",1767765907,3 bulan lalu,Default,True,Anonymous,0,True,False,
X Beauty 1 Paket Isi 6 Redjelly Day Peach,1855256620,4,"Udah sampe semoga cocok 
Toner nya rambes",1767762358,3 bulan lalu,Default,True,Anonymous,0,False,False,
X Beauty 1 Paket Isi 6 Redjelly Day Peach,1855041317,5,Makasih bunda paketku sdah sampai 🙏,1767755959,3 bulan lalu,Default,True,Anonymous,0,False,False,
X Beauty 1 Paket Isi 6 Redjelly Day Peach,1854899312,5,"bagus banget, aku suka daycreamnya juga bagus ga luntur, ga bikin kusam di muka, bikin cerahan juga,",1767750714,3 bulan lalu,Default,True,Anonymous,0,True,False,
X Beauty 1 Paket Isi 6 Redjelly Day Peach,1854554635,5,"baru day brpp semoga cocok amann BPOM 
rill pengemasan cepett bgt paketnya cpt sampee best dehhh",1767712831,3 bulan lalu,Default,True,Anonymous,0,True,False,
X Beauty 1 Paket Isi 6 Redjelly Day Peach,1854532264,5,"Tidak lengket saat di pakai di wajah
Neks sangat suka dan cepat glow juga wajah",1767711654,3 bulan lalu,Default,True,Anonymous,0,True,False,
X Beauty 1 Paket Isi 6 Redjelly Day Peach,1854526907,4,"Toner nya sedikit penyok 
Pengiriman bagus dan cepat",1767711393,3 bulan lalu,Default,True,Anonymous,0,False,False,
X Beauty 1 Paket Isi 6 Redjelly Day Peach,1854269769,5,"Manfaat produk: mencerahkan kulit
baguss dii akuu ngaruhh padahall baruu dy2 pemakaian dah adaa hasill nyaaa",1767701907,3 bulan lalu,Default,True,Anonymous,0,False,False,
X Beauty 1 Paket Isi 6 Redjelly Day Peach,1854105425,1,Tidak ada perubahan nya,1767697206,3 bulan lalu,Default,True,Anonymous,0,False,False,
X Beauty 1 Paket Isi 6 Redjelly Day Peach,1854046252,5,"Bahan: Bagus
Manfaat produk: Mencerahkan kulit
Jenis kulit: Sensitif",1767695464,3 bulan lalu,Default,True,Anonymous,0,True,False,
X Beauty 1 Paket Isi 6 Redjelly Day Peach,1853934377,5,baikkkkk bismillah semoga cocok,1767691739,3 bulan lalu,Default,True,Anonymous,0,True,False,
X Beauty 1 Paket Isi 6 Redjelly Day Peach,1853819583,5,Semoga cocok pake cream x beauty semoga tompel item bekas jerawat bisa ilang,1767687514,3 bulan lalu,Default,True,Anonymous,0,False,False,
X Beauty 1 Paket Isi 6 Redjelly Day Peach,1853675203,5,Sdh sampai dan sesuai pesanan 🫶🏻,1767681964,3 bulan lalu,Default,True,Anonymous,0,True,False,
X Beauty 1 Paket Isi 6 Redjelly Day Peach,1853346556,5,"Alhamdulillah cocok, apa lagi booster nya, mantap",1767669986,3 bulan lalu,Default,True,Anonymous,0,True,False,
X Beauty 1 Paket Isi 6 Redjelly Day Peach,1853305669,5,Ke 5 kalinya pake paket ini🥰,1767668453,3 bulan lalu,Default,True,Anonymous,0,False,False,
X Beauty 1 Paket Isi 6 Redjelly Day Peach,1853179648,2,"Warna pink pudar (barusan beli lagi) : aneh dan muka ketarik
Warna pink gelap (dulu waktu beli) : enjoy dan 

Kenapa saat pakai yg warna pink pudar rasa dan baunya aneh. Produk yg warna pink gelap lebih kental dan sekarang facial wash warna pink pudar jadi encer dan rasanya wajah lebih ketarik.",1767663034,3 bulan lalu,Default,True,Anonymous,0,True,False,
X Beauty 1 Paket Isi 6 Redjelly Day Peach,1853049507,4,Bagus,1767654325,3 bulan lalu,Default,True,Anonymous,0,False,False,
X Beauty 1 Paket Isi 6 Redjelly Day Peach,1852464949,5,"Pembelian udah yg kedua kali, Alhamdulillah cocok",1767612200,3 bulan lalu,Default,True,Anonymous,0,False,True,
X Beauty 1 Paket Isi 6 Redjelly Day Peach,1852023911,5,"Manfaat produk: Mencerahkan
Jenis kulit: Sensitif
Realfick banget sesuai pesanan,semoga cocok🥰",1767598128,3 bulan lalu,Default,True,Anonymous,0,True,False,
X Beauty 1 Paket Isi 6 Redjelly Day Peach,1852011150,4,Barangnya sudah datang kk,1767597692,3 bulan lalu,Default,True,Anonymous,0,True,False,
X Beauty 1 Paket Isi 6 Redjelly Day Peach,1851785964,5,Paketnya udh Dateng dan GK ada yang rusak sama sekali Semuanya lengkap semoga ajh cocok di muka aku,1767590498,3 bulan lalu,Default,True,Anonymous,0,False,False,
X Beauty 1 Paket Isi 6 Redjelly Day Peach,1851692696,4,"Bagus sih tpi isinya parah cuma separo yg redjely baru full
Bahan: Cair
Manfaat produk: Memulihkan menerahkn
Jenis kulit: Semuanya is kulit",1767587719,3 bulan lalu,Default,True,Anonymous,0,True,False,
X Beauty 1 Paket Isi 6 Redjelly Day Peach,1851624180,3,3 bintang dlu ya karna blm dicoba pemakaian,1767585708,3 bulan lalu,Default,True,Anonymous,0,False,False,
X Beauty 1 Paket Isi 6 Redjelly Day Peach,1851286736,5,Order yang ke dua kalinya. Baguuussss. Top. Maksiiiii semuanya ya. Next order lagi,1767574155,3 bulan lalu,Default,True,Anonymous,0,False,False,
X Beauty 1 Paket Isi 6 Redjelly Day Peach,1850800946,5,"Bahan: Bagus
Manfaat produk: Baik
Jenis kulit: Normal
Alhamdulilah dikulitku sangat cocok ,
Jerawat kempes,",1767532658,3 bulan lalu,Default,True,Anonymous,0,True,False,
X Beauty 1 Paket Isi 6 Redjelly Day Peach,1850332044,4,"Bintang 4 dulu ya nanti KLO emng bener² bagus ditmbh lgi bintangnya😁😘
Manfaat produk: Memutihkn
Bahan: Tpi yg Dateng GK sama seperti di gambarnya ya' yg lain pesen sama kok tempatku beda ya'",1767518766,3 bulan lalu,Default,True,Anonymous,0,True,False,
X Beauty 1 Paket Isi 6 Redjelly Day Peach,1850258706,5,Tidak membuat glowing tapi kulit terlihat sehat 😍 jangan raguu yaaaaa,1767516192,3 bulan lalu,Default,True,Anonymous,0,True,False,
X Beauty 1 Paket Isi 6 Redjelly Day Peach,1849797302,5,Sesuai pesanan semoga cocok yaa🤲😁,1767501608,3 bulan lalu,Default,True,Anonymous,0,False,False,
X Beauty 1 Paket Isi 6 Redjelly Day Peach,1849763682,5,"Bahan: gak tau belum di coba
Manfaat produk: belum di coba semoga cocok di wajah saya
Jenis kulit: berminyak ,jerawat on off sedikit,kusam",1767500561,3 bulan lalu,Default,True,Anonymous,0,False,False,
X Beauty 1 Paket Isi 6 Redjelly Day Peach,1849669803,5,pemakaian Baru 2 hari sudah Ada perubahan,1767497518,3 bulan lalu,Default,True,Anonymous,0,False,False,
X Beauty 1 Paket Isi 6 Redjelly Day Peach,1849460583,5,Mantap,1767488071,3 bulan lalu,Default,True,Anonymous,0,False,False,
X Beauty 1 Paket Isi 6 Redjelly Day Peach,1848665253,5,Sangat  amanah ga nyesel dehh beli disini bakal jadi langganan bgt wkwk udah habis 1 paket muka udah cerah cwinta bgt pokoknya 👏🥳🤩,1767432302,3 bulan lalu,Default,True,Anonymous,0,False,False,
X Beauty 1 Paket Isi 6 Redjelly Day Peach,1848421011,1,Pertama dapet asli beli lagi dpt palsu,1767422442,3 bulan lalu,Default,True,Anonymous,0,False,False,
X Beauty 1 Paket Isi 6 Redjelly Day Peach,1847903635,5,Baguss,1767400221,3 bulan lalu,Default,True,Anonymous,0,False,False,
X Beauty 1 Paket Isi 6 Redjelly Day Peach,1847774171,3,"Kok wadah nya beda, awal beli beda",1767376769,3 bulan lalu,Default,True,Anonymous,0,False,False,
X Beauty 1 Paket Isi 6 Redjelly Day Peach,1847625206,5,Udah ke 5x nya beli x beauty sangat cocok sekali di muka aku,1767363930,3 bulan lalu,Default,True,Anonymous,0,False,False,
X Beauty 1 Paket Isi 6 Redjelly Day Peach,1847497467,5,Manfaat produk: Cantik,1767358002,3 bulan lalu,Default,True,Anonymous,0,False,False,
X Beauty 1 Paket Isi 6 Redjelly Day Peach,1847460636,5,Baru mau pakai,1767356544,3 bulan lalu,Default,True,Anonymous,0,False,False,
X Beauty 1 Paket Isi 6 Redjelly Day Peach,1847158303,5,Baguss,1767345778,3 bulan lalu,Default,True,Anonymous,0,False,False,
X Beauty 1 Paket Isi 6 Redjelly Day Peach,1846676793,5,Baru pertama kali coba semoga cocok,1767329339,3 bulan lalu,Default,True,Anonymous,0,False,False,
X Beauty 1 Paket Isi 6 Redjelly Day Peach,1846557843,5,Kurirnya baik dan rama,1767325615,3 bulan lalu,Default,True,Anonymous,0,False,False,
X Beauty 1 Paket Isi 6 Redjelly Day Peach,1845703727,5,Manfaat produk: mencerahkan dan melembabkan,1767267139,3 bulan lalu,Default,True,Anonymous,0,False,False,
X Beauty 1 Paket Isi 6 Redjelly Day Peach,1845620521,5,"barang nya udah di terima , ini pbelian yg kedua..",1767264545,3 bulan lalu,Default,True,Anonymous,0,False,False,
X Beauty 1 Paket Isi 6 Redjelly Day Peach,1845542222,4,Alhamdulillah paket sudah sampai,1767262012,3 bulan lalu,Default,True,Anonymous,0,False,False,
X Beauty 1 Paket Isi 6 Redjelly Day Peach,1845421810,5,Bagus bngt KK di aku langsung cocok❤️,1767257630,3 bulan lalu,Default,True,Anonymous,0,False,False,
X Beauty 1 Paket Isi 6 Redjelly Day Peach,1845324260,5,"Min kemasanya baru ya,kok beda sama yg kemarin kemasanya",1767253825,3 bulan lalu,Default,True,Anonymous,0,False,False,
X Beauty 1 Paket Isi 6 Redjelly Day Peach,1845088968,3,"pas awal pake sampe hari ke 3 sih emg bagus bgt kyk bener&#34; kulit jd halus tapi ga ngilangin jerawat sama sekali, malah rutin pake setelah 5 harian jerawat ga kering malah banyak bruntusan jerawat muncul, day cream jg peeling bgt di aku, akhirnya stop deh krna tkt jrawt muncul soalny ak jrg jrwtn gni",1767244480,3 bulan lalu,Default,True,Anonymous,0,True,False,
X Beauty 1 Paket Isi 6 Redjelly Day Peach,1844785461,5,"Jenis kulit: sensitif
bagus banget, first time pake varian pink. kirain bakal cekat cekit karna tipkul wajahku sensitif ternyata setelah di pakai senyaman itu ga ada drama apapun. nenangin banget di kulit",1767231569,3 bulan lalu,Default,True,Anonymous,0,True,False,
X Beauty 1 Paket Isi 6 Redjelly Day Peach,1844367540,3,Barang nya sudah sampai tapi agak kecewa tutup serum nya copot,1767189026,3 bulan lalu,Default,True,Anonymous,0,True,False,
X Beauty 1 Paket Isi 6 Redjelly Day Peach,1844269460,5,Terbaik pokoknya barang sesuai yg di beli,1767183798,3 bulan lalu,Default,True,Anonymous,0,False,True,
X Beauty 1 Paket Isi 6 Redjelly Day Peach,1844203914,5,"Bahan: Tdk lengket
Manfaat produk: Mencerahkan
Jenis kulit: Normal
Maaf baru kasih ulasan,bru 4hr pake asli perubahannya luar biasa..next order lagi,mkasih seller smg sllu amanah",1767181117,3 bulan lalu,Default,True,Anonymous,0,True,False,
X Beauty 1 Paket Isi 6 Redjelly Day Peach,1844155521,5,Paket udh sampai tujuan dan mendarat dgn selamat kemasan nya juga bagus,1767179382,3 bulan lalu,Default,True,Anonymous,0,False,False,
X Beauty 1 Paket Isi 6 Redjelly Day Peach,1843976153,4,"Blum di coba sih semoga cocok,facial wash sama tonernya ada bocor dikit TPI GPP deh💗",1767173139,3 bulan lalu,Default,True,Anonymous,0,True,False,
X Beauty 1 Paket Isi 6 Redjelly Day Peach,1843459770,5,Semoga cocok,1767155246,3 bulan lalu,Default,True,Anonymous,0,False,False,
X Beauty 1 Paket Isi 6 Redjelly Day Peach,1843450196,1,"Knpa beda ya sm yg lalu sy psan,Pdahal sy psan di toko yang sama. Yang mna yg btul in
Sdkit kcewa sih",1767154946,3 bulan lalu,Default,True,Anonymous,0,True,False,
X Beauty 1 Paket Isi 6 Redjelly Day Peach,1843401467,5,Mantul,1767153404,3 bulan lalu,Default,True,Anonymous,0,False,False,
X Beauty 1 Paket Isi 6 Redjelly Day Peach,1843366855,5,"Puas bangett SMA produknya,sampai dgn packing baikk,gadak yang rusakk luv bngtt",1767152276,3 bulan lalu,Default,True,Anonymous,0,True,False,
X Beauty 1 Paket Isi 6 Redjelly Day Peach,1842890712,5,"Manfaat produk: Produknya bagus cocok dimuka aku, baru habis 1 paket jerawat dan bekasnya lumayan hilang skrng udh agak glowing , ini order yg kedua",1767110998,3 bulan lalu,Default,True,Anonymous,0,False,False,
X Beauty 1 Paket Isi 6 Redjelly Day Peach,1842756350,5,Terimakasih paket nya sudah sampai baru mau coba semoga cocok next order lagi,1767103518,3 bulan lalu,Default,True,Anonymous,0,False,False,
X Beauty 1 Paket Isi 6 Redjelly Day Peach,1842591467,5,"belom dicoba, mdh 2 cocok",1767096936,3 bulan lalu,Default,True,Anonymous,0,True,False,
X Beauty 1 Paket Isi 6 Redjelly Day Peach,1842298330,5,Paket sdh sampe pekejingnya bagus 👍,1767086947,3 bulan lalu,Default,True,Anonymous,0,True,False,
X Beauty 1 Paket Isi 6 Redjelly Day Peach,1842092498,5,"Produkx sngat bguss,rekomendasi skli sihhh murah tpi kualitas nggk murahan yah besti&#34;🥰🥰🫶🏻",1767078513,3 bulan lalu,Default,True,Anonymous,0,True,False,
X Beauty 1 Paket Isi 6 Redjelly Day Peach,1841156231,5,Mksh kk ayu udh d cekoutin smpe labuhanbatu Sulawesi 😭😭,1767017565,3 bulan lalu,Default,True,Anonymous,0,False,False,
X Beauty 1 Paket Isi 6 Redjelly Day Peach,1841126134,4,Dr yg prtma beli sm yg bru smpe kemasannya beda semoga aja asilnya sama,1767016232,3 bulan lalu,Default,True,Anonymous,0,True,False,
X Beauty 1 Paket Isi 6 Redjelly Day Peach,1840820126,5,"bagus banget muka ku bersihan dan semakin di pake semakin glowing sehat bgt,. udh jalan 2 paket dong🩷🩷🥰😍",1767005471,3 bulan lalu,Default,True,Anonymous,0,True,False,
X Beauty 1 Paket Isi 6 Redjelly Day Peach,1840804125,5,𝘚𝘦𝘴𝘶𝘢𝘪 𝘴𝘢𝘮𝘢 𝘺𝘢𝘯𝘨 𝘧𝘰𝘵𝘰,1767004939,3 bulan lalu,Default,True,Anonymous,0,True,False,
X Beauty 1 Paket Isi 6 Redjelly Day Peach,1840743967,3,Ko skrng beda kemasan iyaa apa emng ada perbaruan.saya udh 6 x beli skincare ini.baru2 x ini..TOLONG chat nya bls iya admin.,1767002849,3 bulan lalu,Default,True,Anonymous,0,True,False,
X Beauty 1 Paket Isi 6 Redjelly Day Peach,1840692077,5,"baru pertama coba semoga cocok ya,kalo ada perubahan aku balik lagi",1767000941,3 bulan lalu,Default,True,Anonymous,0,True,False,
X Beauty 1 Paket Isi 6 Redjelly Day Peach,1840406080,4,Manfaat produk: Bagus,1766990701,3 bulan lalu,Default,True,Anonymous,0,False,False,
X Beauty 1 Paket Isi 6 Redjelly Day Peach,1840391351,5,Percobaan paket ke 2,1766990170,3 bulan lalu,Default,True,Anonymous,0,False,False,
X Beauty 1 Paket Isi 6 Redjelly Day Peach,1840213430,5,smoga ada hasil,1766984302,3 bulan lalu,Default,True,Anonymous,0,False,False,
X Beauty 1 Paket Isi 6 Redjelly Day Peach,1840060646,1,"Knpaya wadahnya sma yg di foto it beda, palsuka?",1766979507,3 bulan lalu,Default,True,Anonymous,0,True,False,
X Beauty 1 Paket Isi 6 Redjelly Day Peach,1840046173,5,"Belum dicoba, semoga cocok",1766979054,3 bulan lalu,Default,True,Anonymous,0,False,False,
X Beauty 1 Paket Isi 6 Redjelly Day Peach,1839997260,2,Alhamdulillah sudah sampai tpi sayang jelly boster nya pecah tempatnya kak🙏,1766977411,3 bulan lalu,Default,True,Anonymous,0,True,False,
X Beauty 1 Paket Isi 6 Redjelly Day Peach,1839950958,5,"Sudah datang packing nya rapih aman gak ada yg rusak
baru mah coba semoga cocok dimuka aku,,udah cape ganti2 skincare
Makasih untuk kurirnya",1766975781,3 bulan lalu,Default,True,Anonymous,0,True,False,
X Beauty 1 Paket Isi 6 Redjelly Day Peach,1839808506,3,Saya Coba dulu ya Kalo ada Perubahan pesan Lagi,1766969720,3 bulan lalu,Default,True,Anonymous,0,False,False,
X Beauty 1 Paket Isi 6 Redjelly Day Peach,1839656424,5,"Sesuai pesanan. Pokoknya rekomendasi banget toko Nya Amana semoga makin sukses lagi. 🤲❤️
Biar bintang yg berbicara 👍👍👍👍👍",1766955847,3 bulan lalu,Default,True,Anonymous,0,True,False,
X Beauty 1 Paket Isi 6 Redjelly Day Peach,1839412589,5,Bgss,1766930371,3 bulan lalu,Default,True,Anonymous,0,False,False,
X Beauty 1 Paket Isi 6 Redjelly Day Peach,1839270619,5,Kemasan rapi,1766925016,3 bulan lalu,Default,True,Anonymous,0,False,False,
X Beauty 1 Paket Isi 6 Redjelly Day Peach,1839214784,4,Pengiriman sangat lambat tapi hasil nya sangat memuaskan dan sangat cocok di aku pemaikan pertama hasil nya sudah mulai glowing dan putih,1766923201,3 bulan lalu,Default,True,Anonymous,0,True,False,
X Beauty 1 Paket Isi 6 Redjelly Day Peach,1838178362,5,Bahan: Pokok nyaa mantul bngett nih udah jln 2 paket mantul bnget 🥰,1766886207,3 bulan lalu,Default,True,Anonymous,0,True,False,
X Beauty 1 Paket Isi 6 Redjelly Day Peach,1837960470,4,"Baru pemakaian ke 3hari lumayan bagus jerawat mendem jd Mateng terus sembuh, aku udah gunta ganti skincare baru ini yg langsung terasa hasil nya , produk udah BPOM juga jd gak takut 😃
Jenis kulit: Sensitif
Manfaat produk: Membersihkan
Bahan: Krim",1766858139,3 bulan lalu,Default,True,Anonymous,0,False,False,
X Beauty 1 Paket Isi 6 Redjelly Day Peach,1837945340,5,"toner nya bocor tapi sedikit kokk
bagusss bgt produknya",1766856091,3 bulan lalu,Default,True,Anonymous,0,True,False,
X Beauty 1 Paket Isi 6 Redjelly Day Peach,1837764924,1,Dua kali di bikin kecewa g sesuai harpn poko nyh g suka apa lg toleransi nyh bau combern di semprot ke kulit wajah bikin kering trus terasa panas dan gatal trus kulit wajah langsung merah padahal cuma sekali semprot klo menurut sya ini bukn ori yg ori g kya gini mf ya bu oner karna sya bnr2 kecewa,1766843915,3 bulan lalu,Default,True,Anonymous,0,True,True,
X Beauty 1 Paket Isi 6 Redjelly Day Peach,1837752839,5,Suka crem paginya gk perlu pke bedak jdi simple,1766843336,3 bulan lalu,Default,True,Anonymous,0,False,False,
X Beauty 1 Paket Isi 6 Redjelly Day Peach,1837403320,5,"Mad ya kak sabunnya tdi udh dipakek jadi gk iku ke fto, klo udah ada hasil nya next order lgi.. Trimakasih.",1766830796,3 bulan lalu,Default,True,Anonymous,0,True,False,
X Beauty 1 Paket Isi 6 Redjelly Day Peach,1837330399,5,Aku suka dengan aromanya gak meyenggat dan maf creamnya udah tersimpen rapi dilemari,1766828181,3 bulan lalu,Default,True,Anonymous,0,True,False,
X Beauty 1 Paket Isi 6 Redjelly Day Peach,1837325266,5,Terimakasih pesanan saya sudah sampai👍,1766827989,3 bulan lalu,Default,True,Anonymous,0,True,False,
X Beauty 1 Paket Isi 6 Redjelly Day Peach,1837315830,5,"Udh yg ke 4 kalinya pke produk ini,emng the best bgt jngan ragu pke produk ini bner ORI dalam nya,,thanksyou sdah JD langganan🥰🫶",1766827623,3 bulan lalu,Default,True,Anonymous,0,True,False,
X Beauty 1 Paket Isi 6 Redjelly Day Peach,1837223011,5,Semoga cocok g kemakan iklan,1766824033,3 bulan lalu,Default,True,Anonymous,0,True,False,
X Beauty 1 Paket Isi 6 Redjelly Day Peach,1836822159,5,"baguss,lagi nunggu hasil sih,tapi sudah ada perubahan",1766809022,3 bulan lalu,Default,True,Anonymous,0,True,False,
X Beauty 1 Paket Isi 6 Redjelly Day Peach,1836771108,5,Baru nyoba semoga cocok nanti beli lagi,1766807286,3 bulan lalu,Default,True,Anonymous,0,False,False,
X Beauty 1 Paket Isi 6 Redjelly Day Peach,1836758262,5,Moga aja ada hasillll,1766806856,3 bulan lalu,Default,True,Anonymous,0,True,False,
X Beauty 1 Paket Isi 6 Redjelly Day Peach,1836749811,5,"Manfaat produk: Melembabkan, mencerahkan dan mengecilkan pori²
Jenis kulit: Mudah berjerawat dan bekas jerawat
Barang sampai dan sesuai tidak ada kerusakan apapun, pengiriman agak lama tapi gpp, baru pertama pesen semoga cocok dimuka aku yg berjerawat dan bekasnya semoga cocok nntik aku kembali ya kalok cocok",1766806567,3 bulan lalu,Default,True,Anonymous,0,True,True,
X Beauty 1 Paket Isi 6 Redjelly Day Peach,1836704830,4,Day 1 nyobain baru nyampek,1766804958,3 bulan lalu,Default,True,Anonymous,0,True,False,
X Beauty 1 Paket Isi 6 Redjelly Day Peach,1836612386,5,"Jenis kulit: Bagus, baru pertama kali beli, semoga cocok di aq",1766801438,3 bulan lalu,Default,True,Anonymous,0,True,False,
X Beauty 1 Paket Isi 6 Redjelly Day Peach,1836530045,2,"aku dh pake dh sekitar 12 harian, muncul jerawat di jidat padahal sebelumnya gapernah, ada jerawat kecil berisi nanah kek dermatitis, wajah jadi kusam, jadi ga pede kemana mana😭😭, jdi skrg lgi berenti pake semoga ga kenapa kenapa",1766797561,3 bulan lalu,Default,True,Anonymous,0,False,False,
X Beauty 1 Paket Isi 6 Redjelly Day Peach,1836203907,5,"Manfaat produk: bikin glowing
Jenis kulit: sensitif",1766760576,3 bulan lalu,Default,True,Anonymous,0,False,False,
X Beauty 1 Paket Isi 6 Redjelly Day Peach,1836013086,5,Paket yh udh nyampe semoga cocok,1766752129,3 bulan lalu,Default,True,Anonymous,0,True,False,
X Beauty 1 Paket Isi 6 Redjelly Day Peach,1836011787,5,Mantull,1766752082,3 bulan lalu,Default,True,Anonymous,0,False,False,
X Beauty 1 Paket Isi 6 Redjelly Day Peach,1835994620,5,Enak banget skincare ny aku sudah jalan 3 paket whitening mukaku makin glowing klok tau dari dulu mah mungkin skrng glowing banget pokok nya suka bangettt dehhh,1766751436,3 bulan lalu,Default,True,Anonymous,0,False,False,
X Beauty 1 Paket Isi 6 Redjelly Day Peach,1835436802,5,"Barang sampai dengan baik, semoga cocok di kulit saya...",1766733062,3 bulan lalu,Default,True,Anonymous,0,True,False,
X Beauty 1 Paket Isi 6 Redjelly Day Peach,1835257923,5,Terimakasihh pakey sudahh dtngg murmer bngtt sepaket 86k semoga cocok ya dimuka aaminn,1766726596,3 bulan lalu,Default,True,Anonymous,0,True,True,
X Beauty 1 Paket Isi 6 Redjelly Day Peach,1835136677,5,bagus bangett,1766722885,3 bulan lalu,Default,True,Anonymous,0,False,False,
X Beauty 1 Paket Isi 6 Redjelly Day Peach,1834980536,5,"bagus banget skincare nya ,insyaallah cocok trus di wajah, sapa tau xbeauty mau endors aku, aku pasti bakal buktikan produk ini bagus",1766718245,3 bulan lalu,Default,True,Anonymous,0,False,False,
X Beauty 1 Paket Isi 6 Redjelly Day Peach,1834892214,5,"Bahan: wangi ny enak bgt , di aku coock ini pket yg brp kali nya
Manfaat produk: bikin putih dan glowing
Jenis kulit: aku oily",1766715258,3 bulan lalu,Default,True,Anonymous,0,True,False,
X Beauty 1 Paket Isi 6 Redjelly Day Peach,1834576326,5,"Manfaat produk: mencerahkan kulit
Jenis kulit: semua jenis kulit
Bahan: cream
baru coba semoga cocok di aku ya, kalo cocok next order lagi biar jadi langganan, packing aman banget, teksturnya lembut cepat meresap nyaman di kulit🥰",1766685597,3 bulan lalu,Default,True,Anonymous,0,True,False,
X Beauty 1 Paket Isi 6 Redjelly Day Peach,1833879907,5,"semoga cocok, gpp mskipun serumnya pecah☺️",1766654465,3 bulan lalu,Default,True,Anonymous,0,True,False,
X Beauty 1 Paket Isi 6 Redjelly Day Peach,1833691005,5,Bru nympek pemula semoga ccok di aku,1766647590,3 bulan lalu,Default,True,Anonymous,0,True,False,
X Beauty 1 Paket Isi 6 Redjelly Day Peach,1833143554,5,"Bagus bangettt aku udh jln 2 pakettt 
Pokoknya Bagus banget deeh",1766629549,3 bulan lalu,Default,True,Anonymous,0,False,False,
X Beauty 1 Paket Isi 6 Redjelly Day Peach,1832866672,5,👍,1766610936,4 bulan lalu,Default,True,Anonymous,0,True,False,
X Beauty 1 Paket Isi 6 Redjelly Day Peach,1832481585,5,Bagus,1766580806,4 bulan lalu,Default,True,Anonymous,0,False,False,
X Beauty 1 Paket Isi 6 Redjelly Day Peach,1832024114,4,"Paket sudah sampai, semoga cocok",1766566325,4 bulan lalu,Default,True,Anonymous,0,True,False,
X Beauty 1 Paket Isi 6 Redjelly Day Peach,1831709838,5,"Alhamdulillah paketnya sudah datang dengan baik, kurir juga ramah. Baru mau coba semoga aja cocok untuk kulitq yang susah cerah dan gradakan nanti kalau sudah ada perubahan aq balik lagi kesini 🥰",1766555529,4 bulan lalu,Default,True,Anonymous,0,True,False,
X Beauty 1 Paket Isi 6 Redjelly Day Peach,1831568740,5,Paket ku sdh sampai dengan selamat dan aman kk terus kurir nya juga baik dan ramah kk 🙏🙏🙏nex semoga aku cocok sama cream nya soalnya aku baru mau coba dlu kk 🙏,1766551411,4 bulan lalu,Default,True,Anonymous,0,True,False,
X Beauty 1 Paket Isi 6 Redjelly Day Peach,1831568419,5,"Makasih free nya  dan dah aq coba day cream nya bagus pol gc bikin abu&#34; , semoga cocok",1766551401,4 bulan lalu,Default,True,Anonymous,0,True,False,
X Beauty 1 Paket Isi 6 Redjelly Day Peach,1831514271,5,"Udah paket ke 3. Bagus ccok di kulitku
Lembab dan cerah",1766549842,4 bulan lalu,Default,True,Anonymous,0,True,True,
X Beauty 1 Paket Isi 6 Redjelly Day Peach,1831083248,5,"Bahan: wangi tidak berbau menyengat
Manfaat produk: semoga ccok dikulitku biar stay sama yg ini saja
Jenis kulit: kering
respon penjual cepat ada kkurangan langsung dikirim lg, trimakasih",1766533998,4 bulan lalu,Default,True,Anonymous,0,True,False,
X Beauty 1 Paket Isi 6 Redjelly Day Peach,1830990336,5,"sengaja blom kasih ulasan, mau cobain dlu produknya,
masya allah seminggu purging ngelupas bruntusan gatal, tapiii setelah pakaian 2 minggu putih licin glowing bakalan terus pakek produk ini siiih✨✨✨✨",1766526558,4 bulan lalu,Default,True,Anonymous,0,False,False,
X Beauty 1 Paket Isi 6 Redjelly Day Peach,1830832768,1,bgs,1766504317,4 bulan lalu,Default,True,Anonymous,0,False,False,
X Beauty 1 Paket Isi 6 Redjelly Day Peach,1830561994,4,"Bahan: Kurang tau
Manfaat produk: Mencerah kan
Jenis kulit: Sensitif",1766493045,4 bulan lalu,Default,True,Anonymous,0,True,False,
X Beauty 1 Paket Isi 6 Redjelly Day Peach,1830397387,5,"paket sudah sampai makasih ya beb
smga cocok dan bisa beli lagi",1766487803,4 bulan lalu,Default,True,Anonymous,0,True,False,
X Beauty 1 Paket Isi 6 Redjelly Day Peach,1830042943,5,baru nyape semoga cocok,1766474414,4 bulan lalu,Default,True,Anonymous,0,True,False,
X Beauty 1 Paket Isi 6 Redjelly Day Peach,1829997277,5,Semenjak pke ini bbrpa hri langsung timbul jerawat dan bruntusan,1766472504,4 bulan lalu,Default,True,Anonymous,0,False,False,
X Beauty 1 Paket Isi 6 Redjelly Day Peach,1829852892,5,Paket lengkap kemasan rapi semoga cocok nnti saya balik lagi,1766466757,4 bulan lalu,Default,True,Anonymous,0,False,False,
X Beauty 1 Paket Isi 6 Redjelly Day Peach,1829820191,4,"Manfaat produk: Membersihkan mencerahkan mungkin
Aman semoga cocok",1766465599,4 bulan lalu,Default,True,Anonymous,0,True,False,
X Beauty 1 Paket Isi 6 Redjelly Day Peach,1829749707,4,"barangnya udah sampe, tapi kenapa gaada facial washnya malahan skin tonernya ada dua seharusnya kan facial wash satunya",1766463254,4 bulan lalu,Default,True,Anonymous,0,True,False,
X Beauty 1 Paket Isi 6 Redjelly Day Peach,1829630281,4,Belum ketahuan hasilnya nanti kalau sdh dapt hasilnya saya kasih bintang 5 kak..baru pemulah soalnya,1766459800,4 bulan lalu,Default,True,Anonymous,0,False,False,
X Beauty 1 Paket Isi 6 Redjelly Day Peach,1829524398,5,Amanah,1766455686,4 bulan lalu,Default,True,Anonymous,0,False,False,
X Beauty 1 Paket Isi 6 Redjelly Day Peach,1828311932,5,"Bagus udah pakai 5 pkt
Jenis kulit: -
Manfaat produk: Glowing mencerahkan
Bahan: -",1766384833,4 bulan lalu,Default,True,Anonymous,0,False,False,
X Beauty 1 Paket Isi 6 Redjelly Day Peach,1827798244,5,Aku baru mau nyoba nih kalau bagus cocok aku bakal order banyak buat stok,1766365724,4 bulan lalu,Default,True,Anonymous,0,True,True,
X Beauty 1 Paket Isi 6 Redjelly Day Peach,1827726004,5,Thanks🙏,1766361115,4 bulan lalu,Default,True,Anonymous,0,True,True,
X Beauty 1 Paket Isi 6 Redjelly Day Peach,1827267134,3,serumnya pecah dan dilapisi wrap sendiri,1766319296,4 bulan lalu,Default,True,Anonymous,0,True,False,
X Beauty 1 Paket Isi 6 Redjelly Day Peach,1827027374,5,Baru beli sepaket semoga cocok,1766311043,4 bulan lalu,Default,True,Anonymous,0,False,False,
X Beauty 1 Paket Isi 6 Redjelly Day Peach,1826973896,4,"Bahan: Bagus
Manfaat produk: Mencerahkan,mengkowingkan, meratakan warna kulit
Jenis kulit: Kusam, berminyak,pori besar, kemerahan
Semoga cocok biar jadi langganan",1766309023,4 bulan lalu,Default,True,Anonymous,0,True,False,
X Beauty 1 Paket Isi 6 Redjelly Day Peach,1826899069,4,"semoga aja cocok, pengemasan cakep",1766306098,4 bulan lalu,Default,True,Anonymous,0,True,False,
X Beauty 1 Paket Isi 6 Redjelly Day Peach,1826538625,5,Baik,1766292282,4 bulan lalu,Default,True,Anonymous,0,False,False,
X Beauty 1 Paket Isi 6 Redjelly Day Peach,1826454857,5,Oke baik,1766289382,4 bulan lalu,Default,True,Anonymous,0,False,False,
X Beauty 1 Paket Isi 6 Redjelly Day Peach,1826333101,5,Bagus d kulit,1766284820,4 bulan lalu,Default,True,Anonymous,0,False,False,
X Beauty 1 Paket Isi 6 Redjelly Day Peach,1825621328,4,Bahan: Agak meragukan beda botolya dgn AQ beli biasanya ko bisa ya pdhl satu merek  agak meragukan moga aja ORI 😭,1766230540,4 bulan lalu,Default,True,Anonymous,0,True,False,
X Beauty 1 Paket Isi 6 Redjelly Day Peach,1825081930,2,"day cream,night cream dll tekstunya suda berbeda dan wanginya pun berbeda, kecewa si karna day cream yang dlu gong banget bkn mula glowing. day cream skrng lebih bikin kusem ke muka🥺🥺🙏🏻",1766211378,4 bulan lalu,Default,True,Anonymous,0,False,False,
X Beauty 1 Paket Isi 6 Redjelly Day Peach,1824977634,5,"baru mau nyoba ,Alhamdulillah ORI ,barang tidak ada yang rusak , mantapp",1766207620,4 bulan lalu,Default,True,Anonymous,0,True,False,
X Beauty 1 Paket Isi 6 Redjelly Day Peach,1824969791,4,Kok punya ak beda nya toner nya sama sabun nya knp yah?,1766207347,4 bulan lalu,Default,True,Anonymous,0,True,False,
X Beauty 1 Paket Isi 6 Redjelly Day Peach,1824937910,4,Smga ccok,1766206337,4 bulan lalu,Default,True,Anonymous,0,False,False,
X Beauty 1 Paket Isi 6 Redjelly Day Peach,1824870536,4,"Ringan ,wangi ,enggak bikin gerah",1766204121,4 bulan lalu,Default,True,Anonymous,0,False,False,
X Beauty 1 Paket Isi 6 Redjelly Day Peach,1824858173,5,semoga cocok,1766203700,4 bulan lalu,Default,True,Anonymous,0,True,False,
X Beauty 1 Paket Isi 6 Redjelly Day Peach,1824253511,4,pertama pake semoga ccok,1766156194,4 bulan lalu,Default,True,Anonymous,0,False,False,
X Beauty 1 Paket Isi 6 Redjelly Day Peach,1823741875,5,"Paket yg ke 2 ,",1766137872,4 bulan lalu,Default,True,Anonymous,0,False,False,
X Beauty 1 Paket Isi 6 Redjelly Day Peach,1823630757,5,Sukaakkk barang aman datangnya cepet jugak makasihh yaa😘,1766133973,4 bulan lalu,Default,True,Anonymous,0,False,False,
X Beauty 1 Paket Isi 6 Redjelly Day Peach,1823562771,4,Bru pertma coba smoga cocok🥰,1766131511,4 bulan lalu,Default,True,Anonymous,0,False,False,
X Beauty 1 Paket Isi 6 Redjelly Day Peach,1823501325,5,"Barang sudah sampai dan realpict makasih seller semoga toko selalu amanah,,,",1766129362,4 bulan lalu,Default,True,Anonymous,0,False,False,
X Beauty 1 Paket Isi 6 Redjelly Day Peach,1823188435,4,Aku kasih bintang 4 dulu baru mau nyoba semoga cocok,1766119007,4 bulan lalu,Default,True,Anonymous,0,False,False,
X Beauty 1 Paket Isi 6 Redjelly Day Peach,1823116538,5,Barang sesuai pesanan semoga aja cocok diwajah anak saya 15th yg kusam karna sering olahraga panas²an,1766116804,4 bulan lalu,Default,True,Anonymous,0,False,False,
X Beauty 1 Paket Isi 6 Redjelly Day Peach,1822948949,4,bagus semoga cocok,1766111074,4 bulan lalu,Default,True,Anonymous,0,False,False,
X Beauty 1 Paket Isi 6 Redjelly Day Peach,1822887934,3,Udh datang semoga cocok,1766108422,4 bulan lalu,Default,True,Anonymous,0,False,False,
X Beauty 1 Paket Isi 6 Redjelly Day Peach,1822473003,5,"Otw paket ke 2, ini packaging ny berubah ya kak?",1766068178,4 bulan lalu,Default,True,Anonymous,0,True,False,
X Beauty 1 Paket Isi 6 Redjelly Day Peach,1822430655,5,Mantul gong banget hasilnya🤩,1766066398,4 bulan lalu,Default,True,Anonymous,0,False,False,
X Beauty 1 Paket Isi 6 Redjelly Day Peach,1822211557,1,"timbul dermatitis+jerawat bsr, tpi tergantung kulit masing&#39; yaa",1766058881,4 bulan lalu,Default,True,Anonymous,0,False,False,
X Beauty 1 Paket Isi 6 Redjelly Day Peach,1822122323,4,mga ccok,1766056264,4 bulan lalu,Default,True,Anonymous,0,False,False,
X Beauty 1 Paket Isi 6 Redjelly Day Peach,1821957231,5,"Manfaat produk: Mencerahkan wajah
Jenis kulit: Oily + sensitif",1766051514,4 bulan lalu,Default,True,Anonymous,0,True,False,
X Beauty 1 Paket Isi 6 Redjelly Day Peach,1821830140,5,baru mau coba semoga cocok di aku,1766047441,4 bulan lalu,Default,True,Anonymous,0,False,True,
X Beauty 1 Paket Isi 6 Redjelly Day Peach,1821473565,5,🥰🥰,1766035569,4 bulan lalu,Default,True,Anonymous,0,True,False,
X Beauty 1 Paket Isi 6 Redjelly Day Peach,1821368627,5,"Manfaat produk: bagus bgt
Jenis kulit: normal",1766032412,4 bulan lalu,Default,True,Anonymous,0,False,False,
X Beauty 1 Paket Isi 6 Redjelly Day Peach,1821063138,5,"Jenis kulit: normal/sensi
Manfaat produk: mengglowingkan memutihkan
belum coba sihh baru sampe semoga cocok klo cocok ak review lagi, tapi bnyak riview klo in baguss dan cocokkk buat kulitt normal/sensitif dan harganya murahhhh, paskaging nyaaa aesthetic pinkk pinkkk hihihi makasiiiii min semoga skincarenya cocok sama aku yaaa",1766022126,4 bulan lalu,Default,True,Anonymous,0,True,True,
X Beauty 1 Paket Isi 6 Redjelly Day Peach,1820974200,5,Sangat puas dan pasangan ku senang sekali,1766017536,4 bulan lalu,Default,True,Anonymous,0,False,False,
X Beauty 1 Paket Isi 6 Redjelly Day Peach,1820379252,5,Alhamdulillah paketnya sampai dgn slamat.. Trimah kasih,1765973520,4 bulan lalu,Default,True,Anonymous,0,False,False,
X Beauty 1 Paket Isi 6 Redjelly Day Peach,1819985189,4,"Bagus oh ya buat toner sama sabun muka nya pekingan nya berbuah ya,ini paket yg kedua semoga tambah cocok dan bagus, kemarin pas co yg pertama GK ada dpt tas sekarang dpt,dan juga kemrin pekingan nya kurang bagus sekarang bagus",1765962702,4 bulan lalu,Default,True,Anonymous,0,True,False,
X Beauty 1 Paket Isi 6 Redjelly Day Peach,1819864578,5,"Bahan: Mengandung niacinamide
Manfaat produk: Bikin kulit glowing dan cerah
Jenis kulit: Semua jenis kulit",1765958907,4 bulan lalu,Default,True,Anonymous,0,True,False,
X Beauty 1 Paket Isi 6 Redjelly Day Peach,1819298964,4,Barang nya sudah sampai tapi pengirimannya lama,1765941800,4 bulan lalu,Default,True,Anonymous,0,False,False,
X Beauty 1 Paket Isi 6 Redjelly Day Peach,1818704577,5,Ini orderan ke2 wajah ku udh mulai cerah😍,1765895996,4 bulan lalu,Default,True,Anonymous,0,False,False,
X Beauty 1 Paket Isi 6 Redjelly Day Peach,1818660890,5,Paket kedua aku,1765894233,4 bulan lalu,Default,True,Anonymous,0,False,False,
X Beauty 1 Paket Isi 6 Redjelly Day Peach,1818170361,5,Otw paket kedua,1765879011,4 bulan lalu,Default,True,Anonymous,0,True,False,
X Beauty 1 Paket Isi 6 Redjelly Day Peach,1818035436,5,Manfaat produk: Bisa mencerahkan kulit mengecil pori&#34; bikin glowing,1765874508,4 bulan lalu,Default,True,Anonymous,0,True,False,
X Beauty 1 Paket Isi 6 Redjelly Day Peach,1817813952,5,Warna nya berubah jdi lebih muda tapi tekstur nya ttp sama aku cocok pake ini🥰,1765866715,4 bulan lalu,Default,True,Anonymous,0,True,True,
X Beauty 1 Paket Isi 6 Redjelly Day Peach,1816565591,5,"Bahan: Halus lembut cepat meresap tidak lengket
Manfaat produk: Mencerahkan menghilangkan flek mengecilkan pori-pori menghaluskan wajah",1765799123,4 bulan lalu,Default,True,Anonymous,0,True,False,
X Beauty 1 Paket Isi 6 Redjelly Day Peach,1816558498,5,"Bahan: mantabbb
Manfaat produk: mencerahkan
Jenis kulit: beruntusan on of , berminyak
baru cobaa sii tapiii okee bangett produknyaaaa nanti aku balik lagi klo uda ada perubahan 🫰🏻🫰🏻🤏🏻🌷",1765798921,4 bulan lalu,Default,True,Anonymous,0,True,False,
X Beauty 1 Paket Isi 6 Redjelly Day Peach,1816378695,4,"Bahan: Lembut tidak lengket di kulit
Manfaat produk: Untuk mencerahkan wajah
Jenis kulit: Cocok untuk semua jenis kulit",1765794161,4 bulan lalu,Default,True,Anonymous,0,True,False,
X Beauty 1 Paket Isi 6 Redjelly Day Peach,1816248982,5,Sudah datang paket ke 3 aku betewe ini kemasan baru ya ???,1765790340,4 bulan lalu,Default,True,Anonymous,0,True,False,
X Beauty 1 Paket Isi 6 Redjelly Day Peach,1816248371,5,Baru mau coba,1765790322,4 bulan lalu,Default,True,Anonymous,0,True,False,
X Beauty 1 Paket Isi 6 Redjelly Day Peach,1816030997,4,Barang yang datang sesuai dengan yang di pesan..pokoknya Mantulll...baru habis sepaket udah keliatan banget hasilnya 🤗,1765783820,4 bulan lalu,Default,True,Anonymous,0,False,False,
X Beauty 1 Paket Isi 6 Redjelly Day Peach,1815854628,3,Aku ksih bintang 3 dlu krna masih pemula,1765778487,4 bulan lalu,Default,True,Anonymous,0,True,False,
X Beauty 1 Paket Isi 6 Redjelly Day Peach,1815672134,4,Pertamakali coba,1765773540,4 bulan lalu,Default,True,Anonymous,0,False,False,
X Beauty 1 Paket Isi 6 Redjelly Day Peach,1815219110,4,"Packing Oke, barang juga oke, untuk hasil masih mencoba, kurir juga baik",1765758387,4 bulan lalu,Default,True,Anonymous,0,False,False,
X Beauty 1 Paket Isi 6 Redjelly Day Peach,1815068353,5,Maaf baru ngasih ulasan soalnya nyobain dulu pengen tau buktinya banyak kemakan iklan beli produk2 apapun klo di ini berhasil positif gak mau berpaling lg.. Bener2 manfaatnya baru nyoba 1 minggu udah ad hasil sedikit2 next order lagi.. Packing tebal kurir juga langganan ramah pula..,1765744551,4 bulan lalu,Default,True,Anonymous,0,False,False,
X Beauty 1 Paket Isi 6 Redjelly Day Peach,1813765093,5,"Mudah2an cocok,,,",1765688313,4 bulan lalu,Default,True,Anonymous,0,False,False,
X Beauty 1 Paket Isi 6 Redjelly Day Peach,1813617570,5,Baru pakai semoga cocok😁,1765684201,4 bulan lalu,Default,True,Anonymous,0,True,False,
X Beauty 1 Paket Isi 6 Redjelly Day Peach,1813092475,5,"bgus udh ad hasil blm abis stu pket,",1765641972,4 bulan lalu,Default,True,Anonymous,0,False,False,
X Beauty 1 Paket Isi 6 Redjelly Day Peach,1812898728,5,Suka banget sama produk nya wangi aku ada bekas jerawat langsung pada ilang next order lagii😍😍,1765632756,4 bulan lalu,Default,True,Anonymous,0,False,False,
X Beauty 1 Paket Isi 6 Redjelly Day Peach,1812846134,5,"bagss bgett di akuu,ngaruhh🫰🏻",1765630747,4 bulan lalu,Default,True,Anonymous,0,False,False,
X Beauty 1 Paket Isi 6 Redjelly Day Peach,1812379090,5,Bagus cuma semuanya pecah. Huhu klo ada respon garansi barangkali bisa d return buat serum kirim baru😭,1765616263,4 bulan lalu,Default,True,Anonymous,0,False,True,
X Beauty 1 Paket Isi 6 Redjelly Day Peach,1811508016,5,Bagus bgt,1765583081,4 bulan lalu,Default,True,Anonymous,0,False,False,
X Beauty 1 Paket Isi 6 Redjelly Day Peach,1811286845,5,"Dapet harga 62, Paket cepat sekali sampainya, Aman gada yang bocor👍",1765553106,4 bulan lalu,Default,True,Anonymous,0,True,False,
X Beauty 1 Paket Isi 6 Redjelly Day Peach,1810740334,5,Co trus smpai mampus😂🥰🥰,1765533786,4 bulan lalu,Default,True,Anonymous,0,True,False,
X Beauty 1 Paket Isi 6 Redjelly Day Peach,1810735302,4,mendadat dgn selamat bismillah smoga cocok,1765533623,4 bulan lalu,Default,True,Anonymous,0,True,False,
X Beauty 1 Paket Isi 6 Redjelly Day Peach,1810541891,5,Ini paket ke 4 saya,1765526967,4 bulan lalu,Default,True,Anonymous,0,False,False,
X Beauty 1 Paket Isi 6 Redjelly Day Peach,1810228029,5,"Baru pertama x beli dan mau coba jika hasilnya bagus aku order lagi, tpi baru kucoba tadi pagi creamnya enak banget dipake ga berat dimuka dan gampang diblend",1765516433,4 bulan lalu,Default,True,Anonymous,0,False,False,
X Beauty 1 Paket Isi 6 Redjelly Day Peach,1810226163,5,"Baru pertama kali pakai skincare ini semoga ajah cocok
Bahan: Halus
Manfaat produk: Menghilangkan bekas jerawat dan komodo
Jenis kulit: Sawo mateng
Kurirnya juga ramah",1765516375,4 bulan lalu,Default,True,Anonymous,0,True,True,
X Beauty 1 Paket Isi 6 Redjelly Day Peach,1810054380,5,Permula semoga cocok,1765511444,4 bulan lalu,Default,True,Anonymous,0,True,False,
X Beauty 1 Paket Isi 6 Redjelly Day Peach,1809959154,5,Bagus,1765508508,4 bulan lalu,Default,True,Anonymous,0,False,False,
X Beauty 1 Paket Isi 6 Redjelly Day Peach,1809656780,5,Realpick barangnya,1765492659,4 bulan lalu,Default,True,Anonymous,0,False,False,
X Beauty 1 Paket Isi 6 Redjelly Day Peach,1809218806,4,bagus kak semoga cocok🥰,1765457212,4 bulan lalu,Default,True,Anonymous,0,False,False,
X Beauty 1 Paket Isi 6 Redjelly Day Peach,1809128342,5,Udah sampe semoga cocok🥰,1765454460,4 bulan lalu,Default,True,Anonymous,0,True,False,
X Beauty 1 Paket Isi 6 Redjelly Day Peach,1809027233,5,"Bahan: Bagus
Manfaat produk: Untuk sekinceran
Jenis kulit: Lembab",1765451599,4 bulan lalu,Default,True,Anonymous,0,False,True,
X Beauty 1 Paket Isi 6 Redjelly Day Peach,1809024659,5,bagussss,1765451527,4 bulan lalu,Default,True,Anonymous,0,False,False,
X Beauty 1 Paket Isi 6 Redjelly Day Peach,1808792589,5,"Mencerahkan 🥰
Jenis kulit: Cocok buat semua jenis kulit😍",1765444699,4 bulan lalu,Default,True,Anonymous,0,True,False,
X Beauty 1 Paket Isi 6 Redjelly Day Peach,1808756319,4,Semoga cocok,1765443521,4 bulan lalu,Default,True,Anonymous,0,False,False,
X Beauty 1 Paket Isi 6 Redjelly Day Peach,1808674540,5,semoga cocok,1765440701,4 bulan lalu,Default,True,Anonymous,0,False,False,
X Beauty 1 Paket Isi 6 Redjelly Day Peach,1808548512,5,Baru pertama msh mau d coba mudah mudahan cocok,1765436547,4 bulan lalu,Default,True,Anonymous,0,True,False,
X Beauty 1 Paket Isi 6 Redjelly Day Peach,1808259523,4,semoga cocok,1765427895,4 bulan lalu,Default,True,Anonymous,0,False,False,
X Beauty 1 Paket Isi 6 Redjelly Day Peach,1808214376,5,"Sesuai pesanan, tp lama bgt dtg nya",1765426486,4 bulan lalu,Default,True,Anonymous,0,True,False,
X Beauty 1 Paket Isi 6 Redjelly Day Peach,1807923517,5,"Sejauh ini disaya blm ada perubahan,harus lebih rajin lagi",1765415405,4 bulan lalu,Default,True,Anonymous,0,False,False,
X Beauty 1 Paket Isi 6 Redjelly Day Peach,1807830159,5,Makasih kk barang aman bagus semua agak kecewa sama pengiraman aja,1765409015,4 bulan lalu,Default,True,Anonymous,0,False,False,
X Beauty 1 Paket Isi 6 Redjelly Day Peach,1807526012,5,"baru coba, smg cocok, nanti baliklagi deh",1765375704,4 bulan lalu,Default,True,Anonymous,0,True,False,
X Beauty 1 Paket Isi 6 Redjelly Day Peach,1807421844,5,pertama kali co semoga cocok krna dh cape gonta ganti skincare gda hsilny😇,1765371902,4 bulan lalu,Default,True,Anonymous,0,True,False,
X Beauty 1 Paket Isi 6 Redjelly Day Peach,1807118287,5,Bahan: Baru akan di cb,1765363258,4 bulan lalu,Default,True,Anonymous,0,False,False,
X Beauty 1 Paket Isi 6 Redjelly Day Peach,1806742791,5,Baru prtma kali coba smnga aja bagus dan cocok amiin,1765351744,4 bulan lalu,Default,True,Anonymous,0,True,False,
X Beauty 1 Paket Isi 6 Redjelly Day Peach,1806690242,5,"Kemasannya rapi,barang sesuai dengan yang dipesan",1765349942,4 bulan lalu,Default,True,Anonymous,0,True,False,
X Beauty 1 Paket Isi 6 Redjelly Day Peach,1806360779,2,"Skincare kan cocok² an🥰, mungkin di aku kurang cocok karna kulit sensitif bngt",1765339960,4 bulan lalu,Default,True,Anonymous,0,False,False,
X Beauty 1 Paket Isi 6 Redjelly Day Peach,1806158245,4,Bgusss krimnyaa kak,1765333225,4 bulan lalu,Default,True,Anonymous,0,False,False,
X Beauty 1 Paket Isi 6 Redjelly Day Peach,1806143861,5,Produk sampe dengan selamat. Pengiriman super duper kilat. Pengemasannya best bgt. Baru pertama coba produknya. Smoga cocok dan hasilnya gong. Klo cocok next bakal langganan bgt sii❤️❤️,1765332632,4 bulan lalu,Default,True,Anonymous,0,True,False,
X Beauty 1 Paket Isi 6 Redjelly Day Peach,1805981549,5,"Day 1 nyoba
Ternyata bagus bgt mudah di nyerap juga ke muka😍",1765323994,4 bulan lalu,Default,True,Anonymous,0,True,False,
X Beauty 1 Paket Isi 6 Redjelly Day Peach,1805906757,5,suda 2 paket pake x beauty🥰,1765317750,4 bulan lalu,Default,True,Anonymous,0,True,False,
X Beauty 1 Paket Isi 6 Redjelly Day Peach,1805849967,3,Lambat smpai kka🙂,1765303679,4 bulan lalu,Default,True,Anonymous,0,False,False,
X Beauty 1 Paket Isi 6 Redjelly Day Peach,1805702247,5,Pakingannya rapih.. moga cocok 👍 kalo cocok next order lagii,1765290728,4 bulan lalu,Default,True,Anonymous,0,False,False,
X Beauty 1 Paket Isi 6 Redjelly Day Peach,1805527373,5,"Bahan: No merkuncrittt
Manfaat produk: Meratakan warna kulit, hempaskan beruntusan and jerawat
Jenis kulit: Keringgg
Sebelum pemakaian toner aku pake moiz duluuu baru dehh sesuai urutannnn karna kulit aku keringg dan ini paket ke 2 kuuuuu",1765283780,4 bulan lalu,Default,True,Anonymous,0,True,False,
X Beauty 1 Paket Isi 6 Redjelly Day Peach,1805243805,5,"Belum dicoba semoga cocok,
Pecking nya aman sampai ditujuan dengan selamat",1765275099,4 bulan lalu,Default,True,Anonymous,0,False,False,
X Beauty 1 Paket Isi 6 Redjelly Day Peach,1805205135,5,Bgus,1765273867,4 bulan lalu,Default,True,Anonymous,0,True,False,
X Beauty 1 Paket Isi 6 Redjelly Day Peach,1805100707,1,Kak serumnya pecah tinggal setengah ini gmn!! Minimal di ganti rugi la kak,1765270240,4 bulan lalu,Default,True,Anonymous,0,True,True,
X Beauty 1 Paket Isi 6 Redjelly Day Peach,1805057803,5,Bagussss,1765268712,4 bulan lalu,Default,True,Anonymous,0,False,False,
X Beauty 1 Paket Isi 6 Redjelly Day Peach,1805030258,5,barang sampai bagus pengiriman juga cepat smoga cocokk🥰😍,1765267687,4 bulan lalu,Default,True,Anonymous,0,True,False,
X Beauty 1 Paket Isi 6 Redjelly Day Peach,1804168398,5,Sngattt bguss. Dwajah,1765223315,4 bulan lalu,Default,True,Anonymous,0,False,False,
X Beauty 1 Paket Isi 6 Redjelly Day Peach,1803990013,4,"Nitip dulu
Udah pemakaian tiga hari muka ku perih, gatel dan panas dikit.. Mungkin lg proses semoga hasil nya memuaskan",1765203492,4 bulan lalu,Default,True,Anonymous,0,True,False,
X Beauty 1 Paket Isi 6 Redjelly Day Peach,1803712777,2,punya ku koo tulisan ny beda yaa ini palsu ga sih atau gmna😭😭,1765193112,4 bulan lalu,Default,True,Anonymous,0,False,False,
X Beauty 1 Paket Isi 6 Redjelly Day Peach,1803701050,5,"Paket nyah udah dateng  lama sekali, 
Udah ceo yang kesekian kali nyah",1765192746,4 bulan lalu,Default,True,Anonymous,0,False,False,
X Beauty 1 Paket Isi 6 Redjelly Day Peach,1803638460,4,Baru mau nyoba semoga cck doa in ya teman² pgn putih juga kya klian🥺🥺,1765190870,4 bulan lalu,Default,True,Anonymous,0,True,False,
X Beauty 1 Paket Isi 6 Redjelly Day Peach,1803547810,2,Og beda iyha warna nya ga kyk kmrin.,1765188396,4 bulan lalu,Default,True,Anonymous,0,True,False,
X Beauty 1 Paket Isi 6 Redjelly Day Peach,1803508334,5,"Jenis kulit: Sudah Putih
Manfaat produk: Mencerahkan kulit",1765187119,4 bulan lalu,Default,True,Anonymous,0,True,False,
X Beauty 1 Paket Isi 6 Redjelly Day Peach,1803228038,4,Sdah sampai,1765178045,4 bulan lalu,Default,True,Anonymous,0,False,False,
X Beauty 1 Paket Isi 6 Redjelly Day Peach,1802989053,4,Bagus banget dan meski paket nya agak rusak luar nya pokok dlm nya masih bagus,1765170610,4 bulan lalu,Default,True,Anonymous,0,True,False,
X Beauty 1 Paket Isi 6 Redjelly Day Peach,1802880041,5,Saya puas dengan pekingan nya rapi ndd kerusakan semonga cocok sama produk nya nanti saya kembali lagi kalo udh ada hasil,1765167617,4 bulan lalu,Default,True,Anonymous,0,True,False,
X Beauty 1 Paket Isi 6 Redjelly Day Peach,1802263280,5,Semoga cocok di muka aku,1765122213,4 bulan lalu,Default,True,Anonymous,0,True,False,
X Beauty 1 Paket Isi 6 Redjelly Day Peach,1802197239,5,"barangnya sudah sampai dari kemarin hihi, semoga cocok🥹",1765118260,4 bulan lalu,Default,True,Anonymous,0,False,False,
X Beauty 1 Paket Isi 6 Redjelly Day Peach,1802037230,5,Bagus,1765111459,4 bulan lalu,Default,True,Anonymous,0,False,False,
X Beauty 1 Paket Isi 6 Redjelly Day Peach,1801845866,5,"Baru mau coba semoga cocok, klo cocok nanti bisa buat langganan 🥰",1765105297,4 bulan lalu,Default,True,Anonymous,0,True,False,
X Beauty 1 Paket Isi 6 Redjelly Day Peach,1801773119,5,bagus ka oke punya ga kaleng kaleng mantul flek ku memudar baru 1 mngu aku pake,1765102998,4 bulan lalu,Default,True,Anonymous,0,False,False,
X Beauty 1 Paket Isi 6 Redjelly Day Peach,1801329829,5,Alhamdulillah paket sampai udah beli ke 7 kali emang sebagus itu,1765087133,4 bulan lalu,Default,True,Anonymous,0,True,False,
X Beauty 1 Paket Isi 6 Redjelly Day Peach,1800893952,5,Manfaat produk: buat mencerahkan wajah,1765070402,4 bulan lalu,Default,True,Anonymous,0,True,False,
X Beauty 1 Paket Isi 6 Redjelly Day Peach,1800888260,3,"Kenapa pakajing yaa beda yaa beda ya , ak takut banget palsu , ini gmn ka coba di bantu",1765070043,4 bulan lalu,Default,True,Anonymous,0,True,False,
X Beauty 1 Paket Isi 6 Redjelly Day Peach,1800644186,4,"Semoga cocok ,soalny baru pertama kali",1765037629,4 bulan lalu,Default,True,Anonymous,0,False,False,
X Beauty 1 Paket Isi 6 Redjelly Day Peach,1800290794,5,Manfaat produk: baru nyobain bagus banget bekas jerawat mudar makin halus pori2 makin kinclong wajah aku pdhl baru bbrpa hari.. sdh Gonta ganti skincare gada yg mempan efek hormon KB juga pake ini lgsung hempas ya Allah harus restok sih ini😭,1765020793,4 bulan lalu,Default,True,Anonymous,0,True,True,
X Beauty 1 Paket Isi 6 Redjelly Day Peach,1799840747,5,Paket mendarat semoga jerawat bruntusan hilang,1765005788,4 bulan lalu,Default,True,Anonymous,0,False,False,
X Beauty 1 Paket Isi 6 Redjelly Day Peach,1799349223,5,"Barang nya sudah tiba, packing nya bagus rapi dan terjaga,semoga aja cocok di aku nanti aku balik review lagi",1764989268,4 bulan lalu,Default,True,Anonymous,0,True,False,
X Beauty 1 Paket Isi 6 Redjelly Day Peach,1799239218,5,"Bagus
Manfaat produk: Mencerahkan
Jenis kulit: Normal
Paketnya baru kemarin sampai,next kalau ada perubahan bakal balik lagi",1764984911,4 bulan lalu,Default,True,Anonymous,0,False,False,
X Beauty 1 Paket Isi 6 Redjelly Day Peach,1799091747,5,"Bgs produk ny,
Melembabkan&amp; melembutkan kulitt😫
Hrga terjangkau LG,tp dh dpt mode pkttan😅",1764974228,4 bulan lalu,Default,True,Anonymous,0,False,False,
X Beauty 1 Paket Isi 6 Redjelly Day Peach,1799075197,5,baru sampek semoga cocok dehh udah capek ganti&#34; skincare,1764972406,4 bulan lalu,Default,True,Anonymous,0,True,True,
X Beauty 1 Paket Isi 6 Redjelly Day Peach,1799040134,4,Baru pertama kali coba semoga cocok amin,1764963322,4 bulan lalu,Default,True,Anonymous,0,False,False,
X Beauty 1 Paket Isi 6 Redjelly Day Peach,1798649018,5,"Bru 2 hari pemakai an sdh ada reaksi nya 
Produk sangat 👍",1764936349,4 bulan lalu,Default,True,Anonymous,0,True,False,
X Beauty 1 Paket Isi 6 Redjelly Day Peach,1798455543,5,Bshus,1764930425,4 bulan lalu,Default,True,Anonymous,0,False,False,
X Beauty 1 Paket Isi 6 Redjelly Day Peach,1798044978,5,Top markotop,1764915865,4 bulan lalu,Default,True,Anonymous,0,False,False,
X Beauty 1 Paket Isi 6 Redjelly Day Peach,1797698269,5,Udah sampai dgn aman terima kasihh,1764904543,4 bulan lalu,Default,True,Anonymous,0,False,False,
X Beauty 1 Paket Isi 6 Redjelly Day Peach,1797317581,1,Ng wajahh malahh ddi irengg😡😡,1764876305,4 bulan lalu,Default,True,Anonymous,0,False,False,
X Beauty 1 Paket Isi 6 Redjelly Day Peach,1797250553,5,Paket sudah sampai sesuai pesanan,1764865660,4 bulan lalu,Default,True,Anonymous,0,True,False,
X Beauty 1 Paket Isi 6 Redjelly Day Peach,1797075704,5,Mf baru kasih ulusan cocok diwajah mantul,1764855722,4 bulan lalu,Default,True,Anonymous,0,False,False,
X Beauty 1 Paket Isi 6 Redjelly Day Peach,1796783612,1,"ko aku dapetnya ky gni, ini asli/palsu ya?",1764846214,4 bulan lalu,Default,True,Anonymous,0,True,False,
X Beauty 1 Paket Isi 6 Redjelly Day Peach,1796638743,5,Belum di coba baru pertama beli,1764841820,4 bulan lalu,Default,True,Anonymous,0,False,False,
X Beauty 1 Paket Isi 6 Redjelly Day Peach,1796490062,4,Paketnya sdh sampe😍,1764836545,4 bulan lalu,Default,True,Anonymous,0,True,False,
X Beauty 1 Paket Isi 6 Redjelly Day Peach,1796482454,5,Bagus,1764836251,4 bulan lalu,Default,True,Anonymous,0,False,False,
X Beauty 1 Paket Isi 6 Redjelly Day Peach,1796479408,5,"Masih blom tau soalnya bru nyoba,disini aq mau certa kan aq pesn paktan ini trus yg dikirim night 2, sedngkn yg day cream gk ad jdinya aq komplen dong tapi alhamdulillah langsung di respon dan dikirim day cream.",1764836139,4 bulan lalu,Default,True,Anonymous,0,True,False,
X Beauty 1 Paket Isi 6 Redjelly Day Peach,1796231444,5,Allahamdulilah bagus ini paket kedua saya semoga amanah terus ya toko nyah,1764827032,4 bulan lalu,Default,True,Anonymous,0,False,False,
X Beauty 1 Paket Isi 6 Redjelly Day Peach,1795731512,5,Semoga ngaruh cocok diaku,1764807974,4 bulan lalu,Default,True,Anonymous,0,True,False,
X Beauty 1 Paket Isi 6 Redjelly Day Peach,1795659595,5,"beli yg ke 3klinya😍💗🌸
Jenis kulit: smua jenis",1764802662,4 bulan lalu,Default,True,Anonymous,0,True,False,
X Beauty 1 Paket Isi 6 Redjelly Day Peach,1794371232,5,Bru nyoba semoga cocok,1764737187,4 bulan lalu,Default,True,Anonymous,0,True,False,
X Beauty 1 Paket Isi 6 Redjelly Day Peach,1794309519,5,Skincare andalan ku,1764735270,4 bulan lalu,Default,True,Anonymous,0,False,False,
X Beauty 1 Paket Isi 6 Redjelly Day Peach,1793703289,5,"Coba dulu iaa, kemasan rapi 🥰",1764686070,4 bulan lalu,Default,True,Anonymous,0,True,False,
X Beauty 1 Paket Isi 6 Redjelly Day Peach,1793678611,5,Suka,1764684897,4 bulan lalu,Default,True,Anonymous,0,False,False,
X Beauty 1 Paket Isi 6 Redjelly Day Peach,1793194747,5,Sudah kesekian beli.. cocok tapi lumayan lama untuk hasilnya di aku,1764667784,4 bulan lalu,Default,True,Anonymous,0,True,False,
X Beauty 1 Paket Isi 6 Redjelly Day Peach,1793148632,5,"Jadi mkin kinyis2 pakek ini padahal udah mamak2, paket ke 2",1764665933,4 bulan lalu,Default,True,Anonymous,0,False,False,
X Beauty 1 Paket Isi 6 Redjelly Day Peach,1793088812,5,"Bahan: Lembut gk lengeket
Manfaat produk: Mencerahkan
Jenis kulit: Semua jenis kulit",1764663843,4 bulan lalu,Default,True,Anonymous,0,False,False,
X Beauty 1 Paket Isi 6 Redjelly Day Peach,1792316910,5,"Produk bagus, nnti mau order lg,, cocok d aku",1764618701,4 bulan lalu,Default,True,Anonymous,0,False,False,
X Beauty 1 Paket Isi 6 Redjelly Day Peach,1792204921,1,malah jadi jerawat tambah parah muka jadi merah,1764601565,4 bulan lalu,Default,True,Anonymous,0,False,False,
X Beauty 1 Paket Isi 6 Redjelly Day Peach,1792108079,4,"Bahan: Harum
Manfaat produk: Memutih kan wajah
Jenis kulit: Sawo matang",1764596253,4 bulan lalu,Default,True,Anonymous,0,True,True,
X Beauty 1 Paket Isi 6 Redjelly Day Peach,1792047456,5,Mantap barang sesuai pesanan dan kurir nya ramah,1764593542,4 bulan lalu,Default,True,Anonymous,0,False,False,
X Beauty 1 Paket Isi 6 Redjelly Day Peach,1791985152,5,"Bahan: Skincare
Manfaat produk: Membuat wajah menjadi bagus
Jenis kulit: Semua jenis kulit",1764591083,4 bulan lalu,Default,True,Anonymous,0,False,False,
X Beauty 1 Paket Isi 6 Redjelly Day Peach,1791557411,5,Sangat bguss dan cocokk,1764576787,4 bulan lalu,Default,True,Anonymous,0,False,False,
X Beauty 1 Paket Isi 6 Redjelly Day Peach,1791241698,5,"Manfaat produk: mencerahkan kulit
Jenis kulit: normal",1764565058,4 bulan lalu,Default,True,Anonymous,0,False,False,
X Beauty 1 Paket Isi 6 Redjelly Day Peach,1791089488,5,semoga cocok di aku,1764559758,4 bulan lalu,Default,True,Anonymous,0,True,False,
X Beauty 1 Paket Isi 6 Redjelly Day Peach,1790964589,5,"Ud k 3x psan. 
Ud jatuh cinta sm cream ini ❤❤❤.",1764555837,4 bulan lalu,Default,True,Anonymous,0,False,False,
X Beauty 1 Paket Isi 6 Redjelly Day Peach,1790608199,5,"Bahan: Bagus
Manfaat produk: Bagus
Jenis kulit: Bagus",1764517389,4 bulan lalu,Default,True,Anonymous,0,False,False,
X Beauty 1 Paket Isi 6 Redjelly Day Peach,1790591066,5,Barang nya sudah smpaii maaf ya kak bru ngasih ulasan,1764516081,4 bulan lalu,Default,True,Anonymous,0,False,False,
X Beauty 1 Paket Isi 6 Redjelly Day Peach,1790528223,4,packingan aman. tapi sayang yang dikirim ga ada sabunnya malah toner nya 2😌,1764512566,4 bulan lalu,Default,True,Anonymous,0,True,False,
X Beauty 1 Paket Isi 6 Redjelly Day Peach,1790184160,1,Kenapa ko tutup day cream sama night cream yh beda diualasan semua warna putih????,1764498761,4 bulan lalu,Default,True,Anonymous,0,True,False,
X Beauty 1 Paket Isi 6 Redjelly Day Peach,1790136830,5,belum dicoba semoga cocok,1764497056,4 bulan lalu,Default,True,Anonymous,0,False,False,
X Beauty 1 Paket Isi 6 Redjelly Day Peach,1789881447,5,Bagus banget ringan dikulit dan lembut  gong banget pokoknya🥰,1764486509,4 bulan lalu,Default,True,Anonymous,0,False,False,
X Beauty 1 Paket Isi 6 Redjelly Day Peach,1789820317,4,Mudahan cocok,1764483878,4 bulan lalu,Default,True,Anonymous,0,False,False,
X Beauty 1 Paket Isi 6 Redjelly Day Peach,1789740643,5,Sudah sampai,1764480577,4 bulan lalu,Default,True,Anonymous,0,False,False,
X Beauty 1 Paket Isi 6 Redjelly Day Peach,1789675732,5,"ini uda ke 2 kli nya aku bli di toko inii 
semoga cocok yaa 🤩",1764478107,4 bulan lalu,Default,True,Anonymous,0,True,False,
X Beauty 1 Paket Isi 6 Redjelly Day Peach,1789608061,5,Baru mau coba sin nanti balik lagi kalo bagus,1764475642,4 bulan lalu,Default,True,Anonymous,0,True,False,
X Beauty 1 Paket Isi 6 Redjelly Day Peach,1789558948,5,Manfaat produk: Mencerahkan,1764473797,4 bulan lalu,Default,True,Anonymous,0,False,False,
X Beauty 1 Paket Isi 6 Redjelly Day Peach,1789449815,5,Bismillah smoga cocok,1764469251,4 bulan lalu,Default,True,Anonymous,0,True,False,
X Beauty 1 Paket Isi 6 Redjelly Day Peach,1789357042,5,"2 hari pemakaian udah keliatan cerah, semoga hasilnya lebih memuaskan, dan bisa order lagi☺",1764468099,4 bulan lalu,Default,True,Anonymous,0,False,False,
X Beauty 1 Paket Isi 6 Redjelly Day Peach,1789301729,5,"Jenis kulit: Berminyak+sensitif
Bahan: Bgus di aku cocok.semoga kedepannya cocok teruss🥰",1764464802,4 bulan lalu,Default,True,Anonymous,0,False,False,
X Beauty 1 Paket Isi 6 Redjelly Day Peach,1788860956,5,"Alhamdulilah paket ku sudah mendart makacih tokony selalu amanah, sya suka bgt karna muka ku skrg sudah mulai bersih dr plek dan bruntusan top bgt pertahan kn produk ny 😍😍",1764418496,4 bulan lalu,Default,True,Anonymous,0,False,False,
X Beauty 1 Paket Isi 6 Redjelly Day Peach,1788600567,5,"Paket Uda sampai ngk sempat foto Uda di buka sama anakku,pesanan paket k 3 next order lagi ☺️",1764408476,4 bulan lalu,Default,True,Anonymous,0,False,False,
X Beauty 1 Paket Isi 6 Redjelly Day Peach,1788269382,5,Baru pertama kali beli. Semoga cocok,1764394294,4 bulan lalu,Default,True,Anonymous,0,True,False,
X Beauty 1 Paket Isi 6 Redjelly Day Peach,1788058312,5,Ok,1764387125,4 bulan lalu,Default,True,Anonymous,0,False,False,
X Beauty 1 Paket Isi 6 Redjelly Day Peach,1787826082,4,"Manfaat produk: 𝙼𝚎𝚗𝚌𝚎𝚛𝚊𝚑𝚔𝚊𝚗
Jenis kulit: 𝙱𝚎𝚛𝚖𝚒𝚗𝚢𝚊𝚔 𝚜𝚊𝚗𝚐𝚝 𝚋𝚐𝚞𝚜...",1764375109,4 bulan lalu,Default,True,Anonymous,0,False,False,
X Beauty 1 Paket Isi 6 Redjelly Day Peach,1787780760,5,Mudahan cocok,1764370826,4 bulan lalu,Default,True,Anonymous,0,False,False,
X Beauty 1 Paket Isi 6 Redjelly Day Peach,1787481835,5,Bngs bangt udh mau habis mau beli lagi malah flek hitam ku memudar dan tiap hari makin glowing aja🥰🥰,1764335492,4 bulan lalu,Default,True,Anonymous,0,False,False,
X Beauty 1 Paket Isi 6 Redjelly Day Peach,1786580595,5,"Alhamdulillah pket tiba dgn selamat, udah 3 kali co di sini, tokoh yang amana",1764300485,4 bulan lalu,Default,True,Anonymous,0,True,False,
X Beauty 1 Paket Isi 6 Redjelly Day Peach,1786568335,4,Semoga cocok☺️,1764300027,4 bulan lalu,Default,True,Anonymous,0,True,False,
X Beauty 1 Paket Isi 6 Redjelly Day Peach,1786558096,5,Paket nya udh nyampe dengan keadaan baik dan kurir nya baik dan ramah,1764299649,4 bulan lalu,Default,True,Anonymous,0,True,False,
X Beauty 1 Paket Isi 6 Redjelly Day Peach,1786344386,5,"Bagus bgt baru seminggu pake muka terasa lebih halus, jerawat juga udh kering",1764288746,4 bulan lalu,Default,True,Anonymous,0,False,False,
X Beauty 1 Paket Isi 6 Redjelly Day Peach,1786162512,3,Gak dapat crim mlamnya hmmm 😌 krim siangnya 2 gk ada krim mlmnya  gimna ini😒😒😒😏,1764258186,4 bulan lalu,Default,True,Anonymous,0,True,False,
X Beauty 1 Paket Isi 6 Redjelly Day Peach,1785074113,5,Real,1764213524,4 bulan lalu,Default,True,Anonymous,0,False,False,
X Beauty 1 Paket Isi 6 Redjelly Day Peach,1784452362,5,Semoga cocok pemakaian pertama,1764161387,4 bulan lalu,Default,True,Anonymous,0,False,False,
X Beauty 1 Paket Isi 6 Redjelly Day Peach,1784327761,5,thank you semoga cocok yaa,1764156797,4 bulan lalu,Default,True,Anonymous,0,False,False,
X Beauty 1 Paket Isi 6 Redjelly Day Peach,1783996688,2,udah tiba day 1 coba hal baru insya allah cocok😍🫶,1764145514,4 bulan lalu,Default,True,Anonymous,0,True,False,
X Beauty 1 Paket Isi 6 Redjelly Day Peach,1783721142,3,Barangnya sudah dapet tapi agak kecewa karna red jelly nya pas di buka udh bleber,1764134648,4 bulan lalu,Default,True,Anonymous,0,True,False,
X Beauty 1 Paket Isi 6 Redjelly Day Peach,1783162011,5,"Bagus banget asli ga boong,baru bbrp hari pemakaian udah keliatan cerah nyaa,mau rajin pake ini biar cepet glowing 😜🥰",1764092389,4 bulan lalu,Default,True,Anonymous,0,False,False,
X Beauty 1 Paket Isi 6 Redjelly Day Peach,1783103623,5,"Manfaat produk: Untuk mencerahkan dn menghaluskan kulit wajah
Jenis kulit: Jerawat dikitt,dn berminyak
Bahan: Enak di pakai",1764084807,4 bulan lalu,Default,True,Anonymous,0,False,False,
X Beauty 1 Paket Isi 6 Redjelly Day Peach,1782870633,4,"Yg dikirim day cream semua, tdk ada cream malam",1764072025,4 bulan lalu,Default,True,Anonymous,0,True,False,
X Beauty 1 Paket Isi 6 Redjelly Day Peach,1782853734,5,"Pesananku Sdh Sampai Tapi Kok Aku Dptnya Kemasan Yg Lama Yah Kak?
Blm Di Coba Semoga Cocok Klw Cocok Nnti Bakalan Jdi Langganan TPI Tolong Ksi Kemasan Yang Baru Yah Kak Terimakasih😊",1764071315,4 bulan lalu,Default,True,Anonymous,0,True,False,
X Beauty 1 Paket Isi 6 Redjelly Day Peach,1782365315,4,Bahan: Bagus,1764049379,4 bulan lalu,Default,True,Anonymous,0,False,False,
X Beauty 1 Paket Isi 6 Redjelly Day Peach,1782279497,5,"Bahan: Ok
Manfaat produk: Bagus
Jenis kulit: Normal",1764045061,4 bulan lalu,Default,True,Anonymous,0,True,False,
X Beauty 1 Paket Isi 6 Redjelly Day Peach,1782225033,5,Nggak bisa berkata2 lagi pkoknya xbeauty the best jdi skincare andalan aku,1764042426,4 bulan lalu,Default,True,Anonymous,0,True,False,
X Beauty 1 Paket Isi 6 Redjelly Day Peach,1782132562,1,"Jelek jangan order bikin muka yang tadinya mulus malah ancur gara gara x beauty ini😡penjualnya tidak ramah responnya jelek 👎👎penjual hanya merespon ketika belum beli,saat ngeluh tidak di jawab.semoga bangkrut",1764037973,4 bulan lalu,Default,True,Anonymous,0,True,False,
X Beauty 1 Paket Isi 6 Redjelly Day Peach,1781868743,4,"paket nya udah sampai lucu bgtt pinky&#34;😍💗baru pertama kali pake bismillah semoga cocok. harga segitu udh dpt 6 item
Jenis kulit: kombinasi",1763999952,5 bulan lalu,Default,True,Anonymous,0,True,False,
X Beauty 1 Paket Isi 6 Redjelly Day Peach,1781554024,4,Paket nya sdh sampai tidak mengecewakan bagus,1763981646,5 bulan lalu,Default,True,Anonymous,0,True,False,
X Beauty 1 Paket Isi 6 Redjelly Day Peach,1780449114,5,Belum d coba semoga cocok ❤️❤️,1763908447,5 bulan lalu,Default,True,Anonymous,0,True,False,
X Beauty 1 Paket Isi 6 Redjelly Day Peach,1780318143,5,"Hallo kakak..
Barangnya paket udah sampai dgn baik..
Bagus semoga cantik sukses lancar cantik banget
Terimakasih banyak kakak",1763901315,5 bulan lalu,Default,True,Anonymous,0,True,False,
X Beauty 1 Paket Isi 6 Redjelly Day Peach,1780132970,4,"UD sampai paket nya,aman gak ada yang lecet,tapi lihat ulasan yang lain gak sama sama punya ku siang malam nya,tempat sama tutupnya",1763893658,5 bulan lalu,Default,True,Anonymous,0,True,False,
X Beauty 1 Paket Isi 6 Redjelly Day Peach,1779826269,4,Biar bintang yg berbicara,1763880134,5 bulan lalu,Default,True,Anonymous,0,False,False,
X Beauty 1 Paket Isi 6 Redjelly Day Peach,1779757524,4,Wangi bangett,1763877883,5 bulan lalu,Default,True,Anonymous,0,True,False,
X Beauty 1 Paket Isi 6 Redjelly Day Peach,1779181620,5,bagus suka bngt 😘,1763831484,5 bulan lalu,Default,True,Anonymous,0,False,False,
X Beauty 1 Paket Isi 6 Redjelly Day Peach,1779158402,5,Manfaat produk: mencerahkan menghilangkan bekas jerawat,1763828339,5 bulan lalu,Default,True,Anonymous,0,False,False,
X Beauty 1 Paket Isi 6 Redjelly Day Peach,1778708443,5,"Sesuai pesanan,wangi baru pertama mau coba semoga cocok",1763804747,5 bulan lalu,Default,True,Anonymous,0,False,False,
X Beauty 1 Paket Isi 6 Redjelly Day Peach,1778435803,5,Baru mau meencoba semoga cocok💞,1763792853,5 bulan lalu,Default,True,Anonymous,0,True,False,
X Beauty 1 Paket Isi 6 Redjelly Day Peach,1778239113,5,Smogaa ccokk yaa baruu mauu nyobaan soalnya,1763784753,5 bulan lalu,Default,True,Anonymous,0,False,False,
X Beauty 1 Paket Isi 6 Redjelly Day Peach,1778033896,4,"Bahan: skincaree
Manfaat produk: untuk mencerahkan muka",1763776274,5 bulan lalu,Default,True,Anonymous,0,False,False,
X Beauty 1 Paket Isi 6 Redjelly Day Peach,1777300742,5,Paket SDH sampai semoga cocok dimuka aku,1763719170,5 bulan lalu,Default,True,Anonymous,0,False,False,
X Beauty 1 Paket Isi 6 Redjelly Day Peach,1776678374,5,Alhamdulillah sampe semoga cocok jadi bisa cod lagi,1763694850,5 bulan lalu,Default,True,Anonymous,0,True,False,
X Beauty 1 Paket Isi 6 Redjelly Day Peach,1776573562,5,"Bahan: lembut, tekstur mudah menyerap tidak lengket
Manfaat produk: mencerahkan, memudarkan flek, mengecilkan pori-pori
Jenis kulit: semua jenis kulit
udh paket ke2, Alhamdulillah ada perubahan",1763690764,5 bulan lalu,Default,True,Anonymous,0,True,True,
X Beauty 1 Paket Isi 6 Redjelly Day Peach,1776566227,5,bagus,1763690531,5 bulan lalu,Default,True,Anonymous,0,False,False,
X Beauty 1 Paket Isi 6 Redjelly Day Peach,1776393248,5,Bahan: H,1763683729,5 bulan lalu,Default,True,Anonymous,0,False,False,
X Beauty 1 Paket Isi 6 Redjelly Day Peach,1776309892,5,"bagus pol di pake bikin cerah pokok nya langganan🤩🤩,beli 2 paket juga sering di bonusin produk nya lagi😍😍",1763675458,5 bulan lalu,Default,True,Anonymous,0,True,False,
X Beauty 1 Paket Isi 6 Redjelly Day Peach,1776105953,5,Day 1 pake sipink😍💋,1763647129,5 bulan lalu,Default,True,Anonymous,0,True,False,
X Beauty 1 Paket Isi 6 Redjelly Day Peach,1775591477,5,"Bahan: Aq suka dengan aromanya Harum dan banguss
Manfaat produk: Sesuai pesenan
Jenis kulit: Kulit kering dan normal",1763627990,5 bulan lalu,Default,True,Anonymous,0,False,False,
X Beauty 1 Paket Isi 6 Redjelly Day Peach,1775577245,5,Semoga cocok skincare nya🤗,1763627459,5 bulan lalu,Default,True,Anonymous,0,False,False,
X Beauty 1 Paket Isi 6 Redjelly Day Peach,1775577063,5,"sesuai deskripsi, dan pengirimannya cepat. Sangat puas dan pasti beli lagi!",1763627451,5 bulan lalu,Default,True,Anonymous,0,True,False,
X Beauty 1 Paket Isi 6 Redjelly Day Peach,1775298966,3,Pekejinge baru tahh,1763617254,5 bulan lalu,Default,True,Anonymous,0,True,False,
X Beauty 1 Paket Isi 6 Redjelly Day Peach,1775259371,4,pemakaian pertama kali semoga cocok🤲🏻. nitip before nya after nya nanti setelah ada perubahan,1763615785,5 bulan lalu,Default,True,Anonymous,0,True,False,
X Beauty 1 Paket Isi 6 Redjelly Day Peach,1775247729,5,Terimakasih pesanan saya sudah sampai😍👍,1763615365,5 bulan lalu,Default,True,Anonymous,0,True,False,
X Beauty 1 Paket Isi 6 Redjelly Day Peach,1775153032,4,Bismillah baru mau nyoba semoga aja cocok,1763612009,5 bulan lalu,Default,True,Anonymous,0,True,False,
X Beauty 1 Paket Isi 6 Redjelly Day Peach,1775141579,5,Alhamdulillah brang smpai dg aman dan utuh ngg ada yg rusak.. Semoga cocok dan jdi langganan.. Udh capek gonta ganti skincare smg ni cocok dan benar aman dan bpom☺,1763611631,5 bulan lalu,Default,True,Anonymous,0,True,False,
X Beauty 1 Paket Isi 6 Redjelly Day Peach,1774957299,4,"Bagus sih ,tapi krim MLM nya pecah udah nunggu sampe dua Minggu pas dtng nya pecah 🥲 tapi jgn lupa tetap beli di sini ,",1763604658,5 bulan lalu,Default,True,Anonymous,0,False,False,
X Beauty 1 Paket Isi 6 Redjelly Day Peach,1774839031,5,"Produk yang thebest buat aku,karena cuman scincare ini yg bisa atasi muka butek ku ini
Makasih xbeauty whitening",1763598297,5 bulan lalu,Default,True,Anonymous,0,False,False,
X Beauty 1 Paket Isi 6 Redjelly Day Peach,1774522197,5,Semoga ccok,1763561919,5 bulan lalu,Default,True,Anonymous,0,False,False,
X Beauty 1 Paket Isi 6 Redjelly Day Peach,1774326404,5,"ga sempet Poto,,tapi emng sebagus itu,aku baru 1 paket aja udh ada perubahan,ini jalan ke 2 paket",1763553908,5 bulan lalu,Default,True,Anonymous,0,False,False,
X Beauty 1 Paket Isi 6 Redjelly Day Peach,1774117775,5,Sudah pemesanan ke 2 semoga cocok terus,1763547129,5 bulan lalu,Default,True,Anonymous,0,False,False,
X Beauty 1 Paket Isi 6 Redjelly Day Peach,1774065545,4,"Manfaat produk: Mencerahkan
Jenis kulit: Normal",1763545456,5 bulan lalu,Default,True,Anonymous,0,True,False,
X Beauty 1 Paket Isi 6 Redjelly Day Peach,1773794614,5,Bgusss bangett gilakkkk beruntusan gaadaa sdhhh reall no pek pekkkk,1763535119,5 bulan lalu,Default,True,Anonymous,0,True,False,
X Beauty 1 Paket Isi 6 Redjelly Day Peach,1773634290,5,Semoga cocok,1763529092,5 bulan lalu,Default,True,Anonymous,0,True,False,
X Beauty 1 Paket Isi 6 Redjelly Day Peach,1773379136,5,Sangat bagus,1763519683,5 bulan lalu,Default,True,Anonymous,0,False,False,
X Beauty 1 Paket Isi 6 Redjelly Day Peach,1773023976,4,"Manfaat produk: Mencerahkan kulit wajah
Jenis kulit: Sensitif, berminyak,flek jerawat
Cocok si menurut ku, sengaja di coba dulu selama pemakaian 2 minggu ini",1763478751,5 bulan lalu,Default,True,Anonymous,0,True,False,
X Beauty 1 Paket Isi 6 Redjelly Day Peach,1772309953,4,smga cocok,1763446211,5 bulan lalu,Default,True,Anonymous,0,False,False,
X Beauty 1 Paket Isi 6 Redjelly Day Peach,1771750608,5,Bagus,1763401813,5 bulan lalu,Default,True,Anonymous,0,False,False,
X Beauty 1 Paket Isi 6 Redjelly Day Peach,1770770230,5,"Belom pernah nyobak, semoga ccok.ini knpa tutupnya nggak sama kyk yg laen?...

Yg tau boleh komen dong 😭",1763354789,5 bulan lalu,Default,True,Anonymous,0,True,False,
X Beauty 1 Paket Isi 6 Redjelly Day Peach,1770758832,5,semoga cocok yaa..,1763354398,5 bulan lalu,Default,True,Anonymous,0,True,False,
X Beauty 1 Paket Isi 6 Redjelly Day Peach,1770741640,5,Baru mau coba semoga cocok,1763353812,5 bulan lalu,Default,True,Anonymous,0,False,False,
X Beauty 1 Paket Isi 6 Redjelly Day Peach,1770603974,5,"Smoga cocok,dpt 7 item,
Klu cocok nex order lgi",1763348918,5 bulan lalu,Default,True,Anonymous,0,True,False,
X Beauty 1 Paket Isi 6 Redjelly Day Peach,1770459192,5,Mantap paket lengkap sesuai deskripsi.. Terimakasih sudah amanah 🙏,1763342853,5 bulan lalu,Default,True,Anonymous,0,False,False,
X Beauty 1 Paket Isi 6 Redjelly Day Peach,1770433051,5,"Baru kasih ulasan karna mau liat hasilnya ,trnyata setelah 2 Minggu perubahan nya sangat2 nyataa 😭
Ini muka bangun tdr blm pakek day cream tapi udah SE cerah ini ,makasih cintakuuu ♥️♥️♥️♥️",1763341484,5 bulan lalu,Default,True,Anonymous,0,True,False,
X Beauty 1 Paket Isi 6 Redjelly Day Peach,1770277810,5,"Manfaat produk: Untuk acne
Bahan: Baguss bangt
Jenis kulit: Kering",1763326789,5 bulan lalu,Default,True,Anonymous,0,False,False,
X Beauty 1 Paket Isi 6 Redjelly Day Peach,1769847216,2,"Sdh sampe🤗,mudah²an cocokya",1763291794,5 bulan lalu,Default,True,Anonymous,0,True,False,
X Beauty 1 Paket Isi 6 Redjelly Day Peach,1769766366,4,Sesuai pesanan semoga cocok ya,1763288947,5 bulan lalu,Default,True,Anonymous,0,True,True,
X Beauty 1 Paket Isi 6 Redjelly Day Peach,1769585592,3,Paket ke dua kalinya semoga sudah ada perubahan,1763281829,5 bulan lalu,Default,True,Anonymous,0,True,False,
X Beauty 1 Paket Isi 6 Redjelly Day Peach,1769471467,5,Sesuai deskripsi,1763277118,5 bulan lalu,Default,True,Anonymous,0,True,False,
X Beauty 1 Paket Isi 6 Redjelly Day Peach,1769365066,5,"Baguss produk nya,",1763272999,5 bulan lalu,Default,True,Anonymous,0,False,False,
X Beauty 1 Paket Isi 6 Redjelly Day Peach,1769350646,3,Packing aman,1763272414,5 bulan lalu,Default,True,Anonymous,0,False,False,
X Beauty 1 Paket Isi 6 Redjelly Day Peach,1769301738,5,Udah Abis 2paket mantul,1763270484,5 bulan lalu,Default,True,Anonymous,0,False,False,
X Beauty 1 Paket Isi 6 Redjelly Day Peach,1768558390,5,bagusss semoga ngefek di kulit aku,1763212760,5 bulan lalu,Default,True,Anonymous,0,False,False,
X Beauty 1 Paket Isi 6 Redjelly Day Peach,1768123687,4,Lom cuba semoga cocok,1763196173,5 bulan lalu,Default,True,Anonymous,0,False,False,
X Beauty 1 Paket Isi 6 Redjelly Day Peach,1768095099,5,"Yang tertulis 6 paket tapi yang di kirim 7 paket, MasyaAllah makasih,baru pertama beli,semoga cocok",1763195045,5 bulan lalu,Default,True,Anonymous,0,True,False,
X Beauty 1 Paket Isi 6 Redjelly Day Peach,1768046056,5,Paket yang ditunggu udah smpai,1763193104,5 bulan lalu,Default,True,Anonymous,0,True,False,
X Beauty 1 Paket Isi 6 Redjelly Day Peach,1767822099,5,Baru mau nyoba ya. Mudahan flekk di wajahku bisa berkurang. Makasiii buat smuanya ya,1763184920,5 bulan lalu,Default,True,Anonymous,0,False,False,
X Beauty 1 Paket Isi 6 Redjelly Day Peach,1767685490,5,"Maaf baru kasih ulasan, nunggu hasilnya dlu hehe
Alhamdulillah paket sesuai pesanan cuma emang dapat nya masih kemasan lama, tp mashaallah dapet free night cream booster nya 😍😍
Terimakasih seller, dan untuk hasil nya udah keliatan walaupun baru pemakaian 2harii",1763180275,5 bulan lalu,Default,True,Anonymous,0,False,False,
X Beauty 1 Paket Isi 6 Redjelly Day Peach,1767658545,5,Baru 3 hri pakee.bagusssss smoga ccok trus,1763179350,5 bulan lalu,Default,True,Anonymous,0,True,False,
X Beauty 1 Paket Isi 6 Redjelly Day Peach,1767576911,5,Peroduk sesuai bagus rapih pengiriman cepet kulir ramah,1763176489,5 bulan lalu,Default,True,Anonymous,0,False,False,
X Beauty 1 Paket Isi 6 Redjelly Day Peach,1767126634,4,Mudah&#34;an cocok,1763134029,5 bulan lalu,Default,True,Anonymous,0,False,False,
X Beauty 1 Paket Isi 6 Redjelly Day Peach,1767122562,2,Day cream nya ko beda ya,1763133760,5 bulan lalu,Default,True,Anonymous,0,True,False,
X Beauty 1 Paket Isi 6 Redjelly Day Peach,1767104548,5,"Bahan: Tekstur lembut gak lengket
Manfaat produk: Mencerahkan, menghilangkan bekas jerawat
Jenis kulit: Sensitif
Mendarat dengan selamat, order yang ketiga kalinya. Tapi yang ini gak ada pouchnya tapi Alhamdulillah aku di kasih bonus night cream booster. Makasih seller 👍",1763132598,5 bulan lalu,Default,True,Anonymous,0,True,False,
X Beauty 1 Paket Isi 6 Redjelly Day Peach,1766915405,5,"Sengaja baru ngasih ulasan pgn liat dulu hasilnya.. bagus hasilnya before afternya udah keliatan, btw yg baju item sebelum pakai Xbeauty, baru pemakaian 1 paket ini udah lumayan bersih putihan dikit😂😂 hasilnya top markotop👍👍👍",1763124035,5 bulan lalu,Default,True,Anonymous,0,True,False,
X Beauty 1 Paket Isi 6 Redjelly Day Peach,1766406734,2,Paket udh nyampe....nnti klu ada perubahan baru aku kmbli,1763107766,5 bulan lalu,Default,True,Anonymous,0,False,False,
X Beauty 1 Paket Isi 6 Redjelly Day Peach,1766247678,4,Baru pertama nyoba smoga cocok biar gak gonta ganti skincare lagi🥺🤲🏻,1763102114,5 bulan lalu,Default,True,Anonymous,0,True,False,
X Beauty 1 Paket Isi 6 Redjelly Day Peach,1766173333,5,"Syuka beett sama wangix 😍
Semoga cocok biar langganan terus🙏",1763099506,5 bulan lalu,Default,True,Anonymous,0,False,False,
X Beauty 1 Paket Isi 6 Redjelly Day Peach,1766161892,5,Thank ka klo bagus next order,1763099118,5 bulan lalu,Default,True,Anonymous,0,False,False,
X Beauty 1 Paket Isi 6 Redjelly Day Peach,1766016849,5,"Sesuai pesanan kemasan aman&amp;rapih,semoga aja cocok pake ini",1763094585,5 bulan lalu,Default,True,Anonymous,0,True,False,
X Beauty 1 Paket Isi 6 Redjelly Day Peach,1765951807,3,Bagus yang lama buat tekstur nya gampang di blen yang pekejing lama...,1763092685,5 bulan lalu,Default,True,Anonymous,0,False,False,
X Beauty 1 Paket Isi 6 Redjelly Day Peach,1765903579,5,"Bahan: Lembut
Manfaat produk: Mencerahkan
Jenis kulit: Normal
Bagus banget udah 2x beli di sini dan aq cocok",1763091203,5 bulan lalu,Default,True,Anonymous,0,True,True,
X Beauty 1 Paket Isi 6 Redjelly Day Peach,1765872029,5,Akhirnya udah datang juga yang ditunggu-tunggu Alhamdulillah udah make 3 kali paket dapat salep plecinya juga nggak diangkat bagus banget sih ☺️,1763090164,5 bulan lalu,Default,True,Anonymous,0,True,True,
X Beauty 1 Paket Isi 6 Redjelly Day Peach,1765817371,5,"Baru pertama cobaa semogaa cocok ya kak, dengan harga 90ribu terlalu murahh kak🤭semogaa hasillnya glowingg🥰",1763088269,5 bulan lalu,Default,True,Anonymous,0,True,False,
X Beauty 1 Paket Isi 6 Redjelly Day Peach,1765791396,5,"Sumpah ini aku dpt free night booster, thnks min",1763087294,5 bulan lalu,Default,True,Anonymous,0,True,False,
X Beauty 1 Paket Isi 6 Redjelly Day Peach,1765737455,5,"• Facial wash nya gentle polll, busa sedikit, ngga bikin ketarik, ngga bikin kering & lembab
• Serum nya cepat meresap dan bikin wajahku lebih bersih & cerah
• day cream nya bagus polll, TonUp ga lebay, nyatu kekulit, cerah, ga bikin minyakan/gerah

Tipe kulit sensitif kemerahan kusam

Worthtit bgt",1763085029,5 bulan lalu,Default,True,Anonymous,0,False,False,
X Beauty 1 Paket Isi 6 Redjelly Day Peach,1765547075,5,Sudah belii ke 3 kali nya,1763074189,5 bulan lalu,Default,True,Anonymous,0,False,False,
X Beauty 1 Paket Isi 6 Redjelly Day Peach,1765534169,5,Baru mau coba,1763073001,5 bulan lalu,Default,True,Anonymous,0,False,False,
X Beauty 1 Paket Isi 6 Redjelly Day Peach,1765526023,5,"Pertama kali coba,, bagus,,packing rapi harum cuman krim malamnya agak lain wanginya,, next kalo cocok order lagi",1763072182,5 bulan lalu,Default,True,Anonymous,0,True,False,
X Beauty 1 Paket Isi 6 Redjelly Day Peach,1765388467,5,Kualitas bagus,1763052808,5 bulan lalu,Default,True,Anonymous,0,False,False,
X Beauty 1 Paket Isi 6 Redjelly Day Peach,1765174630,5,"Guys ini pemakaian blm seminggu yaa , cream malem nya enak banget tpi serum sama red jelly gak aku pake.",1763040272,5 bulan lalu,Default,True,Anonymous,0,True,False,
X Beauty 1 Paket Isi 6 Redjelly Day Peach,1765117986,1,"baru kali ini nyesel + sedikit trauma beli skincare paketan dan harga nya yg murc 😭baru 1 hari pemakaian trus liat vt org² ko gtu, trus ragu anjirr akhirnya stop cuma 1 kali pakai  pdhl bru beli dannn muka jadi breakout yaallah sedihhh bangettttttttt.",1763038273,5 bulan lalu,Default,True,Anonymous,0,False,False,
X Beauty 1 Paket Isi 6 Redjelly Day Peach,1764947373,5,Mntp,1763033083,5 bulan lalu,Default,True,Anonymous,0,True,False,
X Beauty 1 Paket Isi 6 Redjelly Day Peach,1764560028,5,Dapet 7 pcs dong🥰moga aja ccok,1763021808,5 bulan lalu,Default,True,Anonymous,0,True,False,
X Beauty 1 Paket Isi 6 Redjelly Day Peach,1764402563,5,"Paket nya udah Sampek 
Kurir nya juga Ramah tapi kenapa ak GK dpt tas yg pink itu loh mungkin GK kebagian trs ak dpt tambahan produk moisturizer2 di pakai kapan ak GK tau",1763016496,5 bulan lalu,Default,True,Anonymous,0,False,False,
X Beauty 1 Paket Isi 6 Redjelly Day Peach,1764371346,5,"Barang yaaa bagusss polll sukaa bangetttt,,lucuuuu pinky’, facial washnya jugaaa wangi bangett,sukaaa lucuuu😍😍😫",1763015471,5 bulan lalu,Default,True,Anonymous,0,True,False,
X Beauty 1 Paket Isi 6 Redjelly Day Peach,1764214841,5,kemasan bagus dan rapi dapat bonus 1,1763010540,5 bulan lalu,Default,True,Anonymous,0,True,False,
X Beauty 1 Paket Isi 6 Redjelly Day Peach,1763936218,5,baru mauuu cobaaaa semogaaa cocok yakkk😘😘😘😘💖💖💖,1763002007,5 bulan lalu,Default,True,Anonymous,0,True,False,
X Beauty 1 Paket Isi 6 Redjelly Day Peach,1763465781,5,Makasih kak Semoga cocok deh di aku,1762959489,5 bulan lalu,Default,True,Anonymous,0,True,False,
X Beauty 1 Paket Isi 6 Redjelly Day Peach,1763421691,2,"Kok kemasannya beda yaa, yang lain bukan kayak gini, jadi takut makainya",1762957310,5 bulan lalu,Default,True,Anonymous,0,True,False,
X Beauty 1 Paket Isi 6 Redjelly Day Peach,1763169307,5,Bagus,1762948167,5 bulan lalu,Default,True,Anonymous,0,False,False,
X Beauty 1 Paket Isi 6 Redjelly Day Peach,1763155836,5,ini bener bener gong sii di aku seminggu udah keliatan bangett perubahannya lebih bersih jerawatku juga tinggal bekas doangg luvv bangettt yang tadinya pake produk lain ngga cocok pindah ke ini langsung keliatan si perbedaannya💗🥰,1762947778,5 bulan lalu,Default,True,Anonymous,0,False,False,
X Beauty 1 Paket Isi 6 Redjelly Day Peach,1763141095,5,"Paket nyah baru sampai,",1762947339,5 bulan lalu,Default,True,Anonymous,0,False,False,
X Beauty 1 Paket Isi 6 Redjelly Day Peach,1763077064,5,Semoga ada hasil👍,1762945530,5 bulan lalu,Default,True,Anonymous,0,False,False,
X Beauty 1 Paket Isi 6 Redjelly Day Peach,1762756973,5,"Langganan ditokoh ini
Aku udah CO 9 paket
Dan paket ke 10 nya dapet pot baru lebih besar pot day &amp; night cream",1762935861,5 bulan lalu,Default,True,Anonymous,0,False,False,
X Beauty 1 Paket Isi 6 Redjelly Day Peach,1762713829,5,"maaf bgt telat ngasih ulasan nya, tapi ini ok bgt barang nya mendarat dengan aman😉",1762934308,5 bulan lalu,Default,True,Anonymous,0,True,False,
X Beauty 1 Paket Isi 6 Redjelly Day Peach,1762230908,5,Bgus bngt mng glowing muka ahh suka🤗,1762917961,5 bulan lalu,Default,True,Anonymous,0,False,False,
X Beauty 1 Paket Isi 6 Redjelly Day Peach,1761965251,5,"Bismillahirrahmanirrahim baru pertama kali pake semoga cocok,, di kulit meresap cocok bngt buat muka aku yang gampang komedoan krimnya juga gampang di belain😍",1762904437,5 bulan lalu,Default,True,Anonymous,0,True,False,
X Beauty 1 Paket Isi 6 Redjelly Day Peach,1761621354,5,Cukup bintang yg bicara.,1762867009,5 bulan lalu,Default,True,Anonymous,0,False,False,
X Beauty 1 Paket Isi 6 Redjelly Day Peach,1761307651,5,"Sudah ku pake 3-4 harian belum keliatan hasil sih semoga aja pemakaian 2minggu bisa bikin cerah di wajah dan semoga tidak menimbulkan jerawat😁
Kalo cocok bakalan order lagi, tapi untuk cream nya dikit banget isinya cuman 10gr, ntah bisa nyampe 1 bukan gk ini ya🤭",1762856528,5 bulan lalu,Default,True,Anonymous,0,True,False,
X Beauty 1 Paket Isi 6 Redjelly Day Peach,1761282020,5,"Paket sudah tiba maksih kk semoga cocok di wajah aku ,lengkap paketnya",1762855721,5 bulan lalu,Default,True,Anonymous,0,False,False,
X Beauty 1 Paket Isi 6 Redjelly Day Peach,1761256315,5,"Produk nya bagus,semuanya original ini paket yg ke 3 aku",1762854830,5 bulan lalu,Default,True,Anonymous,0,False,False,
X Beauty 1 Paket Isi 6 Redjelly Day Peach,1761036068,5,sengaja baru ngasih ulasan mau nyoba dulu ini hasil belum ada satu paket ya bes mantul poll🥰🥰😘,1762846664,5 bulan lalu,Default,True,Anonymous,0,True,False,
X Beauty 1 Paket Isi 6 Redjelly Day Peach,1760389409,5,pembelian ke dua smga cocok terus,1762817602,5 bulan lalu,Default,True,Anonymous,0,True,False,
X Beauty 1 Paket Isi 6 Redjelly Day Peach,1760287071,4,Aku kasih bintang 4 karna kurang puas masak yg di kirim night cream semua day cream ya gak ada aku kecewa sih padahal aku udah exsaitit mau coba day cream ya trus dari reseller ya malah nyuruh aku buat co day cream ya secara pisah kecewa pokoknya😮‍💨😮‍💨😮‍💨,1762799566,5 bulan lalu,Default,True,Anonymous,0,False,True,
X Beauty 1 Paket Isi 6 Redjelly Day Peach,1760167654,4,Semoga cocok,1762786300,5 bulan lalu,Default,True,Anonymous,0,False,False,
X Beauty 1 Paket Isi 6 Redjelly Day Peach,1759781168,5,"Mudah² cocok di muka,",1762770240,5 bulan lalu,Default,True,Anonymous,0,True,False,
X Beauty 1 Paket Isi 6 Redjelly Day Peach,1759104979,4,Semoga aja cocok,1762745385,5 bulan lalu,Default,True,Anonymous,0,False,False,
X Beauty 1 Paket Isi 6 Redjelly Day Peach,1759055937,5,Saya suka sama creamnya engga lengket sama sekali🥰,1762743613,5 bulan lalu,Default,True,Anonymous,0,False,False,
X Beauty 1 Paket Isi 6 Redjelly Day Peach,1758979578,5,Semoga cocok nyobak produk nya,1762741968,5 bulan lalu,Default,True,Anonymous,0,False,False,
X Beauty 1 Paket Isi 6 Redjelly Day Peach,1758534201,5,Pokonya suka doain semoga cocok soal nya Bru prtma kali pake produk ini biar JD lngganan kan klw cocok mah,1762697976,5 bulan lalu,Default,True,Anonymous,0,False,False,
X Beauty 1 Paket Isi 6 Redjelly Day Peach,1758089983,5,Paketnya sudah mendarat dengan aman,1762680192,5 bulan lalu,Default,True,Anonymous,0,True,False,
X Beauty 1 Paket Isi 6 Redjelly Day Peach,1758073006,1,"Serum nya pecahh dan isi nya habis...
Krna pemekinganya gak aman🥲",1762679504,5 bulan lalu,Default,True,Anonymous,0,True,False,
X Beauty 1 Paket Isi 6 Redjelly Day Peach,1757333456,5,Bagus bangett aku Suka sama produknya tokonya juga amanah,1762645970,5 bulan lalu,Default,True,Anonymous,0,True,False,
X Beauty 1 Paket Isi 6 Redjelly Day Peach,1757273903,5,"Masyaallah gabisa berkata kata pokonya😭ini skincare bagus walaupun harganya murah,paling suka sama day creamnya bikin glowing poll,makasih udah nyiptain produk ini kulitku yg susah cerah jadi glowing sekarang🫶🏻🩷",1762638941,5 bulan lalu,Default,True,Anonymous,0,True,False,
X Beauty 1 Paket Isi 6 Redjelly Day Peach,1757219101,5,Semoga cocok,1762622995,5 bulan lalu,Default,True,Anonymous,0,False,False,
X Beauty 1 Paket Isi 6 Redjelly Day Peach,1757115526,5,cocok glow dan cerah next order lagi pastinya.,1762613003,5 bulan lalu,Default,True,Anonymous,0,False,False,
X Beauty 1 Paket Isi 6 Redjelly Day Peach,1757042833,5,"Barangnya bagus,aku udah yg ke dua kali pakai produk ini 🙂",1762608831,5 bulan lalu,Default,True,Anonymous,0,False,False,
X Beauty 1 Paket Isi 6 Redjelly Day Peach,1756961495,4,Baru sampee pagi lngsung dicobaa,1762604981,5 bulan lalu,Default,True,Anonymous,0,False,False,
X Beauty 1 Paket Isi 6 Redjelly Day Peach,1756730288,5,Baru nyoba si smoga ccok yaa,1762596411,5 bulan lalu,Default,True,Anonymous,0,False,False,
X Beauty 1 Paket Isi 6 Redjelly Day Peach,1756508183,5,"Paketannya mendarat dgn semprna gk ada yg pecah,barang sesuai yg dipesan,semoga cocok bida lenganan beli di sini 😍😍",1762587409,5 bulan lalu,Default,True,Anonymous,0,True,False,
X Beauty 1 Paket Isi 6 Redjelly Day Peach,1756472176,5,"Manfaat produk: Memutihkan
Jenis kulit: Normal
Foto kedua sudah aku pake.. dan foto pertama kok beda yaa tempatnya cream.. apa ganti kemasan",1762585892,5 bulan lalu,Default,True,Anonymous,0,True,False,
X Beauty 1 Paket Isi 6 Redjelly Day Peach,1756359195,5,"Bahan: Lembut
Manfaat produk: Mencerahkan
Jenis kulit: Berminyak
Sudah paket kedua dengan peacking yg baru",1762581299,5 bulan lalu,Default,True,Anonymous,0,True,False,
X Beauty 1 Paket Isi 6 Redjelly Day Peach,1756046263,5,Bagus,1762569518,5 bulan lalu,Default,True,Anonymous,0,False,False,
X Beauty 1 Paket Isi 6 Redjelly Day Peach,1755786777,5,Bagus banget,1762546654,5 bulan lalu,Default,True,Anonymous,0,False,False,
X Beauty 1 Paket Isi 6 Redjelly Day Peach,1755728696,5,"Produknya bagus wangi,teksturnya ga lengket dimuka semoga cocok aja dikulit aku yg susah putih",1762533899,5 bulan lalu,Default,True,Anonymous,0,True,False,
X Beauty 1 Paket Isi 6 Redjelly Day Peach,1755627203,5,Bagus semoga cocok,1762526509,5 bulan lalu,Default,True,Anonymous,0,False,False,
X Beauty 1 Paket Isi 6 Redjelly Day Peach,1755545315,4,"Baru dateng nih paketnya,blum bisa kasih ulasan lebih soalnya baru mau coba😁",1762522610,5 bulan lalu,Default,True,Anonymous,0,False,True,
X Beauty 1 Paket Isi 6 Redjelly Day Peach,1755482079,5,"Bahan: Baik
Manfaat produk: Untuk wajah
Jenis kulit: Sensitif",1762519874,5 bulan lalu,Default,True,Anonymous,0,False,False,
X Beauty 1 Paket Isi 6 Redjelly Day Peach,1755294121,5,"Pengiriman nya cepat 
Dan baru pertama kali pemakaian udh terasa kayak cocok gitu🥰",1762513206,5 bulan lalu,Default,True,Anonymous,0,False,False,
X Beauty 1 Paket Isi 6 Redjelly Day Peach,1755266757,5,"bru pake seminggu udah ada hasilnyaa, aku sukaa bgd cream nya ga lengket sma skalii🥰😘 cocok di kulitt aku❤️",1762512342,5 bulan lalu,Default,True,Anonymous,0,False,False,
X Beauty 1 Paket Isi 6 Redjelly Day Peach,1755170501,5,Sangat puas,1762509028,5 bulan lalu,Default,True,Anonymous,0,False,False,
X Beauty 1 Paket Isi 6 Redjelly Day Peach,1755041723,5,Barang sesua dan aman pengeriman,1762504229,5 bulan lalu,Default,True,Anonymous,0,True,False,
X Beauty 1 Paket Isi 6 Redjelly Day Peach,1754782174,5,Sesuai pesanan pengiriman cepat,1762493896,5 bulan lalu,Default,True,Anonymous,0,False,False,
X Beauty 1 Paket Isi 6 Redjelly Day Peach,1754614799,3,"Bagus datang rapih coba dlu klau ad perubahan d wajah pesan lgih
Ksih bintang dlu 3 nantiy klau cocok d wajah ksih bintang 5",1762488201,5 bulan lalu,Default,True,Anonymous,0,True,False,
X Beauty 1 Paket Isi 6 Redjelly Day Peach,1754444966,5,Paket nya udah sampai ya ini cek out yg ke dua kali ada perubahan sih tapi gk terlalu glowing amt ya mudah2 han bisa glowing banget kayak temen2 di tik tok.oke terima kasihh😊,1762482173,5 bulan lalu,Default,True,Anonymous,0,False,False,
X Beauty 1 Paket Isi 6 Redjelly Day Peach,1754107563,5,"Paketnya dtang dgn baik, pket pertama aq, smoga ccok di kulit aq y",1762444477,5 bulan lalu,Default,True,Anonymous,0,False,False,
X Beauty 1 Paket Isi 6 Redjelly Day Peach,1754033564,1,Mukaku jadi tambah kusam jerawatan 😭😭😭q liat diulasan pada cocok,1762439608,5 bulan lalu,Default,True,Anonymous,0,False,False,
X Beauty 1 Paket Isi 6 Redjelly Day Peach,1753896309,5,Blm di coba semoga cocok,1762433527,5 bulan lalu,Default,True,Anonymous,0,False,False,
X Beauty 1 Paket Isi 6 Redjelly Day Peach,1753891831,5,Sesuai,1762433358,5 bulan lalu,Default,True,Anonymous,0,True,False,
X Beauty 1 Paket Isi 6 Redjelly Day Peach,1753654603,5,Terimakasih barang nya SDH sampai dengan selamat,1762425620,5 bulan lalu,Default,True,Anonymous,0,False,False,
X Beauty 1 Paket Isi 6 Redjelly Day Peach,1753636433,5,"Sudah dteng paket ya, semua aman pengking ya pun rapih,,
Produk ya bagus gk lengket
Lembut dimuka",1762425083,5 bulan lalu,Default,True,Anonymous,0,True,False,
X Beauty 1 Paket Isi 6 Redjelly Day Peach,1753564745,1,Ajing dapet yg palsu kecewa banget aku SM produk ini,1762422772,5 bulan lalu,Default,True,Anonymous,0,True,False,
X Beauty 1 Paket Isi 6 Redjelly Day Peach,1753364339,4,kemasannya kurang ngtrep kak jdi ada yg tumpah dikit,1762415539,5 bulan lalu,Default,True,Anonymous,0,False,False,
X Beauty 1 Paket Isi 6 Redjelly Day Peach,1753272928,5,Baru mencoba semoga cocok,1762412142,5 bulan lalu,Default,True,Anonymous,0,True,False,
X Beauty 1 Paket Isi 6 Redjelly Day Peach,1753146457,2,"Saya kasih bintang dua dulu, karna saya sudah pemakaian 1 minggu lebih, terus jerawat makin muncul di muka dan kusam, ntah kenapa 🫠",1762407618,5 bulan lalu,Default,True,Anonymous,0,False,False,
X Beauty 1 Paket Isi 6 Redjelly Day Peach,1753125819,5,👍👍👍,1762406946,5 bulan lalu,Default,True,Anonymous,0,False,False,
X Beauty 1 Paket Isi 6 Redjelly Day Peach,1753065334,4,bagus wangi,1762404984,5 bulan lalu,Default,True,Anonymous,0,False,False,
X Beauty 1 Paket Isi 6 Redjelly Day Peach,1753003403,2,seeumnya datang kondisi pecah padahal pengen coba kecewa banget,1762403018,5 bulan lalu,Default,True,Anonymous,0,True,False,
X Beauty 1 Paket Isi 6 Redjelly Day Peach,1752891098,5,Baru pertama semoga cocok,1762399344,5 bulan lalu,Default,True,Anonymous,0,True,False,
X Beauty 1 Paket Isi 6 Redjelly Day Peach,1752593801,3,"Bintang 3 dulu ya, nanti kalo udah ada perubahan 1 paket aku kembali lagi",1762383974,5 bulan lalu,Default,True,Anonymous,0,False,False,
X Beauty 1 Paket Isi 6 Redjelly Day Peach,1752253653,5,Paket datang sangat sesuai dan jga wangi nya harum sekali kurir nya jga ramah ini saya baru mau coba nanti kalo cocok saya pasti pesan lagi,1762350478,5 bulan lalu,Default,True,Anonymous,0,False,False,
X Beauty 1 Paket Isi 6 Redjelly Day Peach,1752135023,4,"Baru pertama coba mudahan cocok
Kalau cocok bakal beli lagi di tokoh ini",1762345975,5 bulan lalu,Default,True,Anonymous,0,False,False,
X Beauty 1 Paket Isi 6 Redjelly Day Peach,1752109095,5,Terimakasih,1762345083,5 bulan lalu,Default,True,Anonymous,0,False,False,
X Beauty 1 Paket Isi 6 Redjelly Day Peach,1752106811,3,"baru sampai,baru beli satu kali, nanti kalo bagus order lagi",1762345009,5 bulan lalu,Default,True,Anonymous,0,True,False,
X Beauty 1 Paket Isi 6 Redjelly Day Peach,1752013429,2,Kurang 1pics mbaa,1762342175,5 bulan lalu,Default,True,Anonymous,0,True,False,
X Beauty 1 Paket Isi 6 Redjelly Day Peach,1751968088,5,Alhamdulillah nya udh dtng smnga cocok,1762340873,5 bulan lalu,Default,True,Anonymous,0,True,False,
X Beauty 1 Paket Isi 6 Redjelly Day Peach,1751953768,3,Aku nitip before nya dulu ya klo bagus naikin reting bintangny 5,1762340462,5 bulan lalu,Default,True,Anonymous,0,True,False,
X Beauty 1 Paket Isi 6 Redjelly Day Peach,1751860294,5,Semoga cocok,1762337790,5 bulan lalu,Default,True,Anonymous,0,True,False,
X Beauty 1 Paket Isi 6 Redjelly Day Peach,1751835296,5,Pertamaa kalii cobaa moga cocok dehh,1762337011,5 bulan lalu,Default,True,Anonymous,0,False,False,
X Beauty 1 Paket Isi 6 Redjelly Day Peach,1751805869,4,Sangat bagus cocok bngtt buat muka aku,1762336073,5 bulan lalu,Default,True,Anonymous,0,False,False,
X Beauty 1 Paket Isi 6 Redjelly Day Peach,1751576724,5,Bagus bangettt muka jadi lebih putih+glowing🤩🥰 sukakkkk bangettt,1762327915,5 bulan lalu,Default,True,Anonymous,0,True,False,
X Beauty 1 Paket Isi 6 Redjelly Day Peach,1751473265,4,Baru mau mencoba,1762324110,5 bulan lalu,Default,True,Anonymous,0,True,False,
X Beauty 1 Paket Isi 6 Redjelly Day Peach,1751185484,5,"Asliii recomend produknya gong banget say !!!!
Untuk kulit yang normal ini yaa",1762314642,5 bulan lalu,Default,True,Anonymous,0,False,False,
X Beauty 1 Paket Isi 6 Redjelly Day Peach,1751155667,5,Bagus,1762313647,5 bulan lalu,Default,True,Anonymous,0,False,False,
X Beauty 1 Paket Isi 6 Redjelly Day Peach,1751140417,5,Baru pertama kali semoga cocok ya😍,1762313117,5 bulan lalu,Default,True,Anonymous,0,True,False,
X Beauty 1 Paket Isi 6 Redjelly Day Peach,1750692431,1,"Maaf bngt Tpi di aku bikin gosong parah bagian kumis menghitam+ bikin jerawatan parah,sebelum nya jerawat cmn satu 2 aja ini tiap hari muncul jerawat baru di tmpt yang berbeda2 mana perih bngt, gada proses klupas cmn ya itu perih mampus😭",1762271390,5 bulan lalu,Default,True,Anonymous,0,True,False,
X Beauty 1 Paket Isi 6 Redjelly Day Peach,1750335470,5,pertama kali coba semoga cocok,1762255044,5 bulan lalu,Default,True,Anonymous,0,False,False,
X Beauty 1 Paket Isi 6 Redjelly Day Peach,1750135356,5,"Paket yang ke 2 ,bagus banget wajah ku jadih bersihhh",1762247635,5 bulan lalu,Default,True,Anonymous,0,True,False,
X Beauty 1 Paket Isi 6 Redjelly Day Peach,1750115111,5,"Paket aman,udh pesan yg ke 3 kalinya sumpah gak mengecewakan selalu sukaa,bakal jdi tempat buat cekout lagi hehhe",1762246770,5 bulan lalu,Default,True,Anonymous,0,True,False,
X Beauty 1 Paket Isi 6 Redjelly Day Peach,1750058753,5,"Bahan: Lembut
Manfaat produk: Mencerahkan
Jenis kulit: Semua kulit
Udah paket kedua ya bestie pakek produk xbeuty walau pun blm mencerah kan tapi puas dengan hasil nya yg membuat Wajah saya bersih makasih seller nya",1762244327,5 bulan lalu,Default,True,Anonymous,0,True,False,
X Beauty 1 Paket Isi 6 Redjelly Day Peach,1749964744,5,Baru nyoba semoga cocok,1762240466,5 bulan lalu,Default,True,Anonymous,0,False,False,
X Beauty 1 Paket Isi 6 Redjelly Day Peach,1749823554,5,"Alhamdulillah Uda sampai 
Tapi blm aku coba",1762234250,5 bulan lalu,Default,True,Anonymous,0,True,False,
X Beauty 1 Paket Isi 6 Redjelly Day Peach,1749526828,5,Dapat harga 60 ribu sepaket mantappp,1762222192,5 bulan lalu,Default,True,Anonymous,0,False,False,
X Beauty 1 Paket Isi 6 Redjelly Day Peach,1749503434,5,"Jenis kulit: Baru mau coba semoga aja cocok
Kalau cocok nanti saya pesan lagi",1762221060,5 bulan lalu,Default,True,Anonymous,0,True,False,
X Beauty 1 Paket Isi 6 Redjelly Day Peach,1748978674,5,Bgus bnget .cocok di wajah aku..pkok ny ud lngganan SMa Kk ini🥰,1762174446,5 bulan lalu,Default,True,Anonymous,0,False,False,
X Beauty 1 Paket Isi 6 Redjelly Day Peach,1748876525,5,Bgus bngt,1762170527,5 bulan lalu,Default,True,Anonymous,0,False,False,
X Beauty 1 Paket Isi 6 Redjelly Day Peach,1748708080,5,"THEBEST BGTT,JGN RAGU&#34; LGI🤍🤍😍
Manfaat produk: MENCERAHKAN KULIT/MENGHILANGKAN BRUNTUSAN
Jenis kulit: BRUNTUSAN/KUSAM
10/100😍😍",1762164668,5 bulan lalu,Default,True,Anonymous,0,True,False,
X Beauty 1 Paket Isi 6 Redjelly Day Peach,1748662600,3,Ko kemasan crem siang dan crem malem nya beda sama yg awal aku beli takut ga cocok😭,1762162981,5 bulan lalu,Default,True,Anonymous,0,True,False,
X Beauty 1 Paket Isi 6 Redjelly Day Peach,1748529613,5,"Alhamdulillah paket sudah datang dengan selamat, baru pemakaian pertama semoga cocok",1762157892,5 bulan lalu,Default,True,Anonymous,0,False,False,
X Beauty 1 Paket Isi 6 Redjelly Day Peach,1748487163,5,baru sampe 💗💗💗💗💗,1762156248,5 bulan lalu,Default,True,Anonymous,0,True,False,
X Beauty 1 Paket Isi 6 Redjelly Day Peach,1748485734,5,paket ke2 baru sampai,1762156192,5 bulan lalu,Default,True,Anonymous,0,True,False,
X Beauty 1 Paket Isi 6 Redjelly Day Peach,1748257780,5,"Baru makek 2 hr belum ada hasil, produknya bagus",1762147599,5 bulan lalu,Default,True,Anonymous,0,True,False,
X Beauty 1 Paket Isi 6 Redjelly Day Peach,1748222142,5,"Bagussss, cumn sebagai saran next pgrmn ya untuk serum di double bubble wrap karna serum sampai ya pecah, tapi onwer yah langsung ganti rugi si serum ya, cumn sedikit saran aja next ya double bubble wrap untuk serum ya !!! Sempat marah marah2 karna cht gak dibls😭ngmg kmna2 tap pelayanna sngt puas",1762146336,5 bulan lalu,Default,True,Anonymous,0,False,False,
X Beauty 1 Paket Isi 6 Redjelly Day Peach,1748117700,5,"Udah habis 4 paket slalu beli ditoko ini cocok bgt ,syukaaaa bikin glowing🥰",1762142729,5 bulan lalu,Default,True,Anonymous,0,False,False,
X Beauty 1 Paket Isi 6 Redjelly Day Peach,1748099752,4,"Baru mau aku coba, pengemasan rapii, pengiriman cepatt, semoga cocok dimuka ku yaa🥰🥰",1762142204,5 bulan lalu,Default,True,Anonymous,0,True,False,
X Beauty 1 Paket Isi 6 Redjelly Day Peach,1747781572,4,"Produk nya emng bagus bngt sih di pake 1 klo udh kelihatan hasilnya, cuma saya kecewa, serum nya kurang 1 saya beli 2 pket🙂",1762127597,5 bulan lalu,Default,True,Anonymous,0,False,False,
X Beauty 1 Paket Isi 6 Redjelly Day Peach,1747677001,3,"Sayang banget produk sebagus ini  ,tpi pas koplain ke toko nya gk di bls ,Day cream nya mna kok night cream semua??",1762115812,5 bulan lalu,Default,True,Anonymous,0,True,False,
X Beauty 1 Paket Isi 6 Redjelly Day Peach,1747664369,5,"Bahan: tekstur lembut mudah menyerap
Jenis kulit: sensitif kombinasi
Manfaat produk: memudarkan bekas jerawat , mengglowingkan",1762110559,5 bulan lalu,Default,True,Anonymous,0,False,False,
X Beauty 1 Paket Isi 6 Redjelly Day Peach,1747604087,5,"2x order  dsni, bgus  , cocok d muka aku",1762099591,5 bulan lalu,Default,True,Anonymous,0,False,False,
X Beauty 1 Paket Isi 6 Redjelly Day Peach,1747473306,5,"Bahan: Lembut
Manfaat produk: Ngecerah kan wajah
Jenis kulit: Semua kulit
Baru pertma pke smoga aja cocok 
Kurirnya juga ramah",1762091684,5 bulan lalu,Default,True,Anonymous,0,True,False,
X Beauty 1 Paket Isi 6 Redjelly Day Peach,1747360538,4,Baru nyoba udh seminggu tapi blom ad perubahan mungkin kalok udh sebulan baru terlihat hasilnya semoga bisa glowing.aku udh cek out lagi tinggal nunggu dateng😊,1762086652,5 bulan lalu,Default,True,Anonymous,0,False,False,
X Beauty 1 Paket Isi 6 Redjelly Day Peach,1747358508,5,Baguss bgt,1762086570,5 bulan lalu,Default,True,Anonymous,0,False,False,
X Beauty 1 Paket Isi 6 Redjelly Day Peach,1747319450,5,Produk nya bagus,1762085002,5 bulan lalu,Default,True,Anonymous,0,False,False,
X Beauty 1 Paket Isi 6 Redjelly Day Peach,1747316966,1,Beda kemasan nya. Isi cream nya jga encer kaya minyak.isi nya sikit sekali..nyesal udah pesan dua paket lagi😭😭,1762084942,5 bulan lalu,Default,True,Anonymous,0,True,False,
X Beauty 1 Paket Isi 6 Redjelly Day Peach,1747303920,5,"Bru mencoba mudhn cocok🥰
Klw cocok mau restok bnyk&#34;",1762084437,5 bulan lalu,Default,True,Anonymous,0,False,False,
X Beauty 1 Paket Isi 6 Redjelly Day Peach,1747093740,5,Pertama kali semoga cocok,1762076545,5 bulan lalu,Default,True,Anonymous,0,True,False,
X Beauty 1 Paket Isi 6 Redjelly Day Peach,1747049821,4,Blm ada perubahan udh mau 2minggu,1762074724,5 bulan lalu,Default,True,Anonymous,0,False,False,
X Beauty 1 Paket Isi 6 Redjelly Day Peach,1746903299,5,Udah orderan ke berapa kali nya emng bagus sih apa lgi day cream nya semakin siang semakin glowing,1762068296,5 bulan lalu,Default,True,Anonymous,0,False,False,
X Beauty 1 Paket Isi 6 Redjelly Day Peach,1746801103,4,Makasih paketnya udah datang walaupun agak lama tapi makasih dapat bonus red jelly semoga cocok di kulit wajah aku yah,1762063786,5 bulan lalu,Default,True,Anonymous,0,True,False,
X Beauty 1 Paket Isi 6 Redjelly Day Peach,1746758806,5,paket nya baru nyampe semoga cocok,1762062006,5 bulan lalu,Default,True,Anonymous,0,False,False,
X Beauty 1 Paket Isi 6 Redjelly Day Peach,1746674653,4,Semogaa cocok,1762058656,5 bulan lalu,Default,True,Anonymous,0,False,False,
X Beauty 1 Paket Isi 6 Redjelly Day Peach,1746583512,5,Bahan: enak di blend,1762055158,5 bulan lalu,Default,True,Anonymous,0,False,False,
X Beauty 1 Paket Isi 6 Redjelly Day Peach,1746470605,1,Gak akan belanja di toko ini lagi. Barangnya rusak. Sama barang tidak sesuai,1762050256,5 bulan lalu,Default,True,Anonymous,0,True,False,
X Beauty 1 Paket Isi 6 Redjelly Day Peach,1746449841,5,"Baru coba,semoga cocok di mukaku🙃",1762049214,5 bulan lalu,Default,True,Anonymous,0,True,False,
X Beauty 1 Paket Isi 6 Redjelly Day Peach,1746360862,5,"Trimakasih paking rapih seller baikk, baru mau cobaa semoga cocok hehe",1762043059,5 bulan lalu,Default,True,Anonymous,0,True,False,
X Beauty 1 Paket Isi 6 Redjelly Day Peach,1746284609,5,Bismillah. Semoga ccok,1762035132,5 bulan lalu,Default,True,Anonymous,0,False,False,
X Beauty 1 Paket Isi 6 Redjelly Day Peach,1746216650,5,Bagus,1762019590,5 bulan lalu,Default,True,Anonymous,0,True,False,
X Beauty 1 Paket Isi 6 Redjelly Day Peach,1746114442,5,ini baru 3 harian aku pake ini bekas crwt udh ga kliatan baguss poll wangi juga bikin kulit ga berminyak,1762008747,5 bulan lalu,Default,True,Anonymous,0,True,False,
X Beauty 1 Paket Isi 6 Redjelly Day Peach,1746062066,5,"Ga Putih2 Ya Kakk Muka Nya Aku, Udah Berbagai Cream Kagak Putih2 Nih Muka, Pakai Cream Nih Ga Putih, Pakai Cream itu Ga Putih, Capek Sendiri Sm Muka Aku Nih..",1762005617,5 bulan lalu,Default,True,Anonymous,0,False,False,
X Beauty 1 Paket Isi 6 Redjelly Day Peach,1745574058,5,Sippp,1761983890,5 bulan lalu,Default,True,Anonymous,0,False,False,
X Beauty 1 Paket Isi 6 Redjelly Day Peach,1745283854,4,Kenapa tonernya gaada malah facial wash nya ada dua terus beda warna kemasannya,1761971494,5 bulan lalu,Default,True,Anonymous,0,True,False,
X Beauty 1 Paket Isi 6 Redjelly Day Peach,1745263380,5,"Paketnya udah smpek kak, alhamdulillah packaging nya rapi bnget dan ssuai gambar",1761970722,5 bulan lalu,Default,True,Anonymous,0,False,False,
X Beauty 1 Paket Isi 6 Redjelly Day Peach,1745201951,5,Baru pertama kali coba mudah mudahan cocok di muka aku ...,1761968303,5 bulan lalu,Default,True,Anonymous,0,False,False,
X Beauty 1 Paket Isi 6 Redjelly Day Peach,1745115512,5,Mantul bnget aku bru pke 5 hri udh ada perbedaan,1761964665,5 bulan lalu,Default,True,Anonymous,0,False,False,
X Beauty 1 Paket Isi 6 Redjelly Day Peach,1745078295,5,Pemakaian pertama dr produk semua wanggi khas aku suka wanginya daycerm nya jg lngsng ngeset SM wjh ku SMG dr sekian bnyk yg aku coba ini yg cocok buat aku Krn slm ini blm nemuin yg cocok buat wjh sensitif ku,1761962960,5 bulan lalu,Default,True,Anonymous,0,True,False,
X Beauty 1 Paket Isi 6 Redjelly Day Peach,1744552016,4,"Baru mau coba semoga cocok
Jenis kulit: Sensitif, jerawat on of , kulit kering",1761915572,5 bulan lalu,Default,True,Anonymous,0,True,True,
X Beauty 1 Paket Isi 6 Redjelly Day Peach,1744449922,5,Baru mau dicoba. Semog cocok diwajah ku biar jdi langganan,1761911236,5 bulan lalu,Default,True,Anonymous,0,True,False,
X Beauty 1 Paket Isi 6 Redjelly Day Peach,1744445131,4,Baru pemakainyan 4 hari mau ke 5 hari ges ini aku simpen sinih kitah liat perubahanyah,1761911048,5 bulan lalu,Default,True,Anonymous,0,True,False,
X Beauty 1 Paket Isi 6 Redjelly Day Peach,1744278398,5,Manfaat produk: Vbb,1761905079,5 bulan lalu,Default,True,Anonymous,0,False,False,
X Beauty 1 Paket Isi 6 Redjelly Day Peach,1744166004,4,Manfaat produk: Merawat kulit,1761900557,5 bulan lalu,Default,True,Anonymous,0,False,False,
X Beauty 1 Paket Isi 6 Redjelly Day Peach,1744063927,5,Barang baru nyampek semoga cocok,1761896265,5 bulan lalu,Default,True,Anonymous,0,True,False,
X Beauty 1 Paket Isi 6 Redjelly Day Peach,1743917718,5,"Semoga cocok dimuka aku yang super duper sensitif ini,, 
Aku akan kembali lagi kalo skincare habis dengan perubahan wajah ku",1761890248,5 bulan lalu,Default,True,Anonymous,0,False,False,
X Beauty 1 Paket Isi 6 Redjelly Day Peach,1743700988,5,"Blum di coba 
 Semoga aja cocok",1761882178,5 bulan lalu,Default,True,Anonymous,0,False,False,
X Beauty 1 Paket Isi 6 Redjelly Day Peach,1743633243,4,Pemakaian hampir 2 Minggu muka terasa ketarikk kenceng,1761879823,5 bulan lalu,Default,True,Anonymous,0,False,False,
X Beauty 1 Paket Isi 6 Redjelly Day Peach,1743534832,5,"Paket nya sudah sampai ya GK ada yg kurang juga GK ada yg rusak semua bgus 
Baru pertama kali beli semoga cocok ya",1761875597,5 bulan lalu,Default,True,Anonymous,0,True,False,
X Beauty 1 Paket Isi 6 Redjelly Day Peach,1743260899,5,Sudah banyak kalii pakai skincare x beautyskin gacorrr poll mantulll dari kemasan yg prtama sama ganti kemasan pkonya secinta itu🩷🔥🥰,1761843261,5 bulan lalu,Default,True,Anonymous,0,True,False,
X Beauty 1 Paket Isi 6 Redjelly Day Peach,1742719541,5,"Jenis kulit: Jerawat on of baru mau nyoba semoga cocok,  langsung pesen 2pket dapet bonus red jel nya alhamdulillah,,karena bawaan hamil jadi nyium wanginya rada pusing semoga bisa rutin dan gk mles makenya☺",1761817298,5 bulan lalu,Default,True,Anonymous,0,True,False,
X Beauty 1 Paket Isi 6 Redjelly Day Peach,1742687000,5,Bismillahirrahmanirrahim day 1 semoga cocok di aku nanti kalo udah abis satu paket aku bakal Spil muka aku before or after,1761816046,5 bulan lalu,Default,True,Anonymous,0,True,False,
X Beauty 1 Paket Isi 6 Redjelly Day Peach,1742436803,5,Paket bar udh dtg blm dicoba,1761805694,5 bulan lalu,Default,True,Anonymous,0,False,False,
X Beauty 1 Paket Isi 6 Redjelly Day Peach,1742420359,5,BismiLah smogga ccok,1761805046,5 bulan lalu,Default,True,Anonymous,0,False,False,
X Beauty 1 Paket Isi 6 Redjelly Day Peach,1742381229,5,"Manfaat produk: Mencerahkan bangettt baruu pemakaian 6harii udahh ada hasilnyaa next orderrr lagii
Jenis kulit: Berminyak sedikit kusem beruntusan
Maaff baruu ngasih ulasann soalnya mauu lihatt perubahan duluu pokok debessss bangetttt dehh",1761803492,5 bulan lalu,Default,True,Anonymous,0,False,False,
X Beauty 1 Paket Isi 6 Redjelly Day Peach,1742227432,5,Akhirnya sampai juga paketnya,1761797805,5 bulan lalu,Default,True,Anonymous,0,True,False,
X Beauty 1 Paket Isi 6 Redjelly Day Peach,1742102967,5,"Good,  meresap",1761793229,5 bulan lalu,Default,True,Anonymous,0,True,False,
X Beauty 1 Paket Isi 6 Redjelly Day Peach,1741585477,5,Bru pemula sih tapi mudah-mudahan cocok,1761745940,5 bulan lalu,Default,True,Anonymous,0,False,False,
X Beauty 1 Paket Isi 6 Redjelly Day Peach,1741359998,5,Baru paket ke 2 day cream nya mantul mengurangi jerawat,1761737222,5 bulan lalu,Default,True,Anonymous,0,True,False,
X Beauty 1 Paket Isi 6 Redjelly Day Peach,1741184293,5,👍🏻barang bagus,1761731354,5 bulan lalu,Default,True,Anonymous,0,True,True,
X Beauty 1 Paket Isi 6 Redjelly Day Peach,1741062533,5,"Bahan: Bgus
Manfaat produk: Mencerahkan semoga ccok
Jenis kulit: Natural",1761726939,5 bulan lalu,Default,True,Anonymous,0,False,False,
X Beauty 1 Paket Isi 6 Redjelly Day Peach,1741035133,3,"Maaf baru kasi nilai soalnya nyoba dlu, dan ini udah hampir seminggu di aku malah ke muka kusam",1761725882,5 bulan lalu,Default,True,Anonymous,0,False,False,
X Beauty 1 Paket Isi 6 Redjelly Day Peach,1740944987,5,Alhamdulillah paket sampai dengan selamat barangnya sesuai dengan pesanan.sediki saran untuk pekejingnya mohon di perhatikan lagi karna tadi tonernya agak tumpah dikit.mohon di perhatikan ya terimakasi🙏☺️,1761722306,5 bulan lalu,Default,True,Anonymous,0,True,True,
X Beauty 1 Paket Isi 6 Redjelly Day Peach,1740847861,3,"Nitip BEFORE nya dulu , kalau 1 Minggu udh ada perubahan aku balek lagi 😊",1761718462,5 bulan lalu,Default,True,Anonymous,0,True,False,
X Beauty 1 Paket Isi 6 Redjelly Day Peach,1740733784,3,"Kasi bintang 3 dulu 
Nnti klau ada beprubahn Bru kasi bintang 5 ya",1761714181,5 bulan lalu,Default,True,Anonymous,0,False,False,
X Beauty 1 Paket Isi 6 Redjelly Day Peach,1740696227,3,Semoga cocok tapi ko ga dpt dompet nya ya masa hanya pakai kardus saja,1761712804,5 bulan lalu,Default,True,Anonymous,0,True,False,
X Beauty 1 Paket Isi 6 Redjelly Day Peach,1740595216,5,sudah ditrima dengan baik smoga cocok yaa biar jadi ncus tetap skincare xbeauty🤗💗,1761709163,5 bulan lalu,Default,True,Anonymous,0,True,False,
X Beauty 1 Paket Isi 6 Redjelly Day Peach,1740586856,2,"Malh berminyak muka aku gampang di atur kenapa pas ini malah berminyak, jadi cek out skincare lainnya 😭pdahal pikiran ku mungkin cocok malah berminyak, kelihatan bersih cuma pas pakai siang aj.. Kalau udah cuci muka kembali lagi seperti semula..",1761708852,5 bulan lalu,Default,True,Anonymous,0,False,False,
X Beauty 1 Paket Isi 6 Redjelly Day Peach,1740488263,4,"Semoga cocok di aku , klw cocok nanti next pesan lagi🥰",1761704825,5 bulan lalu,Default,True,Anonymous,0,True,False,
X Beauty 1 Paket Isi 6 Redjelly Day Peach,1740466831,4,"Baru pertama kali coba. Btw aku jeda 3 hari ya dari pemakaian skincare aku yang kmren.
Seminggu lagi aku kasih liat perubahan wajah aku",1761703847,5 bulan lalu,Default,True,Anonymous,0,True,False,
X Beauty 1 Paket Isi 6 Redjelly Day Peach,1740456165,5,Alhamdullilah udh habis 1 paket udah keliatan perubhannya .otw cekout kedua di tunggu kak 🤗,1761703317,5 bulan lalu,Default,True,Anonymous,0,False,False,
X Beauty 1 Paket Isi 6 Redjelly Day Peach,1740332055,5,masih baru pertama kali nyoba semoga cocok di aku,1761695055,5 bulan lalu,Default,True,Anonymous,0,False,False,
X Beauty 1 Paket Isi 6 Redjelly Day Peach,1740104959,5,Semoga cocok,1761662655,5 bulan lalu,Default,True,Anonymous,0,True,False,
X Beauty 1 Paket Isi 6 Redjelly Day Peach,1739910828,4,Bgus kk,1761653212,5 bulan lalu,Default,True,Anonymous,0,False,False,
X Beauty 1 Paket Isi 6 Redjelly Day Peach,1739634835,5,baru aja nyoba semoga saja cocok di wajahku,1761642253,5 bulan lalu,Default,True,Anonymous,0,True,False,
X Beauty 1 Paket Isi 6 Redjelly Day Peach,1739532831,5,Sdah order yg ke 4 kalinya cocok di aku next mau order lagi 😊,1761637506,5 bulan lalu,Default,True,Anonymous,0,True,False,
X Beauty 1 Paket Isi 6 Redjelly Day Peach,1739255729,5,"yg tdi nya muka mulus jdi jerawatan parah after 5hr pemakaian jdi kya gini dan sembuhinnya pun susah. sengaja baru ksih ulasan dan kasih bintang 5 biar dibaca ulasannya, sangat kecewa!",1761624805,5 bulan lalu,Default,True,Anonymous,0,True,False,
X Beauty 1 Paket Isi 6 Redjelly Day Peach,1739245128,5,Hanya saja tumpah ii,1761624329,5 bulan lalu,Default,True,Anonymous,0,True,True,
X Beauty 1 Paket Isi 6 Redjelly Day Peach,1739211715,1,Blm di coba masih pemula,1761622775,5 bulan lalu,Default,True,Anonymous,0,False,False,
X Beauty 1 Paket Isi 6 Redjelly Day Peach,1739177611,5,Sesuai pesanan,1761621171,5 bulan lalu,Default,True,Anonymous,0,False,False,
X Beauty 1 Paket Isi 6 Redjelly Day Peach,1738876885,5,Assalamualaikum kak owner semoga saya cocok sama produkx soalnya saya mau pesan lagi  ❤️❤️❤️❤️,1761585658,5 bulan lalu,Default,True,Anonymous,0,True,False,
X Beauty 1 Paket Isi 6 Redjelly Day Peach,1738738350,5,"Semoga Cocok,soal nya baru pertama kali pakai, pengiriman nya jg cepet , trimakasih 🫰🫰semoga selalu langnan 💗🫰",1761573564,5 bulan lalu,Default,True,Anonymous,0,True,False,
X Beauty 1 Paket Isi 6 Redjelly Day Peach,1738186635,5,Manfaat produk: Cpet sekali smpenya,1761550519,5 bulan lalu,Default,True,Anonymous,0,False,False,
X Beauty 1 Paket Isi 6 Redjelly Day Peach,1738125794,5,Manfaat produk: Bagus,1761547872,5 bulan lalu,Default,True,Anonymous,0,False,False,
X Beauty 1 Paket Isi 6 Redjelly Day Peach,1737983799,5,"Jenis kulit: Normal
Manfaat produk: Mencerahkan kulit wajah
Bahan: Halal",1761542058,5 bulan lalu,Default,True,Anonymous,0,False,False,
X Beauty 1 Paket Isi 6 Redjelly Day Peach,1737882409,5,Alhamdulillah paket sudah datang semoga cck di muka saya soalnya cape gonta ganti skincare gak ada yang cck😌,1761538379,5 bulan lalu,Default,True,Anonymous,0,True,False,
X Beauty 1 Paket Isi 6 Redjelly Day Peach,1737640196,5,Belum hbis satu pakett sudah ada perubahan demi sedikit bekas jerawat ku mulai memudar 🫰🫰,1761527863,5 bulan lalu,Default,True,Anonymous,0,False,False,
X Beauty 1 Paket Isi 6 Redjelly Day Peach,1737429852,5,Baguss,1761500201,5 bulan lalu,Default,True,Anonymous,0,False,False,
X Beauty 1 Paket Isi 6 Redjelly Day Peach,1737245828,5,"X beautynya udah nyampe pengiriman cepat dan ini yang kedua kalinya saya Order yang pertama kemasan lama yang kedua kemasan baru,, namun kemasan baru ada sedikit perbedaan di serumnya,,  isi agak sedikit biasanya penuh,, dan warna serumnya agak berbeda sama warna serum kemasan lama,,",1761485171,5 bulan lalu,Default,True,Anonymous,0,False,False,
X Beauty 1 Paket Isi 6 Redjelly Day Peach,1737146775,5,"Barang sdh sampai, sesuai sama pesanan, semoga cocok di aku",1761480408,5 bulan lalu,Default,True,Anonymous,0,True,False,
X Beauty 1 Paket Isi 6 Redjelly Day Peach,1737105551,3,Botol serumnya pecah,1761478894,5 bulan lalu,Default,True,Anonymous,0,True,False,
X Beauty 1 Paket Isi 6 Redjelly Day Peach,1737103165,5,Mantap,1761478795,5 bulan lalu,Default,True,Anonymous,0,False,False,
X Beauty 1 Paket Isi 6 Redjelly Day Peach,1736919757,5,"Jenis kulit: Sensitif, berjerawat",1761471774,5 bulan lalu,Default,True,Anonymous,0,False,False,
X Beauty 1 Paket Isi 6 Redjelly Day Peach,1736837580,5,Semoga cocok diaku nya,1761468912,5 bulan lalu,Default,True,Anonymous,0,True,False,
X Beauty 1 Paket Isi 6 Redjelly Day Peach,1736603799,5,"Cocok di aku,biar kepanasan muka ga merah,ini paket yg kedua",1761457872,5 bulan lalu,Default,True,Anonymous,0,True,False,
X Beauty 1 Paket Isi 6 Redjelly Day Peach,1736555906,5,masyaAllah bguss bgt,1761455909,5 bulan lalu,Default,True,Anonymous,0,False,False,
X Beauty 1 Paket Isi 6 Redjelly Day Peach,1736511140,4,Udah dtng pesenan y blm d coba Bru prtama kli pesen nanti klau udh ada hasil y aku ksh tw LG dsini smga ja cocok ya dimuka ku bintik2 bekas jerawat ku smga hilang,1761454005,5 bulan lalu,Default,True,Anonymous,0,True,False,
X Beauty 1 Paket Isi 6 Redjelly Day Peach,1736450033,4,"pertama kali belj nih,kalo ada perubahan gua balik bro",1761451450,5 bulan lalu,Default,True,Anonymous,0,True,False,
X Beauty 1 Paket Isi 6 Redjelly Day Peach,1736321176,5,"paket udah smpy kmrin aku Ng sempat vidioin, pengemasany rapi  kemasany bgus  aku udh pky 2 hri  jerawat langsung kempes. klw cocok next aku order  lgi",1761445581,5 bulan lalu,Default,True,Anonymous,0,False,False,
X Beauty 1 Paket Isi 6 Redjelly Day Peach,1735813408,5,Good smgtt ccok di akuuu,1761394572,6 bulan lalu,Default,True,Anonymous,0,False,False,
X Beauty 1 Paket Isi 6 Redjelly Day Peach,1735766147,5,Dtang juga smoga ccok bru pertama x nyobak😍,1761392490,6 bulan lalu,Default,True,Anonymous,0,True,False,
X Beauty 1 Paket Isi 6 Redjelly Day Peach,1735322595,5,Datang langsung aku coba dan semuanya cepat meresap dikulit tidak lengket..sukaa..semoga cocok biar bisa jd langganan,1761379415,6 bulan lalu,Default,True,Anonymous,0,True,False,
X Beauty 1 Paket Isi 6 Redjelly Day Peach,1735274744,5,Semoga cocok bismillah,1761377247,6 bulan lalu,Default,True,Anonymous,0,True,False,
X Beauty 1 Paket Isi 6 Redjelly Day Peach,1735141283,5,"Baru mau habis satu paket, sblmnya tipe muka aku yg lumayan beruntusan tapi ngga banyak trus pori2 besar sekarang better beruntusan udah ilangg dan pori2 udah mengecil tapi klo untuk mencerahkan dan glowing mungkin hrs habis bbrpa paket dulu",1761371304,6 bulan lalu,Default,True,Anonymous,0,False,False,
X Beauty 1 Paket Isi 6 Redjelly Day Peach,1735049428,5,Jenis kulit: Mudah”an cocok baru mau coba,1761367401,6 bulan lalu,Default,True,Anonymous,0,False,False,
X Beauty 1 Paket Isi 6 Redjelly Day Peach,1734830851,5,Skincare kecintaanku😍,1761358409,6 bulan lalu,Default,True,Anonymous,0,True,False,
X Beauty 1 Paket Isi 6 Redjelly Day Peach,1734754482,3,semoga cocok,1761354400,6 bulan lalu,Default,True,Anonymous,0,False,False,
X Beauty 1 Paket Isi 6 Redjelly Day Peach,1734747269,5,Mantul banget,1761353817,6 bulan lalu,Default,True,Anonymous,0,False,False,
X Beauty 1 Paket Isi 6 Redjelly Day Peach,1734614062,5,Sesuai pedanan,1761330722,6 bulan lalu,Default,True,Anonymous,0,False,False,
X Beauty 1 Paket Isi 6 Redjelly Day Peach,1734386668,4,"Alhamdulillah paketnya dah sampai tadi sore,ini baru pertama kali order,barusan langsung saya pake buat malam ternyata creamnya wangi banget aku suka, tekstur nya juga lembut,semoga cocok di kulit aku,kalo cocok bakalan order lagi🤗",1761310398,6 bulan lalu,Default,True,Anonymous,0,False,False,
X Beauty 1 Paket Isi 6 Redjelly Day Peach,1734054745,5,Baru pertama nyobak semoga cocok..  Packing aman rapi ..,1761297527,6 bulan lalu,Default,True,Anonymous,0,False,False,
X Beauty 1 Paket Isi 6 Redjelly Day Peach,1734043359,5,2 minggu pemakaian bener&#34; bagussss bnget😍,1761297043,6 bulan lalu,Default,True,Anonymous,0,True,False,
X Beauty 1 Paket Isi 6 Redjelly Day Peach,1733785811,5,paketnya sudah sampai semoga cocok,1761285423,6 bulan lalu,Default,True,Anonymous,0,False,False,
X Beauty 1 Paket Isi 6 Redjelly Day Peach,1733725443,5,Bru prtama kli nyoba semoga cocok,1761282773,6 bulan lalu,Default,True,Anonymous,0,True,False,
X Beauty 1 Paket Isi 6 Redjelly Day Peach,1733579167,5,Bru prtma kali beli smoga cck ya 🥰,1761277243,6 bulan lalu,Default,True,Anonymous,0,True,False,
X Beauty 1 Paket Isi 6 Redjelly Day Peach,1733488903,4,Paket dah nyampek... Moga cocok dan hasilnya memuaskan,1761273408,6 bulan lalu,Default,True,Anonymous,0,True,False,
X Beauty 1 Paket Isi 6 Redjelly Day Peach,1733265383,5,Saya co untuk ke 2 kalinya paket skincareQ Bru tiba 2 harian tapi saya SDH rasakan perubahannya makanya skrng saya cek out lagi takutnya stok cream habis Bru pesan dan tibanya agak lama sekitar semingguan,1761257434,6 bulan lalu,Default,True,Anonymous,0,False,False,
X Beauty 1 Paket Isi 6 Redjelly Day Peach,1732823749,3,Pecah,1761216231,6 bulan lalu,Default,True,Anonymous,0,True,False,
X Beauty 1 Paket Isi 6 Redjelly Day Peach,1732392462,5,Bagus bngt ini udh paket ke dua satu paket blm abis tpi buru&#34; beli yg ke dua,1761198187,6 bulan lalu,Default,True,Anonymous,0,False,True,
X Beauty 1 Paket Isi 6 Redjelly Day Peach,1732146597,5,Alhamdulillah barangnya udah nyampe,1761188226,6 bulan lalu,Default,True,Anonymous,0,False,False,
X Beauty 1 Paket Isi 6 Redjelly Day Peach,1731991038,5,"Padahal bagus di pakek tpi kok aku jerawatan lagi ya , apa aku salah cara pakeknya 🥹🥲",1761179364,6 bulan lalu,Default,True,Anonymous,0,True,False,
X Beauty 1 Paket Isi 6 Redjelly Day Peach,1731731649,5,Bagus.. mencerahkan kulit,1761145053,6 bulan lalu,Default,True,Anonymous,0,False,False,
X Beauty 1 Paket Isi 6 Redjelly Day Peach,1731708652,5,Baru pertama coba semoga cocok nanti KLO cocok balik lg,1761143603,6 bulan lalu,Default,True,Anonymous,0,False,False,
X Beauty 1 Paket Isi 6 Redjelly Day Peach,1731558477,5,"Produk nya bagus, cocok di kulitku. 
Tapi pengiriman nyaa aadduh lama kali sampe nyaaa.",1761135978,6 bulan lalu,Default,True,Anonymous,0,False,False,
X Beauty 1 Paket Isi 6 Redjelly Day Peach,1731393811,5,Jenis kulit: Sensitif,1761130205,6 bulan lalu,Default,True,Anonymous,0,False,False,
X Beauty 1 Paket Isi 6 Redjelly Day Peach,1731195092,5,"Sangat bagus untuk kulit sensitif, saranku tetep pake sunscreen si",1761123609,6 bulan lalu,Default,True,Anonymous,0,False,False,
X Beauty 1 Paket Isi 6 Redjelly Day Peach,1731028813,5,bismmilah aku pengen cobain semoga bermasalah dikulit akuu yaaa amiin😘🥺,1761116554,6 bulan lalu,Default,True,Anonymous,0,True,False,
X Beauty 1 Paket Isi 6 Redjelly Day Peach,1730936924,5,Sudah datang semoga cocok di aku,1761112454,6 bulan lalu,Default,True,Anonymous,0,False,False,
X Beauty 1 Paket Isi 6 Redjelly Day Peach,1730470109,5,Bagus bgt,1761088092,6 bulan lalu,Default,True,Anonymous,0,False,False,
X Beauty 1 Paket Isi 6 Redjelly Day Peach,1730017723,5,Realpick buagus pooll😍,1761045588,6 bulan lalu,Default,True,Anonymous,0,True,True,
X Beauty 1 Paket Isi 6 Redjelly Day Peach,1729737185,5,melembabkan dan glowing,1761032941,6 bulan lalu,Default,True,Anonymous,0,False,False,
X Beauty 1 Paket Isi 6 Redjelly Day Peach,1729532722,5,"Jenis kulit: Kulit normal
Manfaat produk: Memutihkan dan menghilangkan flek
Bahan: Wan
Smga aja cocok, dan ada perubahan.. biar bisa order lagi",1761024244,6 bulan lalu,Default,True,Anonymous,0,True,True,
X Beauty 1 Paket Isi 6 Redjelly Day Peach,1729421531,4,Baru dtg tunggu aku balik stelah sminggu pemakaian yaa,1761018872,6 bulan lalu,Default,True,Anonymous,0,True,False,
X Beauty 1 Paket Isi 6 Redjelly Day Peach,1729318125,5,Biarlah bintang yang berbicara🤭,1761013676,6 bulan lalu,Default,True,Anonymous,0,False,False,
X Beauty 1 Paket Isi 6 Redjelly Day Peach,1729306667,2,Isinya pda kluar,1761013025,6 bulan lalu,Default,True,Anonymous,0,True,False,
X Beauty 1 Paket Isi 6 Redjelly Day Peach,1729245708,5,Manfaat produk: baguss,1761009208,6 bulan lalu,Default,True,Anonymous,0,False,False,
X Beauty 1 Paket Isi 6 Redjelly Day Peach,1728949640,4,Smga aku ccok ya gais aku baru pakek 2 hari,1760969866,6 bulan lalu,Default,True,Anonymous,0,False,False,
X Beauty 1 Paket Isi 6 Redjelly Day Peach,1728591751,4,Sudah dateng semoga cocok,1760955093,6 bulan lalu,Default,True,Anonymous,0,True,False,
X Beauty 1 Paket Isi 6 Redjelly Day Peach,1728356817,5,Baru nyoba sapa tau cocok,1760946881,6 bulan lalu,Default,True,Anonymous,0,False,False,
X Beauty 1 Paket Isi 6 Redjelly Day Peach,1728334756,5,"Bgs polll
Manfaat produk: Cocok
Jenis kulit: Semua jnis kulit",1760945865,6 bulan lalu,Default,True,Anonymous,0,False,False,
X Beauty 1 Paket Isi 6 Redjelly Day Peach,1728207694,5,"Bahan: Bagus
Manfaat produk: Sangat bagus
Jenis kulit: Smoga cocok di kulit ku",1760940086,6 bulan lalu,Default,True,Anonymous,0,False,False,
X Beauty 1 Paket Isi 6 Redjelly Day Peach,1727702503,5,Baru mau cb sng ccok,1760914588,6 bulan lalu,Default,True,Anonymous,0,True,False,
X Beauty 1 Paket Isi 6 Redjelly Day Peach,1727296000,3,SMG cocok,1760872895,6 bulan lalu,Default,True,Anonymous,0,False,False,
X Beauty 1 Paket Isi 6 Redjelly Day Peach,1727013031,5,"Kok kemasanya beda sama yang kemarin"" ,kemasan baru mungkin",1760859820,6 bulan lalu,Default,True,Anonymous,0,True,False,
X Beauty 1 Paket Isi 6 Redjelly Day Peach,1726738679,3,Ini punya ku ko crema MLM dan siang ny beda sama yg dikomentar yg lain atau kemasan lama ??,1760846915,6 bulan lalu,Default,True,Anonymous,0,True,False,
X Beauty 1 Paket Isi 6 Redjelly Day Peach,1726702306,5,😍😍,1760845328,6 bulan lalu,Default,True,Anonymous,0,False,False,
X Beauty 1 Paket Isi 6 Redjelly Day Peach,1725996002,4,"Baru nyampe semoga cocok
Jenis kulit: Kombinasi",1760783246,6 bulan lalu,Default,True,Anonymous,0,True,False,
X Beauty 1 Paket Isi 6 Redjelly Day Peach,1725970257,4,paketnya baru aja sampe semogaa aja cocok untuk ibu2 kaum mendang mending ini 🤧🤣,1760782407,6 bulan lalu,Default,True,Anonymous,0,True,False,
X Beauty 1 Paket Isi 6 Redjelly Day Peach,1725755118,4,pemakaian 8 hari agak cerahan sihh,1760772254,6 bulan lalu,Default,True,Anonymous,0,True,False,
X Beauty 1 Paket Isi 6 Redjelly Day Peach,1725696330,5,Aman sesuai,1760769296,6 bulan lalu,Default,True,Anonymous,0,False,False,
X Beauty 1 Paket Isi 6 Redjelly Day Peach,1725660870,5,"Baru pertama nyoba,semoga ccok",1760767515,6 bulan lalu,Default,True,Anonymous,0,False,False,
X Beauty 1 Paket Isi 6 Redjelly Day Peach,1725369337,5,Paket ku SDH sampai semoga cocok di kulit ku 😇,1760754258,6 bulan lalu,Default,True,Anonymous,0,True,False,
X Beauty 1 Paket Isi 6 Redjelly Day Peach,1725332416,5,Sngt bgus,1760752181,6 bulan lalu,Default,True,Anonymous,0,False,False,
X Beauty 1 Paket Isi 6 Redjelly Day Peach,1725331702,4,X beauty y udh sampe,1760752136,6 bulan lalu,Default,True,Anonymous,0,False,False,
X Beauty 1 Paket Isi 6 Redjelly Day Peach,1725319725,5,"Baru pertama kali pake smga cocok, kalo cocok bakal beli lagi",1760751372,6 bulan lalu,Default,True,Anonymous,0,False,False,
X Beauty 1 Paket Isi 6 Redjelly Day Peach,1725105518,3,"Jdi ada ongkir nya skrang kmren 95
Skrang 110🤧",1760717617,6 bulan lalu,Default,True,Anonymous,0,False,False,
X Beauty 1 Paket Isi 6 Redjelly Day Peach,1725099667,5,ni produk hasil nyata kga overclaim plus murce lagi… pemakean seminggu doang nihh,1760716911,6 bulan lalu,Default,True,Anonymous,0,True,False,
X Beauty 1 Paket Isi 6 Redjelly Day Peach,1725065371,3,Yaa,1760713799,6 bulan lalu,Default,True,Anonymous,0,False,False,
X Beauty 1 Paket Isi 6 Redjelly Day Peach,1724886184,1,Muka ku bruntusan parah,1760703484,6 bulan lalu,Default,True,Anonymous,0,False,False,
X Beauty 1 Paket Isi 6 Redjelly Day Peach,1724878883,5,"bagus produknya semua pada wangi ada yang wangi justmine ada yang wangi mawar sama minyak jaitun
Jenis kulit: sensitif acne on of",1760703136,6 bulan lalu,Default,True,Anonymous,0,True,False,
X Beauty 1 Paket Isi 6 Redjelly Day Peach,1724579031,5,Semoga cocok nyobain dlu,1760690334,6 bulan lalu,Default,True,Anonymous,0,True,False,
X Beauty 1 Paket Isi 6 Redjelly Day Peach,1724554506,5,Paket ke 3 luvvv bgtt deh ama skincare yg satu iniii gausa ragukan lagii🫰🫰🥰,1760689206,6 bulan lalu,Default,True,Anonymous,0,True,False,
X Beauty 1 Paket Isi 6 Redjelly Day Peach,1724324356,4,"Sengaja baru kasi ulasan biar tau dulu,alhamdulillah ini pemakaian aku seminggu udah agak cerah,sekarang lagi pengelupasan kulit cuma tipis tipis,tinggal bagian kening nya aja yang agak susah putih",1760678450,6 bulan lalu,Default,True,Anonymous,0,True,False,
X Beauty 1 Paket Isi 6 Redjelly Day Peach,1724299570,5,"Jenis kulit: Normal
Bahan: Baguss
Manfaat produk: Permulaan makek produk semoga cocok d wajah ku yg susah glow bismillah kalo cocok tak order lgi",1760677320,6 bulan lalu,Default,True,Anonymous,0,True,False,
X Beauty 1 Paket Isi 6 Redjelly Day Peach,1724104800,5,Baru coba semoga cocok di wajah aq biar gk gonta ganti secincer lg,1760669625,6 bulan lalu,Default,True,Anonymous,0,True,False,
X Beauty 1 Paket Isi 6 Redjelly Day Peach,1723756310,5,Semoga cocok di aq.,1760630116,6 bulan lalu,Default,True,Anonymous,0,True,False,
X Beauty 1 Paket Isi 6 Redjelly Day Peach,1723667597,5,Alhamdulillah cocok jerwat jadi kempes tinggal nunggu cerah,1760624109,6 bulan lalu,Default,True,Anonymous,0,False,False,
X Beauty 1 Paket Isi 6 Redjelly Day Peach,1723343093,5,bagussssss sekaliiii,1760609872,6 bulan lalu,Default,True,Anonymous,0,False,False,
X Beauty 1 Paket Isi 6 Redjelly Day Peach,1723245702,5,"masyaallah akhirnya cocok di kulit aku,sblmnya aku jrwtan karna hormon bumil kyanya tp 3/4 jrwt ajaa ga banyak allhamdulilah produknya cocok di aku kemerahan sm bekas jrwtnya mereda aku tulis ulasan setelah 3hari pemakaian",1760605891,6 bulan lalu,Default,True,Anonymous,0,True,False,
X Beauty 1 Paket Isi 6 Redjelly Day Peach,1722957664,5,Mantap sesuai pesanan dan kurir nya ramah,1760593433,6 bulan lalu,Default,True,Anonymous,0,False,False,
X Beauty 1 Paket Isi 6 Redjelly Day Peach,1722768499,5,Bismillah semoga cocok,1760585716,6 bulan lalu,Default,True,Anonymous,0,True,False,
X Beauty 1 Paket Isi 6 Redjelly Day Peach,1722709705,5,Semoga ccok,1760583348,6 bulan lalu,Default,True,Anonymous,0,True,False,
X Beauty 1 Paket Isi 6 Redjelly Day Peach,1722587366,5,"AQ cocok bgt Ama produknya 
Semoga tambah Amanah yaa...",1760577225,6 bulan lalu,Default,True,Anonymous,0,False,False,
X Beauty 1 Paket Isi 6 Redjelly Day Peach,1722355707,5,Bagus,1760544080,6 bulan lalu,Default,True,Anonymous,0,False,False,
X Beauty 1 Paket Isi 6 Redjelly Day Peach,1722064985,3,pecah kak yaampun:(,1760529057,6 bulan lalu,Default,True,Anonymous,0,True,False,
X Beauty 1 Paket Isi 6 Redjelly Day Peach,1721436887,4,"Ini pesen yang ke2 tpi blum ada perubahan, tpi enak dipakenya kemuka jadi beli lagi.",1760504597,6 bulan lalu,Default,True,Anonymous,0,True,False,
X Beauty 1 Paket Isi 6 Redjelly Day Peach,1721386420,5,Paket mendarat dgn baik.pas 6 produk .semoga cocok makaix,1760502710,6 bulan lalu,Default,True,Anonymous,0,False,False,
X Beauty 1 Paket Isi 6 Redjelly Day Peach,1721175163,5,"Bahan: Bagus 😎😎
Manfaat produk: Cepat mencerahkan
Jenis kulit: Berjerawat",1760494314,6 bulan lalu,Default,True,Anonymous,0,False,False,
X Beauty 1 Paket Isi 6 Redjelly Day Peach,1721014291,5,Pertama coba beli dan pakai semoga cocok,1760483242,6 bulan lalu,Default,True,Anonymous,0,False,False,
X Beauty 1 Paket Isi 6 Redjelly Day Peach,1720964245,1,Wajah beruntusan merah gatal 2x pakai,1760473561,6 bulan lalu,Default,True,Anonymous,0,True,False,
X Beauty 1 Paket Isi 6 Redjelly Day Peach,1720732929,5,barang sesui gambar semoga cocok,1760447332,6 bulan lalu,Default,True,Anonymous,0,False,False,
X Beauty 1 Paket Isi 6 Redjelly Day Peach,1720730877,3,"Bru mau coba , klo cocok bru blik lagi kasi bintang 5 yahh",1760447232,6 bulan lalu,Default,True,Anonymous,0,False,False,
X Beauty 1 Paket Isi 6 Redjelly Day Peach,1720272146,1,Crem nya kok siang semua ..gak ad malam nya ...,1760427453,6 bulan lalu,Default,True,Anonymous,0,True,False,
X Beauty 1 Paket Isi 6 Redjelly Day Peach,1720218545,4,Belom ada perubahan,1760424733,6 bulan lalu,Default,True,Anonymous,0,False,False,
X Beauty 1 Paket Isi 6 Redjelly Day Peach,1720138284,5,Blm kliatan hasil,1760420743,6 bulan lalu,Default,True,Anonymous,0,False,False,
X Beauty 1 Paket Isi 6 Redjelly Day Peach,1719969181,2,Gimna klo mau mesen lg g bisa cod,1760413225,6 bulan lalu,Default,True,Anonymous,0,False,False,
X Beauty 1 Paket Isi 6 Redjelly Day Peach,1719858848,4,Red jelly nya bocor jadi belepotan,1760408125,6 bulan lalu,Default,True,Anonymous,0,False,False,
X Beauty 1 Paket Isi 6 Redjelly Day Peach,1719699496,5,bagus bngat melembabkan,1760395645,6 bulan lalu,Default,True,Anonymous,0,False,False,
X Beauty 1 Paket Isi 6 Redjelly Day Peach,1719446071,5,"Bahan: Cair
Manfaat produk: Perawatan wajah
Jenis kulit: Semu jenis kulit",1760361552,6 bulan lalu,Default,True,Anonymous,0,False,False,
X Beauty 1 Paket Isi 6 Redjelly Day Peach,1719421288,5,Ma sya Allah amanh skali toko nya dan dpat bonus 3 red jelly pdhal hanya pesan 2 paket🥰,1760360398,6 bulan lalu,Default,True,Anonymous,0,False,False,
X Beauty 1 Paket Isi 6 Redjelly Day Peach,1719311740,5,Semoga cocok kau cocok bakal pakek ini trs,1760355690,6 bulan lalu,Default,True,Anonymous,0,False,False,
X Beauty 1 Paket Isi 6 Redjelly Day Peach,1719164814,5,"Alhamdulillah krim nya usa sampe, uda 2 kali co di toko ini, Alhamdulillah Amanah
Dan packing nya jg rapih
Bahan: Bgus
Manfaat produk: Mencerahkan dan menghilangkan bekas jerawat",1760349974,6 bulan lalu,Default,True,Anonymous,0,False,False,
X Beauty 1 Paket Isi 6 Redjelly Day Peach,1719022989,5,Baguss semoga cocok,1760344059,6 bulan lalu,Default,True,Anonymous,0,False,False,
X Beauty 1 Paket Isi 6 Redjelly Day Peach,1718894310,5,Smg bs glowing,1760338665,6 bulan lalu,Default,True,Anonymous,0,False,False,
X Beauty 1 Paket Isi 6 Redjelly Day Peach,1718811523,4,Smoga cocok yah kak❤️,1760335229,6 bulan lalu,Default,True,Anonymous,0,True,False,
X Beauty 1 Paket Isi 6 Redjelly Day Peach,1718769762,5,Sudah jalan paket ke 7,1760333609,6 bulan lalu,Default,True,Anonymous,0,False,False,
X Beauty 1 Paket Isi 6 Redjelly Day Peach,1718680636,5,Paketnya dtng bagus mulus gak ada yg pecah smga ada perubahan ya,1760330280,6 bulan lalu,Default,True,Anonymous,0,False,False,
X Beauty 1 Paket Isi 6 Redjelly Day Peach,1718507860,4,"Kemasannya rapi,cuma gak ada toner nya cuma facial wash nya ada 2",1760324087,6 bulan lalu,Default,True,Anonymous,0,True,False,
X Beauty 1 Paket Isi 6 Redjelly Day Peach,1718188846,5,alahmdulilah hbs 2 paket jos jis,1760294283,6 bulan lalu,Default,True,Anonymous,0,False,False,
X Beauty 1 Paket Isi 6 Redjelly Day Peach,1717895169,5,"x beauty emang bener 2 memuaskan bikin kulit wajah  ku putih  bersih 

trimakasih banyak",1760271977,6 bulan lalu,Default,True,Anonymous,0,False,False,
X Beauty 1 Paket Isi 6 Redjelly Day Peach,1716557601,5,Semoga cocok😁,1760191585,6 bulan lalu,Default,True,Anonymous,0,True,False,
X Beauty 1 Paket Isi 6 Redjelly Day Peach,1716193080,5,bagus,1760175687,6 bulan lalu,Default,True,Anonymous,0,False,False,
X Beauty 1 Paket Isi 6 Redjelly Day Peach,1716191310,5,bagus,1760175612,6 bulan lalu,Default,True,Anonymous,0,False,False,
X Beauty 1 Paket Isi 6 Redjelly Day Peach,1715696597,5,Alhamdulillah sungguh amanah barang nya😁🥰,1760155648,6 bulan lalu,Default,True,Anonymous,0,True,False,
X Beauty 1 Paket Isi 6 Redjelly Day Peach,1715696272,5,"Smgaaaa cocok,, alhmdllaaahhh amanah barang nya dan ini tuh bonus apa kelebihan ia red jelly min?? Aku pesen 2 paket, tp red jely nya ada 3...",1760155635,6 bulan lalu,Default,True,Anonymous,0,False,False,
X Beauty 1 Paket Isi 6 Redjelly Day Peach,1715637470,1,produkx ada yg rusak,1760153353,6 bulan lalu,Default,True,Anonymous,0,False,False,
X Beauty 1 Paket Isi 6 Redjelly Day Peach,1715477271,5,Barang bagus sesuai pesanan,1760145456,6 bulan lalu,Default,True,Anonymous,0,False,False,
X Beauty 1 Paket Isi 6 Redjelly Day Peach,1715370365,5,Masih percobaan dan Pengiriman cpet bgttt,1760136993,6 bulan lalu,Default,True,Anonymous,0,False,False,
X Beauty 1 Paket Isi 6 Redjelly Day Peach,1715053011,4,Sesuai..blom di coba ccok nggk nya..smoga aj ccok....,1760102926,6 bulan lalu,Default,True,Anonymous,0,False,False,
X Beauty 1 Paket Isi 6 Redjelly Day Peach,1714699627,5,Baru pertama kali semoga ccok,1760088940,6 bulan lalu,Default,True,Anonymous,0,False,False,
X Beauty 1 Paket Isi 6 Redjelly Day Peach,1714691929,1,Lain kali kalo ada pesanan liat bagus” yah orang belli 5 yang datang 4,1760088597,6 bulan lalu,Default,True,Anonymous,0,False,False,
X Beauty 1 Paket Isi 6 Redjelly Day Peach,1714472147,5,Belom coba,1760078801,6 bulan lalu,Default,True,Anonymous,0,False,False,
X Beauty 1 Paket Isi 6 Redjelly Day Peach,1714375667,4,"Barang baru datang semoga cocok, blm saya coba☺",1760074815,6 bulan lalu,Default,True,Anonymous,0,True,False,
X Beauty 1 Paket Isi 6 Redjelly Day Peach,1714085745,5,Tunggu HBS 1 pket klo bgus TK ksh testi dn order lg,1760064762,6 bulan lalu,Default,True,Anonymous,0,False,True,
X Beauty 1 Paket Isi 6 Redjelly Day Peach,1713950875,5,"Manfaat produk: Merawat wajah
Paketan ak sudah datang 😀,
Blm di coba. Smga aku pakai nya ccok utk di kulit aku. Hee",1760057517,6 bulan lalu,Default,True,Anonymous,0,True,False,
X Beauty 1 Paket Isi 6 Redjelly Day Peach,1713835175,5,Bagus baru 3 hari sdh keliatan hasilnya 😍,1760045226,6 bulan lalu,Default,True,Anonymous,0,False,False,
X Beauty 1 Paket Isi 6 Redjelly Day Peach,1713808815,4,"Paket nya sudah sampai dengan baik 
Pengiriman nyha cepat, semoga cocok",1760038216,6 bulan lalu,Default,True,Anonymous,0,False,False,
X Beauty 1 Paket Isi 6 Redjelly Day Peach,1713662766,5,Alhamdulillah datang paketnya bismillah moga cocok di mukaku satu pertama kali pakek krim ini kalau udah cocok mau beli lagi,1760021718,6 bulan lalu,Default,True,Anonymous,0,True,True,
X Beauty 1 Paket Isi 6 Redjelly Day Peach,1713643411,5,🤲Bismillah mudah*an cocok udah bosen gunta ganti skincare semoga ini skincare yg ccok biar ga ganti lagi🤗,1760020583,6 bulan lalu,Default,True,Anonymous,0,False,False,
X Beauty 1 Paket Isi 6 Redjelly Day Peach,1713490449,5,"sudah sampaiii, wangiii bangett semuanyaaa, semoga cocokk biar bisaa langganannn😙",1760013549,6 bulan lalu,Default,True,Anonymous,0,True,False,
X Beauty 1 Paket Isi 6 Redjelly Day Peach,1713145692,5,sapai dg sempurna baru mau coba smga aja cocok..,1760000664,6 bulan lalu,Default,True,Anonymous,0,True,False,
X Beauty 1 Paket Isi 6 Redjelly Day Peach,1713120452,5,pengiriman nya lambat tapi isinya lengkap bagus jga nanti klo bagus sya blng semoga cocok pertama kali aku pesan yah 😚,1759999645,6 bulan lalu,Default,True,Anonymous,0,False,False,
X Beauty 1 Paket Isi 6 Redjelly Day Peach,1713034275,1,Kaka gibmnh dong cream mlmnya TDK ada hanya cream siangnyaji 2 tolong dong kak krimkan cream mlmnya 😭,1759996064,6 bulan lalu,Default,True,Anonymous,0,False,True,
X Beauty 1 Paket Isi 6 Redjelly Day Peach,1712933761,5,Paket sudah sampai packingnnha rapi kurir ramah semoga cocok untuk facial washnya sudah aku coba tadi jadi gak ke foto,1759991920,6 bulan lalu,Default,True,Anonymous,0,True,False,
X Beauty 1 Paket Isi 6 Redjelly Day Peach,1712782402,5,Manfaat produk: Mencerahkan wajah,1759985853,6 bulan lalu,Default,True,Anonymous,0,True,False,
X Beauty 1 Paket Isi 6 Redjelly Day Peach,1712531295,5,Udah nyampe smoga cocok,1759976085,6 bulan lalu,Default,True,Anonymous,0,True,False,
X Beauty 1 Paket Isi 6 Redjelly Day Peach,1712035836,4,"Baru sampek, paketnya dteng dari tgl 3 , smpek tgl 8 kurirnya gk bener😃",1759929531,6 bulan lalu,Default,True,Anonymous,0,True,False,
X Beauty 1 Paket Isi 6 Redjelly Day Peach,1711475891,5,Bagus sesuai realpick,1759910000,6 bulan lalu,Default,True,Anonymous,0,False,False,
X Beauty 1 Paket Isi 6 Redjelly Day Peach,1711417401,5,Pengiriman cepat,1759907725,6 bulan lalu,Default,True,Anonymous,0,False,False,
X Beauty 1 Paket Isi 6 Redjelly Day Peach,1711169209,5,semogaa cocok,1759898423,6 bulan lalu,Default,True,Anonymous,0,False,False,
X Beauty 1 Paket Isi 6 Redjelly Day Peach,1711098130,5,"Bahan: Tidak lengket
Manfaat produk: Untuk mencerahkan
Kulit apa aja",1759895885,6 bulan lalu,Default,True,Anonymous,0,True,False,
X Beauty 1 Paket Isi 6 Redjelly Day Peach,1711070225,5,"Pekingan ok, perubahan Waja mulai kelihatan 😍",1759894824,6 bulan lalu,Default,True,Anonymous,0,False,False,
X Beauty 1 Paket Isi 6 Redjelly Day Peach,1710914346,4,"Kenapa  day cream nya gk ada kak, dua dua nya night cream",1759887733,6 bulan lalu,Default,True,Anonymous,0,False,False,
X Beauty 1 Paket Isi 6 Redjelly Day Peach,1710677883,1,Pertama aku liat bpom ga terdaftar.. Trus aku isap ternyata agak bau .. Baunya nyengat.. Akhirny aku ajuin refund 😭masih blom d konfirmasi,1759854767,6 bulan lalu,Default,True,Anonymous,0,False,False,
X Beauty 1 Paket Isi 6 Redjelly Day Peach,1710595256,5,Pesanan ku sudah sampai,1759848393,6 bulan lalu,Default,True,Anonymous,0,True,False,
X Beauty 1 Paket Isi 6 Redjelly Day Peach,1710448967,5,Paket ke 2 ku semoga mukaku lekas better,1759841463,6 bulan lalu,Default,True,Anonymous,0,False,False,
X Beauty 1 Paket Isi 6 Redjelly Day Peach,1710307718,5,"Pkt udh sampai mudah mudahan cocok d aku, kalau udh cocok otw order lagi 🥰",1759836151,6 bulan lalu,Default,True,Anonymous,0,False,False,
X Beauty 1 Paket Isi 6 Redjelly Day Peach,1709931952,5,owner baik banget waktu paket pertama pecah pecah serumnya di ganti dong sama yang baru makasih ya kak sehat selalu semoga cocok terus sekinceran nya di wajah aku makasih kak,1759823123,6 bulan lalu,Default,True,Anonymous,0,False,False,
X Beauty 1 Paket Isi 6 Redjelly Day Peach,1709819037,5,Baru pertama kali semoga cocok,1759817699,6 bulan lalu,Default,True,Anonymous,0,False,False,
X Beauty 1 Paket Isi 6 Redjelly Day Peach,1709425162,5,Semoga aja cocok nanti kalo cocok pesan lagi,1759799849,6 bulan lalu,Default,True,Anonymous,0,True,False,
X Beauty 1 Paket Isi 6 Redjelly Day Peach,1709411667,5,"Semoga aja cocok,Ini sdh pemakain 1 minggu ya lumayan semoga bisa makin bersih muka nYa aamiin",1759798958,6 bulan lalu,Default,True,Anonymous,0,True,False,
X Beauty 1 Paket Isi 6 Redjelly Day Peach,1709377032,5,"Produknya baru sampai, InsyaAllah cocok gaisss",1759796153,6 bulan lalu,Default,True,Anonymous,0,False,False,
X Beauty 1 Paket Isi 6 Redjelly Day Peach,1708929707,4,Semoga cocok seterusnya. Tapi untuk ke beruntusan perioral aku nyembuhin nya kadang masih on off kambuh,1759750205,6 bulan lalu,Default,True,Anonymous,0,False,False,
X Beauty 1 Paket Isi 6 Redjelly Day Peach,1708883489,3,Pekingannya agak kurang bgus,1759748419,6 bulan lalu,Default,True,Anonymous,0,False,False,
X Beauty 1 Paket Isi 6 Redjelly Day Peach,1708623326,5,"Bahan: Lembut dan ringat
Manfaat produk: Mrngilangkan flek
Jenis kulit: Berminyak dn flek",1759737698,6 bulan lalu,Default,True,Anonymous,0,False,False,
X Beauty 1 Paket Isi 6 Redjelly Day Peach,1708580625,3,red jellynya tumpah,1759735882,6 bulan lalu,Default,True,Anonymous,0,False,False,
X Beauty 1 Paket Isi 6 Redjelly Day Peach,1708153895,5,Pemakaian satu minggu lumayan agak cerahan,1759719069,6 bulan lalu,Default,True,Anonymous,0,False,True,
X Beauty 1 Paket Isi 6 Redjelly Day Peach,1708112354,5,Aku sih pakai ini cocok bgt,1759717304,6 bulan lalu,Default,True,Anonymous,0,False,False,
X Beauty 1 Paket Isi 6 Redjelly Day Peach,1708025212,5,Saya senang sekali,1759712819,6 bulan lalu,Default,True,Anonymous,0,False,False,
X Beauty 1 Paket Isi 6 Redjelly Day Peach,1708002651,3,"Bahan: Ok
Manfaat produk: Ok
Jenis kulit: Semua kulit",1759711358,6 bulan lalu,Default,True,Anonymous,0,False,False,
X Beauty 1 Paket Isi 6 Redjelly Day Peach,1707831140,1,"Manfaat produk: Tidak bagus,kulit jadi beruntusan merah,dan gelap",1759681287,6 bulan lalu,Default,True,Anonymous,0,False,False,
X Beauty 1 Paket Isi 6 Redjelly Day Peach,1707607740,5,"Orderan yg k 2x TDK krng 1 pun, TPI kmsannya beda dari yg prtma order,utk srm yg prtma beli lbh k warna pink&amp;lbih kntl, yg order k2x lbih encer dan warna hmpir kmrah, utk red jelly yg prtma lbih wangi&amp;k2spti permen karet,&amp;yg prtma kental yg k2 lbih encer, utk toner jga beda baunya, ini ORI gak sih",1759667966,6 bulan lalu,Default,True,Anonymous,0,True,False,
X Beauty 1 Paket Isi 6 Redjelly Day Peach,1707580600,5,Maaf baru ksh ulasan cocok bgt udh satu th lebih pake xbeauty ni udh cocok bgt d aku semoga amanh trus e tokony,1759666759,6 bulan lalu,Default,True,Anonymous,0,False,False,
X Beauty 1 Paket Isi 6 Redjelly Day Peach,1707490528,5,makasihh banyakk semoga coock biar nanti jadi langganan dan beli terus d toko ini💋💋,1759663114,6 bulan lalu,Default,True,Anonymous,0,True,False,
X Beauty 1 Paket Isi 6 Redjelly Day Peach,1707460625,4,Kog saya ngga dapat toner kak??,1759661981,6 bulan lalu,Default,True,Anonymous,0,True,False,
X Beauty 1 Paket Isi 6 Redjelly Day Peach,1707376188,5,Bahan: Bagus,1759658742,6 bulan lalu,Default,True,Anonymous,0,False,False,
X Beauty 1 Paket Isi 6 Redjelly Day Peach,1707359539,5,semoga cocok,1759658047,6 bulan lalu,Default,True,Anonymous,0,False,False,
X Beauty 1 Paket Isi 6 Redjelly Day Peach,1707181910,5,"Bahan: Tidak lengket
Semoga cocok si ya pasti langganan  d sini baru 2 hari pemakaian si d muka enk  ad  perubahan yang jg",1759650242,6 bulan lalu,Default,True,Anonymous,0,False,False,
X Beauty 1 Paket Isi 6 Redjelly Day Peach,1707103519,5,"paket sudah dateng,,baru kali ini nemu cream yang wangi banget🥰🥰apa lgi sabun cuci muka dan cream mlam nya wangi bunga melati,suka banget semoga ccok next oder🥰",1759647447,6 bulan lalu,Default,True,Anonymous,0,True,False,
X Beauty 1 Paket Isi 6 Redjelly Day Peach,1706808722,5,Bagus,1759635424,6 bulan lalu,Default,True,Anonymous,0,False,False,
X Beauty 1 Paket Isi 6 Redjelly Day Peach,1706533702,5,"barangnya lengkap cmn bagian sabun nya kebuka jd tumpah sedikit 
moga cccok baru pertama kali nyobain🙏",1759616891,6 bulan lalu,Default,True,Anonymous,0,False,False,
X Beauty 1 Paket Isi 6 Redjelly Day Peach,1706292783,5,Juss,1759585075,6 bulan lalu,Default,True,Anonymous,0,False,False,
X Beauty 1 Paket Isi 6 Redjelly Day Peach,1705975386,5,"Paket mendarat dengan selamat 
Semoga cocok",1759571777,6 bulan lalu,Default,True,Anonymous,0,False,False,
X Beauty 1 Paket Isi 6 Redjelly Day Peach,1705829609,1,Crim nya kok crim mlam semua gimna ini kak... Padahal saya udah co yg ke 3x ini,1759565685,6 bulan lalu,Default,True,Anonymous,0,True,False,
X Beauty 1 Paket Isi 6 Redjelly Day Peach,1705633284,5,"Baru mau coba 1 paket, semoga cocok di muka aku 😊",1759557399,6 bulan lalu,Default,True,Anonymous,0,False,False,
X Beauty 1 Paket Isi 6 Redjelly Day Peach,1705609168,3,"Pembelian pertama dan yg kedua tidak sama, bisa dilihat dri kemasannya bedanya sngt jelas, tidak tau yg mna yg asli dn palsu tpi aku beli di seler dn toko yg sama, pengalaman pemakaian slma 1bln pke tidk ada perubahan mlh timbul jerawat",1759556444,6 bulan lalu,Default,True,Anonymous,0,True,False,
X Beauty 1 Paket Isi 6 Redjelly Day Peach,1705532947,5,"Brgnya sdh ditrima dgn kondisi yg sangat baik
Trimakasih atas bonus red jellynya🫶😁..
Semoga cocok yaa😊",1759553712,6 bulan lalu,Default,True,Anonymous,0,True,False,
X Beauty 1 Paket Isi 6 Redjelly Day Peach,1705524674,5,Baik,1759553411,6 bulan lalu,Default,True,Anonymous,0,False,False,
X Beauty 1 Paket Isi 6 Redjelly Day Peach,1705436089,3,Maaf ini yang dikirim hanya krim malam saja gak ada krim siangnya,1759550294,6 bulan lalu,Default,True,Anonymous,0,True,False,
X Beauty 1 Paket Isi 6 Redjelly Day Peach,1705280208,4,"baru pertama beli eh serumnya kaya gini pecah pecah 🥲🥲🥲 Day cream wangi baunya kaya bunga melati ningt cream juga sama wangi kaya bunga melati 
tolong banget ya onwer pekejigan yang bener ya kecewa untuk pekejigan nya",1759543766,6 bulan lalu,Default,True,Anonymous,0,True,True,
X Beauty 1 Paket Isi 6 Redjelly Day Peach,1705259979,4,"udh mulai bersih hampir habis 1 paket
tapi knp pembelikan ke2 krim malmnyaa beda warnaa yaa sm yg prtama sy belii",1759542723,6 bulan lalu,Default,True,Anonymous,0,True,False,
X Beauty 1 Paket Isi 6 Redjelly Day Peach,1705229240,4,yg dikirim daycream semua gak ada nightcreamnya tapi dikirimin ulang barangnya dikirim nightcrimnya🤗,1759540840,6 bulan lalu,Default,True,Anonymous,0,True,False,
X Beauty 1 Paket Isi 6 Redjelly Day Peach,1705000691,5,Bagus walaupun belum terlalu kelihatan hasil,1759507945,6 bulan lalu,Default,True,Anonymous,0,False,False,
X Beauty 1 Paket Isi 6 Redjelly Day Peach,1704945862,4,"Baru pertama kali nyoba, mudahan cocok",1759504096,6 bulan lalu,Default,True,Anonymous,0,False,False,
X Beauty 1 Paket Isi 6 Redjelly Day Peach,1704912409,4,"Di terima dengan baik, walaupun yang redjelly nya bocor kemana² + ga dapet serum nya",1759502247,6 bulan lalu,Default,True,Anonymous,0,False,False,
X Beauty 1 Paket Isi 6 Redjelly Day Peach,1704831869,5,Jenis kulit: Normal,1759498192,6 bulan lalu,Default,True,Anonymous,0,False,False,
X Beauty 1 Paket Isi 6 Redjelly Day Peach,1704820055,5,Mendarat dengan baik😇🥰dan cepat sampai,1759497656,6 bulan lalu,Default,True,Anonymous,0,True,False,
X Beauty 1 Paket Isi 6 Redjelly Day Peach,1704522835,5,"Manfaat produk: Untuk mencerahkan dan menghilangkan noda hitam
Jenis kulit: Semua jenis kulit &amp; semoga cocok di aq y ckincarenya, krim nya lembur banget dan enak di pakek baru nyoba sih glo cocok bakal beli lagi di sini rapi dan kurirnya juga respon makasih y gak sempat ku Poto ckincarenya y mf",1759486458,6 bulan lalu,Default,True,Anonymous,0,False,False,
X Beauty 1 Paket Isi 6 Redjelly Day Peach,1704471951,4,"br mau coba kak,mudah2an cocok",1759484496,6 bulan lalu,Default,True,Anonymous,0,True,False,
X Beauty 1 Paket Isi 6 Redjelly Day Peach,1704304672,5,"Admin nya baikkk banget. Kmren serum sama tonernya pecah tp lgsg diganti walaupun pas dtg serumnya tetap pecah pdhl sdh pake kotak sama bubble wrap. Untuk produknya aku sukaa,semuanya wangiii terutama sabun nya bau bungaa. Semoga cocok biar bisa menetap pake skincare dari Xbeauty",1759477755,6 bulan lalu,Default,True,Anonymous,0,False,False,
X Beauty 1 Paket Isi 6 Redjelly Day Peach,1703860171,5,baru nyoba semga ajaa cocok🥰,1759460512,6 bulan lalu,Default,True,Anonymous,0,False,False,
X Beauty 1 Paket Isi 6 Redjelly Day Peach,1703757528,5,Semoga cocok di flek wajah aku🫰🥹🥹,1759455730,6 bulan lalu,Default,True,Anonymous,0,False,False,
X Beauty 1 Paket Isi 6 Redjelly Day Peach,1703545187,5,"Baru pemakaian 2hari 2malam udah glowing gini ,, bakal jadi langganan deh 🥰",1759437805,6 bulan lalu,Default,True,Anonymous,0,True,False,
X Beauty 1 Paket Isi 6 Redjelly Day Peach,1703228454,5,"Kondisi wajahku mogah cocok 
  Nitip foto dulu before  dn anternya nantik
Bahan: Bagus
Manfaat produk: Mencerhkn
Jenis kulit: Kombinasi",1759409595,6 bulan lalu,Default,True,Anonymous,0,True,False,
X Beauty 1 Paket Isi 6 Redjelly Day Peach,1702978290,4,"baru sampai mudah²an cocok
kemasan sama stiker nya mohon di perbaiki",1759401069,6 bulan lalu,Default,True,Anonymous,0,True,True,
X Beauty 1 Paket Isi 6 Redjelly Day Peach,1702821253,5,Baru make klo cocok mesen lagii,1759395441,6 bulan lalu,Default,True,Anonymous,0,False,False,
X Beauty 1 Paket Isi 6 Redjelly Day Peach,1702755054,5,Somoga cocok deh,1759392859,6 bulan lalu,Default,True,Anonymous,0,True,False,
X Beauty 1 Paket Isi 6 Redjelly Day Peach,1702752827,5,"Paket nya Udah Nyampe 
Muda Mudahan Cocok Sama Mungka Aku Yg Berjerawat Ini😅",1759392771,6 bulan lalu,Default,True,Anonymous,0,True,False,
X Beauty 1 Paket Isi 6 Redjelly Day Peach,1702369827,5,"Bahan: Bagus
Manfaat produk: Mencerahkan kulit
Jenis kulit: Sensitif",1759378358,6 bulan lalu,Default,True,Anonymous,0,False,False,
X Beauty 1 Paket Isi 6 Redjelly Day Peach,1702337821,3,Kemasan nya gini ya cepat terkopek,1759377208,6 bulan lalu,Default,True,Anonymous,0,True,False,
X Beauty 1 Paket Isi 6 Redjelly Day Peach,1701946335,5,"akhirnya yang ditunggu&#34; sudah datang dengan selamat, baru pertama kali mencoba semoga cocok biar langganan terus🥹❤️‍🔥",1759341565,6 bulan lalu,Default,True,Anonymous,0,True,False,
X Beauty 1 Paket Isi 6 Redjelly Day Peach,1701943175,5,"Pembelian paket kedua 
Biasanya beli satuan day cream ajha",1759340939,6 bulan lalu,Default,True,Anonymous,0,True,False,
X Beauty 1 Paket Isi 6 Redjelly Day Peach,1701777804,3,di kirim facial wash 2 gada tonernya,1759327497,6 bulan lalu,Default,True,Anonymous,0,True,False,
X Beauty 1 Paket Isi 6 Redjelly Day Peach,1701748577,5,Pokok nya terlove love,1759326117,6 bulan lalu,Default,True,Anonymous,0,True,False,
X Beauty 1 Paket Isi 6 Redjelly Day Peach,1701718387,5,Okey kalo soal bedaknya aku suka iya soalnya semua harum dan cocok sama kulit yang berjerawat kusam dan bekas jerawat aku suka 🥰  tapi semoga ada perubahannya Kerna aku baru pertama kali beli dan coba tapi bagus jadi aku pesan lagi🥰😘😍 cuma ada satu lagi paketnya lama datang,1759324844,6 bulan lalu,Default,True,Anonymous,0,False,False,
X Beauty 1 Paket Isi 6 Redjelly Day Peach,1701681098,5,Mantap,1759323344,6 bulan lalu,Default,True,Anonymous,0,False,False,
X Beauty 1 Paket Isi 6 Redjelly Day Peach,1701529994,5,"Bahan: Bagus
Manfaat produk: Blm kelihatan
Jenis kulit: Apa aja",1759317865,6 bulan lalu,Default,True,Anonymous,0,False,False,
X Beauty 1 Paket Isi 6 Redjelly Day Peach,1701516667,4,Kasih bintang 4 dulu nanti aku kembali lagi setelah pemakaian,1759317435,6 bulan lalu,Default,True,Anonymous,0,True,False,
X Beauty 1 Paket Isi 6 Redjelly Day Peach,1701418268,5,"Jenis kulit: Sensitif
Manfaat produk: Manfaat nya sangat bagus untuk kulit ku yg sensitif.
Ini skincare pertama yg cocok di wajah ku",1759314311,6 bulan lalu,Default,True,Anonymous,0,False,False,
X Beauty 1 Paket Isi 6 Redjelly Day Peach,1701248822,5,Barang nyah udh sampe Mudah2an cocok,1759308122,6 bulan lalu,Default,True,Anonymous,0,True,False,
X Beauty 1 Paket Isi 6 Redjelly Day Peach,1701216746,3,Udah paket yang ke 2 semoga terus cocok di wajah ku dan semakin mencerahkan,1759306871,6 bulan lalu,Default,True,Anonymous,0,True,False,
X Beauty 1 Paket Isi 6 Redjelly Day Peach,1701214274,5,Bagusss bgttttt aku udah habis 4 mau jalan ke 5,1759306775,6 bulan lalu,Default,True,Anonymous,0,True,False,
X Beauty 1 Paket Isi 6 Redjelly Day Peach,1701200459,5,Alhamdulillah paket sampai,1759306215,6 bulan lalu,Default,True,Anonymous,0,False,False,
X Beauty 1 Paket Isi 6 Redjelly Day Peach,1701052387,4,Semoga cocok baru pertama kali coba,1759300352,6 bulan lalu,Default,True,Anonymous,0,True,False,
X Beauty 1 Paket Isi 6 Redjelly Day Peach,1701030556,5,"Aku kasih bintang dulu, kalo ada perubahan  fotonya nyusul ya😇",1759299494,6 bulan lalu,Default,True,Anonymous,0,False,False,
X Beauty 1 Paket Isi 6 Redjelly Day Peach,1700987485,5,"Top markotopp😭🥰
Bahan: Lembut
Manfaat produk: Mencerahkan
Jenis kulit: Mbohhh",1759297856,6 bulan lalu,Default,True,Anonymous,0,True,False,
X Beauty 1 Paket Isi 6 Redjelly Day Peach,1700932706,5,"Baru samapai belum dicoba, semoga cocok",1759295863,6 bulan lalu,Default,True,Anonymous,0,True,False,
X Beauty 1 Paket Isi 6 Redjelly Day Peach,1700668492,4,Sesuai pesanan semoga cocok,1759285805,6 bulan lalu,Default,True,Anonymous,0,False,False,
X Beauty 1 Paket Isi 6 Redjelly Day Peach,1700254348,4,Facial wasnya tumpah🥹besok besok tolonh tutupnya dikasi lem aja min biar kuat,1759240854,6 bulan lalu,Default,True,Anonymous,0,False,False,
X Beauty 1 Paket Isi 6 Redjelly Day Peach,1699910308,5,"Manfaat produk: mencerahkan
Jenis kulit: kering",1759225960,6 bulan lalu,Default,True,Anonymous,0,True,False,
X Beauty 1 Paket Isi 6 Redjelly Day Peach,1699883207,5,"Manfaat produk: Blm di coba
Paketnya sampai dengan selamat",1759224770,6 bulan lalu,Default,True,Anonymous,0,True,False,
X Beauty 1 Paket Isi 6 Redjelly Day Peach,1699849324,4,"Baru pertama kali coba,semoga cocok",1759223246,6 bulan lalu,Default,True,Anonymous,0,True,False,
X Beauty 1 Paket Isi 6 Redjelly Day Peach,1699791987,5,"Tidak menimbulkan iritasi.
Facial wash nya juga tidak bikin kulit kering atau ketarik.",1759220506,6 bulan lalu,Default,True,Anonymous,0,False,False,
X Beauty 1 Paket Isi 6 Redjelly Day Peach,1699611306,5,Pertama kali coba xbeauty smga cocok yaa,1759211334,6 bulan lalu,Default,True,Anonymous,0,False,False,
X Beauty 1 Paket Isi 6 Redjelly Day Peach,1699573368,4,Akhirnya smpe juga setelah hampir sebulan hm,1759209735,6 bulan lalu,Default,True,Anonymous,0,False,False,
X Beauty 1 Paket Isi 6 Redjelly Day Peach,1699467588,4,Mudah2an ccok dengan muka ku,1759205355,6 bulan lalu,Default,True,Anonymous,0,False,True,
X Beauty 1 Paket Isi 6 Redjelly Day Peach,1699198451,5,Bagus banget gk lengket enak di pake nya,1759188671,6 bulan lalu,Default,True,Anonymous,0,False,False,
X Beauty 1 Paket Isi 6 Redjelly Day Peach,1699134868,4,bintang 4 dulu nanti di kasih bintang 5 tunggu hasil nya,1759178777,6 bulan lalu,Default,True,Anonymous,0,False,False,
X Beauty 1 Paket Isi 6 Redjelly Day Peach,1699018757,1,Seminggu pemakaian glowing mulus tapi kok lama lama keluar jerawat kecil kecillll sampe akhir nya semakin gede 😭 admin slow respon banget harus nya ngasih saran tapi ini malah ga di jawab jawab 😭🥲,1759157087,6 bulan lalu,Default,True,Anonymous,0,True,False,
X Beauty 1 Paket Isi 6 Redjelly Day Peach,1698990161,1,"Ini benaran Review jujur Produk nya ga ngaruh sama sekali di aku pdhl udh mau abis sepaket bahkan bikin kulit semakin kusam,bru pertama aku Review produk yg lain krna aku gmau kemakan iklan lagi",1759155222,6 bulan lalu,Default,True,Anonymous,0,True,False,
X Beauty 1 Paket Isi 6 Redjelly Day Peach,1698779837,2,Tidak ada krim malam nya hadehhh udh nunggu lama lama gmna nih!!!,1759145439,6 bulan lalu,Default,True,Anonymous,0,True,False,
X Beauty 1 Paket Isi 6 Redjelly Day Peach,1698737424,2,Kurang tepat,1759143672,6 bulan lalu,Default,True,Anonymous,0,False,False,
X Beauty 1 Paket Isi 6 Redjelly Day Peach,1698734614,4,Baru sampe semoga cocok yaa&#34;minusnya facewash nya bocor jadinya bleber dikardusnya,1759143550,6 bulan lalu,Default,True,Anonymous,0,True,True,
X Beauty 1 Paket Isi 6 Redjelly Day Peach,1698727161,4,"Knapa ga dapat tas skincarenya,cuma di taruh di dus",1759143244,6 bulan lalu,Default,True,Anonymous,0,True,False,
X Beauty 1 Paket Isi 6 Redjelly Day Peach,1698621592,4,Bahan: Isi nya sedikit banget,1759138829,6 bulan lalu,Default,True,Anonymous,0,True,False,
X Beauty 1 Paket Isi 6 Redjelly Day Peach,1698368835,5,biar bintang yg mejelaskan,1759127860,6 bulan lalu,Default,True,Anonymous,0,False,False,
X Beauty 1 Paket Isi 6 Redjelly Day Peach,1697722118,5,"Masyaallah bagus bgt🥰
Ini udh habis 2 paket
No filter kamera biasa
Terimakasih telah menciptakan produk sebagus ini
Jenis kulit: Berminyak",1759079169,6 bulan lalu,Default,True,Anonymous,0,True,False,
X Beauty 1 Paket Isi 6 Redjelly Day Peach,1697555929,3,Jenis kulit: sensitif,1759067897,6 bulan lalu,Default,True,Anonymous,0,False,False,
X Beauty 1 Paket Isi 6 Redjelly Day Peach,1697225494,5,Baru coba semoga cocok,1759053339,6 bulan lalu,Default,True,Anonymous,0,True,False,
X Beauty 1 Paket Isi 6 Redjelly Day Peach,1697026034,5,"Semogaa cocok aku pemulaaa kalo cocok d aku ,,, fiks bakal order lagi di sini🥰",1759044018,6 bulan lalu,Default,True,Anonymous,0,False,False,
X Beauty 1 Paket Isi 6 Redjelly Day Peach,1696981285,5,semoga cocok,1759041893,6 bulan lalu,Default,True,Anonymous,0,False,False,
X Beauty 1 Paket Isi 6 Redjelly Day Peach,1696960293,5,Paket sampe dengan aman,1759040909,6 bulan lalu,Default,True,Anonymous,0,False,False,
X Beauty 1 Paket Isi 6 Redjelly Day Peach,1696728843,5,"Ini udh psnn yg k 2 &amp; Alhamdulillah ky ny cocok , ada aja perubahan ny muka jd lbh bersih mksh next order lgi",1759031112,6 bulan lalu,Default,True,Anonymous,0,False,False,
X Beauty 1 Paket Isi 6 Redjelly Day Peach,1696371482,5,Jely nya tumpah,1758988925,6 bulan lalu,Default,True,Anonymous,0,False,False,
X Beauty 1 Paket Isi 6 Redjelly Day Peach,1695964142,5,"Semua ga cocok diaku,soalnya baru pertama kali coba",1758967528,6 bulan lalu,Default,True,Anonymous,0,False,False,
X Beauty 1 Paket Isi 6 Redjelly Day Peach,1695907501,5,Kemarin ada pouch nya skrg ga ada yaa,1758965002,6 bulan lalu,Default,True,Anonymous,0,True,False,
X Beauty 1 Paket Isi 6 Redjelly Day Peach,1695824238,4,bagus,1758961235,6 bulan lalu,Default,True,Anonymous,0,False,False,
X Beauty 1 Paket Isi 6 Redjelly Day Peach,1695705919,5,bagusss banget👍,1758955815,6 bulan lalu,Default,True,Anonymous,0,False,False,
X Beauty 1 Paket Isi 6 Redjelly Day Peach,1695579982,5,Bagus pking rpi smoga cocok deh,1758950849,6 bulan lalu,Default,True,Anonymous,0,False,False,
X Beauty 1 Paket Isi 6 Redjelly Day Peach,1695494440,4,"Pkt nya sudah sampai, tpi syang redjelly cumn seiprit gk penuh",1758947411,6 bulan lalu,Default,True,Anonymous,0,False,False,
X Beauty 1 Paket Isi 6 Redjelly Day Peach,1695074422,5,Baru pertama coba semoga GK kemakan iklan dan semoga cocok di wajahku yg mudah kusam,1758907541,6 bulan lalu,Default,True,Anonymous,0,False,False,
X Beauty 1 Paket Isi 6 Redjelly Day Peach,1695001523,4,Bagus bgt padahal baru Sekali coba apalgi yg day cream nya gacorr parah bguss bgt,1758899578,6 bulan lalu,Default,True,Anonymous,0,True,False,
X Beauty 1 Paket Isi 6 Redjelly Day Peach,1694451978,3,berenti dri situ langsung jerawatn,1758874796,6 bulan lalu,Default,True,Anonymous,0,True,False,
X Beauty 1 Paket Isi 6 Redjelly Day Peach,1694345376,5,"Bahan: wangi
Jenis kulit: cocok di semua kulit
Manfaat produk: aku itu jln dua paket lumayan hasilnya",1758869897,6 bulan lalu,Default,True,Anonymous,0,False,True,
X Beauty 1 Paket Isi 6 Redjelly Day Peach,1694318860,5,Alhamdulillah sudah paket ketiga dan cocok cmn knpyhh saya gk pernah dapet tas nya,1758868695,6 bulan lalu,Default,True,Anonymous,0,True,False,
X Beauty 1 Paket Isi 6 Redjelly Day Peach,1694228877,5,"Amann,🤩",1758864749,6 bulan lalu,Default,True,Anonymous,0,True,False,
X Beauty 1 Paket Isi 6 Redjelly Day Peach,1693948843,5,nanti balik lagi 1 paket kemudian dengan riview jujur🫶🏻,1758853483,6 bulan lalu,Default,True,Anonymous,0,False,False,
X Beauty 1 Paket Isi 6 Redjelly Day Peach,1693610150,4,baru dateng bgt kalo cocok lanjut,1758815143,7 bulan lalu,Default,True,Anonymous,0,True,False,
X Beauty 1 Paket Isi 6 Redjelly Day Peach,1693602014,5,Mantull puas terimakasih dapat tambhan red jelly next order lagi 2 paket..sdh pembelian 4 paket,1758814421,7 bulan lalu,Default,True,Anonymous,0,False,False,
X Beauty 1 Paket Isi 6 Redjelly Day Peach,1693596674,5,"Suka sekali dengan produk ini ,semogah tambah glowing",1758814004,7 bulan lalu,Default,True,Anonymous,0,False,False,
X Beauty 1 Paket Isi 6 Redjelly Day Peach,1693325971,5,Alhamdulillah 2 hr langsung sampai rmh . Semoga cocok di kulit wajahku.,1758800710,7 bulan lalu,Default,True,Anonymous,0,True,False,
X Beauty 1 Paket Isi 6 Redjelly Day Peach,1693146646,5,Paket yang ke dua Alhamdulillah cocok😊😊😊,1758794205,7 bulan lalu,Default,True,Anonymous,0,True,False,
X Beauty 1 Paket Isi 6 Redjelly Day Peach,1693032748,1,"Ko gak ada toner nya ka 
Facial Wash nya ada dua terus gimna ini ka",1758789809,7 bulan lalu,Default,True,Anonymous,0,True,False,
X Beauty 1 Paket Isi 6 Redjelly Day Peach,1692898685,4,Sesuai pesanan,1758783979,7 bulan lalu,Default,True,Anonymous,0,True,False,
X Beauty 1 Paket Isi 6 Redjelly Day Peach,1692884974,4,"Aromanya beda&#34;aku suka
Teksturnya lembut",1758783370,7 bulan lalu,Default,True,Anonymous,0,False,False,
X Beauty 1 Paket Isi 6 Redjelly Day Peach,1692859005,5,Baru pertama kli coba smoga cocok di mukaku,1758782242,7 bulan lalu,Default,True,Anonymous,0,True,False,
X Beauty 1 Paket Isi 6 Redjelly Day Peach,1692831673,5,"Produknya sesuai semogga cocok😍sayangnya serumnya pecah smpe rumah🥺
Jenis kulit: Normal no jerawat",1758781086,7 bulan lalu,Default,True,Anonymous,0,True,False,
X Beauty 1 Paket Isi 6 Redjelly Day Peach,1692761146,4,"Barangnya sesuai pesanan semoga
Bagus di muka aku",1758778176,7 bulan lalu,Default,True,Anonymous,0,False,False,
X Beauty 1 Paket Isi 6 Redjelly Day Peach,1692609832,5,"Hampir 2 minggu wajah dah mulai memperlihatkan perubahan, orang2 juga dah notice dan nanyain skincare dan di bawah matahari ga bikin merah",1758772527,7 bulan lalu,Default,True,Anonymous,0,True,False,
X Beauty 1 Paket Isi 6 Redjelly Day Peach,1692526040,5,Masih baru nyubak semoga cocok,1758769156,7 bulan lalu,Default,True,Anonymous,0,True,False,
X Beauty 1 Paket Isi 6 Redjelly Day Peach,1692304116,5,"Sudah sampai ,pemakaian pertama ,semoga cocok ,kalo cocok insya Allah co lagi yahh",1758754120,7 bulan lalu,Default,True,Anonymous,0,True,False,
X Beauty 1 Paket Isi 6 Redjelly Day Peach,1692296776,5,"Sudah langganan beli disini, cocok Alhamdulillah. Bagus sekali untuk krim siangnya ada tone up nya.",1758753240,7 bulan lalu,Default,True,Anonymous,0,False,False,
X Beauty 1 Paket Isi 6 Redjelly Day Peach,1692033982,3,"Aku udh co 2kli SMA yg ini ko yang ini beda ya
G wangi malah bau² gimna gitu terus tekstur jga cair pas pertama ga cair² amat Kya yang uduhh lama anjir mana warna nya bedaa",1758720330,7 bulan lalu,Default,True,Anonymous,0,True,False,
X Beauty 1 Paket Isi 6 Redjelly Day Peach,1692032620,5,"Bagus sesuai pesanan, in pesan yg ke 3kali bru kasi ulasan skarang😊😊",1758720268,7 bulan lalu,Default,True,Anonymous,0,True,False,
X Beauty 1 Paket Isi 6 Redjelly Day Peach,1692029250,5,Semoga cocok,1758720104,7 bulan lalu,Default,True,Anonymous,0,False,False,
X Beauty 1 Paket Isi 6 Redjelly Day Peach,1691983253,5,"pertama nyobaa,kalau cocok aku Spil dsini",1758718040,7 bulan lalu,Default,True,Anonymous,0,True,False,
X Beauty 1 Paket Isi 6 Redjelly Day Peach,1691804838,5,Bagus,1758711283,7 bulan lalu,Default,True,Anonymous,0,False,False,
X Beauty 1 Paket Isi 6 Redjelly Day Peach,1691758413,5,Semoga cocok ia hasil. Nya,1758709689,7 bulan lalu,Default,True,Anonymous,0,False,False,
X Beauty 1 Paket Isi 6 Redjelly Day Peach,1691723402,5,"barang nya udah sampai... semoga cocok deh, kalo cocok ak bakal co lagii 😆😆",1758708371,7 bulan lalu,Default,True,Anonymous,0,True,False,
X Beauty 1 Paket Isi 6 Redjelly Day Peach,1691652246,5,"Dari yang platinum mau nyoba ke yg whitening pink dulu baru jalan 2 paket, bismillah cocok",1758705585,7 bulan lalu,Default,True,Anonymous,0,True,False,
X Beauty 1 Paket Isi 6 Redjelly Day Peach,1691537346,4,"Bahan: BAGUSS AMATT
Manfaat produk: benerann baru seminggu udah adaa hasill cerahann + glowingg posisi cuma pake day creamm aja",1758701187,7 bulan lalu,Default,True,Anonymous,0,True,False,
X Beauty 1 Paket Isi 6 Redjelly Day Peach,1691339882,4,"Paketnya baru dateng nanti kalo ada perubahan aku balik lagi kesini
Jenis kulit: Kusam ada bekas jerawat dan jerawat 1 2",1758693192,7 bulan lalu,Default,True,Anonymous,0,True,False,
X Beauty 1 Paket Isi 6 Redjelly Day Peach,1690808242,5,Mandarat dengan selamat packingn rapi sudh di joba enk sih di muka moga cucuk biar GK ganti2 lagi Murmer lg mksih toko sukses ya,1758663539,7 bulan lalu,Default,True,Anonymous,0,True,False,
X Beauty 1 Paket Isi 6 Redjelly Day Peach,1690642021,5,"Nitip before dlu ya nanti kalo ada perubahan baru after nya, semoga glowing 😚",1758638182,7 bulan lalu,Default,True,Anonymous,0,True,False,
X Beauty 1 Paket Isi 6 Redjelly Day Peach,1690361820,5,Bagus banget baru kali ini Nemu skincare siangnya teksturnya ringan banget dan cepat mencerahkan,1758625735,7 bulan lalu,Default,True,Anonymous,0,False,False,
X Beauty 1 Paket Isi 6 Redjelly Day Peach,1690258678,5,"First time nyoba,semoga cocok di kulit aku",1758621483,7 bulan lalu,Default,True,Anonymous,0,True,False,
X Beauty 1 Paket Isi 6 Redjelly Day Peach,1690140345,5,"Lembut 
Wajah 
Sensitif",1758615773,7 bulan lalu,Default,True,Anonymous,0,False,False,
X Beauty 1 Paket Isi 6 Redjelly Day Peach,1690017754,5,Smoga cocok,1758610912,7 bulan lalu,Default,True,Anonymous,0,False,False,
X Beauty 1 Paket Isi 6 Redjelly Day Peach,1690002970,4,Bintang 4 dulu ya semogah cocok nanti kembali lagi 😍☺️,1758610137,7 bulan lalu,Default,True,Anonymous,0,True,False,
X Beauty 1 Paket Isi 6 Redjelly Day Peach,1689970979,1,"Kak lain kali klok saya beli jangan kasik yg kemasan lama ya kak 
Soalnya mesan ke dua kalinya sabunnya kental kayak jeli 
GK sama kayak yg pertama beli🙏🙏",1758608448,7 bulan lalu,Default,True,Anonymous,0,False,False,
X Beauty 1 Paket Isi 6 Redjelly Day Peach,1689850786,5,Semoga cocok d Kulit Ku net nntik order lagi,1758602370,7 bulan lalu,Default,True,Anonymous,0,True,False,
X Beauty 1 Paket Isi 6 Redjelly Day Peach,1689421945,3,Semoga cocok dikulit aku ttip before,1758555811,7 bulan lalu,Default,True,Anonymous,0,True,False,
X Beauty 1 Paket Isi 6 Redjelly Day Peach,1689331601,5,Sengaja ngasih ulasannya tlatt mau coba pake dluu ternyata gong bngtt baru pake 1 brpa hari udh kliatan bngtt no filter ya gys,1758549276,7 bulan lalu,Default,True,Anonymous,0,True,False,
X Beauty 1 Paket Isi 6 Redjelly Day Peach,1689073743,5,"Sukak bgt pake ini langsung beli 2 paket
Menyala",1758537356,7 bulan lalu,Default,True,Anonymous,0,True,False,
X Beauty 1 Paket Isi 6 Redjelly Day Peach,1689070792,5,Jerawatan d aku,1758537218,7 bulan lalu,Default,True,Anonymous,0,False,False,
X Beauty 1 Paket Isi 6 Redjelly Day Peach,1688833219,2,"Barang udah sampai meskipun ada beberapa yang tumpah, tapi pas cek blom kok gak ada ya. Jadi agak ragu mau pakai. Kalau mereknya udah terkenal harus nya mudah banget buat cek blom nya tapi ini aku cek berkali kali gak ada sama sekali",1758526444,7 bulan lalu,Default,True,Anonymous,0,False,False,
X Beauty 1 Paket Isi 6 Redjelly Day Peach,1688802170,5,Baru pemula mudah2n cocok,1758525027,7 bulan lalu,Default,True,Anonymous,0,False,False,
X Beauty 1 Paket Isi 6 Redjelly Day Peach,1688731979,5,Paketnya sudah di Terima bagus banget ☺,1758521776,7 bulan lalu,Default,True,Anonymous,0,True,False,
X Beauty 1 Paket Isi 6 Redjelly Day Peach,1688629295,5,"Lengkap Tapi Belum Di Coba. 
Di Cek BPOM Sudah BPOM Terimakasih 🙏",1758517498,7 bulan lalu,Default,True,Anonymous,0,True,False,
X Beauty 1 Paket Isi 6 Redjelly Day Peach,1688560004,5,Bagus cepet juga nyerahin cuma agak banyakin sabar kalo ada flek hitam dan jerawat mungkin butuh waktu,1758514782,7 bulan lalu,Default,True,Anonymous,0,False,False,
X Beauty 1 Paket Isi 6 Redjelly Day Peach,1688509966,4,"Semoga aja cocok , baru pertama kali mau coba takut sebenernya takut ga cocok di muka aku , tapi bismilah semoga ya",1758512731,7 bulan lalu,Default,True,Anonymous,0,False,True,
X Beauty 1 Paket Isi 6 Redjelly Day Peach,1688394265,5,"Sesuai, yg kedua kalinya mudah&#34;hasil nya lebih bagus🥰",1758507815,7 bulan lalu,Default,True,Anonymous,0,True,False,
X Beauty 1 Paket Isi 6 Redjelly Day Peach,1688319898,5,"Terimakasih pesanan sdh saya Terima alhamdulillah baik smua sesuai deskripsi tdk ada lecek atq kurang, terimakasih seller smoga bedak cocok di aku🙏",1758503834,7 bulan lalu,Default,True,Anonymous,0,False,False,
X Beauty 1 Paket Isi 6 Redjelly Day Peach,1688077998,5,Bagus semoga cocok,1758468680,7 bulan lalu,Default,True,Anonymous,0,False,False,
X Beauty 1 Paket Isi 6 Redjelly Day Peach,1688065519,2,"Paketnya datang tidak sesuai, facial washnya gaada, malah tonernya kekirim 2 pcs. Tolong diperhatikan lagi ya dalam pengirimannya🙏",1758467615,7 bulan lalu,Default,True,Anonymous,0,True,False,
X Beauty 1 Paket Isi 6 Redjelly Day Peach,1687956850,5,"Ok barang bagus dan sesuai trmksh
.",1758460870,7 bulan lalu,Default,True,Anonymous,0,False,False,
X Beauty 1 Paket Isi 6 Redjelly Day Peach,1687632118,5,Satu bulan lagi saya kembali moga cocok,1758446426,7 bulan lalu,Default,True,Anonymous,0,False,False,
X Beauty 1 Paket Isi 6 Redjelly Day Peach,1687378759,5,"BAGUSSS BGTT, daycreamnya lama² makin glowing, FIKSSS otw CO lagi😫😫",1758434757,7 bulan lalu,Default,True,Anonymous,0,True,False,
X Beauty 1 Paket Isi 6 Redjelly Day Peach,1687200823,5,Semoga cocok,1758427160,7 bulan lalu,Default,True,Anonymous,0,False,False,
X Beauty 1 Paket Isi 6 Redjelly Day Peach,1687013082,2,"bagus ,cuma sayang sampai keadaan sabun nya tumpah tutup nya pecah ,huhu padahal baru beli jadi sabun nya udah habis duluan ,pakaging nya kurang aman ,harus nya pake buble wreap",1758416470,7 bulan lalu,Default,True,Anonymous,0,False,False,
X Beauty 1 Paket Isi 6 Redjelly Day Peach,1686918330,5,"bagus bangett,mencerahkan kulit,aku baru sampe kemaren udh keliatan agak cerah suka banget sama ini🤩🤩",1758404239,7 bulan lalu,Default,True,Anonymous,0,False,False,
X Beauty 1 Paket Isi 6 Redjelly Day Peach,1686910504,5,Pkt sdh sampai semoga cocok,1758401757,7 bulan lalu,Default,True,Anonymous,0,False,False,
X Beauty 1 Paket Isi 6 Redjelly Day Peach,1686795985,4,Bagus sekali,1758380538,7 bulan lalu,Default,True,Anonymous,0,False,False,
X Beauty 1 Paket Isi 6 Redjelly Day Peach,1686671597,5,Belum di coba semoga aja cocok di kulit aku😊,1758372570,7 bulan lalu,Default,True,Anonymous,0,False,False,
X Beauty 1 Paket Isi 6 Redjelly Day Peach,1686267748,4,Ga ada hasil nya dah dua paket juga,1758356201,7 bulan lalu,Default,True,Anonymous,0,False,False,
X Beauty 1 Paket Isi 6 Redjelly Day Peach,1685972630,3,"uda satu minggu aku pake, awalnya purging trs hilang sih bruntusannya. Tapi sorry to say, makin kusem akuuuu pake ini hehe. kalo pake daycream doang jd tone up kliatan putih, tp cepet luntur. ya sesuai harga aja sih ya🙏🏻🙏🏻",1758343460,7 bulan lalu,Default,True,Anonymous,0,False,False,
X Beauty 1 Paket Isi 6 Redjelly Day Peach,1685911385,4,"Udahh sampe packingannya aman 
Semoga cocok deh yaaa",1758341121,7 bulan lalu,Default,True,Anonymous,0,True,False,
X Beauty 1 Paket Isi 6 Redjelly Day Peach,1685725954,5,Alhmdulilah paket nya udah sampai pemakaian pertama semoga cocok dan terus langganan 🥰🥰,1758335343,7 bulan lalu,Default,True,Anonymous,0,True,False,
X Beauty 1 Paket Isi 6 Redjelly Day Peach,1685486141,4,baru pertama kali coba semoga cocok👌,1758304129,7 bulan lalu,Default,True,Anonymous,0,False,False,
X Beauty 1 Paket Isi 6 Redjelly Day Peach,1685240953,5,"Belum bisa kasih review yang bagus, karna baru beli, semoga di muka ku cocok dan kedepannya bisa review dengan hasilnya",1758285534,7 bulan lalu,Default,True,Anonymous,0,True,True,
X Beauty 1 Paket Isi 6 Redjelly Day Peach,1685032745,5,Baguss,1758277536,7 bulan lalu,Default,True,Anonymous,0,False,False,
X Beauty 1 Paket Isi 6 Redjelly Day Peach,1684860612,5,Bru kasih ulasan bru berapa hri Udh mulai cerah kulit aku😍👍🏻,1758270884,7 bulan lalu,Default,True,Anonymous,0,False,False,
X Beauty 1 Paket Isi 6 Redjelly Day Peach,1684705580,5,"Sangat bagus, next order lagi, ini crem yg paling bagus banget",1758264678,7 bulan lalu,Default,True,Anonymous,0,False,False,
X Beauty 1 Paket Isi 6 Redjelly Day Peach,1684432757,5,"Nyesal saya beli ini , nyesal kerna knp gak dari kemarin gitu lo co skincare ini ,Asli emang bagus nih produk, saya panas panasan aja masih fresh nih, enak di kulit ya tapi jerawat belum pudar ya kan masih 2 hari pemakaian next bakalan order lagi nih 🥰🫰🏻",1758256443,7 bulan lalu,Default,True,Anonymous,0,True,False,
X Beauty 1 Paket Isi 6 Redjelly Day Peach,1683826878,1,Beda warna ninght cram nyh apa gk masalah,1758210493,7 bulan lalu,Default,True,Anonymous,0,True,False,
X Beauty 1 Paket Isi 6 Redjelly Day Peach,1683442741,5,Bahan: Bagusss menyerap tidak dempul intinya semoga cocok 🤗🤗,1758193795,7 bulan lalu,Default,True,Anonymous,0,True,False,
X Beauty 1 Paket Isi 6 Redjelly Day Peach,1683249511,4,Nitip before dulu kalo cocok lanjut,1758187698,7 bulan lalu,Default,True,Anonymous,0,True,False,
X Beauty 1 Paket Isi 6 Redjelly Day Peach,1682911140,5,Sesuai pesanan nggak nyusul jarinya COD the best 👍,1758174617,7 bulan lalu,Default,True,Anonymous,0,True,True,
X Beauty 1 Paket Isi 6 Redjelly Day Peach,1682095245,5,Memang bagus banget bikin muka cerah glowing udah jalan mau dua pot🥰🥰,1758117648,7 bulan lalu,Default,True,Anonymous,0,True,False,
X Beauty 1 Paket Isi 6 Redjelly Day Peach,1682088954,5,Mantul sumpah. Langsung nyatu dikulit..,1758117444,7 bulan lalu,Default,True,Anonymous,0,False,False,
X Beauty 1 Paket Isi 6 Redjelly Day Peach,1681994648,5,"Barangnya udah smpe MasyaAllah,,,prtama kli cba smoga cocok,, aromanya khas bnget melati mnurutku,",1758113688,7 bulan lalu,Default,True,Anonymous,1,True,False,
X Beauty 1 Paket Isi 6 Redjelly Day Peach,1681773767,4,Bru prtma bli mudh2hn yg ini g gonta gnti isi nya yh.bli ls sering bngt gonta gnti isi cream jd yg udh putih jga mlh kusem,1758106482,7 bulan lalu,Default,True,Anonymous,0,False,False,
X Beauty 1 Paket Isi 6 Redjelly Day Peach,1681459222,4,"Bagus barangnya cocok di muka ku walau baru satu hari pake,cuma pengiriman nya aja aga lama",1758095300,7 bulan lalu,Default,True,Anonymous,0,False,False,
X Beauty 1 Paket Isi 6 Redjelly Day Peach,1681305745,4,Masih awal pemakaian semoga cocok,1758089375,7 bulan lalu,Default,True,Anonymous,0,True,False,
X Beauty 1 Paket Isi 6 Redjelly Day Peach,1681177602,4,Blom coba smoga cocok,1758084785,7 bulan lalu,Default,True,Anonymous,0,False,False,
X Beauty 1 Paket Isi 6 Redjelly Day Peach,1681121354,5,Baru coba,1758082798,7 bulan lalu,Default,True,Anonymous,0,False,False,
X Beauty 1 Paket Isi 6 Redjelly Day Peach,1681068364,5,"Paketnya dah sampai
Baru mau nyoba semoga bagus hasilnya....",1758080827,7 bulan lalu,Default,True,Anonymous,0,False,False,
X Beauty 1 Paket Isi 6 Redjelly Day Peach,1680595656,5,"Dlu mke ini bbrp minggu pmakaian udh putih, to skrg ngga, apa udh ada yg brubah?",1758043257,7 bulan lalu,Default,True,Anonymous,0,False,False,
X Beauty 1 Paket Isi 6 Redjelly Day Peach,1680381197,5,Semoga cocok,1758027377,7 bulan lalu,Default,True,Anonymous,0,False,False,
X Beauty 1 Paket Isi 6 Redjelly Day Peach,1680253595,5,"Sudah nyampe,pengiriman cepat...baru pertama kali coba semoga cocok...jadi langganan aminnn...😊😊😊",1758022216,7 bulan lalu,Default,True,Anonymous,0,True,False,
X Beauty 1 Paket Isi 6 Redjelly Day Peach,1680129131,1,"Pesan tgl 25 Agustus sampai tgl 15 September, pengiriman SANGAT LAMA. 
chat admin TIDAK DIRESPON. 
Jadi ksh bintang 1",1758017657,7 bulan lalu,Default,True,Anonymous,0,False,False,
X Beauty 1 Paket Isi 6 Redjelly Day Peach,1679740735,3,Punyaku gak ada tas nya punya orng orng ada,1758000009,7 bulan lalu,Default,True,Anonymous,0,False,False,
X Beauty 1 Paket Isi 6 Redjelly Day Peach,1679609444,5,Bahan: Enak ringan tidak lengket,1757994430,7 bulan lalu,Default,True,Anonymous,0,False,False,
X Beauty 1 Paket Isi 6 Redjelly Day Peach,1679570165,5,"Bahan: Ok
Manfaat produk: Mencerahkan
Jenis kulit: Kombinasinya
Ini orderan yg ke 4x dn alhamdulillah cck di kulit aq🥰 
Biarkan bintang yg menilai dgn 👌",1757992689,7 bulan lalu,Default,True,Anonymous,0,False,False,
X Beauty 1 Paket Isi 6 Redjelly Day Peach,1679482344,1,"Tolong dong jualan nya yg jujur masa pas pertama doang bagus cream sama cuci mukanya, pas beli ke 2 ke 3 malah jlek di pake nya cream sama cuci muka ga berbusah",1757988467,7 bulan lalu,Default,True,Anonymous,0,False,False,
X Beauty 1 Paket Isi 6 Redjelly Day Peach,1679471918,5,"diakuu cocok ,bagus",1757987929,7 bulan lalu,Default,True,Anonymous,0,False,False,
X Beauty 1 Paket Isi 6 Redjelly Day Peach,1679341754,5,Smga cocok,1757979492,7 bulan lalu,Default,True,Anonymous,0,False,False,
X Beauty 1 Paket Isi 6 Redjelly Day Peach,1678811540,5,Kemasan bagus .. jadi langganan,1757933488,7 bulan lalu,Default,True,Anonymous,0,False,False,
X Beauty 1 Paket Isi 6 Redjelly Day Peach,1678774618,5,Semoga ccok aku baru mau pake🫰🏻,1757932096,7 bulan lalu,Default,True,Anonymous,0,False,False,
X Beauty 1 Paket Isi 6 Redjelly Day Peach,1678682373,5,"Manfaat produk: memutihkan mencerahkn kulit
Jenis kulit: normal",1757928309,7 bulan lalu,Default,True,Anonymous,0,False,False,
X Beauty 1 Paket Isi 6 Redjelly Day Peach,1678541312,5,Bagus bangat produknyaa😊,1757922600,7 bulan lalu,Default,True,Anonymous,0,False,False,
X Beauty 1 Paket Isi 6 Redjelly Day Peach,1678313681,4,paket kedua emang mantul banget ini,1757913598,7 bulan lalu,Default,True,Anonymous,0,True,False,
X Beauty 1 Paket Isi 6 Redjelly Day Peach,1678262755,3,Belum ada hasil,1757911749,7 bulan lalu,Default,True,Anonymous,0,False,False,
X Beauty 1 Paket Isi 6 Redjelly Day Peach,1678131846,3,"Barang nya oke ngk ada lecet sama sekali, minus nya ngk ada tas dan toner nya di semprot keluar malah ngk nyebar ini bgimna ya di semprot ngk nyebar di muka malah kenna mata , sebelumnya aku udh pesan di akun ini ya  barang yg sama toner nya keluar nya ngk nyebar.",1757906950,7 bulan lalu,Default,True,Anonymous,0,True,True,
X Beauty 1 Paket Isi 6 Redjelly Day Peach,1678099074,5,Saya suka🥰🥰,1757905673,7 bulan lalu,Default,True,Anonymous,0,False,True,
X Beauty 1 Paket Isi 6 Redjelly Day Peach,1677701717,5,Bgus bgt sesuai sm barang nyh,1757865758,7 bulan lalu,Default,True,Anonymous,0,False,False,
X Beauty 1 Paket Isi 6 Redjelly Day Peach,1677576854,1,"Kenapa saya di kirim cream siang semuax nya,,KLO jualan yg amanah donk dan teliti sbelum barang di packing 
Sangat kecewa",1757857750,7 bulan lalu,Default,True,Anonymous,0,True,False,
X Beauty 1 Paket Isi 6 Redjelly Day Peach,1677310458,5,Bagus kurirnya juga ramah,1757847382,7 bulan lalu,Default,True,Anonymous,0,False,False,
X Beauty 1 Paket Isi 6 Redjelly Day Peach,1677239148,4,Bru coba prtama kli smoga cocok sii soalnya muka suya sensitiff,1757844727,7 bulan lalu,Default,True,Anonymous,0,False,False,
X Beauty 1 Paket Isi 6 Redjelly Day Peach,1677177327,5,semoga cocok di aku,1757843421,7 bulan lalu,Default,True,Anonymous,0,False,False,
X Beauty 1 Paket Isi 6 Redjelly Day Peach,1676694789,4,"Semoga cocok di muka ku yg lagi breakout ini,nitip foto ku yg sekarang yaa ini biar bisa buat berbandingan
Jenis kulit: Normal",1757823336,7 bulan lalu,Default,True,Anonymous,0,True,False,
X Beauty 1 Paket Isi 6 Redjelly Day Peach,1676687269,5,bgs pwolll,1757823047,7 bulan lalu,Default,True,Anonymous,0,False,False,
X Beauty 1 Paket Isi 6 Redjelly Day Peach,1676587392,5,"Jenis kulit: berminyak, bismillah cocok awal pemula make ini, nanti kalo cocok bisa COD lagi disini",1757819083,7 bulan lalu,Default,True,Anonymous,0,True,False,
X Beauty 1 Paket Isi 6 Redjelly Day Peach,1676571895,5,"Datang dengan aman, cara pakainya gmna ya kak?
Jenis kulit: Bruntusan
Manfaat produk: Mencerahkan",1757818393,7 bulan lalu,Default,True,Anonymous,0,True,False,
X Beauty 1 Paket Isi 6 Redjelly Day Peach,1676409434,5,"Belii ke 3 kalinyaa,cocok dikulittkuu😍🥰",1757807760,7 bulan lalu,Default,True,Anonymous,0,True,False,
X Beauty 1 Paket Isi 6 Redjelly Day Peach,1676318065,5,Mksh sukaaa🙏🥰,1757797022,7 bulan lalu,Default,True,Anonymous,0,True,False,
X Beauty 1 Paket Isi 6 Redjelly Day Peach,1676229114,5,Pketnya nympek kk 🙏 tpi maaf mau tnyak sabun mukanya kok encer ya kak soalnya yg pertama aku bli kentel kak trus cream mlem beda wrnanya trus kemasannya agar ngejreng gitu warnanya.. bismillah paket yg ke 2  tpi muka ku msih blum ada perubahan,1757779018,7 bulan lalu,Default,True,Anonymous,0,True,False,
X Beauty 1 Paket Isi 6 Redjelly Day Peach,1676221673,4,"Alhamdulillah udh sampel semoga cocok,,nanti kalo udh ada perubahan kasi ulasan lagi skrng bintang 4 dlu karena paketnya rapih",1757778396,7 bulan lalu,Default,True,Anonymous,0,True,False,
X Beauty 1 Paket Isi 6 Redjelly Day Peach,1676220926,5,Pokok nya mantaap produk yang satu ni dah nyaman 👍👍👍❤️,1757778339,7 bulan lalu,Default,True,Anonymous,0,False,False,
X Beauty 1 Paket Isi 6 Redjelly Day Peach,1676095762,4,"Semoga cocok, pengiriman dari ekspedisi nya lama bgt🥺pdhl nungguin bgt paketnya",1757771387,7 bulan lalu,Default,True,Anonymous,0,False,False,
X Beauty 1 Paket Isi 6 Redjelly Day Peach,1675888899,1,Packing kurang rapih sehingga facial wash nya tumpah tumpah mohon di perbaiki lagi packingan nya🙏 untuk yg lain tidak ada problem aman semua baru pertama kali beli semoga cocok,1757762551,7 bulan lalu,Default,True,Anonymous,0,False,True,
X Beauty 1 Paket Isi 6 Redjelly Day Peach,1675818933,5,Udah pesen ke 2 kalinya bener&#34; Bagus di muka,1757760282,7 bulan lalu,Default,True,Anonymous,0,True,False,
X Beauty 1 Paket Isi 6 Redjelly Day Peach,1675495068,5,Sudah sampai relpict semoga cocok,1757747420,7 bulan lalu,Default,True,Anonymous,0,False,False,
X Beauty 1 Paket Isi 6 Redjelly Day Peach,1675438136,4,"semoga cocok sih soalnya kulit aku susuah cerah/putih,aku titip before aku disini yaa🤗",1757745163,7 bulan lalu,Default,True,Anonymous,0,True,False,
X Beauty 1 Paket Isi 6 Redjelly Day Peach,1675171552,5,"Paket ke 2, masyallah ngaruh di aku yg kb suntik 3bulan, udah gonta ganti skincare dari yg paling mahal,  malah xbyuti ini yg ngaruhh di aku🥹",1757735392,7 bulan lalu,Default,True,Anonymous,0,False,False,
X Beauty 1 Paket Isi 6 Redjelly Day Peach,1675167298,5,"Paket sudah sampay dngn baik. 
Baru pertama kali bli dan mencoba semoga cocok di wajah aku.",1757735237,7 bulan lalu,Default,True,Anonymous,0,False,False,
X Beauty 1 Paket Isi 6 Redjelly Day Peach,1674542830,5,alhamdulilah pesan tanggal 10 malam tanggal 12 sudah sampai ngawi jatim .. semoga cocok,1757685952,7 bulan lalu,Default,True,Anonymous,0,True,False,
X Beauty 1 Paket Isi 6 Redjelly Day Peach,1674542607,5,"Paketnya sda tiba gratis 1 red jelly makasih pengiriman cepat,
semoga cocok☺",1757685941,7 bulan lalu,Default,True,Anonymous,0,False,False,
X Beauty 1 Paket Isi 6 Redjelly Day Peach,1674385533,3,"Pecingnya rapi 

Minus nya, pengiriman nya lma banget",1757679348,7 bulan lalu,Default,True,Anonymous,0,False,False,
X Beauty 1 Paket Isi 6 Redjelly Day Peach,1674376790,4,"Paketnya sudah sampai,baru pertama kali coba mudah&#34;an bekas jerawat hilang dan cocok dikulit aku yg sensitif",1757679030,7 bulan lalu,Default,True,Anonymous,0,False,False,
X Beauty 1 Paket Isi 6 Redjelly Day Peach,1674373148,4,Baru mau dicoba,1757678954,7 bulan lalu,Default,True,Anonymous,0,True,False,
X Beauty 1 Paket Isi 6 Redjelly Day Peach,1674339352,5,Paket sangat rapih . Baru pertama kali coba semoga ccok 🥰,1757677809,7 bulan lalu,Default,True,Anonymous,0,False,False,
X Beauty 1 Paket Isi 6 Redjelly Day Peach,1674292944,4,Baru coba mudah&#34;an cocok udah cape gunta ganti skincare,1757676270,7 bulan lalu,Default,True,Anonymous,0,False,False,
X Beauty 1 Paket Isi 6 Redjelly Day Peach,1673931892,4,"Baru dtg , nanti klo ada perubahan balik lg kesini",1757663740,7 bulan lalu,Default,True,Anonymous,0,True,False,
X Beauty 1 Paket Isi 6 Redjelly Day Peach,1673817510,5,Bismillah semoga cocok dimuka aku,1757659179,7 bulan lalu,Default,True,Anonymous,0,True,False,
X Beauty 1 Paket Isi 6 Redjelly Day Peach,1673699692,5,"𝘈𝘭𝘩𝘢𝘮𝘥𝘶𝘭𝘪𝘭𝘭𝘢𝘩,, 𝘱𝘢𝘬𝘦𝘵𝘯𝘺𝘢 𝘴𝘢𝘮𝘱𝘦 𝘮𝘰𝘨𝘢 𝘤𝘰𝘤𝘰𝘬 𝘥𝘪𝘸𝘢𝘫𝘢𝘩..𝘛𝘦𝘬𝘴𝘵𝘶𝘳 𝘤𝘳𝘦𝘢𝘮𝘯𝘺𝘢 𝘱𝘶𝘯 𝘣𝘢𝘨𝘶𝘴. 
𝘔𝘢𝘬𝘢𝘴𝘪𝘩 𝘵𝘰𝘬𝘰𝘯𝘺𝘢 𝘴𝘥𝘢𝘩 𝘴𝘢𝘯𝘨𝘢𝘵 𝘢𝘮𝘢𝘯𝘢𝘩, 𝘮𝘰𝘨𝘢 𝘴𝘦𝘭𝘢𝘭𝘶 𝘴𝘶𝘬𝘴𝘦𝘴. 

𝘐𝘯𝘴𝘺𝘢 𝘢𝘭𝘭𝘢𝘩 𝘯𝘦𝘹𝘵 𝘰𝘳𝘥𝘦𝘳 𝘭𝘢𝘨𝘪",1757654690,7 bulan lalu,Default,True,Anonymous,0,True,False,
X Beauty 1 Paket Isi 6 Redjelly Day Peach,1673521435,5,Udah pake seminggu lebih udah ada perubahan semoga selalu cocok pake scincare x_beauty🥰🥰🥰,1757648648,7 bulan lalu,Default,True,Anonymous,0,False,False,
X Beauty 1 Paket Isi 6 Redjelly Day Peach,1673469312,5,"Sangt bgus
Bahan: Harum kali
Manfaat produk: Semoga bisa hilngin flek hitam yang bndel
Jenis kulit: Smua jniskulit",1757646774,7 bulan lalu,Default,True,Anonymous,0,False,False,
X Beauty 1 Paket Isi 6 Redjelly Day Peach,1673464302,5,"Baru mau coba,kl cocok pesan lagi",1757646587,7 bulan lalu,Default,True,Anonymous,0,False,False,
X Beauty 1 Paket Isi 6 Redjelly Day Peach,1673017891,2,Beda creamnya,1757612561,7 bulan lalu,Default,True,Anonymous,0,False,False,
X Beauty 1 Paket Isi 6 Redjelly Day Peach,1672898730,4,"Baru nyoba ,semoga cocok dkulit wajah aku🤗",1757602588,7 bulan lalu,Default,True,Anonymous,0,True,False,
X Beauty 1 Paket Isi 6 Redjelly Day Peach,1672806696,4,kasih bintang 4 dulu baru nyoba soalnya kalo cocok bintang 5,1757598363,7 bulan lalu,Default,True,Anonymous,0,False,False,
X Beauty 1 Paket Isi 6 Redjelly Day Peach,1672689748,5,"Baguss
Mudah2&#39;n cocok dimukaku👍",1757594061,7 bulan lalu,Default,True,Anonymous,0,False,False,
X Beauty 1 Paket Isi 6 Redjelly Day Peach,1672667345,4,"Alhamdullillah paket nya SDH sampai 
Lengkap ,,pertama kali coba moga cocok dimuka akuu",1757593265,7 bulan lalu,Default,True,Anonymous,0,True,False,
X Beauty 1 Paket Isi 6 Redjelly Day Peach,1672350126,5,Bagus bngt ini aku baru Co lgi cocok dikulit tpi sayang pengirimannya lama,1757584333,7 bulan lalu,Default,True,Anonymous,0,True,False,
X Beauty 1 Paket Isi 6 Redjelly Day Peach,1672175015,5,Smoga cocok biar langganan trus,1757578107,7 bulan lalu,Default,True,Anonymous,0,False,False,
X Beauty 1 Paket Isi 6 Redjelly Day Peach,1672029564,4,Paket sudah smpe blom d coba semoga cocok iya ..,1757572654,7 bulan lalu,Default,True,Anonymous,0,False,False,
X Beauty 1 Paket Isi 6 Redjelly Day Peach,1671931697,5,Mau coba dlu mudahan2 cocok,1757569082,7 bulan lalu,Default,True,Anonymous,0,False,False,
X Beauty 1 Paket Isi 6 Redjelly Day Peach,1671654095,5,Mantap mkin lama makin bagus udah habis 8 paket skrng yg ke 9,1757559356,7 bulan lalu,Default,True,Anonymous,0,False,False,
X Beauty 1 Paket Isi 6 Redjelly Day Peach,1671600948,5,"Baru datengg g sabarr pen cepet pake,,,,,,ada 6 pcs🥰🥰🥰🥰🥰",1757557074,7 bulan lalu,Default,True,Anonymous,0,True,False,
X Beauty 1 Paket Isi 6 Redjelly Day Peach,1671502533,5,Baru coba semoga cocok,1757551598,7 bulan lalu,Default,True,Anonymous,0,False,False,
X Beauty 1 Paket Isi 6 Redjelly Day Peach,1671497406,5,"Paket aman dan sesuai,
Dan ini pemakaian 11 hari belum ada perubahan iya menurut aku, aku mau tunggu sampai habis 1 paket KLO cocok nanti order lgi",1757551265,7 bulan lalu,Default,True,Anonymous,0,True,True,
X Beauty 1 Paket Isi 6 Redjelly Day Peach,1670849663,5,Paket nya sudah sampe semoga aja ccok di muka badak aku,1757504192,7 bulan lalu,Default,True,Anonymous,0,True,False,
X Beauty 1 Paket Isi 6 Redjelly Day Peach,1670801274,5,semoga cocok di aku skincarenya biar aku beli lagi dan lagiii🥹🫰,1757502737,7 bulan lalu,Default,True,Anonymous,0,True,False,
X Beauty 1 Paket Isi 6 Redjelly Day Peach,1670255529,5,"Bahan: Cair
Manfaat produk: Buat perawatan wajah
Jenis kulit: Jerawat",1757484734,7 bulan lalu,Default,True,Anonymous,0,False,False,
X Beauty 1 Paket Isi 6 Redjelly Day Peach,1670045531,4,"Alhamdulillah barang nya sudh sampai Taruk bintang 4dulu ya KK solnya blm tau cocok GK di kulit aku yg susah putih ini ..
Dan semoga aja cocok",1757477417,7 bulan lalu,Default,True,Anonymous,0,False,False,
X Beauty 1 Paket Isi 6 Redjelly Day Peach,1669799560,4,Jenis kulit: Flek bekas jerawat,1757466525,7 bulan lalu,Default,True,Anonymous,0,False,False,
X Beauty 1 Paket Isi 6 Redjelly Day Peach,1669791711,5,Sesuai pesanan,1757465994,7 bulan lalu,Default,True,Anonymous,0,False,False,
X Beauty 1 Paket Isi 6 Redjelly Day Peach,1669492503,5,Baru nyobaa..blom bisa di ulas,1757430189,7 bulan lalu,Default,True,Anonymous,0,False,False,
X Beauty 1 Paket Isi 6 Redjelly Day Peach,1669228724,5,Pemakaiian ke dua cocok bgt hasil nya glow makasih seler,1757418905,7 bulan lalu,Default,True,Anonymous,0,True,False,
X Beauty 1 Paket Isi 6 Redjelly Day Peach,1669210833,5,Manfaat produk: memutih kan,1757418274,7 bulan lalu,Default,True,Anonymous,0,True,False,
X Beauty 1 Paket Isi 6 Redjelly Day Peach,1669026150,1,bgs,1757411902,7 bulan lalu,Default,True,Anonymous,0,False,False,
X Beauty 1 Paket Isi 6 Redjelly Day Peach,1668968696,1,"GK amanah krim siang ny ga ada , GK sesuai Banget.",1757409597,7 bulan lalu,Default,True,Anonymous,0,True,False,
X Beauty 1 Paket Isi 6 Redjelly Day Peach,1668820729,5,"Bahan: Cair
Manfaat produk: Katanya mengglowing kan
Jenis kulit: Kering",1757403030,7 bulan lalu,Default,True,Anonymous,0,False,False,
X Beauty 1 Paket Isi 6 Redjelly Day Peach,1668728969,5,Bagusss,1757398772,7 bulan lalu,Default,True,Anonymous,0,True,False,
X Beauty 1 Paket Isi 6 Redjelly Day Peach,1668517830,5,"Creamnya wangi bunga aku suka, nyaman di pake utk perubahan agak lumayan cerah baru pemakaian seminggu.",1757389706,7 bulan lalu,Default,True,Anonymous,0,False,False,
X Beauty 1 Paket Isi 6 Redjelly Day Peach,1668508770,5,Alhamdulillah sampai dengan selamat semogaa cocok,1757389313,7 bulan lalu,Default,True,Anonymous,0,True,True,
X Beauty 1 Paket Isi 6 Redjelly Day Peach,1668408837,5,Bgus Bru pkai smga ccok biar jdi lnganan,1757384719,7 bulan lalu,Default,True,Anonymous,0,False,False,
X Beauty 1 Paket Isi 6 Redjelly Day Peach,1668331693,1,Awalnya biasa aj. Malah skrg tumbuh jerawat mukak ku😟,1757382907,7 bulan lalu,Default,True,Anonymous,0,False,False,
X Beauty 1 Paket Isi 6 Redjelly Day Peach,1668324352,5,"Pemula semoga cocok,dan suka aromanya wangi bangett apalagi fwsh nya harum bunga kopi yg mekar",1757382487,7 bulan lalu,Default,True,Anonymous,0,False,False,
X Beauty 1 Paket Isi 6 Redjelly Day Peach,1668259075,5,bagussss bngttttt rekomen bngt sih ini mah,1757378728,7 bulan lalu,Default,True,Anonymous,0,True,False,
X Beauty 1 Paket Isi 6 Redjelly Day Peach,1667690757,5,"manfaat nyaa untuk mencerahkan, jenis kulit normal",1757330759,7 bulan lalu,Default,True,Anonymous,0,True,False,
X Beauty 1 Paket Isi 6 Redjelly Day Peach,1666951509,4,"Baru pertama coba, semoga cocok",1757303573,7 bulan lalu,Default,True,Anonymous,0,True,False,
X Beauty 1 Paket Isi 6 Redjelly Day Peach,1666912915,2,Udah mau habis 1 paket ga ada perubahan,1757302139,7 bulan lalu,Default,True,Anonymous,0,False,False,
X Beauty 1 Paket Isi 6 Redjelly Day Peach,1666734230,4,"Kak mohon tingkatkan kualitas pada kemasan produk, soal nya gak bisa ditutup kencang dan gampang terbuka dan tumpah",1757294437,7 bulan lalu,Default,True,Anonymous,0,False,False,
X Beauty 1 Paket Isi 6 Redjelly Day Peach,1666700942,5,"Manfaat produk: mencerah kan kulit wajah
Jenis kulit: sawo matang",1757292287,7 bulan lalu,Default,True,Anonymous,0,False,False,
X Beauty 1 Paket Isi 6 Redjelly Day Peach,1666641658,2,Di aku gak ngaruh,1757287569,7 bulan lalu,Default,True,Anonymous,0,False,False,
X Beauty 1 Paket Isi 6 Redjelly Day Peach,1666278707,5,"Alhamdulillah cocok udah beli beberapa kali, stok aman 🥰",1757251764,7 bulan lalu,Default,True,Anonymous,0,True,False,
X Beauty 1 Paket Isi 6 Redjelly Day Peach,1666263158,3,Pemakaaan pertama semoga cocok,1757251035,7 bulan lalu,Default,True,Anonymous,0,False,False,
X Beauty 1 Paket Isi 6 Redjelly Day Peach,1666196521,5,Toner nya tumpah² dikit tapi gpp,1757248004,7 bulan lalu,Default,True,Anonymous,0,False,True,
X Beauty 1 Paket Isi 6 Redjelly Day Peach,1665767667,4,Semoga cepat mencerahkan,1757232604,7 bulan lalu,Default,True,Anonymous,0,True,False,
X Beauty 1 Paket Isi 6 Redjelly Day Peach,1665758507,5,produknya memang mangtul,1757232167,7 bulan lalu,Default,True,Anonymous,0,False,False,
X Beauty 1 Paket Isi 6 Redjelly Day Peach,1665702850,5,Pengirimannya lama bgt,1757229619,7 bulan lalu,Default,True,Anonymous,0,False,False,
X Beauty 1 Paket Isi 6 Redjelly Day Peach,1665613951,5,Blum dicoba mudh2n cocok,1757225824,7 bulan lalu,Default,True,Anonymous,0,False,False,
X Beauty 1 Paket Isi 6 Redjelly Day Peach,1665506564,5,Beli yang 3x,1757221754,7 bulan lalu,Default,True,Anonymous,0,True,False,
X Beauty 1 Paket Isi 6 Redjelly Day Peach,1665480919,5,"Maksih buat x beauty aku baru make 10 hari ini udh lngsung beli 2 paket eh dibonusin ,soalnya buat jerawat hilang tanpa bekas juga buat kulit wajah makin glowing,beneran mkasih banget ya GK nyangka ,aku udh coba buat beli skincare yang lain tuh GK mempan tp x beauty beda ya makasih suka bgt pokoknya",1757220691,7 bulan lalu,Default,True,Anonymous,0,False,True,
X Beauty 1 Paket Isi 6 Redjelly Day Peach,1665406952,4,Cream siang nya mantul sama sabunnya,1757217652,7 bulan lalu,Default,True,Anonymous,0,False,False,
X Beauty 1 Paket Isi 6 Redjelly Day Peach,1665379875,4,Udh nyoba 1minggu yg lalu produknya luamayan cream nya nyman di pakai wangi semua,1757216706,7 bulan lalu,Default,True,Anonymous,0,False,False,
X Beauty 1 Paket Isi 6 Redjelly Day Peach,1665328916,5,Suka bgt cocok.... Emng ga putih tp muka ku keliatan bersih makasih min sellu jaga kualitas ya 👍😊,1757216257,7 bulan lalu,Default,True,Anonymous,0,False,False,
X Beauty 1 Paket Isi 6 Redjelly Day Peach,1665292546,5,Semoga cocok❤️💅,1757214646,7 bulan lalu,Default,True,Anonymous,0,False,False,
X Beauty 1 Paket Isi 6 Redjelly Day Peach,1665213233,4,"Paketnya udah sampai ,semoga cocok🙏🏻nanti aku balik lagi kalo udah ada perubahan",1757211127,7 bulan lalu,Default,True,Anonymous,0,True,False,
X Beauty 1 Paket Isi 6 Redjelly Day Peach,1664782568,5,Jenis kulit: Normal,1757168893,7 bulan lalu,Default,True,Anonymous,0,False,False,
X Beauty 1 Paket Isi 6 Redjelly Day Peach,1664726468,4,"Pertama kli nyoba,mudah mudahan cocok..",1757165462,7 bulan lalu,Default,True,Anonymous,0,True,False,
X Beauty 1 Paket Isi 6 Redjelly Day Peach,1664638282,5,Baru coba semoga cocok,1757162098,7 bulan lalu,Default,True,Anonymous,0,False,False,
X Beauty 1 Paket Isi 6 Redjelly Day Peach,1664547335,5,Ini pesen yang kedua karna yang 1 creamnya udah HBS dan sebagus itu,1757158022,7 bulan lalu,Default,True,Anonymous,0,True,False,
X Beauty 1 Paket Isi 6 Redjelly Day Peach,1664448599,4,"Trimakasih Barang nya udh sampe mudahan cocok nanti bisa order lagi,,, 🤗",1757154873,7 bulan lalu,Default,True,Anonymous,0,True,False,
X Beauty 1 Paket Isi 6 Redjelly Day Peach,1664255144,5,Baik,1757146981,7 bulan lalu,Default,True,Anonymous,0,False,False,
X Beauty 1 Paket Isi 6 Redjelly Day Peach,1664247492,3,Baru coba semoga gak kemakan iklan,1757146647,7 bulan lalu,Default,True,Anonymous,0,False,False,
X Beauty 1 Paket Isi 6 Redjelly Day Peach,1664192891,5,Produk ny bgus banget kk. Bgus di kulit wajah saya kk. Ud order 3 pket. Alhamdulillah wajah aku cerah dan glowing🥰🥰,1757144347,7 bulan lalu,Default,True,Anonymous,0,False,False,
X Beauty 1 Paket Isi 6 Redjelly Day Peach,1664044984,5,Blum di coba semoga cocok,1757138169,7 bulan lalu,Default,True,Anonymous,0,True,False,
X Beauty 1 Paket Isi 6 Redjelly Day Peach,1664009973,5,pokonya selalu langganan di toko inii💗💗💗,1757136799,7 bulan lalu,Default,True,Anonymous,0,False,False,
X Beauty 1 Paket Isi 6 Redjelly Day Peach,1663737274,4,"Sudah 5h pemakaian. Kyknya ada perubahan. Nanti aku kasi perubahan KLO udah 2 Minggu. Suka bgt dgn tekstur serum dan moiz nya, bener2 cepat ngeresap dikukit wajah dan juga ringan banget loh dikulit. Sekali pemakaian kulit wajah halus bnget
Jenis kulit: Kombinasi",1757128590,7 bulan lalu,Default,True,Anonymous,0,False,False,
X Beauty 1 Paket Isi 6 Redjelly Day Peach,1663665879,4,Baru pertama semoga cocok dan aman,1757125483,7 bulan lalu,Default,True,Anonymous,0,True,False,
X Beauty 1 Paket Isi 6 Redjelly Day Peach,1663655961,4,"Baru mau coba semoga aja cocok di muka aku
Tapi day cream nya ga ada exp nyaa",1757124989,7 bulan lalu,Default,True,Anonymous,0,True,False,
X Beauty 1 Paket Isi 6 Redjelly Day Peach,1663547388,5,Bagus bngt next order,1757117397,7 bulan lalu,Default,True,Anonymous,0,False,False,
X Beauty 1 Paket Isi 6 Redjelly Day Peach,1663417432,5,Semoga cocok,1757094667,7 bulan lalu,Default,True,Anonymous,0,False,False,
X Beauty 1 Paket Isi 6 Redjelly Day Peach,1663270480,5,pengiriman cepat dan barangnya amann ❤️,1757081788,7 bulan lalu,Default,True,Anonymous,0,False,False,
X Beauty 1 Paket Isi 6 Redjelly Day Peach,1663215289,5,Bgus sngkt pdt jls bgus,1757078882,7 bulan lalu,Default,True,Anonymous,0,False,False,
X Beauty 1 Paket Isi 6 Redjelly Day Peach,1663121928,5,"Semoga cocok Sam kulit wajah q
Jenis kulit: Memutihkan kan",1757074758,7 bulan lalu,Default,True,Anonymous,0,False,False,
X Beauty 1 Paket Isi 6 Redjelly Day Peach,1662899533,5,"terima kasih min,barang sudah sampai dengan aman
puas banget dengan produk ini😍😍",1757067182,7 bulan lalu,Default,True,Anonymous,0,True,True,
X Beauty 1 Paket Isi 6 Redjelly Day Peach,1662726208,5,"Barang sampai tidak ada yang rusak.. semoga cocok di wajah aku,,, nitip foto before nya ya…
Terimakasih",1757060760,7 bulan lalu,Default,True,Anonymous,0,True,False,
X Beauty 1 Paket Isi 6 Redjelly Day Peach,1662621597,5,udah sampe ga sabar mau coba,1757056378,7 bulan lalu,Default,True,Anonymous,0,True,False,
X Beauty 1 Paket Isi 6 Redjelly Day Peach,1662437882,5,𝘽𝙖𝙧𝙪 𝙥𝙚𝙧𝙩𝙖𝙢𝙖 𝙠𝙖𝙡𝙞 𝙘𝙤𝙗𝙖 𝙨𝙚𝙢𝙤𝙜𝙖 𝙖𝙟𝙖 𝙘𝙤𝙘𝙠,1757049332,7 bulan lalu,Default,True,Anonymous,0,True,False,
X Beauty 1 Paket Isi 6 Redjelly Day Peach,1662395937,5,"Baru aja sampai paketnya langsung dipakai semoga cocok ,Next kalau cocok mau order lagi 😊",1757047841,7 bulan lalu,Default,True,Anonymous,0,False,False,
X Beauty 1 Paket Isi 6 Redjelly Day Peach,1662214821,5,"Baru pesan pertama semoga cocok dengan cream nya ,",1757041553,7 bulan lalu,Default,True,Anonymous,0,True,True,
X Beauty 1 Paket Isi 6 Redjelly Day Peach,1662164195,5,"cepat banget sampainya, semoga cocok ya 🥰",1757039584,7 bulan lalu,Default,True,Anonymous,0,True,False,
X Beauty 1 Paket Isi 6 Redjelly Day Peach,1662146188,5,simpen before nya disini dulu ya nanti kalau ada perubahan aku kesini lagi... dan ya semoga jadi langganan ku sampai kapanpun capek gonta ganti skincare ngga ada yang cocok... Semoga yang ini cocok..... Dan alhamdulillah nya paket nya lengkap ngga ada kendala tumpah rusak ataupun segala macam 💋💋💋,1757038905,7 bulan lalu,Default,True,Anonymous,0,True,False,
X Beauty 1 Paket Isi 6 Redjelly Day Peach,1662093943,5,Semoga cocok,1757037060,7 bulan lalu,Default,True,Anonymous,0,False,False,
X Beauty 1 Paket Isi 6 Redjelly Day Peach,1662012741,1,Gak ngefek d aku sama sekali malah muka aku jd jerawatan😭,1757032662,7 bulan lalu,Default,True,Anonymous,0,False,False,
X Beauty 1 Paket Isi 6 Redjelly Day Peach,1661909447,5,"Bahan: tektur lenbut wangi bunga
Manfaat produk: mencerahkan
Jenis kulit: kusam dan brjerwat
bru prtma kali coba semoga Cck next klo ada prbhan kembali lagi kesni, 
pngriman agak lmbat mungkin kndla di demo kmren, ok mksh ka",1757024647,7 bulan lalu,Default,True,Anonymous,0,True,False,
X Beauty 1 Paket Isi 6 Redjelly Day Peach,1661464701,4,Ksih bintang 4dlu klo cocok Nex beli lagi tapi sabun nya ga berbusa,1756986828,7 bulan lalu,Default,True,Anonymous,0,False,False,
X Beauty 1 Paket Isi 6 Redjelly Day Peach,1661064346,5,Belom tau si ya baru pake,1756972797,7 bulan lalu,Default,True,Anonymous,0,False,False,
X Beauty 1 Paket Isi 6 Redjelly Day Peach,1661034213,4,Semoga cocok,1756971634,7 bulan lalu,Default,True,Anonymous,0,True,False,
X Beauty 1 Paket Isi 6 Redjelly Day Peach,1661018556,5,Bakal langganan trus si ini thebest dpt bonus red jely 1 lgi😁,1756971021,7 bulan lalu,Default,True,Anonymous,0,True,False,
X Beauty 1 Paket Isi 6 Redjelly Day Peach,1661016589,2,Maaf ya ini gimana aku pesen ke dua kalinya malah gk sama bau nyaa takut palsuu dan baunya nyengatt,1756970950,7 bulan lalu,Default,True,Anonymous,0,False,False,
X Beauty 1 Paket Isi 6 Redjelly Day Peach,1660921145,4,Alhamdulillah paket datang dengan kondisi baik semoga amanah,1756967233,7 bulan lalu,Default,True,Anonymous,0,True,False,
X Beauty 1 Paket Isi 6 Redjelly Day Peach,1660909239,5,Paket ke 2,1756966767,7 bulan lalu,Default,True,Anonymous,0,False,False,
X Beauty 1 Paket Isi 6 Redjelly Day Peach,1660169714,3,Baru pertama kali pake semoga cocok,1756916523,7 bulan lalu,Default,True,Anonymous,0,False,False,
X Beauty 1 Paket Isi 6 Redjelly Day Peach,1659984588,5,MassaAllah sekses buat toko ya semoga laris manis terimah kasi bayak paket udah sampai sesuai pesan 💯,1756907449,7 bulan lalu,Default,True,Anonymous,0,False,False,
X Beauty 1 Paket Isi 6 Redjelly Day Peach,1659620503,1,Di muka jd kusam parah bruntus  kluar jerawat menir,1756896699,7 bulan lalu,Default,True,Anonymous,0,False,False,
X Beauty 1 Paket Isi 6 Redjelly Day Peach,1659459795,5,"paketnya sudah sampai, pengirimannya sangat cepat ,baru pesan kemaren sore sekarang sudah sampai☺",1756891519,7 bulan lalu,Default,True,Anonymous,0,True,False,
X Beauty 1 Paket Isi 6 Redjelly Day Peach,1659152708,5,Sangat bagus,1756880060,7 bulan lalu,Default,True,Anonymous,0,False,False,
X Beauty 1 Paket Isi 6 Redjelly Day Peach,1659059342,5,"Memang bagus ni produk, baru satu minggu pakai dah da perubahan",1756876692,7 bulan lalu,Default,True,Anonymous,0,False,False,
X Beauty 1 Paket Isi 6 Redjelly Day Peach,1658455783,5,Smgaa cocokkkkk💓,1756830309,7 bulan lalu,Default,True,Anonymous,0,True,False,
X Beauty 1 Paket Isi 6 Redjelly Day Peach,1658191348,5,Paket pertama ya kak..,1756816150,7 bulan lalu,Default,True,Anonymous,0,False,False,
X Beauty 1 Paket Isi 6 Redjelly Day Peach,1658092293,2,"Bahan: lumayan
Manfaat produk: tidak sesuai yang diharapkan kk, aku udah seminggu lebih gak ada perubahan.malahan makin kusam dan flek hitam makin banyak 🥲🥲
Jenis kulit: sensitif jadi bingung harus pakai skincare yang cocok 🥲",1756813340,7 bulan lalu,Default,True,Anonymous,0,True,False,
X Beauty 1 Paket Isi 6 Redjelly Day Peach,1658049126,5,Alhmdllah dah smpe mudah2an pket ke 2 bisa glowing dn putih,1756811869,7 bulan lalu,Default,True,Anonymous,0,False,False,
X Beauty 1 Paket Isi 6 Redjelly Day Peach,1658028437,5,Baru pertama order semoga cocok bs order,1756811163,7 bulan lalu,Default,True,Anonymous,0,True,False,
X Beauty 1 Paket Isi 6 Redjelly Day Peach,1657731665,5,Sesuai dengan pesanan 😍😍,1756800006,7 bulan lalu,Default,True,Anonymous,0,True,True,
X Beauty 1 Paket Isi 6 Redjelly Day Peach,1657715690,4,"Barang udah sampai tapi sabun nya cair ngak seprti yg pertama beli jadi bingung 😳
Mudh&#34;an asli ya bukan palsu",1756799736,7 bulan lalu,Default,True,Anonymous,0,True,False,
X Beauty 1 Paket Isi 6 Redjelly Day Peach,1657478869,2,"Tulisan di pot ny udah pada pudar,, barang lama yah",1756790137,7 bulan lalu,Default,True,Anonymous,0,False,False,
X Beauty 1 Paket Isi 6 Redjelly Day Peach,1657457870,1,"baru sehari muka sudah merah merah cekit cekit, dan terkelupasan",1756789212,7 bulan lalu,Default,True,Anonymous,0,False,False,
X Beauty 1 Paket Isi 6 Redjelly Day Peach,1657314427,5,"Baru coba, semoga cocok
Manfaat produk: Mencerahkan kulit
Jenis kulit: Normal",1756783543,7 bulan lalu,Default,True,Anonymous,0,True,False,
X Beauty 1 Paket Isi 6 Redjelly Day Peach,1657292124,5,Wihh MasyaAllah terimakasih pembelian 2paket dapet gratis red jelly,1756782588,7 bulan lalu,Default,True,Anonymous,0,True,False,
X Beauty 1 Paket Isi 6 Redjelly Day Peach,1657248228,4,Semoga pengemasan nya lebih baik lagi biar ngga tumpah&#34;,1756780613,7 bulan lalu,Default,True,Anonymous,0,True,False,
X Beauty 1 Paket Isi 6 Redjelly Day Peach,1657201184,5,Smga cocok paket sudah saya trima,1756778326,7 bulan lalu,Default,True,Anonymous,0,False,False,
X Beauty 1 Paket Isi 6 Redjelly Day Peach,1657056681,5,"Bahan: Mudah meresap
Manfaat produk: Memutihkan dan buat wajah jdi glowing
Jenis kulit: Jerawat juga cocok",1756769230,7 bulan lalu,Default,True,Anonymous,0,True,False,
X Beauty 1 Paket Isi 6 Redjelly Day Peach,1656924794,5,"baru beli, nanti kasih ulasan lagi kalo memang baguus",1756746551,7 bulan lalu,Default,True,Anonymous,0,False,False,
X Beauty 1 Paket Isi 6 Redjelly Day Peach,1656798322,5,Maksin min produk nya aman trs d ksh bonus dong pmblian 2 pkt,1756735627,7 bulan lalu,Default,True,Anonymous,0,False,False,
X Beauty 1 Paket Isi 6 Redjelly Day Peach,1656669508,5,"Suka, sama produknya. Bgus☺🙏",1756730041,7 bulan lalu,Default,True,Anonymous,0,False,False,
X Beauty 1 Paket Isi 6 Redjelly Day Peach,1656628872,5,Paket udah sampai aman semua..semoga ccok baru pemula,1756728356,7 bulan lalu,Default,True,Anonymous,0,True,False,
X Beauty 1 Paket Isi 6 Redjelly Day Peach,1656628432,1,Tidak amanah pesan 2 paket yang sampai cuma 1  paket senadainya tadi dirumah saya ambil saya buka dulu tapi sayang ketemu kuririnya dijalan,1756728337,7 bulan lalu,Default,True,Anonymous,0,True,False,
X Beauty 1 Paket Isi 6 Redjelly Day Peach,1656589284,5,"Pesanan sudah sampai dan sesuai, semoga cocok untuk wajah akuu, kalo cocok nanti bakal pesen lagi di toko iniiii",1756726768,7 bulan lalu,Default,True,Anonymous,0,True,False,
X Beauty 1 Paket Isi 6 Redjelly Day Peach,1656578886,4,"Lgi dicoba baru 3 hri blum ada perubahan si.
Semoga aja cocok nanti beli lagi",1756726382,7 bulan lalu,Default,True,Anonymous,0,True,False,
X Beauty 1 Paket Isi 6 Redjelly Day Peach,1656062086,5,"Alhamdulillah paket dtng aman , toko nya amanah,kurir nya jga ramah ,beli 2 paket di bonusin 1 red jelly,mkshhh KK owner 💋🫰🏻Next beli di toko ini ,bry pertama coba skincare ini semoga cocok",1756710776,7 bulan lalu,Default,True,Anonymous,0,False,False,
X Beauty 1 Paket Isi 6 Redjelly Day Peach,1656053322,3,Serasa beda ko yg krim malam nya..,1756710403,7 bulan lalu,Default,True,Anonymous,0,True,False,
X Beauty 1 Paket Isi 6 Redjelly Day Peach,1656008627,5,Udah sampai semoga cocok,1756708536,7 bulan lalu,Default,True,Anonymous,0,True,False,
X Beauty 1 Paket Isi 6 Redjelly Day Peach,1655852605,5,Makasih bang kurir datang cepat sesuai,1756702435,7 bulan lalu,Default,True,Anonymous,0,True,False,
X Beauty 1 Paket Isi 6 Redjelly Day Peach,1655628398,3,"mohon maaf ka, ko di muka aku jadi merah dan perih ya make nya, padahal muka aku norma&#34; Aja",1756694229,7 bulan lalu,Default,True,Anonymous,0,False,False,
X Beauty 1 Paket Isi 6 Redjelly Day Peach,1655565276,5,"Maaf telat ksih ulasan😁barang dtng bagus semua sesuai kya di gambar,sudah pakaii lebih seminggu muka jdi glowing halus lembut suka,klo udh abis wajib borong lgi🤭",1756692256,7 bulan lalu,Default,True,Anonymous,0,True,False,
X Beauty 1 Paket Isi 6 Redjelly Day Peach,1655249815,5,Dtng langsung di pake titip foto pertama dlu nnti suda glowing sya order lgi de,1756688340,7 bulan lalu,Default,True,Anonymous,0,True,False,
X Beauty 1 Paket Isi 6 Redjelly Day Peach,1655096395,1,"Kok punya ku datang nya cuma 4 bukan 5 
Dan juga produk nya kayak lecet lecet kayak bekas  bau nya juga lain kayak sampo 
Liat yg lain macam bagus aj eh giliran ak yg pesan barang ny gak bagus 👌🏻",1756665737,7 bulan lalu,Default,True,Anonymous,0,False,False,
X Beauty 1 Paket Isi 6 Redjelly Day Peach,1654633693,5,"Kurirnya ramahh,lengkap,aku suka semua mudah dibland,gak dempull,pkonya bagus dehh aku sukaa😻😻",1756635651,7 bulan lalu,Default,True,Anonymous,0,True,False,
X Beauty 1 Paket Isi 6 Redjelly Day Peach,1654576505,5,Ok,1756633156,7 bulan lalu,Default,True,Anonymous,0,False,False,
X Beauty 1 Paket Isi 6 Redjelly Day Peach,1654548042,4,alhamdulillah paket nya udah datang semoga cocok biar tidak pindah&#34; lagi,1756631874,7 bulan lalu,Default,True,Anonymous,0,True,False,
X Beauty 1 Paket Isi 6 Redjelly Day Peach,1654485666,4,Baru dicoba..semoga hasil nya baik..,1756629255,7 bulan lalu,Default,True,Anonymous,0,False,False,
X Beauty 1 Paket Isi 6 Redjelly Day Peach,1654442333,3,bikin kusam,1756627225,7 bulan lalu,Default,True,Anonymous,0,False,False,
X Beauty 1 Paket Isi 6 Redjelly Day Peach,1654399020,5,"Baru mau nyoba, semoga aja baguss dan bikin glowing",1756625224,7 bulan lalu,Default,True,Anonymous,0,True,False,
X Beauty 1 Paket Isi 6 Redjelly Day Peach,1654388161,4,Baru nyoba semoga cocokk,1756624708,7 bulan lalu,Default,True,Anonymous,0,True,False,
X Beauty 1 Paket Isi 6 Redjelly Day Peach,1654355393,3,Barang nya mulus gaada yg cacat cmn bau nya beda2 daycream nya kaya bau kembang melati gitu,1756623254,7 bulan lalu,Default,True,Anonymous,0,False,False,
X Beauty 1 Paket Isi 6 Redjelly Day Peach,1654319452,5,masyaallah smoga cocok ya dikulit saya kapan lagi hrga semurce ini bsa dapat 6 item gini masyaallah🥰,1756621732,7 bulan lalu,Default,True,Anonymous,0,True,False,
X Beauty 1 Paket Isi 6 Redjelly Day Peach,1654149476,5,"makasih kak paketnya sudah sampai, aku kira kemarin aku co 2 ternyata 1😁 otw co lagi",1756614389,7 bulan lalu,Default,True,Anonymous,0,False,False,
X Beauty 1 Paket Isi 6 Redjelly Day Peach,1654080680,4,Semoga cocok di ak baru sampe,1756611448,7 bulan lalu,Default,True,Anonymous,0,False,False,
X Beauty 1 Paket Isi 6 Redjelly Day Peach,1653997258,5,Baru pertama kali coba smoga cocok ..soalnya sudah cape gonta ganti ..,1756607156,7 bulan lalu,Default,True,Anonymous,0,False,False,
X Beauty 1 Paket Isi 6 Redjelly Day Peach,1653922981,3,baru coba . cocok next order bintang 5,1756601321,7 bulan lalu,Default,True,Anonymous,0,False,False,
X Beauty 1 Paket Isi 6 Redjelly Day Peach,1653744097,5,Barang udah sampai langsung di coba malam ini semuga cocok di muka aku otw beli lagi kl cocok,1756572025,7 bulan lalu,Default,True,Anonymous,0,False,False,
X Beauty 1 Paket Isi 6 Redjelly Day Peach,1653651096,5,Manfaat produk: krna baru pakai 1 minggu blm nampak hasilnya,1756565535,7 bulan lalu,Default,True,Anonymous,0,False,False,
X Beauty 1 Paket Isi 6 Redjelly Day Peach,1653201173,5,Barang sudah sampai semoga cocok yaaaahhh😍,1756550566,7 bulan lalu,Default,True,Anonymous,0,True,False,
X Beauty 1 Paket Isi 6 Redjelly Day Peach,1653067545,5,"Mks kak uda di kasi bonus RED JELLY NYA
smga cck Skincare nya",1756545382,7 bulan lalu,Default,True,Anonymous,0,True,False,
X Beauty 1 Paket Isi 6 Redjelly Day Peach,1652999765,4,Baru coba smoga aja cocok,1756542440,7 bulan lalu,Default,True,Anonymous,0,False,False,
X Beauty 1 Paket Isi 6 Redjelly Day Peach,1652677007,4,"Semoga cocok ya di aku, capek bnget soalnya gonta ganti cream, ku kasih before nya dlu, besok klok cocok ku balek",1756529023,7 bulan lalu,Default,True,Anonymous,0,True,False,
X Beauty 1 Paket Isi 6 Redjelly Day Peach,1652594188,5,Semoga cocok,1756526018,7 bulan lalu,Default,True,Anonymous,0,False,False,
X Beauty 1 Paket Isi 6 Redjelly Day Peach,1652588576,5,Barang nya udh smpe bagus lengkap mudh&#34;an cocok nanti order lagi,1756525814,7 bulan lalu,Default,True,Anonymous,0,False,False,
X Beauty 1 Paket Isi 6 Redjelly Day Peach,1652563178,4,"semoga cocokkk first time pakai
semurah ini dapet 5 produk
kalo cocokk nexs order lagi

kurirr ramahh",1756524767,7 bulan lalu,Default,True,Anonymous,0,True,False,
X Beauty 1 Paket Isi 6 Redjelly Day Peach,1652400808,3,"Maaf kak paketnya udah sampe tapi mau kasih saran ini itu pekignya kurang bagus bgt sampai sampai serumnya itu takeluaran, gimana sih... Peking itu yg bagus dong kak",1756515897,7 bulan lalu,Default,True,Anonymous,0,True,False,
X Beauty 1 Paket Isi 6 Redjelly Day Peach,1652319643,5,Manfaat produk: Mencerahkan wajah,1756509226,7 bulan lalu,Default,True,Anonymous,0,False,False,
X Beauty 1 Paket Isi 6 Redjelly Day Peach,1652058352,5,sangat mantul sekali belum habis 1 paket sudah kelihatan sekali perubahannya di muka ku masyallah suka skli sma skincare x_beauty ini🥰,1756474318,7 bulan lalu,Default,True,Anonymous,0,False,False,
X Beauty 1 Paket Isi 6 Redjelly Day Peach,1651873966,5,Bagus Bngat sumpah,1756466239,7 bulan lalu,Default,True,Anonymous,0,False,False,
X Beauty 1 Paket Isi 6 Redjelly Day Peach,1651712904,5,"Sesuai pesanan,lengkap tanpa ada cacat",1756460060,7 bulan lalu,Default,True,Anonymous,0,False,False,
X Beauty 1 Paket Isi 6 Redjelly Day Peach,1651605926,5,"Semoga cocok uda di testi,di tangan cream malam nya lembut dingin.Adem rasanya di tangan gak gatel.produk nya Amaan..",1756455724,7 bulan lalu,Default,True,Anonymous,0,False,True,
X Beauty 1 Paket Isi 6 Redjelly Day Peach,1651519780,5,Baru nyoba semoga cocok,1756451842,7 bulan lalu,Default,True,Anonymous,0,True,False,
X Beauty 1 Paket Isi 6 Redjelly Day Peach,1651456125,5,Paket ke 5,1756448995,7 bulan lalu,Default,True,Anonymous,0,False,False,
X Beauty 1 Paket Isi 6 Redjelly Day Peach,1651258136,4,Pengiriman nya lambat tapi okelah bgus cocok di kulitkuu,1756441109,7 bulan lalu,Default,True,Anonymous,0,False,False,
X Beauty 1 Paket Isi 6 Redjelly Day Peach,1650939813,5,bagus,1756421481,7 bulan lalu,Default,True,Anonymous,0,False,False,
X Beauty 1 Paket Isi 6 Redjelly Day Peach,1650464120,5,semoga cocok 🥰,1756379942,7 bulan lalu,Default,True,Anonymous,0,True,False,
X Beauty 1 Paket Isi 6 Redjelly Day Peach,1650370763,5,Pertama kli mencoba semoga cocok,1756376807,7 bulan lalu,Default,True,Anonymous,0,False,False,
X Beauty 1 Paket Isi 6 Redjelly Day Peach,1650370074,5,"Bahan: Bahannya bagus,,cream MLM gak lengket,,AQ suka",1756376782,7 bulan lalu,Default,True,Anonymous,0,True,False,
X Beauty 1 Paket Isi 6 Redjelly Day Peach,1650199205,5,"Paket nya sudah sampai dapat tas pink juga baru pertama kali semoga cocok di aku yang kulit nya sensitif dan bisa menghilangkan bekas jerawat yg manjaahhhh ini... 
Sukses selalu yaa salam dari kalimantan tengah",1756370764,7 bulan lalu,Default,True,Anonymous,0,True,False,
X Beauty 1 Paket Isi 6 Redjelly Day Peach,1650100687,5,"Paket sudah mendarat dgn aman , packing nya rapi kemasan juga bagus , msih awal pemakaian smg cocok",1756366867,7 bulan lalu,Default,True,Anonymous,0,True,False,
X Beauty 1 Paket Isi 6 Redjelly Day Peach,1649935948,5,Mantul,1756360512,7 bulan lalu,Default,True,Anonymous,0,False,False,
X Beauty 1 Paket Isi 6 Redjelly Day Peach,1649869080,5,"Mantabb KA sesuai
Manfaat produk: Ok
Bahan: Ok
Jenis kulit: Ok",1756358028,7 bulan lalu,Default,True,Anonymous,0,False,False,
X Beauty 1 Paket Isi 6 Redjelly Day Peach,1649862343,3,"Sesaui,dn bgus kualitas. Tapi pengiriman lama🙏",1756357777,7 bulan lalu,Default,True,Anonymous,0,True,False,
X Beauty 1 Paket Isi 6 Redjelly Day Peach,1649769972,5,Pertama kali coba semoga cocok,1756354651,7 bulan lalu,Default,True,Anonymous,0,False,False,
X Beauty 1 Paket Isi 6 Redjelly Day Peach,1649711376,5,"MasyaAllah prtma cuma iseng2 eh gak taunya gila skincarenya mantul pol, wajah jdi makin glowing, bersih ama sehat deh blm hbis 1 paket bru pemakaian 6 hri, otw pesan lgi ah cx suka skli apa hasilnya mura tpi bener deh khasiatnya bagus🥰 pori2 trtutup gys sumpa bgus banget ya
Jenis kulit: Kusam
Bahan: Xbeauty",1756352523,7 bulan lalu,Default,True,Anonymous,0,True,False,
X Beauty 1 Paket Isi 6 Redjelly Day Peach,1649605949,5,Segel semua bagus tapi serumnya pecah botolnya gimana nii 😣,1756348537,7 bulan lalu,Default,True,Anonymous,0,True,True,
X Beauty 1 Paket Isi 6 Redjelly Day Peach,1649552436,5,Produk sangat bagus👍,1756345831,7 bulan lalu,Default,True,Anonymous,0,True,False,
X Beauty 1 Paket Isi 6 Redjelly Day Peach,1649534365,5,Alhamdulillah barangnya sesuai persen dan pakinnya bagus gak ada yg rusak,1756344790,7 bulan lalu,Default,True,Anonymous,0,False,False,
X Beauty 1 Paket Isi 6 Redjelly Day Peach,1649293100,4,"Produk nya bagus, cepat si termasuk
Datang nya, Abang kurir nya baik hehe
Kalo cocok kita pesan terus ya best",1756311978,7 bulan lalu,Default,True,Anonymous,0,True,False,
X Beauty 1 Paket Isi 6 Redjelly Day Peach,1649001314,5,Baru mau coba semoga cocok.. bli 2 paket dpt bonus jelly terima kasih..,1756296649,7 bulan lalu,Default,True,Anonymous,0,True,False,
X Beauty 1 Paket Isi 6 Redjelly Day Peach,1648927225,5,Selalu puas,1756294236,7 bulan lalu,Default,True,Anonymous,0,False,False,
X Beauty 1 Paket Isi 6 Redjelly Day Peach,1648865737,5,Mantul banget baru pemakaian 3 hari langsung ada perubahan,1756292166,7 bulan lalu,Default,True,Anonymous,0,False,False,
X Beauty 1 Paket Isi 6 Redjelly Day Peach,1648856879,4,"Baru mulai mau coba pakai semoga hasilnya memuaskan.
Nitip disini dulu udh bagus balik lagi k sini",1756291875,7 bulan lalu,Default,True,Anonymous,0,False,False,
X Beauty 1 Paket Isi 6 Redjelly Day Peach,1648855335,5,"Bahan: Bagus
Manfaat produk: Menghaluskan
Jenis kulit: Lembab",1756291822,7 bulan lalu,Default,True,Anonymous,0,False,False,
X Beauty 1 Paket Isi 6 Redjelly Day Peach,1648747714,5,Semoga cocok yah,1756288132,7 bulan lalu,Default,True,Anonymous,0,True,False,
X Beauty 1 Paket Isi 6 Redjelly Day Peach,1648500780,2,Sudah sampai tdk tepat waktu,1756278395,7 bulan lalu,Default,True,Anonymous,0,False,False,
X Beauty 1 Paket Isi 6 Redjelly Day Peach,1648277011,4,Mau coba dulu insyaAllah klo ccok aku bisa nyetok😃,1756270053,7 bulan lalu,Default,True,Anonymous,0,False,False,
X Beauty 1 Paket Isi 6 Redjelly Day Peach,1648241984,4,"Baru mau di coba,,semoga cocok",1756268824,7 bulan lalu,Default,True,Anonymous,0,True,False,
X Beauty 1 Paket Isi 6 Redjelly Day Peach,1648206982,3,Bismillah semoga cocok kasih bintang 3 nanti kalo bagus aku tambah,1756267570,7 bulan lalu,Default,True,Anonymous,0,False,False,
X Beauty 1 Paket Isi 6 Redjelly Day Peach,1648186727,5,Mudah&#34;an cocok pake ini bosen kemakan iklan trus☹️,1756266814,7 bulan lalu,Default,True,Anonymous,0,True,False,
X Beauty 1 Paket Isi 6 Redjelly Day Peach,1648131251,5,Paketnya sudah datang🤗 makasih juga bonusnya🤗🤗🤗,1756264641,7 bulan lalu,Default,True,Anonymous,0,True,False,
X Beauty 1 Paket Isi 6 Redjelly Day Peach,1648063156,5,pertama kali mau coba semoga cocok😘,1756261963,7 bulan lalu,Default,True,Anonymous,0,True,True,
X Beauty 1 Paket Isi 6 Redjelly Day Peach,1648061931,5,Mantap,1756261902,7 bulan lalu,Default,True,Anonymous,0,False,False,
X Beauty 1 Paket Isi 6 Redjelly Day Peach,1647190894,4,Sesuai pesenan,1756199053,8 bulan lalu,Default,True,Anonymous,0,True,False,
X Beauty 1 Paket Isi 6 Redjelly Day Peach,1647033961,5,aaaaa suka banget 3 hari udah glowing,1756191579,8 bulan lalu,Default,True,Anonymous,0,False,False,
X Beauty 1 Paket Isi 6 Redjelly Day Peach,1646952837,4,"Pket udh nympe kmarin dan Bru ksi ulasan,mudah2 an ccok",1756188327,8 bulan lalu,Default,True,Anonymous,0,False,False,
X Beauty 1 Paket Isi 6 Redjelly Day Peach,1646857254,5,semoga cocok,1756183705,8 bulan lalu,Default,True,Anonymous,0,False,False,
X Beauty 1 Paket Isi 6 Redjelly Day Peach,1646790683,5,Gtw ya baru pertama kali mau coba smoga cocok di aku..,1756180707,8 bulan lalu,Default,True,Anonymous,0,False,True,
X Beauty 1 Paket Isi 6 Redjelly Day Peach,1646742337,1,Saya jujur sudah seminggu lebih bahkan udah 12 hari menggunakannya tapi muka saya makin kusam dan jerawat on off terus dibikinnya makin kusam semua muka saya Saya sudah terlanjur pesan 4 paket makanya yang dua paket lagi saya retur aja minta pengembalian dana,1756178435,8 bulan lalu,Default,True,Anonymous,0,False,False,
X Beauty 1 Paket Isi 6 Redjelly Day Peach,1646741146,1,Bahan: Sangat mengecewakan tidak ada perubahan sama sekali sudah mau dua paket tapi jerawat on off terus dibikinnya bikin muka kering kusam makin kusam,1756178377,8 bulan lalu,Default,True,Anonymous,0,False,False,
X Beauty 1 Paket Isi 6 Redjelly Day Peach,1646739891,5,Coba dulu,1756178319,8 bulan lalu,Default,True,Anonymous,0,False,False,
X Beauty 1 Paket Isi 6 Redjelly Day Peach,1646281154,4,"Barangnya udah nyampe, semoga cocok sama akuu",1756130456,8 bulan lalu,Default,True,Anonymous,0,False,False,
X Beauty 1 Paket Isi 6 Redjelly Day Peach,1646277650,4,Semoga ccok ya di aku😊,1756130234,8 bulan lalu,Default,True,Anonymous,0,False,False,
X Beauty 1 Paket Isi 6 Redjelly Day Peach,1646275855,4,Kak aku kmren kok gak dpat serum nya,1756130119,8 bulan lalu,Default,True,Anonymous,0,False,False,
X Beauty 1 Paket Isi 6 Redjelly Day Peach,1646225331,5,Kita taro before nya dulu yaa,1756127205,8 bulan lalu,Default,True,Anonymous,0,True,False,
X Beauty 1 Paket Isi 6 Redjelly Day Peach,1646067193,5,"paketnya sudah datang, baru nyobain semoga cocok",1756119387,8 bulan lalu,Default,True,Anonymous,0,True,False,
X Beauty 1 Paket Isi 6 Redjelly Day Peach,1646052115,4,Semoga cocok dimuka ku yg susah putih dan badak,1756118729,8 bulan lalu,Default,True,Anonymous,0,False,False,
X Beauty 1 Paket Isi 6 Redjelly Day Peach,1646043078,5,paket yg ke3.. masyallah emang sebgus in gak mw ganti² skincare,1756118314,8 bulan lalu,Default,True,Anonymous,0,True,False,
X Beauty 1 Paket Isi 6 Redjelly Day Peach,1645868605,5,1minggu pemakaian sdh ada hasil😍nex order lagi di toko ini🥰,1756109934,8 bulan lalu,Default,True,Anonymous,0,False,False,
X Beauty 1 Paket Isi 6 Redjelly Day Peach,1645733337,5,"Mendarat paket ku,, mudah&#34;cocok sesuaiii yg Aya pesen 🥰🥰",1756104472,8 bulan lalu,Default,True,Anonymous,0,False,True,
X Beauty 1 Paket Isi 6 Redjelly Day Peach,1645670254,5,"semoga cocok yaaa, akuni fomoan uda nyoba paketan sanasini ttp ajaa jerawat sm bekasnya masii adaaa.. yapp semogaaa x ini sembuhhh.. btw lucu yaaa pink” gituuuu HAHAHAHA",1756101567,8 bulan lalu,Default,True,Anonymous,0,True,False,
X Beauty 1 Paket Isi 6 Redjelly Day Peach,1645576312,5,Semoga cocok di kulit aku baru percobaan pertama,1756097511,8 bulan lalu,Default,True,Anonymous,0,True,False,
X Beauty 1 Paket Isi 6 Redjelly Day Peach,1645485346,5,semogaa cocokk,1756093804,8 bulan lalu,Default,True,Anonymous,0,False,False,
X Beauty 1 Paket Isi 6 Redjelly Day Peach,1645370965,5,"Bahan: Bagus
Semoga cocok dan dan co lagi",1756090079,8 bulan lalu,Default,True,Anonymous,0,False,False,
X Beauty 1 Paket Isi 6 Redjelly Day Peach,1645360257,5,Kualitasnye no kaleng&#34; muka gue jadi glowing banget thanks x_beauty💋,1756089546,8 bulan lalu,Default,True,Anonymous,0,False,False,
X Beauty 1 Paket Isi 6 Redjelly Day Peach,1645301055,5,"Trimkasih pesanan sesuai dengan ekspektasi semoga ccok di aku..klu ccok next bklan order lagi di sini 
Trimkasih juga buat Abang kurir nya baik",1756086399,8 bulan lalu,Default,True,Anonymous,0,False,False,
X Beauty 1 Paket Isi 6 Redjelly Day Peach,1645261802,5,"Paket sudah datang ,SDH saya coba semoga cocok yaaaaaaa",1756083894,8 bulan lalu,Default,True,Anonymous,0,True,False,
X Beauty 1 Paket Isi 6 Redjelly Day Peach,1645256175,4,Kasi bintang 4 dulu semoga cocok kalo cocok nanti order lagi,1756083448,8 bulan lalu,Default,True,Anonymous,0,True,False,
X Beauty 1 Paket Isi 6 Redjelly Day Peach,1644967467,5,"Bahan: Nyaman di kulit
Manfaat produk: Bikin muka glowing dan cerah
Jenis kulit: Semua jenis kulit",1756045543,8 bulan lalu,Default,True,Anonymous,0,False,False,
X Beauty 1 Paket Isi 6 Redjelly Day Peach,1644733208,5,"Order yg keduakalinya,semoga cocok trus di mukaku",1756034339,8 bulan lalu,Default,True,Anonymous,0,True,False,
X Beauty 1 Paket Isi 6 Redjelly Day Peach,1644494556,4,"Barang sudah sampai cepet banget🥰
Belum di coba semoga cocok",1756023836,8 bulan lalu,Default,True,Anonymous,0,True,False,
X Beauty 1 Paket Isi 6 Redjelly Day Peach,1644369368,5,"Semoga cocok ya kak 😍
 Sangat wanggi",1756017810,8 bulan lalu,Default,True,Anonymous,0,True,False,
X Beauty 1 Paket Isi 6 Redjelly Day Peach,1644298677,5,Alhamdulillah paket sampai...semoga cocok buat flek menahunku👏,1756014485,8 bulan lalu,Default,True,Anonymous,0,True,False,
X Beauty 1 Paket Isi 6 Redjelly Day Peach,1644156086,5,"Produk nya uda nyampe, blm sempat foto, semoga cocok nya",1756008813,8 bulan lalu,Default,True,Anonymous,0,False,False,
X Beauty 1 Paket Isi 6 Redjelly Day Peach,1644141114,4,"Aku kasih bintang 4 dulu yaa hehe, kalo udh cocok nanti aku bisa pesan lagi.
Baru sampai paketnya, semoga cocok dikulit aku dan hasilnya sesuai deskripsi bisa membikin wajah glow dan bebas bekas² flek🤲🏻🙏",1756008179,8 bulan lalu,Default,True,Anonymous,0,True,True,
X Beauty 1 Paket Isi 6 Redjelly Day Peach,1644103552,5,Baru pemula smg hasilnya bgus,1756006487,8 bulan lalu,Default,True,Anonymous,0,False,False,
X Beauty 1 Paket Isi 6 Redjelly Day Peach,1643909930,5,Maaf baru kasih ulasan pengen lihat hasilnya untuk prodak nya bagus banget ada hasil baru pemakaian 5 hari udah agak cerahan dan bersih nanti KLO habis mau beli lagi,1755994215,8 bulan lalu,Default,True,Anonymous,0,False,False,
X Beauty 1 Paket Isi 6 Redjelly Day Peach,1643812670,5,Bagus bnget aku belum habis 1 pot udh cerahan bngtt suka pdhl baru nyoba🥰,1755973651,8 bulan lalu,Default,True,Anonymous,0,False,False,
X Beauty 1 Paket Isi 6 Redjelly Day Peach,1643580483,5,Semoga cocok DTG nya cepet tquu,1755958428,8 bulan lalu,Default,True,Anonymous,0,True,False,
X Beauty 1 Paket Isi 6 Redjelly Day Peach,1643542250,5,"Waw sangat mantap deh
Pengirimannya cepat ntar jadi langganan kalau udah habis ya
Karena suka pengirimannya gak lama",1755956187,8 bulan lalu,Default,True,Anonymous,0,False,False,
X Beauty 1 Paket Isi 6 Redjelly Day Peach,1643488510,5,Paketnya sudah sampe mau balik ke komenan ini lagi kalo sudah 7 hari,1755953437,8 bulan lalu,Default,True,Anonymous,0,True,False,
X Beauty 1 Paket Isi 6 Redjelly Day Peach,1643097620,4,Baru pemakaian dua hari sudah kering menglupas jerawat nya semoga cocok 🥰,1755939529,8 bulan lalu,Default,True,Anonymous,0,False,False,
X Beauty 1 Paket Isi 6 Redjelly Day Peach,1642689282,5,Paketnya udah sampe,1755924849,8 bulan lalu,Default,True,Anonymous,0,True,False,
X Beauty 1 Paket Isi 6 Redjelly Day Peach,1642678114,5,"Bahan: Bagus nyaman di pakai
Manfaat produk: Mencerahkan, merawat kulit wajah
Jenis kulit: Semua jenis kulit",1755924489,8 bulan lalu,Default,True,Anonymous,0,False,False,
X Beauty 1 Paket Isi 6 Redjelly Day Peach,1642650575,5,"Alhamdulillah paketq udah nyampe,,udah satu paket mukaku udah bersih dan gak kusam lagi",1755923626,8 bulan lalu,Default,True,Anonymous,0,False,False,
X Beauty 1 Paket Isi 6 Redjelly Day Peach,1642637349,5,"Tonernya pas dipake bikin wajah seger banget,krimnya enak langsung menyerap sempurna dan di blendnya mudah.
Ini hari pertama pakai,dan semoga jadi seterusnya.
Semoga cocok pakai skincare ini",1755923103,8 bulan lalu,Default,True,Anonymous,0,False,False,
X Beauty 1 Paket Isi 6 Redjelly Day Peach,1642599968,5,"Belum di coba, semoga cocok....",1755921698,8 bulan lalu,Default,True,Anonymous,0,False,False,
X Beauty 1 Paket Isi 6 Redjelly Day Peach,1642591437,5,Paket sudah datang titip foto pemakaian pertama dulu ya,1755921381,8 bulan lalu,Default,True,Anonymous,0,True,False,
X Beauty 1 Paket Isi 6 Redjelly Day Peach,1642529689,5,"Yuhuu paket skin care aku,yg ke2 kalinya udah sampai 🥰",1755918865,8 bulan lalu,Default,True,Anonymous,0,False,False,
X Beauty 1 Paket Isi 6 Redjelly Day Peach,1642370425,4,Baru mencoba semoga cocok di muka aku...klo cocok next order lagi,1755910432,8 bulan lalu,Default,True,Anonymous,0,False,False,
X Beauty 1 Paket Isi 6 Redjelly Day Peach,1641881720,5,"Bahan: Bahan alus bgt nyerep kulit...night creamny wangi bgt🥰
Manfaat produk: Menghaluskan dan mencerahkan udah mulai pakai dr siang td semoga cocok
Jenis kulit: Kulitku badak bgt ...semoga cocok",1755863010,8 bulan lalu,Default,True,Anonymous,0,True,False,
X Beauty 1 Paket Isi 6 Redjelly Day Peach,1641877956,5,Baru nyoba semoga cocok,1755862873,8 bulan lalu,Default,True,Anonymous,0,False,False,
X Beauty 1 Paket Isi 6 Redjelly Day Peach,1641859450,5,"Paket baru dtng, langsung di coba lembut wangi, smga cocok",1755862349,8 bulan lalu,Default,True,Anonymous,0,True,False,
X Beauty 1 Paket Isi 6 Redjelly Day Peach,1641857891,1,Gimana sih ka ko sabun semua gak ada tonernya,1755862283,8 bulan lalu,Default,True,Anonymous,0,True,False,
X Beauty 1 Paket Isi 6 Redjelly Day Peach,1641462838,5,Bagus,1755847958,8 bulan lalu,Default,True,Anonymous,0,True,False,
X Beauty 1 Paket Isi 6 Redjelly Day Peach,1641446790,4,"Allmdlilah pket ny sudah datang ,baru mau maaf aku ksih Bintang 4 dulu klau ad hasih ny Bru bntang 5",1755847230,8 bulan lalu,Default,True,Anonymous,0,True,True,
X Beauty 1 Paket Isi 6 Redjelly Day Peach,1641430746,4,Semoga cocok d kulit aku,1755846504,8 bulan lalu,Default,True,Anonymous,0,True,False,
X Beauty 1 Paket Isi 6 Redjelly Day Peach,1641392057,5,Pkt dah sampe semoga cocok,1755844727,8 bulan lalu,Default,True,Anonymous,0,False,False,
X Beauty 1 Paket Isi 6 Redjelly Day Peach,1641358126,5,Semoga cocokkk🙂,1755843202,8 bulan lalu,Default,True,Anonymous,0,True,False,
X Beauty 1 Paket Isi 6 Redjelly Day Peach,1641343556,5,"Mantap
Bahan: Lembut meresap tidak bikin iritasi
Jenis kulit: Berjerawat",1755842585,8 bulan lalu,Default,True,Anonymous,0,False,False,
X Beauty 1 Paket Isi 6 Redjelly Day Peach,1641222716,5,Baru nyoba dan smoga cocok di kulit ku,1755837861,8 bulan lalu,Default,True,Anonymous,0,False,False,
X Beauty 1 Paket Isi 6 Redjelly Day Peach,1641218107,5,Rapih ka sampainya amn prodaknya semoga sy cocok,1755837698,8 bulan lalu,Default,True,Anonymous,0,True,False,
X Beauty 1 Paket Isi 6 Redjelly Day Peach,1641170778,5,Paket sudah datang kak moga aja cocok d kulit aku nanti bisa co lagi,1755836310,8 bulan lalu,Default,True,Anonymous,0,True,False,
X Beauty 1 Paket Isi 6 Redjelly Day Peach,1641157866,5,Kairo yang ditunggu paketnya udah datang juga,1755835864,8 bulan lalu,Default,True,Anonymous,0,False,False,
X Beauty 1 Paket Isi 6 Redjelly Day Peach,1641068102,5,Semoga cocok.,1755832437,8 bulan lalu,Default,True,Anonymous,0,False,False,
X Beauty 1 Paket Isi 6 Redjelly Day Peach,1641004385,5,"Sudah habis 3 paket,hasil nya mantap. Wajah jadi cerah,gak berminyak . cream nya juga wangi.pokoknya mantap banget produknya.",1755829844,8 bulan lalu,Default,True,Anonymous,0,False,False,
X Beauty 1 Paket Isi 6 Redjelly Day Peach,1640095282,5,Mantul pemakaian nya glowing,1755771032,8 bulan lalu,Default,True,Anonymous,0,True,False,
X Beauty 1 Paket Isi 6 Redjelly Day Peach,1640026788,5,"Alhamdulilah SDH dteng ,,,,mudah² cocok muka ku tbh glowing kinclong ☺️☺️🤭🤭",1755768377,8 bulan lalu,Default,True,Anonymous,0,True,False,
X Beauty 1 Paket Isi 6 Redjelly Day Peach,1639986795,4,Pertama kali coba,1755766810,8 bulan lalu,Default,True,Anonymous,0,True,False,
X Beauty 1 Paket Isi 6 Redjelly Day Peach,1639818630,5,"Sdh datang pekingan bagus 
 Datang sesuai 6 pics",1755760033,8 bulan lalu,Default,True,Anonymous,0,True,False,
X Beauty 1 Paket Isi 6 Redjelly Day Peach,1639751300,4,Paketnya baru datang mudah2sn cocok dan aman,1755757177,8 bulan lalu,Default,True,Anonymous,0,True,False,
X Beauty 1 Paket Isi 6 Redjelly Day Peach,1639618727,5,Barang smpai dengan aman tidak mengecewakan semoga cocok,1755753122,8 bulan lalu,Default,True,Anonymous,0,True,False,
X Beauty 1 Paket Isi 6 Redjelly Day Peach,1639344524,5,josjis 💗💗💗💗,1755743495,8 bulan lalu,Default,True,Anonymous,0,True,False,
X Beauty 1 Paket Isi 6 Redjelly Day Peach,1639177664,4,Bagus banget sudah pembelian ke 2,1755737133,8 bulan lalu,Default,True,Anonymous,0,True,False,
X Beauty 1 Paket Isi 6 Redjelly Day Peach,1638864187,5,"Brgnya ori pengemasan sgt baik.. Puas blnja di toko ini,, bklan order lagi...",1755701540,8 bulan lalu,Default,True,Anonymous,0,False,False,
X Beauty 1 Paket Isi 6 Redjelly Day Peach,1638743918,2,"Sdah 2x order kemasan pertama DG K2 beda* yg K2 tlisan nya pkat 
Yg night berbui mcam sabun dkat muka tas nya GK ada tulisan nya
Sangat kecewaaaaa",1755695345,8 bulan lalu,Default,True,Anonymous,0,True,False,
X Beauty 1 Paket Isi 6 Redjelly Day Peach,1638681527,5,Alhamdulillah sdh smpai wlpn pgrmn x aga lama... Smg cocok next order lgi,1755692730,8 bulan lalu,Default,True,Anonymous,0,False,False,
X Beauty 1 Paket Isi 6 Redjelly Day Peach,1638320099,5,"Peking aman
Semoga cocok",1755680918,8 bulan lalu,Default,True,Anonymous,0,True,False,
X Beauty 1 Paket Isi 6 Redjelly Day Peach,1638290362,5,semoga cocok,1755679735,8 bulan lalu,Default,True,Anonymous,0,False,False,
X Beauty 1 Paket Isi 6 Redjelly Day Peach,1638002938,5,Good,1755668654,8 bulan lalu,Default,True,Anonymous,0,False,False,
X Beauty 1 Paket Isi 6 Redjelly Day Peach,1637910192,5,sangat bagus bagus bagusss banget.. day cream nya yg paling luar biasaaa🤩🤩🤩,1755665141,8 bulan lalu,Default,True,Anonymous,0,True,False,
X Beauty 1 Paket Isi 6 Redjelly Day Peach,1637062771,3,"Kasi 3 dlu kalo cocok bintang 5 order lg. Mudah2an cocok, bersih cerah glowing.",1755599271,8 bulan lalu,Default,True,Anonymous,0,True,False,
X Beauty 1 Paket Isi 6 Redjelly Day Peach,1637052955,1,ka ini krim nya ko bau melati,1755598864,8 bulan lalu,Default,True,Anonymous,0,True,False,
X Beauty 1 Paket Isi 6 Redjelly Day Peach,1637009263,4,Baru pertma kali coba semoga ajj cocok,1755596989,8 bulan lalu,Default,True,Anonymous,0,True,False,
X Beauty 1 Paket Isi 6 Redjelly Day Peach,1636731069,5,Sampai juga paketnya,1755583498,8 bulan lalu,Default,True,Anonymous,0,True,False,
X Beauty 1 Paket Isi 6 Redjelly Day Peach,1636722215,5,"Alhamdulillah paket ku sudah datang semoga cocok buat anak gadis ku,amanah dan sukses selalu buat KK nya.",1755583056,8 bulan lalu,Default,True,Anonymous,0,True,False,
X Beauty 1 Paket Isi 6 Redjelly Day Peach,1636714084,5,"Semoga cocok,baru pertama nyoba semoga aja aku cocok pke ini,nnti kalo after before nya udh cocok aku DTG lagi kesni ksih ulasan🫰",1755582662,8 bulan lalu,Default,True,Anonymous,0,True,False,
X Beauty 1 Paket Isi 6 Redjelly Day Peach,1636437033,5,Nanti ya blm dicoba,1755569343,8 bulan lalu,Default,True,Anonymous,0,False,False,
X Beauty 1 Paket Isi 6 Redjelly Day Peach,1636422552,5,Barang dah sampai cepet dapat tas cantik jugaa thankyou kalau cocok bakal jadi langanan nih harga murah pas,1755568420,8 bulan lalu,Default,True,Anonymous,0,True,False,
X Beauty 1 Paket Isi 6 Redjelly Day Peach,1636068945,5,"Udh 15 hari gk ada pengelupasan,kata ka oner nya pasti ngelupas,apa kulit ku yg badak yah,tpi flek aku agak memudar sih aku suka ,mungkin proses Sabar nya harus extra kali yee hehe.",1755526531,8 bulan lalu,Default,True,Anonymous,0,False,False,
X Beauty 1 Paket Isi 6 Redjelly Day Peach,1635928237,4,Belum dicoba,1755519583,8 bulan lalu,Default,True,Anonymous,0,False,False,
X Beauty 1 Paket Isi 6 Redjelly Day Peach,1635820779,2,"Kasih 2 bintang dulu soalnya paket ku baru sampai ni, aku mau cobain dulu ntar kalau mantul ku kasih bintang 5 dan jadi langganan terus deh",1755514812,8 bulan lalu,Default,True,Anonymous,0,False,False,
X Beauty 1 Paket Isi 6 Redjelly Day Peach,1635484565,4,Lama sekali pengiriman nya 5 hari baru datengg,1755499571,8 bulan lalu,Default,True,Anonymous,0,False,False,
X Beauty 1 Paket Isi 6 Redjelly Day Peach,1634611091,2,"Baru pertama beli ini kok dikasih  serum yg pecah botol nya, huhu sayang sekalii",1755444606,8 bulan lalu,Default,True,Anonymous,0,False,True,
X Beauty 1 Paket Isi 6 Redjelly Day Peach,1634309887,4,"Manfaat produk: Sudah pemakaian seminggu blm ada perubahan,klo pake day cream brudul gitu gk nmpel &amp; gk ada tasnya gtu aku liat ulasan ada tasnya",1755431253,8 bulan lalu,Default,True,Anonymous,0,True,False,
X Beauty 1 Paket Isi 6 Redjelly Day Peach,1634114599,5,"Produk nya bagus, wanginya aku suka.
Cuma pengiriman barang agak lambat.🤏
Jenis kulit: Kulit kusam",1755422565,8 bulan lalu,Default,True,Anonymous,0,True,False,
X Beauty 1 Paket Isi 6 Redjelly Day Peach,1634055251,5,"Bru coba, mudah2hn cocok",1755419860,8 bulan lalu,Default,True,Anonymous,0,True,False,
X Beauty 1 Paket Isi 6 Redjelly Day Peach,1633964820,3,"Bahan: Krim
Manfaat produk: Mencerakan
Jenis kulit: Kombinasi
Kta ny mencerahkan tpi udh hampir abis 3pot blm ada perubahan sama skli🤔🙄",1755415649,8 bulan lalu,Default,True,Anonymous,0,True,False,
X Beauty 1 Paket Isi 6 Redjelly Day Peach,1633944161,5,🥰🥰,1755414688,8 bulan lalu,Default,True,Anonymous,0,False,True,
X Beauty 1 Paket Isi 6 Redjelly Day Peach,1633662294,5,Sukaaa pollll baguss bangett ternyaaa sukaaa woyyy❤️❤️❤️,1755402029,8 bulan lalu,Default,True,Anonymous,0,False,False,
X Beauty 1 Paket Isi 6 Redjelly Day Peach,1633508073,5,Manfaat produk: Mencerahkan dan membuat kulit tampak glowing,1755393774,8 bulan lalu,Default,True,Anonymous,0,False,False,
X Beauty 1 Paket Isi 6 Redjelly Day Peach,1632124769,5,"Moga cocok,nitip  beforr nya",1755329486,8 bulan lalu,Default,True,Anonymous,0,True,False,
X Beauty 1 Paket Isi 6 Redjelly Day Peach,1631596200,5,Udah nyampek,1755309030,8 bulan lalu,Default,True,Anonymous,0,False,False,
X Beauty 1 Paket Isi 6 Redjelly Day Peach,1630965576,5,Semoga cocok iyah,1755257870,8 bulan lalu,Default,True,Anonymous,0,True,False,
X Beauty 1 Paket Isi 6 Redjelly Day Peach,1630540363,5,Semoga cocok,1755241950,8 bulan lalu,Default,True,Anonymous,0,False,False,
X Beauty 1 Paket Isi 6 Redjelly Day Peach,1630506129,3,Punya aku kantong nya gk ada nama nya mungkinkh ini palsu ya,1755240745,8 bulan lalu,Default,True,Anonymous,0,True,False,
X Beauty 1 Paket Isi 6 Redjelly Day Peach,1630383668,4,Hari pertama make kalo cocok bakal kasih after🫰☺,1755235994,8 bulan lalu,Default,True,Anonymous,0,False,False,
X Beauty 1 Paket Isi 6 Redjelly Day Peach,1629856270,5,Paketnya smpai kk semoga cocok,1755217267,8 bulan lalu,Default,True,Anonymous,0,True,True,
X Beauty 1 Paket Isi 6 Redjelly Day Peach,1629694997,5,Dicoba dlu kalau cocok beli lagi,1755203951,8 bulan lalu,Default,True,Anonymous,0,False,False,
X Beauty 1 Paket Isi 6 Redjelly Day Peach,1628745883,4,Semoga cocok,1755156792,8 bulan lalu,Default,True,Anonymous,0,True,False,
X Beauty 1 Paket Isi 6 Redjelly Day Peach,1628733423,3,Udah pemakaian 4hari tapi gada perubahan hmm,1755156307,8 bulan lalu,Default,True,Anonymous,0,False,False,
X Beauty 1 Paket Isi 6 Redjelly Day Peach,1628520677,5,"Bagus,,, yg penting aman😇🙏",1755149825,8 bulan lalu,Default,True,Anonymous,0,True,False,
X Beauty 1 Paket Isi 6 Redjelly Day Peach,1627587335,5,"Krim nya bgus bnget, bkin kulit cerah dan cocok untuk smua jenis kulit. 
Bdw ini paket ke 4 ku",1755094588,8 bulan lalu,Default,True,Anonymous,0,False,False,
X Beauty 1 Paket Isi 6 Redjelly Day Peach,1627450799,5,"Makasih ka di kasih free 1 red jelly nya, bakal langganan terus",1755089881,8 bulan lalu,Default,True,Anonymous,0,False,False,
X Beauty 1 Paket Isi 6 Redjelly Day Peach,1626972018,5,Cocok jenis kulit wajah BPOM💯 aman,1755076988,8 bulan lalu,Default,True,Anonymous,0,True,False,
X Beauty 1 Paket Isi 6 Redjelly Day Peach,1626890876,5,Semoga cocok .baru coba...,1755074311,8 bulan lalu,Default,True,Anonymous,0,True,False,
X Beauty 1 Paket Isi 6 Redjelly Day Peach,1626456089,3,"Alhamdulillah paket mendarat dgn aman, baru mau cobak smoga aja cocok,
tapi synk ngk dapet ama tas buat skincare nya",1755060465,8 bulan lalu,Default,True,Anonymous,0,True,False,
X Beauty 1 Paket Isi 6 Redjelly Day Peach,1626432039,5,Bagus creem nya apa lagi kalo pake yg buat siang nya kelihatan putih,1755059814,8 bulan lalu,Default,True,Anonymous,0,False,False,
X Beauty 1 Paket Isi 6 Redjelly Day Peach,1626340338,4,𝘴𝘦𝘮𝘰𝘨𝘢 𝘬𝘢𝘭𝘪 𝘪𝘯𝘪 𝘤𝘰𝘤𝘰𝘬,1755057452,8 bulan lalu,Default,True,Anonymous,0,True,False,
X Beauty 1 Paket Isi 6 Redjelly Day Peach,1626134072,5,"Jalan 2 paket Alhamdulillah emang bener bener mantul si murah tp ga murahan Skincare nya
Jenis kulit: Sensitif susah putih
Manfaat produk: Memutihkan mengglowingkan
Bahan: Baguss",1755049820,8 bulan lalu,Default,True,Anonymous,0,True,False,
X Beauty 1 Paket Isi 6 Redjelly Day Peach,1626064599,5,"Paket sudah sampai,sesuai pesanan,terimakasih",1755046542,8 bulan lalu,Default,True,Anonymous,0,True,False,
X Beauty 1 Paket Isi 6 Redjelly Day Peach,1625444212,5,"masyaallahtabarakallah cocok di aku semoga seterusnya selalu cocok💕
btw aku mau kasih ulasan foto dari sebelum pake sama sesudah pake tapi aku takut nanti foto aku di ambil sama orang lain terus di jadikan testi produk skincare lain,jadi aku kasih testi cuman ini aja ya.oh iya pengelupasan gaada😍",1754998118,8 bulan lalu,Default,True,Anonymous,0,False,False,
X Beauty 1 Paket Isi 6 Redjelly Day Peach,1625374730,5,Recommended sihh baru pemakaian berapa hari udah kelihatan hasilnya😍 dan cream nya tidak lengket😍,1754995837,8 bulan lalu,Default,True,Anonymous,0,False,False,
X Beauty 1 Paket Isi 6 Redjelly Day Peach,1625266734,1,Belom bisa kasi pendapat jika belom ada hasil,1754992005,8 bulan lalu,Default,True,Anonymous,0,False,False,
X Beauty 1 Paket Isi 6 Redjelly Day Peach,1625113977,5,Makasih udah amanah Nex jadi langganan baru abis satu paket udah gelowing yang awal nya putih tapi kuram sekarang jadi gelowing 🥰,1754985524,8 bulan lalu,Default,True,Anonymous,0,True,True,
X Beauty 1 Paket Isi 6 Redjelly Day Peach,1624738357,5,"baruu pemakain pertama nnti klok udh habiss bakaln sy spilll muka,,
sy kmbli lgi yg udh ke 5hari pemakaian ada before x after dibawah",1754970795,8 bulan lalu,Default,True,Anonymous,0,True,False,
X Beauty 1 Paket Isi 6 Redjelly Day Peach,1624706225,5,"Barang nya dh nyampe gak ada yg tumpah aman, aku baru pertama belom d pake mudah mudah  cocok ya cpe gunta ganti skincare trs",1754969558,8 bulan lalu,Default,True,Anonymous,0,False,False,
X Beauty 1 Paket Isi 6 Redjelly Day Peach,1624706189,5,Alhamdulillah yg d tunggu2 akhirnya datang jg,1754969557,8 bulan lalu,Default,True,Anonymous,0,True,True,
X Beauty 1 Paket Isi 6 Redjelly Day Peach,1624610778,4,"Paket nya baru sampai semoga cocok meskipun datang nya aga lambat tapi excited banget mau cepet&#34; nyobain,,, terima kasih",1754965539,8 bulan lalu,Default,True,Anonymous,0,True,False,
X Beauty 1 Paket Isi 6 Redjelly Day Peach,1623588544,5,"Bismillahirrahmanirrahim mudh,, cocok di kulit ku yg badak baru mau coba trimksih k pket sudah dtng ya 😘",1754910481,8 bulan lalu,Default,True,Anonymous,0,True,False,
X Beauty 1 Paket Isi 6 Redjelly Day Peach,1623566886,5,"Barang datang sesuai pesanan.semoga cocok,udah cape bgt gonta ganti skincare.
Ga pake bubble wrap untung produk nya aman ga rusak.terima kasih",1754909835,8 bulan lalu,Default,True,Anonymous,0,True,False,
X Beauty 1 Paket Isi 6 Redjelly Day Peach,1623241120,5,Makasih kk paket ku dh nyampek.. Dan udah aku coba,1754899207,8 bulan lalu,Default,True,Anonymous,0,True,False,
X Beauty 1 Paket Isi 6 Redjelly Day Peach,1622994447,5,"Paketan ny sdh sampai packing aman baru pertama nyoba cream ini mdhn&#34; cocok ya , mksh jg buat Abang kurir ny sll baik &amp; ramah",1754891104,8 bulan lalu,Default,True,Anonymous,0,True,False,
X Beauty 1 Paket Isi 6 Redjelly Day Peach,1622938436,4,"Barang sudah smpai,mudah²an cocok di aku",1754889262,8 bulan lalu,Default,True,Anonymous,0,True,False,
X Beauty 1 Paket Isi 6 Redjelly Day Peach,1622808068,5,Paketnya mendarat dngan selamat bismillah semoga cocok krna udah cpek bgt gonta ganti skincare semoga ini cocok dimuka aku nanti bklan aku ksih lihat hasilnya 😊😊,1754885051,8 bulan lalu,Default,True,Anonymous,0,True,False,
X Beauty 1 Paket Isi 6 Redjelly Day Peach,1622784353,5,"Baru mau coba..
Semoga cocok",1754884280,8 bulan lalu,Default,True,Anonymous,0,True,False,
X Beauty 1 Paket Isi 6 Redjelly Day Peach,1621692778,5,Mantaaap jangan ragu,1754824713,8 bulan lalu,Default,True,Anonymous,0,False,False,
X Beauty 1 Paket Isi 6 Redjelly Day Peach,1621566275,5,Mantap,1754821125,8 bulan lalu,Default,True,Anonymous,0,False,False,
X Beauty 1 Paket Isi 6 Redjelly Day Peach,1621332687,4,Barang sdh nyampe ya lumayan lama seminggu makasih ya aku coba dulu lau cocok aku pesan lagi,1754813296,8 bulan lalu,Default,True,Anonymous,0,True,False,
X Beauty 1 Paket Isi 6 Redjelly Day Peach,1621106716,4,"Baru order, cpet sekali smpenya,muda2n cocok",1754805178,8 bulan lalu,Default,True,Anonymous,0,True,False,
X Beauty 1 Paket Isi 6 Redjelly Day Peach,1620988153,5,Udah sampai paking nya rapi bgus next beli lagi,1754801468,8 bulan lalu,Default,True,Anonymous,0,True,False,
X Beauty 1 Paket Isi 6 Redjelly Day Peach,1620947559,5,"aku sebelumnya pernah pake ini tapi berhenti, semoga masih ccok",1754800180,8 bulan lalu,Default,True,Anonymous,0,True,False,
X Beauty 1 Paket Isi 6 Redjelly Day Peach,1620292320,5,Sangat baik tpi pengiriman nya aj agak lambat,1754753522,8 bulan lalu,Default,True,Anonymous,0,False,False,
X Beauty 1 Paket Isi 6 Redjelly Day Peach,1620100992,1,"Seperti Ado yg beda kirim ini skrng 
Dari aroma warana dan rasa di kulit nya be sudah berbeda
Apa krna barang di tokoh ini palsu 
Krana laris sudah mulai berubah semua
Dan lamo nian di muka tu bikin glowing biasa nya kalu pakai sehari atau pakai kirim malam be bikin glowing ini Mala tmbah merah 😐",1754745544,8 bulan lalu,Default,True,Anonymous,0,False,False,
X Beauty 1 Paket Isi 6 Redjelly Day Peach,1619066618,5,Day 1 yap tapi udh keliatan putih tpi gtau nnt cocok apa engg ga bisa ngirim foto jdnya ulasan aja,1754714104,8 bulan lalu,Default,True,Anonymous,0,False,False,
X Beauty 1 Paket Isi 6 Redjelly Day Peach,1618691798,5,cocok diaku bikin glowing,1754700849,8 bulan lalu,Default,True,Anonymous,0,False,False,
X Beauty 1 Paket Isi 6 Redjelly Day Peach,1618648385,5,Bagus,1754699204,8 bulan lalu,Default,True,Anonymous,0,False,False,
X Beauty 1 Paket Isi 6 Redjelly Day Peach,1618577750,5,Bagus  di kulit aku yg kering bikin lembab,1754695702,8 bulan lalu,Default,True,Anonymous,0,False,False,
X Beauty 1 Paket Isi 6 Redjelly Day Peach,1617994057,5,Paket ke 2,1754660216,8 bulan lalu,Default,True,Anonymous,0,True,False,
X Beauty 1 Paket Isi 6 Redjelly Day Peach,1617889110,5,"Mff Bru kah ulasan Pkt nyh sudah smpe dr kmren Smga cocok d muka Saya ,, thanks",1754656476,8 bulan lalu,Default,True,Anonymous,0,True,False,
X Beauty 1 Paket Isi 6 Redjelly Day Peach,1617877673,5,gak dapet kantong nya langsung d kardus,1754656078,8 bulan lalu,Default,True,Anonymous,0,True,False,
X Beauty 1 Paket Isi 6 Redjelly Day Peach,1617670750,5,"Before after setelah pemakaian kurang lebih 14hari 
Mantul muka makin hari makin better 🫰🫰🥰",1754651473,8 bulan lalu,Default,True,Anonymous,0,True,True,
X Beauty 1 Paket Isi 6 Redjelly Day Peach,1617203641,5,Bagus bnget kurir ramah dan sopan,1754636147,8 bulan lalu,Default,True,Anonymous,0,False,False,
X Beauty 1 Paket Isi 6 Redjelly Day Peach,1616744122,4,Sudah sampai dengan aman semoga cocok,1754622301,8 bulan lalu,Default,True,Anonymous,0,True,False,
X Beauty 1 Paket Isi 6 Redjelly Day Peach,1616702011,5,"Pengiriman cepat ,semoga cocok di kulit saya ,terimakasih",1754620836,8 bulan lalu,Default,True,Anonymous,0,False,False,
X Beauty 1 Paket Isi 6 Redjelly Day Peach,1616167884,5,alhamdulilah paket nyah sudah sampe semoga cocok terimakasih,1754581394,8 bulan lalu,Default,True,Anonymous,0,True,False,
X Beauty 1 Paket Isi 6 Redjelly Day Peach,1615716842,4,"Barang sesuai
Harga terjangkau
Baru pertama semoga cocok",1754566325,8 bulan lalu,Default,True,Anonymous,0,True,False,
X Beauty 1 Paket Isi 6 Redjelly Day Peach,1615629149,5,Kalo cocok balik lagi,1754564001,8 bulan lalu,Default,True,Anonymous,0,False,False,
X Beauty 1 Paket Isi 6 Redjelly Day Peach,1615348200,5,Mudah2 cocok baru pertama kali pke,1754555544,8 bulan lalu,Default,True,Anonymous,0,False,False,
X Beauty 1 Paket Isi 6 Redjelly Day Peach,1615236120,5,Paket udah sampeee. Nanti kalo udah ada perubahan bakal aku update lagiii🫶🏻,1754552172,8 bulan lalu,Default,True,Anonymous,0,True,False,
X Beauty 1 Paket Isi 6 Redjelly Day Peach,1615095627,5,"Mendarat dengan amann... Ini paket ke 2 aku... Aku cocok pake ini, baru habis 1paket hasilnya udah gong bgtt",1754547514,8 bulan lalu,Default,True,Anonymous,0,True,False,
X Beauty 1 Paket Isi 6 Redjelly Day Peach,1614975459,5,pertahankan kualitas nya .karna sudah jtuh cinta sma produk ini,1754544033,8 bulan lalu,Default,True,Anonymous,0,True,False,
X Beauty 1 Paket Isi 6 Redjelly Day Peach,1614531137,5,Baru pertama kali mudah&#34;an cocok,1754528524,8 bulan lalu,Default,True,Anonymous,0,False,False,
X Beauty 1 Paket Isi 6 Redjelly Day Peach,1614402677,5,Ini mah jangan di ragukan lagi soalna bagus banget aku udah pake 3 paket 🩵❤️,1754519271,8 bulan lalu,Default,True,Anonymous,0,False,False,
X Beauty 1 Paket Isi 6 Redjelly Day Peach,1612837656,5,"Produknya enk, tapi udah pake 3 hari belum ada reaksi si",1754452291,8 bulan lalu,Default,True,Anonymous,0,False,False,
X Beauty 1 Paket Isi 6 Redjelly Day Peach,1612018852,5,Baru pertama kali coba semoga cocok di kulitku yg kusam dan berflek ini,1754396731,8 bulan lalu,Default,True,Anonymous,0,False,False,
X Beauty 1 Paket Isi 6 Redjelly Day Peach,1611652694,5,thank youuu,1754385303,8 bulan lalu,Default,True,Anonymous,0,True,False,
X Beauty 1 Paket Isi 6 Redjelly Day Peach,1611595943,3,Belom dicoba..kemasan nya tempelan sticker semua,1754383088,8 bulan lalu,Default,True,Anonymous,0,True,False,
X Beauty 1 Paket Isi 6 Redjelly Day Peach,1611067715,5,Bagus si tpi krimnya cuma dikit,1754362952,8 bulan lalu,Default,True,Anonymous,0,False,False,
X Beauty 1 Paket Isi 6 Redjelly Day Peach,1610986661,2,Bru bgtt dtg semoga cocok. Kalo cocok nex order bintang 2 dlu kalo bagus nnti ksh bintang 5,1754359326,8 bulan lalu,Default,True,Anonymous,0,True,False,
X Beauty 1 Paket Isi 6 Redjelly Day Peach,1610591098,5,"Barang aman 
Bagus",1754322901,8 bulan lalu,Default,True,Anonymous,0,True,False,
X Beauty 1 Paket Isi 6 Redjelly Day Peach,1610417969,5,Kurir kurang Ok .. kita pesan sudah byar sklian ongkir tpi malah byar lebih ..😏,1754313320,8 bulan lalu,Default,True,Anonymous,0,False,False,
X Beauty 1 Paket Isi 6 Redjelly Day Peach,1610084992,5,Semoga cocok,1754302054,8 bulan lalu,Default,True,Anonymous,0,True,False,
X Beauty 1 Paket Isi 6 Redjelly Day Peach,1609802939,5,Semoga cocok di aku ☺️,1754292260,8 bulan lalu,Default,True,Anonymous,0,True,False,
X Beauty 1 Paket Isi 6 Redjelly Day Peach,1609573448,5,"Baru pertama beli , Belum di coba, semoga cocok",1754284491,8 bulan lalu,Default,True,Anonymous,0,True,False,
X Beauty 1 Paket Isi 6 Redjelly Day Peach,1609563930,5,"Alhamdulillah paket dah sampe 
Pengemasan rapi semoga cocok baru mau coba",1754284176,8 bulan lalu,Default,True,Anonymous,0,False,False,
X Beauty 1 Paket Isi 6 Redjelly Day Peach,1609327362,5,bgs bgttt,1754277374,8 bulan lalu,Default,True,Anonymous,0,False,False,
X Beauty 1 Paket Isi 6 Redjelly Day Peach,1609325986,5,bagus sekali sangan suka,1754277323,8 bulan lalu,Default,True,Anonymous,0,False,False,
X Beauty 1 Paket Isi 6 Redjelly Day Peach,1609318202,5,"barang sampai dngn aman, barang bagu",1754277029,8 bulan lalu,Default,True,Anonymous,0,False,False,
X Beauty 1 Paket Isi 6 Redjelly Day Peach,1608951933,1,"Ko beda sama orng ya punyaku, serumnya red jelly nya dan gk dapet tas ny",1754240090,8 bulan lalu,Default,True,Anonymous,0,True,False,
X Beauty 1 Paket Isi 6 Redjelly Day Peach,1608611474,5,Aku baru pake 16 harii udah mulai muluss mukakuuuu💅❤️,1754225886,8 bulan lalu,Default,True,Anonymous,0,False,False,
X Beauty 1 Paket Isi 6 Redjelly Day Peach,1608441514,5,Aku rasa sdh cocok dgn produk skeencer ini dan tdk mau berpaling ke skeencer2 lainnya lagi 😇🥰,1754219500,8 bulan lalu,Default,True,Anonymous,0,False,False,
X Beauty 1 Paket Isi 6 Redjelly Day Peach,1608433246,5,Semoga aja cocok,1754219229,8 bulan lalu,Default,True,Anonymous,0,False,False,
X Beauty 1 Paket Isi 6 Redjelly Day Peach,1607890057,4,"Tampilan nya mewah, baunya ok, tp sayang gapake pouch, red jelly nya bisa lepas dari wadah nya, dan ga disertakan cara pakai jd buat pemula bingung step by step nya. Sm minesnya agak lama pengiriman, btw pemulaa nih semoga cocok next order lagi thanks",1754204877,8 bulan lalu,Default,True,Anonymous,0,False,False,
X Beauty 1 Paket Isi 6 Redjelly Day Peach,1607834423,5,Sangat bagus sekali produk ny bru pake 3 hari udh ad berubahnya 😍😍😍,1754202533,8 bulan lalu,Default,True,Anonymous,0,True,False,
X Beauty 1 Paket Isi 6 Redjelly Day Peach,1607694841,4,Baru pertama semoga cocok,1754197355,8 bulan lalu,Default,True,Anonymous,0,False,False,
X Beauty 1 Paket Isi 6 Redjelly Day Peach,1607426608,5,Trima ksih bnykk smoga cocok d muka aku,1754187000,8 bulan lalu,Default,True,Anonymous,0,True,False,
X Beauty 1 Paket Isi 6 Redjelly Day Peach,1607053398,5,"Alhamdulillah paketnya sudah sampai, semoga saja cocok..",1754152299,8 bulan lalu,Default,True,Anonymous,0,False,False,
X Beauty 1 Paket Isi 6 Redjelly Day Peach,1605490140,4,nanti aku balik lg kasih full bintang kalo produknya ada hasil.,1754106141,8 bulan lalu,Default,True,Anonymous,0,False,False,
X Beauty 1 Paket Isi 6 Redjelly Day Peach,1605484990,4,Paketnya bagus cocok sama kulit saya,1754105932,8 bulan lalu,Default,True,Anonymous,0,False,True,
X Beauty 1 Paket Isi 6 Redjelly Day Peach,1605382599,4,Baru coba mau liat dulu gimna !! Apakah cocok atau ga,1754102060,8 bulan lalu,Default,True,Anonymous,0,False,False,
X Beauty 1 Paket Isi 6 Redjelly Day Peach,1604529053,1,Produknya GK sampai di tangan saya orng j&amp;t nya GK mau kirim udah beberapa Minggu barangnya gk ada,1754045759,8 bulan lalu,Default,True,Anonymous,0,False,False,
X Beauty 1 Paket Isi 6 Redjelly Day Peach,1603992449,4,Sya ksih bintang 4 dulu nnti klau sdah ada perubahan kembli lgi🙏,1754028904,8 bulan lalu,Default,True,Anonymous,0,False,False,
X Beauty 1 Paket Isi 6 Redjelly Day Peach,1603888129,4,"Trimaksih barang sudah nyampe ,cpt jga pengirimannya Bru kmrn pesen Uda nyampe sini☺️,baru mau nyoba ,smoga cocok bsa jd langganan",1754024828,8 bulan lalu,Default,True,Anonymous,0,True,False,
X Beauty 1 Paket Isi 6 Redjelly Day Peach,1602670920,5,mantap,1753958768,8 bulan lalu,Default,True,Anonymous,0,False,False,
X Beauty 1 Paket Isi 6 Redjelly Day Peach,1602590894,5,udah langganan jadi sukaaa,1753956189,8 bulan lalu,Default,True,Anonymous,0,True,False,
X Beauty 1 Paket Isi 6 Redjelly Day Peach,1602590357,5,Sesuai,1753956167,8 bulan lalu,Default,True,Anonymous,0,False,False,
X Beauty 1 Paket Isi 6 Redjelly Day Peach,1602346976,5,"Sudah datang ,,Pertama kali coba ,nnty co lagi kalo ada hasilnya ,,trimaksih",1753947361,8 bulan lalu,Default,True,Anonymous,0,True,False,
X Beauty 1 Paket Isi 6 Redjelly Day Peach,1602266904,5,"Udh pesan ke 2 kalinya di sini, ya walaupun pketnya sempat tertahan kmrin. D aku Alhamdulillah cocok",1753944447,8 bulan lalu,Default,True,Anonymous,0,True,False,
X Beauty 1 Paket Isi 6 Redjelly Day Peach,1601818297,5,Pekejingnya rapih cepat sampeh nya jika ini cocok aku langgan trss,1753930082,8 bulan lalu,Default,True,Anonymous,0,True,False,
X Beauty 1 Paket Isi 6 Redjelly Day Peach,1601084836,5,Krimya bagus.,1753878749,8 bulan lalu,Default,True,Anonymous,0,True,False,
X Beauty 1 Paket Isi 6 Redjelly Day Peach,1600738886,5,Ringan sii tekstur juga aman ga kaya mrkucrit tapi bau toner nya aga mengganggu semoga aja cocok,1753871668,8 bulan lalu,Default,True,Anonymous,0,False,True,
X Beauty 1 Paket Isi 6 Redjelly Day Peach,1600607752,5,Suka bgtt yah walpun perih kaya di tusuk² gitu awal nya tpi makin hri² makin baik dan makin glowing parah di aku cocok² aja bantu nge glowingin bngt sumph mau co lgiii yg bnykk  mksh yahhh ownerrr,1753867253,8 bulan lalu,Default,True,Anonymous,0,False,False,
X Beauty 1 Paket Isi 6 Redjelly Day Peach,1600344033,4,"maaf kak admin koq pembelian pertama sma ke2 bedaa yaahh... mudah²an aja ini sma yaah sma yng pertama , terimakasih 🙏",1753857514,8 bulan lalu,Default,True,Anonymous,0,True,False,
X Beauty 1 Paket Isi 6 Redjelly Day Peach,1600334766,5,Pakettt yang kesekian kali yaa 🥰😍😍😍,1753857157,8 bulan lalu,Default,True,Anonymous,0,True,False,
X Beauty 1 Paket Isi 6 Redjelly Day Peach,1600300145,5,Bismilah mudah2an cocok,1753855929,8 bulan lalu,Default,True,Anonymous,0,True,False,
X Beauty 1 Paket Isi 6 Redjelly Day Peach,1600044969,4,Dapet tas tapi sobek,1753847327,8 bulan lalu,Default,True,Anonymous,0,True,False,
X Beauty 1 Paket Isi 6 Redjelly Day Peach,1599993594,5,Udh ke 2 kli coba ini,1753845432,8 bulan lalu,Default,True,Anonymous,0,False,False,
X Beauty 1 Paket Isi 6 Redjelly Day Peach,1599963500,5,"Paket yg ke dua, mudah2n tambah glowing nih muka",1753844251,8 bulan lalu,Default,True,Anonymous,0,False,False,
X Beauty 1 Paket Isi 6 Redjelly Day Peach,1598587333,5,"Terima kasih paket nya sudah sampai ,semoga aku cocok pakai produk nya",1753782270,8 bulan lalu,Default,True,Anonymous,0,True,False,
X Beauty 1 Paket Isi 6 Redjelly Day Peach,1598450098,5,"Alhamdulillah paket udah sampai 
baru mau coba semoga cocok",1753777527,8 bulan lalu,Default,True,Anonymous,0,True,False,
X Beauty 1 Paket Isi 6 Redjelly Day Peach,1598108022,4,"Semoga cocok,,paket datang sesuai dg yg dipesan,semoga bagus hasilnya",1753763120,8 bulan lalu,Default,True,Anonymous,0,True,False,
X Beauty 1 Paket Isi 6 Redjelly Day Peach,1597935164,5,Semoga cocok♥️🫰,1753755322,8 bulan lalu,Default,True,Anonymous,0,True,False,
X Beauty 1 Paket Isi 6 Redjelly Day Peach,1597534289,5,"Mohon ini mah bagus banget hhuu, yang muka aku susah cerah kusam, banyak bekas jerawat tapi baru 1 paket udah keliatan banget hasil dan ada jerawat aku diemin semaleman tiba tiba kering aja, pokonya yang punya masalah kulit kusam dan yang lainnya kalian harus coba",1753714697,8 bulan lalu,Default,True,Anonymous,0,True,True,
X Beauty 1 Paket Isi 6 Redjelly Day Peach,1597135371,5,baru prtama kali nyoba cream siangnya..dan q suka bgt...🥰🥰,1753699744,8 bulan lalu,Default,True,Anonymous,0,False,False,
X Beauty 1 Paket Isi 6 Redjelly Day Peach,1596852618,5,Sesuai pesanan😍,1753688831,8 bulan lalu,Default,True,Anonymous,0,True,False,
X Beauty 1 Paket Isi 6 Redjelly Day Peach,1596416211,5,Alhamdulillah paketnya sudah dtng mksih ya,1753672253,8 bulan lalu,Default,True,Anonymous,0,True,False,
X Beauty 1 Paket Isi 6 Redjelly Day Peach,1596340362,5,"Alhamdulillah paket kedua ku sudah sampai , semoga cocok terus dimukaku , karna abis 1paket sudah sedikit ada perubahan lebih bersih&amp;cerah.  Semoga paket kedua ini bisa memaksimalkan.  Terimakasih dan semoga tetap amanah",1753669326,8 bulan lalu,Default,True,Anonymous,0,True,False,
X Beauty 1 Paket Isi 6 Redjelly Day Peach,1596265660,5,Baru mau coba semoga cocok,1753666499,8 bulan lalu,Default,True,Anonymous,0,True,False,
X Beauty 1 Paket Isi 6 Redjelly Day Peach,1595869730,5,baru pake seminggu udah ada perubahan 😍,1753632634,9 bulan lalu,Default,True,Anonymous,0,True,False,
X Beauty 1 Paket Isi 6 Redjelly Day Peach,1595738021,5,Bagus semoga ccok,1753625065,9 bulan lalu,Default,True,Anonymous,0,False,False,
X Beauty 1 Paket Isi 6 Redjelly Day Peach,1595567531,4,Barang nya sesuai.. Smoga aja ccok soal ny bru mau coba..,1753617604,9 bulan lalu,Default,True,Anonymous,0,True,False,
X Beauty 1 Paket Isi 6 Redjelly Day Peach,1595386967,4,Baru pertama kali coba semoga cocok ajah,1753611229,9 bulan lalu,Default,True,Anonymous,0,True,False,
X Beauty 1 Paket Isi 6 Redjelly Day Peach,1595336784,2,Semoga cocok,1753609345,9 bulan lalu,Default,True,Anonymous,0,True,False,
X Beauty 1 Paket Isi 6 Redjelly Day Peach,1595223240,2,"Bahan: Red jelly nya bau anehh udh gtu merahnya kaya pewarna
Manfaat produk: Bikin gatel dimuka, cream siang nya kalo udh lama kaya kulit kelupas pdhl kulit lg ga kelupas
Jenis kulit: Normal",1753606438,9 bulan lalu,Default,True,Anonymous,0,False,False,
X Beauty 1 Paket Isi 6 Redjelly Day Peach,1594844758,4,Bagus,1753593210,9 bulan lalu,Default,True,Anonymous,0,False,False,
X Beauty 1 Paket Isi 6 Redjelly Day Peach,1594710778,5,Bagus,1753587998,9 bulan lalu,Default,True,Anonymous,0,False,False,
X Beauty 1 Paket Isi 6 Redjelly Day Peach,1594595393,3,2 kali order kok serum nya aromanya nggk sama apakah wajar,1753582874,9 bulan lalu,Default,True,Anonymous,0,False,True,
X Beauty 1 Paket Isi 6 Redjelly Day Peach,1594069739,5,Mantap barang sesuai pesanan dan kurir nya ramah,1753534719,9 bulan lalu,Default,True,Anonymous,0,False,False,
X Beauty 1 Paket Isi 6 Redjelly Day Peach,1594058241,5,"Barang smpe dgan baik, paking aman sesuai pesanan, baru pemula make, lumyan perih di muka, smoga ccok kdepannya bsa jdi langganan, mkasih kk",1753534238,9 bulan lalu,Default,True,Anonymous,0,True,True,
X Beauty 1 Paket Isi 6 Redjelly Day Peach,1593911365,4,Mau coba dulu klo cocok nex or der lagii🥰,1753529697,9 bulan lalu,Default,True,Anonymous,0,True,True,
X Beauty 1 Paket Isi 6 Redjelly Day Peach,1593853863,5,Red jely nya di kirimin 3 mkciih aku bli dua pketblm tau smga hsilny 👌🏻🥰,1753527601,9 bulan lalu,Default,True,Anonymous,0,True,False,
X Beauty 1 Paket Isi 6 Redjelly Day Peach,1593550698,5,"Alhamdulillah paket SDH smpai,aman , bismillah semoga cocok😊",1753515362,9 bulan lalu,Default,True,Anonymous,0,False,False,
X Beauty 1 Paket Isi 6 Redjelly Day Peach,1593545424,5,"Alhmdulillah, paket sudah diterima realpict sesuai ekspetasi 

Ini pemakaian yang ke 3 kalinya , cocok dimuka Q , day cream peach wangi ,dan tidak dempul kalau dipakai .",1753515110,9 bulan lalu,Default,True,Anonymous,0,True,False,
X Beauty 1 Paket Isi 6 Redjelly Day Peach,1593236217,4,Semoga cocok dan tidak mengecewakan 🙏,1753505959,9 bulan lalu,Default,True,Anonymous,0,True,False,
X Beauty 1 Paket Isi 6 Redjelly Day Peach,1593041455,5,Baru mau coba semoga cocok dan gak kemakan iklan lagi 🤗,1753500466,9 bulan lalu,Default,True,Anonymous,0,True,False,
X Beauty 1 Paket Isi 6 Redjelly Day Peach,1592958405,4,Paket dtg sesuai gambar TAPI Kmrn wktu live sy order paket buat flek trs d arahkn ke paket ini... Apkah ini bs jg ilangin flek..smoga ccok dg paket peach (brightening),1753497976,9 bulan lalu,Default,True,Anonymous,0,True,False,
X Beauty 1 Paket Isi 6 Redjelly Day Peach,1592810394,4,Baru mau nyoba.. Smoga cocok.. Klu ccok bisa order lg,1753493990,9 bulan lalu,Default,True,Anonymous,0,True,False,
X Beauty 1 Paket Isi 6 Redjelly Day Peach,1592565619,5,"Baru buat ulasan, soal ny nyoba dlu 10 hrian deh ky ny,alhamdulillah cocok, gak bikin bruntusan, gak gtal dikulit, gak ngelupas juga jd aman ya, untuk efek sejauh ini msih bikin kulit halus aja sih, mklum kan baru, blm hbis 1 paket juga, day cream nya mantap, bkin blur pori2,..",1753488728,9 bulan lalu,Default,True,Anonymous,0,False,True,
X Beauty 1 Paket Isi 6 Redjelly Day Peach,1591071263,5,Alhadulilah paket sudah sampe sesuway pesanan mksih buat mang kuri yah,1753450008,9 bulan lalu,Default,True,Anonymous,0,False,False,
X Beauty 1 Paket Isi 6 Redjelly Day Peach,1590177955,5,"Paketku udah nyampek smga cocok ,pengemasan sangat rapi aku suka tapi belum di coba smga aja cocok sudah capek Gonta ganti tapi tidak ada yg cocok",1753413404,9 bulan lalu,Default,True,Anonymous,0,False,False,
X Beauty 1 Paket Isi 6 Redjelly Day Peach,1589295927,5,Udah paket ke2 mantulll cck di kulit aku,1753364857,9 bulan lalu,Default,True,Anonymous,0,False,False,
X Beauty 1 Paket Isi 6 Redjelly Day Peach,1588869883,3,"Tolong sekali ini, muka saya jadi jerawat , padahal saya gag pernah tumbuh jerawat, cape sekali selalu. Tertipu begini",1753356758,9 bulan lalu,Default,True,Anonymous,0,True,False,
X Beauty 1 Paket Isi 6 Redjelly Day Peach,1588756027,5,Baru pertama nyoba produk nya semoga cocok nanti bisa balik ke sini lagi,1753352867,9 bulan lalu,Default,True,Anonymous,0,False,False,
X Beauty 1 Paket Isi 6 Redjelly Day Peach,1588479418,5,"Pesan ke 2 kaliya, Bru 1 paket udh kelihatan hasilnya, mantul",1753341818,9 bulan lalu,Default,True,Anonymous,0,False,False,
X Beauty 1 Paket Isi 6 Redjelly Day Peach,1588323240,4,Udh pesan ke dua kali nya Alhamdulillah cocok,1753334308,9 bulan lalu,Default,True,Anonymous,0,False,False,
X Beauty 1 Paket Isi 6 Redjelly Day Peach,1588296077,4,"Klo yang paket 6 ok ,udah pull,, ,,yg pket 5 yg gx da krim night nya,, ,,tolong pnjelasan nya yaaa",1753333092,9 bulan lalu,Default,True,Anonymous,0,True,False,
X Beauty 1 Paket Isi 6 Redjelly Day Peach,1588212051,1,Tidak cocok di muka aku gatal dan perih,1753329557,9 bulan lalu,Default,True,Anonymous,0,False,False,
X Beauty 1 Paket Isi 6 Redjelly Day Peach,1588142795,5,Paket ku sudah sampai ka mudahan cocok soalnya sudah capek Gonta ganti kerim,1753327351,9 bulan lalu,Default,True,Anonymous,0,False,False,
X Beauty 1 Paket Isi 6 Redjelly Day Peach,1588099743,2,Udah pake 4 hari belum ada perubahan apapun cuma kulit ngelupas sama perih pas pemakaian,1753326431,9 bulan lalu,Default,True,Anonymous,0,True,False,
X Beauty 1 Paket Isi 6 Redjelly Day Peach,1587729708,4,Baru pakai,1753311724,9 bulan lalu,Default,True,Anonymous,0,False,False,
X Beauty 1 Paket Isi 6 Redjelly Day Peach,1587535454,5,Semoga cocok,1753290401,9 bulan lalu,Default,True,Anonymous,0,True,False,
X Beauty 1 Paket Isi 6 Redjelly Day Peach,1587343798,5,Mantul skincre,1753277744,9 bulan lalu,Default,True,Anonymous,0,False,False,
X Beauty 1 Paket Isi 6 Redjelly Day Peach,1587142116,2,mntap brgya,1753272065,9 bulan lalu,Default,True,Anonymous,0,False,False,
X Beauty 1 Paket Isi 6 Redjelly Day Peach,1587072883,5,cream siang nya ringan di muka .. baru pertama kali mau coba semoga cocok bisa langganan dan skincare nya semoga ga berubah,1753269861,9 bulan lalu,Default,True,Anonymous,0,True,False,
X Beauty 1 Paket Isi 6 Redjelly Day Peach,1586961655,5,Udah sampe mudah2an cocok thank seller,1753265762,9 bulan lalu,Default,True,Anonymous,0,False,False,
X Beauty 1 Paket Isi 6 Redjelly Day Peach,1586675585,4,Baru pertama coba semoga ccok.,1753258942,9 bulan lalu,Default,True,Anonymous,0,True,False,
X Beauty 1 Paket Isi 6 Redjelly Day Peach,1586634908,5,"Baru mau coba, semoga cocok",1753258207,9 bulan lalu,Default,True,Anonymous,0,False,False,
X Beauty 1 Paket Isi 6 Redjelly Day Peach,1586625440,5,Semoga cocok,1753257810,9 bulan lalu,Default,True,Anonymous,0,True,False,
X Beauty 1 Paket Isi 6 Redjelly Day Peach,1586535371,5,Paket nyah sudah sampai mudah2hn cocok di muka aku,1753254169,9 bulan lalu,Default,True,Anonymous,0,True,False,
X Beauty 1 Paket Isi 6 Redjelly Day Peach,1586519934,5,Baru coba mudah&#34;an cocok,1753253470,9 bulan lalu,Default,True,Anonymous,0,False,False,
X Beauty 1 Paket Isi 6 Redjelly Day Peach,1586417858,5,Bagus sesuai pesanan,1753249114,9 bulan lalu,Default,True,Anonymous,0,False,False,
X Beauty 1 Paket Isi 6 Redjelly Day Peach,1586265459,3,Paket nya baru datang semoga cocok,1753243157,9 bulan lalu,Default,True,Anonymous,0,False,False,
X Beauty 1 Paket Isi 6 Redjelly Day Peach,1586245928,5,Paket NY bgus sesuai ekspektasi,1753242362,9 bulan lalu,Default,True,Anonymous,0,True,False,
X Beauty 1 Paket Isi 6 Redjelly Day Peach,1586196671,4,Baru nyoba semoga cocok,1753240267,9 bulan lalu,Default,True,Anonymous,0,False,False,
X Beauty 1 Paket Isi 6 Redjelly Day Peach,1586174651,5,paket saya baru sampai terimakasih pesanan sesuai di foto semoga cocok di muka saya dan bisa langganan dan kurir nya ramah 👍,1753239602,9 bulan lalu,Default,True,Anonymous,0,False,False,
X Beauty 1 Paket Isi 6 Redjelly Day Peach,1585312536,5,"Barang nya sudah sampai semoga cocok,kalo cocok next beli lagi",1753183636,9 bulan lalu,Default,True,Anonymous,0,True,False,
X Beauty 1 Paket Isi 6 Redjelly Day Peach,1584982266,5,"Paket sudah sampai mudahan cocok ya dimuka, pas ngga ada yg kurang👍",1753167845,9 bulan lalu,Default,True,Anonymous,0,True,False,
X Beauty 1 Paket Isi 6 Redjelly Day Peach,1584896003,4,"Psenan sesuai, lengkap SMG hasil nya memuaskan dan aman di gunakan",1753163922,9 bulan lalu,Default,True,Anonymous,0,True,False,
X Beauty 1 Paket Isi 6 Redjelly Day Peach,1584764080,3,"Barang sudah sampai dgn aman 
Baru mau coba semoga cocok buat mas kurir udh langganan ramah baik is the best 💪",1753158019,9 bulan lalu,Default,True,Anonymous,0,True,False,
X Beauty 1 Paket Isi 6 Redjelly Day Peach,1584713835,5,"Paket sudah datang,,terimakasih smoga cocok dimuka ku,,kalau cocok nex time",1753155629,9 bulan lalu,Default,True,Anonymous,0,True,False,
X Beauty 1 Paket Isi 6 Redjelly Day Peach,1584713364,5,"Alhamdulillah sudah datang,baru pertama coba...semoga cocok",1753155604,9 bulan lalu,Default,True,Anonymous,0,True,False,
X Beauty 1 Paket Isi 6 Redjelly Day Peach,1584635985,5,bagus,1753151678,9 bulan lalu,Default,True,Anonymous,0,True,False,
X Beauty 1 Paket Isi 6 Redjelly Day Peach,1584537314,4,Krimny bgus tpi buat kulit ku lumayan perih dn sdh minggu ngelupas dibagian hidung,1753145038,9 bulan lalu,Default,True,Anonymous,0,False,False,
X Beauty 1 Paket Isi 6 Redjelly Day Peach,1584526348,4,"Paket sudah diterima dengan baik sesuai pesanan,baru pertama coba,semoga cocok yah",1753143926,9 bulan lalu,Default,True,Anonymous,0,True,False,
X Beauty 1 Paket Isi 6 Redjelly Day Peach,1584487133,5,Alhamdulillah paket mendarat dengan aman,1753139577,9 bulan lalu,Default,True,Anonymous,0,False,False,
X Beauty 1 Paket Isi 6 Redjelly Day Peach,1583791435,4,"Paketnya dah sampai dengan baik, semoga aja cocok dengan cream ini😊",1753106312,9 bulan lalu,Default,True,Anonymous,0,True,False,
X Beauty 1 Paket Isi 6 Redjelly Day Peach,1583724917,5,Smg cocok,1753103476,9 bulan lalu,Default,True,Anonymous,0,False,False,
X Beauty 1 Paket Isi 6 Redjelly Day Peach,1583618332,3,Bagus si cmn nd dpt tas tempt scinkernya hehe,1753098343,9 bulan lalu,Default,True,Anonymous,0,False,False,
X Beauty 1 Paket Isi 6 Redjelly Day Peach,1583573606,4,"Mendarat dengan selamat di Kalimantan,semoga cocok dengan produknye, biar murah kwalitas bagus dikasi bintang 4 dulu kalau udah cocok bakalan pesan lagi👍😂",1753096403,9 bulan lalu,Default,True,Anonymous,0,True,False,
X Beauty 1 Paket Isi 6 Redjelly Day Peach,1583096873,5,Bagus aku SDH pake cocok kaya produk bpom,1753078183,9 bulan lalu,Default,True,Anonymous,0,False,False,
X Beauty 1 Paket Isi 6 Redjelly Day Peach,1583019597,5,"sengaja aku baru kasih ulasan krna mau tau hasil nya dulu,dan ternyataa cocok sama aku bekas jerawat juga sudah mulai pudar,nama nya kita pakai produk itu harus tetap konsisten biar ada hasil,ini pemakaian baru 1 minggu🥰
memang susah cari yang bener&#34; cocok di muka aku ini🥺",1753074787,9 bulan lalu,Default,True,Anonymous,0,True,False,
X Beauty 1 Paket Isi 6 Redjelly Day Peach,1582859729,5,aku uda beli ke dua pkt nnti spil hasilnya,1753067963,9 bulan lalu,Default,True,Anonymous,0,False,False,
X Beauty 1 Paket Isi 6 Redjelly Day Peach,1582772012,5,Alhamdullillah paketnya sudah sampai smoga cocok dpkain ya n smoga ada hasilnya. Mksh resseler🥰🥰🙏🙏,1753063669,9 bulan lalu,Default,True,Anonymous,0,False,True,
X Beauty 1 Paket Isi 6 Redjelly Day Peach,1582629868,5,",👍🏻👍🏻👍🏻😁👍🏻👍🏻",1753054449,9 bulan lalu,Default,True,Anonymous,0,False,False,
X Beauty 1 Paket Isi 6 Redjelly Day Peach,1582602981,3,Ga cocok di aku malah bikin kusem dan keluar jerawat,1753051628,9 bulan lalu,Default,True,Anonymous,0,False,False,
X Beauty 1 Paket Isi 6 Redjelly Day Peach,1582588686,1,Mukaku hancur perihh ngelupas semua awalnya glowin nbersih sekarang bruntusan banyak nyesel beli+ kecewa bngt sama produkny,1753049361,9 bulan lalu,Default,True,Anonymous,0,True,False,
X Beauty 1 Paket Isi 6 Redjelly Day Peach,1582481039,1,Ga cocok di kulitkuuu,1753027141,9 bulan lalu,Default,True,Anonymous,0,False,False,
X Beauty 1 Paket Isi 6 Redjelly Day Peach,1582418368,5,Hanya bintang yg berbicara,1753022975,9 bulan lalu,Default,True,Anonymous,0,False,False,
X Beauty 1 Paket Isi 6 Redjelly Day Peach,1582381280,5,Baru pertama nyoba bismillah semoga cocok,1753021671,9 bulan lalu,Default,True,Anonymous,0,True,False,
X Beauty 1 Paket Isi 6 Redjelly Day Peach,1582365080,5,Produknya sangat 👍,1753020721,9 bulan lalu,Default,True,Anonymous,0,False,False,
X Beauty 1 Paket Isi 6 Redjelly Day Peach,1582217000,4,"Barang sampai dngn aman, 
Bismillah penggunaan pertama smoga cocok",1753013469,9 bulan lalu,Default,True,Anonymous,0,False,False,
X Beauty 1 Paket Isi 6 Redjelly Day Peach,1582207119,4,"Pesanan ku udah sampe , semoga cocok di aku..",1753013048,9 bulan lalu,Default,True,Anonymous,0,True,False,
X Beauty 1 Paket Isi 6 Redjelly Day Peach,1582203290,5,"Oke brang nya sudah smpai,dengan slamat",1753012892,9 bulan lalu,Default,True,Anonymous,0,False,False,
X Beauty 1 Paket Isi 6 Redjelly Day Peach,1581855977,5,Baru pertama kali pakek semongah cocok,1752997636,9 bulan lalu,Default,True,Anonymous,0,False,False,
X Beauty 1 Paket Isi 6 Redjelly Day Peach,1581732316,1,Ka ko pas pemakaian 3 hr kulit aku pada kering dan PDA hitam gto ya mlh JD lebih hitam dr sebelum nya,1752991752,9 bulan lalu,Default,True,Anonymous,0,False,False,
X Beauty 1 Paket Isi 6 Redjelly Day Peach,1581516398,5,"Alhamdulillah paketnya datang dngan slmat, Terima kasih buat tokonya amanah banget🥰",1752985410,9 bulan lalu,Default,True,Anonymous,0,True,False,
X Beauty 1 Paket Isi 6 Redjelly Day Peach,1581369853,5,Sesui pesenan semoga penjual amanah kurir j&amp;t nya gesit dan sopan+ramah di daerah ku😌😌😌,1752981156,9 bulan lalu,Default,True,Anonymous,0,True,False,
X Beauty 1 Paket Isi 6 Redjelly Day Peach,1581352751,4,"Udah pembelian ke 2 kli nya TPI ko beda warna wadah nya yg pertama terang pink nya yg ke 2 ko sedikit pucat,,bau nya juga beda",1752980486,9 bulan lalu,Default,True,Anonymous,0,False,False,
X Beauty 1 Paket Isi 6 Redjelly Day Peach,1581339534,5,Baguss,1752979857,9 bulan lalu,Default,True,Anonymous,0,False,False,
X Beauty 1 Paket Isi 6 Redjelly Day Peach,1581329415,5,Suka sma aroma nya wangi bget ..ini yg ke 2x ny aku co ya karna emg ccok bget di kulit ak ..lebih suka ny sma cream malam tekstur ny itu GK lengket samsel.pokonya mantull next pasti order lgi langganan 🥰,1752979339,9 bulan lalu,Default,True,Anonymous,0,True,False,
X Beauty 1 Paket Isi 6 Redjelly Day Peach,1581022779,2,"Padahal yng pertama enak dipakai ada perubahan, yang ke2 kalinya beda tekstur, bau nya nyengat mana dipake panas di muka rasanya terbakar",1752940671,9 bulan lalu,Default,True,Anonymous,0,False,False,
X Beauty 1 Paket Isi 6 Redjelly Day Peach,1580569067,5,bagus kok cuma kalo udah ilang tone up nya keliatan biasa aja tapi kayae bakal langganan,1752918120,9 bulan lalu,Default,True,Anonymous,0,True,False,
X Beauty 1 Paket Isi 6 Redjelly Day Peach,1580228618,5,Semoga cocok di saya 😊,1752905139,9 bulan lalu,Default,True,Anonymous,0,True,False,
X Beauty 1 Paket Isi 6 Redjelly Day Peach,1580187239,5,"Trimakasih seller paketnya dah mendarat
Trimakasih juga tambahan bonusnya 
Dapet pree red jelly",1752904291,9 bulan lalu,Default,True,Anonymous,0,True,False,
X Beauty 1 Paket Isi 6 Redjelly Day Peach,1580047657,4,Baru nyobainn mogaa cocok deh dimukak akuu,1752901779,9 bulan lalu,Default,True,Anonymous,0,True,True,
X Beauty 1 Paket Isi 6 Redjelly Day Peach,1579857463,4,baru pertama coba mudah mudahan cocok cuman tolong kedepan ny lebih teliti🙏,1752894690,9 bulan lalu,Default,True,Anonymous,0,True,False,
X Beauty 1 Paket Isi 6 Redjelly Day Peach,1579751861,5,"BAGUS BANGET AAAAAA gong banget siih liat muka aku ini belum abis satu paket udah co lagi aku  ngga pake bedak cuma pake Day cream nya doang 
Asli jadi langganan sihh ayo ngga usah ragu 
Inget yah harus rutin sama konsisten aja 😭😭😉",1752890225,9 bulan lalu,Default,True,Anonymous,0,True,False,
X Beauty 1 Paket Isi 6 Redjelly Day Peach,1579218803,5,Produk sesuai,1752842481,9 bulan lalu,Default,True,Anonymous,0,False,False,
X Beauty 1 Paket Isi 6 Redjelly Day Peach,1578336150,5,pemakaian pertama semoga cocok,1752808837,9 bulan lalu,Default,True,Anonymous,0,True,False,
X Beauty 1 Paket Isi 6 Redjelly Day Peach,1577940612,5,"Aku udah 2x pemakaian, semogah kalian ini udah ada perubahan🙏",1752794821,9 bulan lalu,Default,True,Anonymous,0,False,False,
X Beauty 1 Paket Isi 6 Redjelly Day Peach,1577917413,5,Bagus bngt 🫶🫶,1752792247,9 bulan lalu,Default,True,Anonymous,0,False,False,
X Beauty 1 Paket Isi 6 Redjelly Day Peach,1577670504,2,Maaf sebelumnya pket yng ke dua tekstur nya beda krim mlem SM toner nya panas saat di aplikasikan kalau pket yng pertama enak,1752760021,9 bulan lalu,Default,True,Anonymous,0,False,False,
X Beauty 1 Paket Isi 6 Redjelly Day Peach,1577650828,5,"Saya sudah Makai selama 1 Minggu,, muka bersih glowing tapi kenapa agak panas ya dimuka? Apa emang prosesnya menyakitkan?😅🤣
Jenis kulit: Berjerawat &amp; berminyak
Manfaat produk: Glowing skin",1752759013,9 bulan lalu,Default,True,Anonymous,0,True,False,
X Beauty 1 Paket Isi 6 Redjelly Day Peach,1577502884,5,Klo cocok aku langganan,1752753605,9 bulan lalu,Default,True,Anonymous,0,False,False,
X Beauty 1 Paket Isi 6 Redjelly Day Peach,1577083985,5,Pesan yg kedua kali ny cocok d mukaa akuu penjual ny baikk bangett ngasih free red jelly 😍,1752737997,9 bulan lalu,Default,True,Anonymous,0,True,False,
X Beauty 1 Paket Isi 6 Redjelly Day Peach,1576973274,4,"Paketnya baru sampai tapi sayang tutup facial wash nya pecah jadi keluar isi nya ,
 semoga serasi next order lagi😊",1752733786,9 bulan lalu,Default,True,Anonymous,0,True,True,
X Beauty 1 Paket Isi 6 Redjelly Day Peach,1576762114,5,Sumpah ih bagus bngett💗,1752726695,9 bulan lalu,Default,True,Anonymous,0,True,False,
X Beauty 1 Paket Isi 6 Redjelly Day Peach,1576735673,4,Packing nya bagus tepat waktu blom di coba smoga ccok,1752725647,9 bulan lalu,Default,True,Anonymous,0,True,False,
X Beauty 1 Paket Isi 6 Redjelly Day Peach,1576358049,5,"Tanpa perih, tanpa pengelupasan, tiba&#34; aja glowing 😭 ini baru pemakaian 4 hari, putih nya juga natural ga berlebihan menurutku",1752710477,9 bulan lalu,Default,True,Anonymous,0,True,False,
X Beauty 1 Paket Isi 6 Redjelly Day Peach,1575854425,5,Sesuai pesanan order yg ke 2xnya,1752665790,9 bulan lalu,Default,True,Anonymous,0,True,False,
X Beauty 1 Paket Isi 6 Redjelly Day Peach,1575385127,5,"Mff bru kasi ulasan, soalnya mau tau dulu cocok gk produknya dimuka aku,,, eh ternyata cocok dongg baru pemakaian 1minggu lebih hasilnya udh bagusss. Bikin wajah ku bersih tanpa komedo putih dan glowing jga😊👍👍❤ . baru kali ini nemu skincare yg ccok dimuka aku. ❤❤. Next bakal jdi toko langgan ak🤗",1752647973,9 bulan lalu,Default,True,Anonymous,0,True,False,
X Beauty 1 Paket Isi 6 Redjelly Day Peach,1575244189,5,"Semoga produknya cocok, klau cocok order lagi",1752642414,9 bulan lalu,Default,True,Anonymous,0,True,False,
X Beauty 1 Paket Isi 6 Redjelly Day Peach,1575202547,5,Barangnya realpick sesuai dengan gambar harganya terjangkau kualitasnya bagus dan memuaskan,1752640932,9 bulan lalu,Default,True,Anonymous,0,False,False,
X Beauty 1 Paket Isi 6 Redjelly Day Peach,1575062994,5,"sesuai pesanan, pengiriman cepat 👍🏻😍",1752635674,9 bulan lalu,Default,True,Anonymous,0,True,False,
X Beauty 1 Paket Isi 6 Redjelly Day Peach,1575049781,5,Pemakaian pertama kali semoga cocok 😍,1752635110,9 bulan lalu,Default,True,Anonymous,0,True,False,
X Beauty 1 Paket Isi 6 Redjelly Day Peach,1574965080,5,Bismillah semoga cocok yaaa🤗,1752631259,9 bulan lalu,Default,True,Anonymous,0,True,False,
X Beauty 1 Paket Isi 6 Redjelly Day Peach,1574839911,5,"Sdah habis 2 paket dan cream siang dan malam udah hbis 6 pot krna biasanya bli eceran juga creamy,sudah cocok dan nyaman pkai skincare x beauty",1752623524,9 bulan lalu,Default,True,Anonymous,0,True,True,
X Beauty 1 Paket Isi 6 Redjelly Day Peach,1574397212,4,Paket sudah datang terimakasih,1752583954,9 bulan lalu,Default,True,Anonymous,0,False,False,
X Beauty 1 Paket Isi 6 Redjelly Day Peach,1574091413,5,"Baru kasih ulasan, baru mencoba 6 hari kaya ya cocok Dhe di kulit qh😁 semoga prbuhannya cpat biar ta order LG kaya ya jadi Langan deh toko ini.skian bnyak mncoba skincare cuma ini ada prubhan sdikit🤗👍🏻👍🏻",1752572653,9 bulan lalu,Default,True,Anonymous,0,True,False,
X Beauty 1 Paket Isi 6 Redjelly Day Peach,1573771630,5,"Bagus bangettt, gak nyesel milih brand ini Terimkasih ownernya!",1752559981,9 bulan lalu,Default,True,Anonymous,0,False,False,
X Beauty 1 Paket Isi 6 Redjelly Day Peach,1572807988,5,"Terimakasih atas skincare x
Insyaallah cocok ,,Nnti order lgi,, Syukron yaa kurirnya Rama, Alhamdulillah TDK ad yg lecet SMA sklii",1752495716,9 bulan lalu,Default,True,Anonymous,0,False,False,
X Beauty 1 Paket Isi 6 Redjelly Day Peach,1572662021,5,Baru permata kli coba semoga ccok,1752489263,9 bulan lalu,Default,True,Anonymous,0,False,False,
X Beauty 1 Paket Isi 6 Redjelly Day Peach,1572653024,5,Bagus dong makanya order terus meski beda toko🤭 semoga dapat bonus lagi soalnya ak mau order lagii karna buat di jual kembali,1752488881,9 bulan lalu,Default,True,Anonymous,0,True,False,
X Beauty 1 Paket Isi 6 Redjelly Day Peach,1572274906,5,Suka bangett sama produknya baru mau coba semoga cocok deh,1752472260,9 bulan lalu,Default,True,Anonymous,0,False,False,
X Beauty 1 Paket Isi 6 Redjelly Day Peach,1571415405,4,Alhamdulillah paket udah sampai moga cocok ya☺️,1752412027,9 bulan lalu,Default,True,Anonymous,0,True,False,
X Beauty 1 Paket Isi 6 Redjelly Day Peach,1571138303,5,Bagus,1752403177,9 bulan lalu,Default,True,Anonymous,0,False,False,
X Beauty 1 Paket Isi 6 Redjelly Day Peach,1570708981,5,Belum di coba . Semoga Saja Cocok biar bisa Langganan,1752385751,9 bulan lalu,Default,True,Anonymous,0,False,False,
X Beauty 1 Paket Isi 6 Redjelly Day Peach,1570694907,5,"Alhamdulillah paketnya udah sampai terimakasih
Bahan: Lembut, nyaman",1752385119,9 bulan lalu,Default,True,Anonymous,0,True,False,
X Beauty 1 Paket Isi 6 Redjelly Day Peach,1570676693,5,Suka sama teksturny,1752384328,9 bulan lalu,Default,True,Anonymous,0,False,False,
X Beauty 1 Paket Isi 6 Redjelly Day Peach,1570601580,5,Baru mau coba semoga cocok🥰🥰🥰,1752381168,9 bulan lalu,Default,True,Anonymous,0,True,False,
X Beauty 1 Paket Isi 6 Redjelly Day Peach,1569996494,5,Terimakasih atas bonusnya mba smga rezekinya lancar dan semoga aku bkal cocok2 mah pruduk ini🤲pesanan ke 2 kalinya lansung beli 2 paket agar murah ongkirnya🤣,1752326381,9 bulan lalu,Default,True,Anonymous,0,False,False,
X Beauty 1 Paket Isi 6 Redjelly Day Peach,1569966992,4,"Kenapa saya pake Nye kok gak ada perubahan nya ya? Padahal sudah 8x pakai ,atau GK cocok dikulit aku ya malah makin banyak bruntusan dan jerawat 😭",1752324806,9 bulan lalu,Default,True,Anonymous,0,False,False,
X Beauty 1 Paket Isi 6 Redjelly Day Peach,1569940291,5,"Paketnya aman, sesuai dengan yg dipesan. Baru pertama beli, mudah2an cocok",1752323402,9 bulan lalu,Default,True,Anonymous,0,False,True,
X Beauty 1 Paket Isi 6 Redjelly Day Peach,1569934609,5,Produk ya bagus,1752323130,9 bulan lalu,Default,True,Anonymous,0,True,False,
X Beauty 1 Paket Isi 6 Redjelly Day Peach,1569861364,4,Muka udh mulai bersih lnjut pket kedua,1752320257,9 bulan lalu,Default,True,Anonymous,0,False,False,
X Beauty 1 Paket Isi 6 Redjelly Day Peach,1569815436,4,"Kenapa kok paketan nya beda dengan sebelumnya ya, yg cream mlm klo di pake dekat area mata pedih rasanya, dan tekstur nya serta warnanya beda dgn sebelumnya, apa ada pembaruan",1752318640,9 bulan lalu,Default,True,Anonymous,0,True,False,
X Beauty 1 Paket Isi 6 Redjelly Day Peach,1569545866,5,Baguss bnget dklitt,1752312094,9 bulan lalu,Default,True,Anonymous,0,False,False,
X Beauty 1 Paket Isi 6 Redjelly Day Peach,1569424192,4,paket ke 3😍,1752307025,9 bulan lalu,Default,True,Anonymous,0,True,False,
X Beauty 1 Paket Isi 6 Redjelly Day Peach,1569359871,5,Alhamdulillah dapat 2 paket  beauty murah 160 dapat 2 paket,1752304190,9 bulan lalu,Default,True,Anonymous,0,True,False,
X Beauty 1 Paket Isi 6 Redjelly Day Peach,1569287692,5,Semoga cock di aq,1752301307,9 bulan lalu,Default,True,Anonymous,0,False,False,
X Beauty 1 Paket Isi 6 Redjelly Day Peach,1569118016,5,"Udah sampe dgn tepat waktu dan sesuai pesenan barang dikemas dgn baik, bismillah semoga cocok",1752294991,9 bulan lalu,Default,True,Anonymous,0,True,False,
X Beauty 1 Paket Isi 6 Redjelly Day Peach,1568614597,4,"Paketnta sdah di trima..
Paket yg awal sy beli, berbeda dengan paket yg skarng,,
paket yg awal sy beli, wanginya enak, paket yg sekarng wanginya tajam, 
Red jelly nya merah bnget,,
Day Cream yg awal sy beli agak wrna pink, klo day cream yg sy beli skrng, wrna nya kuning, sperti dy cream pada umumnny",1752272786,9 bulan lalu,Default,True,Anonymous,0,True,False,
X Beauty 1 Paket Isi 6 Redjelly Day Peach,1568214327,3,Cream malam nya bau  knpa ya,1752239109,9 bulan lalu,Default,True,Anonymous,0,False,False,
X Beauty 1 Paket Isi 6 Redjelly Day Peach,1567282649,5,sumpah ini bagus banget,1752205240,9 bulan lalu,Default,True,Anonymous,0,True,False,
X Beauty 1 Paket Isi 6 Redjelly Day Peach,1567049115,5,Okeeeee sudah sampai sesuai barang semoga cocok 😉,1752195001,9 bulan lalu,Default,True,Anonymous,0,True,False,
X Beauty 1 Paket Isi 6 Redjelly Day Peach,1566815337,5,baru pertama coba...semoga cocok,1752165568,9 bulan lalu,Default,True,Anonymous,0,True,False,
X Beauty 1 Paket Isi 6 Redjelly Day Peach,1565593752,5,Kok cuma datang 5 aja red jelly nya ndk ada,1752138430,9 bulan lalu,Default,True,Anonymous,0,True,False,
X Beauty 1 Paket Isi 6 Redjelly Day Peach,1565318590,5,"Paketnya lengkap menurut ku harga segitu murce bgt krim 10grm dan sabun toner jg besar,. Baru pemakaian pertama kalau cocok bakal jdi langganan sma krim ini,.",1752129902,9 bulan lalu,Default,True,Anonymous,0,False,False,
X Beauty 1 Paket Isi 6 Redjelly Day Peach,1565177473,5,pliss lucu ihh pink tempat nya 🤏🏻,1752125595,9 bulan lalu,Default,True,Anonymous,0,True,False,
X Beauty 1 Paket Isi 6 Redjelly Day Peach,1564943743,5,"udah datang paketnya,semoga aja ccok🙏🏻☺️",1752118344,9 bulan lalu,Default,True,Anonymous,0,True,False,
X Beauty 1 Paket Isi 6 Redjelly Day Peach,1564869341,5,Paketnya udah sampai semoga cocok di aku yah biar bisa order lgi😁,1752116146,9 bulan lalu,Default,True,Anonymous,0,True,False,
X Beauty 1 Paket Isi 6 Redjelly Day Peach,1564864296,5,"Samapai dengan selamat
Semoga cocok",1752115930,9 bulan lalu,Default,True,Anonymous,0,True,False,
X Beauty 1 Paket Isi 6 Redjelly Day Peach,1564560361,5,"Packingan bagus rapi dan aman 
Produk semua tersegel dan dapat tas kain mini dari produk
Isi toner dan facial wash lumayan banyak 100ml 

Baru pertama x coba
Pemakaian baru 1 hari kulit terasa lebih halus  enteng bersihan dan pori pori tersamarkan 
Semoga kedepannya cocok dan bagus

Terimakasih kak",1752088271,9 bulan lalu,Default,True,Anonymous,0,True,False,
X Beauty 1 Paket Isi 6 Redjelly Day Peach,1564433147,5,"Bahan: Lembut
Manfaat produk: Bisa menghilangkan jerawat dan bekas jerawat",1752075071,9 bulan lalu,Default,True,Anonymous,0,True,False,
X Beauty 1 Paket Isi 6 Redjelly Day Peach,1564184259,5,"Barangnya sdh sampai dgn selamat tidak ada yg rusak ataupun tumpah,Semoga cocok diaku",1752063937,9 bulan lalu,Default,True,Anonymous,0,True,False,
X Beauty 1 Paket Isi 6 Redjelly Day Peach,1563754488,5,Barang nya sudah sampai Packing nya jg bagus rapii Semoga cocok aku pakai ini sangat bagus sekali dan aku suka,1752049688,9 bulan lalu,Default,True,Anonymous,0,True,False,
X Beauty 1 Paket Isi 6 Redjelly Day Peach,1562940052,2,Di descripsi nya ada 6 PCs tpi ini cuma ada 5,1752024500,9 bulan lalu,Default,True,Anonymous,0,True,False,
X Beauty 1 Paket Isi 6 Redjelly Day Peach,1562937090,5,Sesuai pesanan.pket lengkap nggk DA yng kurang . .packing aman....makasih .smga cocok lw cocok next order...,1752024359,9 bulan lalu,Default,True,Anonymous,0,False,False,
X Beauty 1 Paket Isi 6 Redjelly Day Peach,1562642910,4,"Jenis kulit: baru pake semoga cocokk
tapi kenapa red jelynya warnanya merah ditangan yaa apa aku yg baru tau",1751989014,9 bulan lalu,Default,True,Anonymous,0,True,False,
X Beauty 1 Paket Isi 6 Redjelly Day Peach,1562555093,5,"Paket sampai hari ini, mendarat dgn aman... Malam ini udah kucoba smoga ccok yaaa",1751983740,9 bulan lalu,Default,True,Anonymous,0,True,False,
X Beauty 1 Paket Isi 6 Redjelly Day Peach,1562176346,5,Terimakasih banyak kak kemarin sempat beli harga yang sama tapi red jellynya tidak ada dengan tas-tasnya juga packingannya rapih tebal🥰🤗,1751968644,9 bulan lalu,Default,True,Anonymous,0,False,True,
X Beauty 1 Paket Isi 6 Redjelly Day Peach,1562174789,5,semoga cocok,1751968582,9 bulan lalu,Default,True,Anonymous,0,True,False,
X Beauty 1 Paket Isi 6 Redjelly Day Peach,1562071358,5,Puas banget dengan skincare satu ini🥰,1751964122,9 bulan lalu,Default,True,Anonymous,0,False,False,
X Beauty 1 Paket Isi 6 Redjelly Day Peach,1561945155,5,"Paket udah mendarat dengan selamat ,mudah2an cocok di kulit aku",1751958263,9 bulan lalu,Default,True,Anonymous,0,True,False,
X Beauty 1 Paket Isi 6 Redjelly Day Peach,1561825267,5,Beli yg kedua kliii,1751953075,9 bulan lalu,Default,True,Anonymous,0,True,False,
X Beauty 1 Paket Isi 6 Redjelly Day Peach,1561706511,5,paket keduaa,1751948030,9 bulan lalu,Default,True,Anonymous,0,True,False,
X Beauty 1 Paket Isi 6 Redjelly Day Peach,1561625942,4,"Paket datang lengkap tapi belum di coba semoga cocok ,titip before nya ,",1751945219,9 bulan lalu,Default,True,Anonymous,0,True,False,
X Beauty 1 Paket Isi 6 Redjelly Day Peach,1561556526,5,Kurir ramah dan paket cepat sampai.,1751941940,9 bulan lalu,Default,True,Anonymous,0,False,False,
X Beauty 1 Paket Isi 6 Redjelly Day Peach,1561185142,5,Semoga cocok di aku.. kalo cocok next pesan lagi😉,1751908310,9 bulan lalu,Default,True,Anonymous,0,False,False,
X Beauty 1 Paket Isi 6 Redjelly Day Peach,1560854401,5,Bismillah semoga hasilnya memuaskan tekstur lembut menyerap ke kulit,1751888352,9 bulan lalu,Default,True,Anonymous,0,True,False,
X Beauty 1 Paket Isi 6 Redjelly Day Peach,1560776405,5,"Sangat bagus,aman",1751885716,9 bulan lalu,Default,True,Anonymous,0,False,False,
X Beauty 1 Paket Isi 6 Redjelly Day Peach,1560690287,5,"Barangnya bagus, bismillah baru mau coba semoga cocok",1751882418,9 bulan lalu,Default,True,Anonymous,0,False,False,
X Beauty 1 Paket Isi 6 Redjelly Day Peach,1560539241,2,"Dh 2minggu pkek msh blm klihatan bersihnya, pdh dh brturut2 pkek.e",1751876536,9 bulan lalu,Default,True,Anonymous,0,False,False,
X Beauty 1 Paket Isi 6 Redjelly Day Peach,1560332984,5,"Mantull baru coba kalo cocok bakal langganan sii,pengiriman nya cepet banget pokoknya tokonya terbaikkk🥰",1751868131,9 bulan lalu,Default,True,Anonymous,0,True,False,
X Beauty 1 Paket Isi 6 Redjelly Day Peach,1560205981,5,Sampai paketnya,1751863356,9 bulan lalu,Default,True,Anonymous,0,False,False,
X Beauty 1 Paket Isi 6 Redjelly Day Peach,1559505235,5,sukaa bangett😆😆,1751820461,9 bulan lalu,Default,True,Anonymous,0,True,False,
X Beauty 1 Paket Isi 6 Redjelly Day Peach,1559413130,3,Produk nya bagus tapi kurir nya yg lelet ngantar nya sampai2 saya harus ngambil nya sendiri,1751812633,9 bulan lalu,Default,True,Anonymous,0,False,False,
X Beauty 1 Paket Isi 6 Redjelly Day Peach,1559113540,5,Bgus,1751798485,9 bulan lalu,Default,True,Anonymous,0,False,False,
X Beauty 1 Paket Isi 6 Redjelly Day Peach,1558928267,5,Barang baru sampai semoga cocok,1751791061,9 bulan lalu,Default,True,Anonymous,0,False,False,
X Beauty 1 Paket Isi 6 Redjelly Day Peach,1558849622,5,Blom di coba sih TPI aku kasi bintang 5 . Klau cocok bakal langganan,1751787973,9 bulan lalu,Default,True,Anonymous,0,False,False,
X Beauty 1 Paket Isi 6 Redjelly Day Peach,1558687562,5,mudah²an ccok di muka qu bru pertama make ☺️,1751781297,9 bulan lalu,Default,True,Anonymous,0,True,False,
X Beauty 1 Paket Isi 6 Redjelly Day Peach,1558631687,5,baguss bgt woyyyy sampe belang muka sama leher😭😭😭😭,1751780003,9 bulan lalu,Default,True,Anonymous,0,True,False,
X Beauty 1 Paket Isi 6 Redjelly Day Peach,1558437542,5,"Pketnya bolong cok, gtau salah dimananya
Tp overall smuanya smpe g ada yg ketinggalan ... gtau cocok atau engga semoga cocok dan bs repeatorder lagj",1751772448,9 bulan lalu,Default,True,Anonymous,0,True,False,
X Beauty 1 Paket Isi 6 Redjelly Day Peach,1558337777,4,"Baru mau nyobaa, smg cocok",1751768751,9 bulan lalu,Default,True,Anonymous,0,True,False,
X Beauty 1 Paket Isi 6 Redjelly Day Peach,1558273799,5,Baru mau coba semoga cocok,1751764648,9 bulan lalu,Default,True,Anonymous,0,False,False,
X Beauty 1 Paket Isi 6 Redjelly Day Peach,1558075342,5,Amanah semoga cocok kalau cocok beli lagi,1751735770,9 bulan lalu,Default,True,Anonymous,0,True,False,
X Beauty 1 Paket Isi 6 Redjelly Day Peach,1557784598,4,"Alhamdulillah udah sampe tp blm di coba mudahan cocok di q, kulit wajah q yg susah putih",1751718034,9 bulan lalu,Default,True,Anonymous,0,True,False,
X Beauty 1 Paket Isi 6 Redjelly Day Peach,1557693032,5,"Cream nya mantul 
Muka aku yg dlunya susah putih skrg udah cerah",1751714295,9 bulan lalu,Default,True,Anonymous,0,False,False,
X Beauty 1 Paket Isi 6 Redjelly Day Peach,1557649662,1,Gacocok aku mah,1751712631,9 bulan lalu,Default,True,Anonymous,0,False,False,
X Beauty 1 Paket Isi 6 Redjelly Day Peach,1557554228,5,bgs bangat,1751709000,9 bulan lalu,Default,True,Anonymous,0,False,False,
X Beauty 1 Paket Isi 6 Redjelly Day Peach,1557305668,4,Paket nya udah sampe aku kasi bintang 4 dulu yang soalnya baru pertama pake nanti kalo cocok aku co lagi😚,1751699245,9 bulan lalu,Default,True,Anonymous,0,True,False,
X Beauty 1 Paket Isi 6 Redjelly Day Peach,1557234323,5,baru pertama x order masih coba* mudah* n cocok bisa order dan langganan produk ini,1751696324,9 bulan lalu,Default,True,Anonymous,0,True,True,
X Beauty 1 Paket Isi 6 Redjelly Day Peach,1557209157,4,Amanah kokk,1751695306,9 bulan lalu,Default,True,Anonymous,0,False,False,
X Beauty 1 Paket Isi 6 Redjelly Day Peach,1557187294,5,"Baru pertama beli, semoga cocok 
Sesuai pesanan, isi 6",1751694434,9 bulan lalu,Default,True,Anonymous,0,True,False,
X Beauty 1 Paket Isi 6 Redjelly Day Peach,1557072900,5,semogaa cocokkkk,1751690285,9 bulan lalu,Default,True,Anonymous,0,True,False,
X Beauty 1 Paket Isi 6 Redjelly Day Peach,1556919561,5,Baru pertama beli semoga cocok dimuka ku,1751684460,9 bulan lalu,Default,True,Anonymous,0,True,False,
X Beauty 1 Paket Isi 6 Redjelly Day Peach,1556886298,5,"Kualitas bagus
Nb:kurir lelet dalam pengiriman paket&amp;slalu dikirim siang",1751683533,9 bulan lalu,Default,True,Anonymous,0,False,False,
X Beauty 1 Paket Isi 6 Redjelly Day Peach,1556803322,4,Baru nyoba semoga cocok,1751680895,9 bulan lalu,Default,True,Anonymous,0,True,False,
X Beauty 1 Paket Isi 6 Redjelly Day Peach,1555964501,5,okeelaaa,1751649577,9 bulan lalu,Default,True,Anonymous,0,True,False,
X Beauty 1 Paket Isi 6 Redjelly Day Peach,1555885654,5,Bagus bangett 😍😍,1751647099,9 bulan lalu,Default,True,Anonymous,0,False,False,
X Beauty 1 Paket Isi 6 Redjelly Day Peach,1555779850,5,Baru pertama kali semoga cocok🫶🏻,1751642997,9 bulan lalu,Default,True,Anonymous,0,True,False,
X Beauty 1 Paket Isi 6 Redjelly Day Peach,1555761149,4,baru mau nyoba semoga cocok diaku,1751642299,9 bulan lalu,Default,True,Anonymous,0,False,False,
X Beauty 1 Paket Isi 6 Redjelly Day Peach,1555709462,5,Semoga cocokkk,1751640192,9 bulan lalu,Default,True,Anonymous,0,False,False,
X Beauty 1 Paket Isi 6 Redjelly Day Peach,1555483567,5,Bagus,1751632485,9 bulan lalu,Default,True,Anonymous,0,False,False,
X Beauty 1 Paket Isi 6 Redjelly Day Peach,1555383058,2,"Alhamdulillah paket sudah sampai semoga cocok di kulit aku,pertama x nyoba x beauty...",1751629262,9 bulan lalu,Default,True,Anonymous,0,True,False,
X Beauty 1 Paket Isi 6 Redjelly Day Peach,1555346297,5,"Barang sudah sampai
Dan semoga cocok",1751628056,9 bulan lalu,Default,True,Anonymous,0,False,False,
X Beauty 1 Paket Isi 6 Redjelly Day Peach,1554849149,5,"Baru jalan 10 hari pemakaian.
Semoga cocok sih.. tapi kmren sempat ada pengelupasan di area pipi",1751602155,9 bulan lalu,Default,True,Anonymous,0,False,False,
X Beauty 1 Paket Isi 6 Redjelly Day Peach,1554290907,3,g tw knp ya ud mo abis tapi blom ada perubahan samsek tp suka sma day cream nya,1751585829,9 bulan lalu,Default,True,Anonymous,0,False,False,
X Beauty 1 Paket Isi 6 Redjelly Day Peach,1554194984,4,"Nitip Bifore nya ya,, baru pertama kali pesan dan kamis 3 juli 2025 pertama kali pemakaian",1751579474,9 bulan lalu,Default,True,Anonymous,0,True,False,
X Beauty 1 Paket Isi 6 Redjelly Day Peach,1554156491,5,mantull 🥰🥰🥰💞💞💕 and the bestttt 💞💞💕🦋,1751577656,9 bulan lalu,Default,True,Anonymous,0,True,False,
X Beauty 1 Paket Isi 6 Redjelly Day Peach,1554029123,5,Bagus sampe Dengan selamat gaada kerusakan 👍,1751572229,9 bulan lalu,Default,True,Anonymous,0,True,False,
X Beauty 1 Paket Isi 6 Redjelly Day Peach,1553881365,3,"agak takut si mae paket yg ketiga nya soal nya dr bau dan warna beda semua dr yg pertama dan kedua,,, ygpertama dan kedua cocok bagus malah tp knp di paket yg ketiga ini bau dan warna berbeda dr sblm nya,,,",1751566910,9 bulan lalu,Default,True,Anonymous,0,True,False,
X Beauty 1 Paket Isi 6 Redjelly Day Peach,1553582198,5,"Produknya bagus,pengemasan nya kurang safety aja ka..tanpa bubblewrap.pas sampe dus nya basah dan pas dibuka serumnya pecah.",1751556764,9 bulan lalu,Default,True,Anonymous,0,True,True,
X Beauty 1 Paket Isi 6 Redjelly Day Peach,1553559948,5,"baru pertama kali pake,semoga cocok kedepan nya dan tida ganti ganti lagi,poko nya bagus,semoga amanah best banget suka banget sama skincare nya",1751555977,9 bulan lalu,Default,True,Anonymous,0,False,False,
X Beauty 1 Paket Isi 6 Redjelly Day Peach,1553504333,3,"Paket nyah da sampe .. 

   Mau d coba dulu smoga aja ccok",1751553775,9 bulan lalu,Default,True,Anonymous,0,False,False,
X Beauty 1 Paket Isi 6 Redjelly Day Peach,1552805864,3,"Aku kasih bintang segini dulu ya nanti aku balek lagi kalo kalo udh dpt seminggu pemakaian, cocok apa engga dimukaku, tapi semoga cocok deh udh capek gonta ganti skincare mahal” tapi g  ngaruh",1751534750,9 bulan lalu,Default,True,Anonymous,0,False,False,
X Beauty 1 Paket Isi 6 Redjelly Day Peach,1552757147,5,Mantap,1751532458,9 bulan lalu,Default,True,Anonymous,0,False,False,
X Beauty 1 Paket Isi 6 Redjelly Day Peach,1552756133,5,Mantap,1751532394,9 bulan lalu,Default,True,Anonymous,0,True,False,
X Beauty 1 Paket Isi 6 Redjelly Day Peach,1552610994,5,"Baru pertama kali pake semoga cocok biar bisa order lagi dan jadi langganan, mantap🩷🥰🥲pckingnya lucuu🌹🫰🏼",1751523162,9 bulan lalu,Default,True,Anonymous,0,True,False,
X Beauty 1 Paket Isi 6 Redjelly Day Peach,1552192081,4,Alhamdulillah Paket mendarat dengan selamat🥰🥰🥰🥰🥰,1751485282,9 bulan lalu,Default,True,Anonymous,0,True,False,
X Beauty 1 Paket Isi 6 Redjelly Day Peach,1552177406,1,Semoga cocok amin,1751484723,9 bulan lalu,Default,True,Anonymous,0,False,False,
X Beauty 1 Paket Isi 6 Redjelly Day Peach,1552091986,5,"Alhamdulillah cocok, maaf agak lma ksih ulasan, soal ny mau liat dlu perubahan ny Alhamdulillah masyallah ccok ya, udh mlai brkurang ni flex2 udh mau bersihan blum hbis satu paket, smga sterus ny ccok 🤲🫶",1751481628,9 bulan lalu,Default,True,Anonymous,0,False,False,
X Beauty 1 Paket Isi 6 Redjelly Day Peach,1552050791,5,"Produknya mantap,",1751480194,9 bulan lalu,Default,True,Anonymous,0,True,False,
X Beauty 1 Paket Isi 6 Redjelly Day Peach,1552001733,5,Pengiriman cepat dan bagus rapi,1751478555,9 bulan lalu,Default,True,Anonymous,0,False,False,
X Beauty 1 Paket Isi 6 Redjelly Day Peach,1552000603,5,"Baru pertama pake, Mudah2an cocok di muka ku🙂 nanti balik beli lagi klo memang bagus😊😊",1751478518,9 bulan lalu,Default,True,Anonymous,0,True,False,
X Beauty 1 Paket Isi 6 Redjelly Day Peach,1551895509,5,Baru coba semoga cocok biar jdi langganan nnti 🥰,1751475070,9 bulan lalu,Default,True,Anonymous,0,False,False,
X Beauty 1 Paket Isi 6 Redjelly Day Peach,1551755274,5,"Alhamdulillah dah nxampe,moga ccok,klo ccok aku psen lgi😁",1751471232,9 bulan lalu,Default,True,Anonymous,0,True,False,
X Beauty 1 Paket Isi 6 Redjelly Day Peach,1551669533,5,"Barang nya udah sampai 
Suka banget sama daypeach nya bgus di kulit ak lebih suka yg deypeach dri pada daypink",1751468229,9 bulan lalu,Default,True,Anonymous,0,True,False,
X Beauty 1 Paket Isi 6 Redjelly Day Peach,1551560327,5,Sebanyak ini gk smpe 200ribu mana dpet bonus red jelly🫶❤️‍🔥🤏🤏semoga cocok biar bisa lngganan💋,1751464241,9 bulan lalu,Default,True,Anonymous,0,True,False,
X Beauty 1 Paket Isi 6 Redjelly Day Peach,1551514575,5,Bru pertama kali mau nyoba semoga cocok,1751462426,9 bulan lalu,Default,True,Anonymous,0,True,False,
X Beauty 1 Paket Isi 6 Redjelly Day Peach,1551468341,5,"Paket nya dtang nya agak lama, tapi saya suka karna krim nya semuanya wangi🥰 dan bkin wajah terasa dingin dan lembab.. Pkoknya krim nya enak banget di pake, ini baru prtama kali nyoba smoga cocok dan bkin glowing😊. Klw cocok next bakal langganan. Dan untuk yg mau order jgn ragu².",1751460729,9 bulan lalu,Default,True,Anonymous,0,False,False,
X Beauty 1 Paket Isi 6 Redjelly Day Peach,1551343011,4,masih mau coba semoga cocok dikulit aku,1751457058,9 bulan lalu,Default,True,Anonymous,0,False,False,
X Beauty 1 Paket Isi 6 Redjelly Day Peach,1551106241,5,Bagus,1751449618,9 bulan lalu,Default,True,Anonymous,0,False,False,
X Beauty 1 Paket Isi 6 Redjelly Day Peach,1550661604,5,Brgnya udah smpai semoga cocok 😊,1751409057,9 bulan lalu,Default,True,Anonymous,0,False,False,
X Beauty 1 Paket Isi 6 Redjelly Day Peach,1550610120,5,"Bismillah paket pertama, semoga cocok",1751405997,9 bulan lalu,Default,True,Anonymous,0,True,False,
X Beauty 1 Paket Isi 6 Redjelly Day Peach,1550579710,5,Paketan udah nyampe pengemasan rapi jumlah ada 6 pcs  mudah mudah cocok di muka saya,1751404402,9 bulan lalu,Default,True,Anonymous,0,False,False,
X Beauty 1 Paket Isi 6 Redjelly Day Peach,1550578251,5,"barangnyaa nyampeee kakk,baru coba yg satu paket dulu pas pertama aku cuma coba basicnya aja sekarang 1 paket
tapi kok nightcreamnya beda?labelnya lebih gelap yg ini warnanya,trus isinya yg dulu baunnya menyengat dan yg ini wangi.
kok bisa beda ya kak😭semoga aja cocok
next bakalan order lagi",1751404334,9 bulan lalu,Default,True,Anonymous,0,True,False,
X Beauty 1 Paket Isi 6 Redjelly Day Peach,1550453878,5,"Ini memang bagus, sesuai dengan barang nya.. 
Makasih atas pengiriman nya",1751400727,9 bulan lalu,Default,True,Anonymous,0,False,False,
X Beauty 1 Paket Isi 6 Redjelly Day Peach,1550383597,5,Alhamdulillah sudah sampai pesanannya..muga cucuk di muka ku ..bila cucuk nyamn berlangganan terus ..tuku nya amanah ..,1751399529,9 bulan lalu,Default,True,Anonymous,0,True,False,
X Beauty 1 Paket Isi 6 Redjelly Day Peach,1550251009,5,Semoga cocok,1751394431,9 bulan lalu,Default,True,Anonymous,0,False,False,
X Beauty 1 Paket Isi 6 Redjelly Day Peach,1550154637,5,sesuai gambar baru pertama kali coba semoga cocok,1751391228,9 bulan lalu,Default,True,Anonymous,0,True,False,
X Beauty 1 Paket Isi 6 Redjelly Day Peach,1550115438,5,Barang baru smpai bagus ngk btuh waktu lama..ini pertama kali aku coba cream ini smoga cocok di aku,1751390054,9 bulan lalu,Default,True,Anonymous,0,False,False,
X Beauty 1 Paket Isi 6 Redjelly Day Peach,1550101183,5,Pket sdh sampai blm aku coba mdha2an cocok biar bsa brlngganan,1751389498,9 bulan lalu,Default,True,Anonymous,0,False,False,
X Beauty 1 Paket Isi 6 Redjelly Day Peach,1549834967,5,sesuai,1751378282,9 bulan lalu,Default,True,Anonymous,0,False,False,
X Beauty 1 Paket Isi 6 Redjelly Day Peach,1549812678,5,Alhamdulillah pket nya udh dtng mksih ya,1751377131,9 bulan lalu,Default,True,Anonymous,0,True,False,
X Beauty 1 Paket Isi 6 Redjelly Day Peach,1549735955,5,Barang nya sudah datang,1751373477,9 bulan lalu,Default,True,Anonymous,0,True,False,
X Beauty 1 Paket Isi 6 Redjelly Day Peach,1549704541,5,Alhamdulillah paket udh nyampai semoga cocok 🤲🏼😊,1751372023,9 bulan lalu,Default,True,Anonymous,0,True,False,
X Beauty 1 Paket Isi 6 Redjelly Day Peach,1548874278,5,Bagus,1751314442,9 bulan lalu,Default,True,Anonymous,0,True,False,
X Beauty 1 Paket Isi 6 Redjelly Day Peach,1548835022,5,Mantap..semoga cocok,1751312732,9 bulan lalu,Default,True,Anonymous,0,False,False,
X Beauty 1 Paket Isi 6 Redjelly Day Peach,1548805964,5,baru cobain bagus,1751311433,9 bulan lalu,Default,True,Anonymous,0,False,False,
X Beauty 1 Paket Isi 6 Redjelly Day Peach,1548497198,5,Paketnya sudah sampai Bru order pertama kalinya mudah&#34;Han cocok🤗,1751301936,9 bulan lalu,Default,True,Anonymous,0,True,False,
X Beauty 1 Paket Isi 6 Redjelly Day Peach,1548284238,5,Suka banget cocok di aku🥰🥰,1751293574,9 bulan lalu,Default,True,Anonymous,0,False,False,
X Beauty 1 Paket Isi 6 Redjelly Day Peach,1548276218,5,Puas bngt paketnya mendarat dengan aman semoga cocok baru pertama kali nyoba😊😊,1751293388,9 bulan lalu,Default,True,Anonymous,0,True,False,
X Beauty 1 Paket Isi 6 Redjelly Day Peach,1548241826,5,Semoga kita cocok ya ni bru prtma,1751291877,9 bulan lalu,Default,True,Anonymous,0,True,True,
X Beauty 1 Paket Isi 6 Redjelly Day Peach,1548232074,5,Maksi bayak kak paket aku udah sampai sesuai pesanan kurir juga Sagat ramah dan alhamdullilah paket kedua kali aku order🥰 nes orderkembali,1751291443,9 bulan lalu,Default,True,Anonymous,0,True,False,
X Beauty 1 Paket Isi 6 Redjelly Day Peach,1548224545,5,"Cream nya bgus keknya day cream paling suka make nya glowing+ enak ngebland

TPI aku risihnya karna aku kerja didapur trss bisa depan kompor seharian tkut muka jdi gradakan TPI bagus bagus aj si muka aku saat ini",1751291092,9 bulan lalu,Default,True,Anonymous,0,False,False,
X Beauty 1 Paket Isi 6 Redjelly Day Peach,1548185766,5,Semoga ccok,1751289391,9 bulan lalu,Default,True,Anonymous,0,False,False,
X Beauty 1 Paket Isi 6 Redjelly Day Peach,1548042055,5,Masya allah barangnya sudah sampe walaupun belum d coba semoga cocok dan bisa berlanganan disini. Semua produknya bagus tidak ada yang cacat trus tekstur creamnya berkualitas mewah tpi tdk mahal💕,1751284592,9 bulan lalu,Default,True,Anonymous,0,True,False,
X Beauty 1 Paket Isi 6 Redjelly Day Peach,1548004779,5,Belum d coba,1751283183,9 bulan lalu,Default,True,Anonymous,0,False,False,
X Beauty 1 Paket Isi 6 Redjelly Day Peach,1547813444,5,Bagus sekali,1751276469,9 bulan lalu,Default,True,Anonymous,0,True,False,
X Beauty 1 Paket Isi 6 Redjelly Day Peach,1547561234,5,"Pengemasan rapiii 
Belum di coba tapi bismillah semoga cocokk produk amann lengkap ❤️❤️",1751248784,9 bulan lalu,Default,True,Anonymous,0,False,False,
X Beauty 1 Paket Isi 6 Redjelly Day Peach,1547381677,5,Bagus packing rapih juga🙏,1751230554,9 bulan lalu,Default,True,Anonymous,0,False,False,
X Beauty 1 Paket Isi 6 Redjelly Day Peach,1547322278,5,Bagus sesuai yg saya pesan,1751227258,9 bulan lalu,Default,True,Anonymous,0,False,False,
X Beauty 1 Paket Isi 6 Redjelly Day Peach,1547314747,4,Mau nyoba dulu kalo berhasil kasih bintang 5 liat review orang lain pada cocok 🙏😍sellernya bertanggung jwb paketnya kurang 1 langsung di kirim ulang,1751226874,9 bulan lalu,Default,True,Anonymous,0,False,False,
X Beauty 1 Paket Isi 6 Redjelly Day Peach,1547219376,5,"Sblm co udh konsul dl sm sellernya, responnya baik bgt dah disaranin co paket yg sesuai sm masalah kulit aku. Semoga cocok yaa dimuka aku, nanti aku balik lagiiiii",1751222472,9 bulan lalu,Default,True,Anonymous,0,True,False,
X Beauty 1 Paket Isi 6 Redjelly Day Peach,1547218017,4,Bgus cuman bau na agak tidak sedapp,1751222416,9 bulan lalu,Default,True,Anonymous,0,True,False,
X Beauty 1 Paket Isi 6 Redjelly Day Peach,1547213753,5,"Paket barusan sampe semoga cocok gk kemakan iklan lagi
Peking aman",1751222234,9 bulan lalu,Default,True,Anonymous,0,True,False,
X Beauty 1 Paket Isi 6 Redjelly Day Peach,1547105873,5,Peking nya rapi.,1751219230,9 bulan lalu,Default,True,Anonymous,0,True,False,
X Beauty 1 Paket Isi 6 Redjelly Day Peach,1547092153,4,Kasih bintang 4 dlu nanti kalo cocok aku order lagi dan juga aku kasih bintang 5,1751218777,9 bulan lalu,Default,True,Anonymous,0,False,False,
X Beauty 1 Paket Isi 6 Redjelly Day Peach,1546916449,5,"masyaallah paketnya sudah sampe kak, baru pertama kali coba, do’a in smga cocok smaa produknya ya kak🥰",1751212456,9 bulan lalu,Default,True,Anonymous,0,True,False,
X Beauty 1 Paket Isi 6 Redjelly Day Peach,1546809881,5,Paketnya sudah sampai packingnya aman dan semoga cocok,1751209645,9 bulan lalu,Default,True,Anonymous,0,True,False,
X Beauty 1 Paket Isi 6 Redjelly Day Peach,1546682838,5,Blom bisa kasi ulasan bgmna hasilnya tunggu dehh 2 minggu kedepan😁,1751205351,9 bulan lalu,Default,True,Anonymous,0,True,False,
X Beauty 1 Paket Isi 6 Redjelly Day Peach,1546678681,5,BAGUSSS BANGET!!!❤❤❤,1751205156,9 bulan lalu,Default,True,Anonymous,0,False,False,
X Beauty 1 Paket Isi 6 Redjelly Day Peach,1546586919,4,"Alhamdulillah paket sda sampai.. 
Baru pertama kali coba.. Semoga saja cocok..Biar reapet order.. 🙂",1751202526,9 bulan lalu,Default,True,Anonymous,0,True,False,
X Beauty 1 Paket Isi 6 Redjelly Day Peach,1546566880,5,Semoga ccok d mukaku🙏🏻,1751201610,9 bulan lalu,Default,True,Anonymous,0,False,False,
X Beauty 1 Paket Isi 6 Redjelly Day Peach,1546262633,5,"Thanks smoga cocok,kalo cocok order lg",1751187813,9 bulan lalu,Default,True,Anonymous,0,True,False,
X Beauty 1 Paket Isi 6 Redjelly Day Peach,1546069470,4,"Pengiriman baik
Bahan: Racikan
Manfaat produk: Memutihkan
Jenis kulit: Untuk kulit kusam yg susah putih
Baru mau nyoba semoga cocok",1751158514,9 bulan lalu,Default,True,Anonymous,0,False,False,
X Beauty 1 Paket Isi 6 Redjelly Day Peach,1545936841,5,"Lagi proses nanti kalau sudah pembelian kedua tak kasih hasil testynya 😌.
Sejauh ini cocok di kulit jerawat Alhamdulillah mulai sembuh padahal aku beli bukan yg khusus buat jerawat😅 putih sih belum karena belum stengah bulan pemakaian. Tapi bakal aku rutinin mau liat hasilnya 1 paket ini dulu",1751145336,9 bulan lalu,Default,True,Anonymous,0,False,False,
X Beauty 1 Paket Isi 6 Redjelly Day Peach,1545426590,4,"belumtau hasil ya , isinya sedikit skali ,smga cocok klo cocok gpp sdikit asl cocok",1751122405,9 bulan lalu,Default,True,Anonymous,0,False,False,
X Beauty 1 Paket Isi 6 Redjelly Day Peach,1545409572,4,Blum habis satu pkett tpinuda ada hasil.. tpi ga tntu si mngkin krna mukaku kuning lgsat.. kdang cerah kadang kusam.. klo uda cucikuka ceraahan bgt,1751121942,9 bulan lalu,Default,True,Anonymous,0,False,False,
X Beauty 1 Paket Isi 6 Redjelly Day Peach,1544950711,5,"Paket k&#39;2 sudah sampai,smoga makin bersih dan cerah muka aku",1751109460,9 bulan lalu,Default,True,Anonymous,0,True,False,
X Beauty 1 Paket Isi 6 Redjelly Day Peach,1544817654,5,"Paketnya sudah sampai, pertama kali coba semoga cocok",1751104409,9 bulan lalu,Default,True,Anonymous,0,True,False,
X Beauty 1 Paket Isi 6 Redjelly Day Peach,1544804292,5,"Tiba dgn selamat sesuai pesanan, barang tdk ada yg lecet packing aman, seller amanah 👍👍👍👍, semoga ccok d aku☺️",1751103803,9 bulan lalu,Default,True,Anonymous,0,False,False,
X Beauty 1 Paket Isi 6 Redjelly Day Peach,1544787753,5,2 paket,1751102982,9 bulan lalu,Default,True,Anonymous,0,False,False,
X Beauty 1 Paket Isi 6 Redjelly Day Peach,1544776555,2,"gk ad cuci muka nya, yg di kirim mlh toner 2, admin nya di cht gk di balas",1751102396,9 bulan lalu,Default,True,Anonymous,0,True,False,
X Beauty 1 Paket Isi 6 Redjelly Day Peach,1544705222,5,Baguss bgt order ke 2 kalinyaaa🥰,1751099359,9 bulan lalu,Default,True,Anonymous,0,False,False,
X Beauty 1 Paket Isi 6 Redjelly Day Peach,1544097604,5,Semga ccok di aku soalny udh brpa kali gonta gantii gak ngefekk  jgaaa,1751052077,10 bulan lalu,Default,True,Anonymous,0,True,False,
X Beauty 1 Paket Isi 6 Redjelly Day Peach,1543561079,5,Bru pertama pakai semoga cocok😍,1751032564,10 bulan lalu,Default,True,Anonymous,0,False,True,
X Beauty 1 Paket Isi 6 Redjelly Day Peach,1543425760,4,👍,1751026963,10 bulan lalu,Default,True,Anonymous,0,False,False,
X Beauty 1 Paket Isi 6 Redjelly Day Peach,1543349827,4,"Belum dicoba smg cocok,nanti balik lg kalo hasilnya bagus",1751023855,10 bulan lalu,Default,True,Anonymous,0,False,False,
X Beauty 1 Paket Isi 6 Redjelly Day Peach,1543299749,4,"Belum di coba sih semoga cocok tapi lebih baik pengiriman nya di pakein bubble wrap soalnya serumya pecah kecewa,dan toner sama facial wash nyo juga rembes",1751022039,10 bulan lalu,Default,True,Anonymous,0,True,False,
X Beauty 1 Paket Isi 6 Redjelly Day Peach,1542609849,5,"Bru hbis pket satu udh kliatn perubahan 
Ini foto tanpa efek ya ...",1750971345,10 bulan lalu,Default,True,Anonymous,0,True,False,
X Beauty 1 Paket Isi 6 Redjelly Day Peach,1542408331,5,Packing rapih semoga cocok awal pertama coba,1750962717,10 bulan lalu,Default,True,Anonymous,0,False,False,
X Beauty 1 Paket Isi 6 Redjelly Day Peach,1542326785,2,Blum aku coba semoga cocok biar bisa langanan trus🙃,1750959274,10 bulan lalu,Default,True,Anonymous,0,False,False,
X Beauty 1 Paket Isi 6 Redjelly Day Peach,1541772173,5,"Manfaat produk: Memutihkan kulit wajah dan bikin glowing
Semoga cocok dan produk nya juga sudah BPOM dapat bonus juga",1750938687,10 bulan lalu,Default,True,Anonymous,0,True,False,
X Beauty 1 Paket Isi 6 Redjelly Day Peach,1541732070,5,"Produknya bagus banget ini co ku yg ke 2,,
Nexs co lagi donk🥰",1750937057,10 bulan lalu,Default,True,Anonymous,0,True,True,
X Beauty 1 Paket Isi 6 Redjelly Day Peach,1541724472,5,"Cepet bgt pengirimannya😭
Semoga cocoklah biar ga ganti2 lagi",1750936746,10 bulan lalu,Default,True,Anonymous,0,True,False,
X Beauty 1 Paket Isi 6 Redjelly Day Peach,1541668276,5,"Pesanan udh sampe ,, ini yg ke 3 kali co next co lgi klo udh hbs",1750934494,10 bulan lalu,Default,True,Anonymous,0,False,False,
X Beauty 1 Paket Isi 6 Redjelly Day Peach,1541189835,3,Udh sampe paketnya,1750900878,10 bulan lalu,Default,True,Anonymous,0,False,False,
X Beauty 1 Paket Isi 6 Redjelly Day Peach,1540976556,4,"Cocok di aku si jadi Langganan bnget di toko ini, pokonya puas pooll😍",1750886981,10 bulan lalu,Default,True,Anonymous,0,False,False,
X Beauty 1 Paket Isi 6 Redjelly Day Peach,1540683975,5,"Paket nya di banting kang paker, jd ada yg bocor",1750873669,10 bulan lalu,Default,True,Anonymous,0,True,True,
X Beauty 1 Paket Isi 6 Redjelly Day Peach,1540391408,4,"Pertama kali beli, semoga cocok dimuka aku",1750863194,10 bulan lalu,Default,True,Anonymous,0,True,False,
X Beauty 1 Paket Isi 6 Redjelly Day Peach,1540255096,4,"Barangnya sampai dengan selamat . Baru kali ini mau coba, semoga cocok",1750858317,10 bulan lalu,Default,True,Anonymous,0,True,False,
X Beauty 1 Paket Isi 6 Redjelly Day Peach,1540189560,5,Pokonya jatut cinta dgn forduk ini🥰🥰,1750856018,10 bulan lalu,Default,True,Anonymous,0,False,False,
X Beauty 1 Paket Isi 6 Redjelly Day Peach,1540064959,4,", kecewa sih , red jelly nya beda yang pertama Q beli  didepan yng pertama warna merah ,yang ini putih
,sekarang baunya GK enak dan terlalu encer .",1750851288,10 bulan lalu,Default,True,Anonymous,0,False,False,
X Beauty 1 Paket Isi 6 Redjelly Day Peach,1540037397,5,"Baru pertama kali nyoba, mudah2n cocok",1750850270,10 bulan lalu,Default,True,Anonymous,0,False,False,
X Beauty 1 Paket Isi 6 Redjelly Day Peach,1539911842,5,"packing nya rapih baru pertama nyoba semoga cocok,aku bakal balik lagi kesini kalo cocok and ga cocok
Jenis kulit: Sensitif",1750846270,10 bulan lalu,Default,True,Anonymous,0,True,False,
X Beauty 1 Paket Isi 6 Redjelly Day Peach,1539746934,5,Pake nya sudah sampai semonga cocok di aku,1750840986,10 bulan lalu,Default,True,Anonymous,0,True,False,
X Beauty 1 Paket Isi 6 Redjelly Day Peach,1539560718,5,"Maaf baru kasi ulasan,barang sesuai pesanan,smoga cocok",1750833588,10 bulan lalu,Default,True,Anonymous,0,False,False,
X Beauty 1 Paket Isi 6 Redjelly Day Peach,1539128447,4,"Semoga cocok perdana nyoba, mudah¹an hasil ny tidak mengecewakan🥰",1750802210,10 bulan lalu,Default,True,Anonymous,0,True,False,
X Beauty 1 Paket Isi 6 Redjelly Day Peach,1539026238,5,"Pesanan pertam semoga cocok, tekstur mantul mantapp 🥰",1750796019,10 bulan lalu,Default,True,Anonymous,0,True,True,
X Beauty 1 Paket Isi 6 Redjelly Day Peach,1538882026,4,Ku kasih bintang empat dulu soalnya belum di pke jd ga tau hasil ny klo udah ad hasil nya nanti aku balik lagi☺️,1750790641,10 bulan lalu,Default,True,Anonymous,0,False,False,
X Beauty 1 Paket Isi 6 Redjelly Day Peach,1538597953,3,Wajah aku jadi jerawatan terus kalu udh pake beauty suka gatel&#34;muka,1750779166,10 bulan lalu,Default,True,Anonymous,0,False,False,
X Beauty 1 Paket Isi 6 Redjelly Day Peach,1538442467,4,Kaks,1750771297,10 bulan lalu,Default,True,Anonymous,0,False,False,
X Beauty 1 Paket Isi 6 Redjelly Day Peach,1538441328,3,Semoga cock sma produk ini,1750771240,10 bulan lalu,Default,True,Anonymous,0,True,False,
X Beauty 1 Paket Isi 6 Redjelly Day Peach,1538398379,5,Smoga cocok mf ngk bisa ke ftp soal ya lgi di luar,1750768887,10 bulan lalu,Default,True,Anonymous,0,False,False,
X Beauty 1 Paket Isi 6 Redjelly Day Peach,1538209075,5,Alhamdulillah dh sampai,1750759806,10 bulan lalu,Default,True,Anonymous,0,False,False,
X Beauty 1 Paket Isi 6 Redjelly Day Peach,1538119882,3,baik,1750755008,10 bulan lalu,Default,True,Anonymous,0,True,False,
X Beauty 1 Paket Isi 6 Redjelly Day Peach,1538069055,5,"Toner nya wangi, semoga cocok dan langganan di sini, nitip foto after nya dlu ya 😁",1750751354,10 bulan lalu,Default,True,Anonymous,0,True,False,
X Beauty 1 Paket Isi 6 Redjelly Day Peach,1537789256,5,"Baru 2 hari pake, ada sensasi pedih dan dekat cekit sedikit. Mungkin lg pengelupasan, mau aku lanjutin aja mudah2an cocok.",1750721335,10 bulan lalu,Default,True,Anonymous,0,True,False,
X Beauty 1 Paket Isi 6 Redjelly Day Peach,1537683504,5,Barang nya udah Sampek semoga cocok,1750712682,10 bulan lalu,Default,True,Anonymous,0,False,False,
X Beauty 1 Paket Isi 6 Redjelly Day Peach,1536765501,4,Smoga cocok . Perdana nyoba,1750670285,10 bulan lalu,Default,True,Anonymous,0,False,False,
X Beauty 1 Paket Isi 6 Redjelly Day Peach,1536760545,5,"𝙰𝚕𝚑𝚊𝚖𝚍𝚞𝚕𝚒𝚕𝚕𝚊𝚑 𝚜𝚍𝚑 𝚜𝚖𝚙𝚊𝚒

𝚂𝚖𝚘𝚐𝚊 𝚌𝚘𝚌𝚘𝚔",1750669978,10 bulan lalu,Default,True,Anonymous,0,True,False,
X Beauty 1 Paket Isi 6 Redjelly Day Peach,1536417308,4,Paket nya udh smpi smga cocok,1750628813,10 bulan lalu,Default,True,Anonymous,0,False,False,
X Beauty 1 Paket Isi 6 Redjelly Day Peach,1536395030,4,Smg ccok,1750627529,10 bulan lalu,Default,True,Anonymous,0,False,False,
X Beauty 1 Paket Isi 6 Redjelly Day Peach,1536036746,5,"Baru pertama kali coba bedakx,moga cocok ..",1750616431,10 bulan lalu,Default,True,Anonymous,0,False,False,
X Beauty 1 Paket Isi 6 Redjelly Day Peach,1535831803,5,"sumpahh ini baik bgt bgt ownernyaaa. serum pecah diganti dongg. kalian beli aja gais, ownernya baik bgt dan amanah🥺🫰🏻🫰🏻🩷🩷",1750606917,10 bulan lalu,Default,True,Anonymous,0,True,False,
X Beauty 1 Paket Isi 6 Redjelly Day Peach,1535780621,5,Mf Baru ngasih ulasan...Baru mw coba mudah&#34; an cocok d kulit aku..🙏,1750604667,10 bulan lalu,Default,True,Anonymous,0,False,False,
X Beauty 1 Paket Isi 6 Redjelly Day Peach,1535659611,5,"Sesuai pesanan, packingan rapih,kurir ramah, pengantaran cepat👍👍",1750598372,10 bulan lalu,Default,True,Anonymous,0,False,False,
X Beauty 1 Paket Isi 6 Redjelly Day Peach,1535549671,5,Bagus bngttt,1750593693,10 bulan lalu,Default,True,Anonymous,0,True,False,
X Beauty 1 Paket Isi 6 Redjelly Day Peach,1535538843,5,"baru pemakaian 2 hari tp udh gong bgt si, bruntusan mulai ilang dan agak cerahan. semoga kedepannya cocok deh",1750593316,10 bulan lalu,Default,True,Anonymous,0,True,True,
X Beauty 1 Paket Isi 6 Redjelly Day Peach,1535472025,5,Sampai ke tujuan dgn aman tnpa kerusakan😍,1750590261,10 bulan lalu,Default,True,Anonymous,0,True,False,
X Beauty 1 Paket Isi 6 Redjelly Day Peach,1535408873,4,"Mksih yaah,paketnya mendarat dgn selMat,semoga cocok di aku yaah",1750587150,10 bulan lalu,Default,True,Anonymous,0,True,False,
X Beauty 1 Paket Isi 6 Redjelly Day Peach,1535380902,5,Paket Aman dan rapi tapi saya blm tau kasiyat di kulit wajah saya karena brh ini mesan semoga cowok di wajah saya thks💫,1750585707,10 bulan lalu,Default,True,Anonymous,0,True,True,
X Beauty 1 Paket Isi 6 Redjelly Day Peach,1535000368,5,Sangat bagus,1750542655,10 bulan lalu,Default,True,Anonymous,0,False,False,
X Beauty 1 Paket Isi 6 Redjelly Day Peach,1534999400,5,B,1750542574,10 bulan lalu,Default,True,Anonymous,0,False,False,
X Beauty 1 Paket Isi 6 Redjelly Day Peach,1534738888,5,Semoga cocok,1750527976,10 bulan lalu,Default,True,Anonymous,0,True,False,
X Beauty 1 Paket Isi 6 Redjelly Day Peach,1534688746,5,"Baru pertama kali, semoga cocok",1750526226,10 bulan lalu,Default,True,Anonymous,0,False,False,
X Beauty 1 Paket Isi 6 Redjelly Day Peach,1534688284,5,Baru nyampe paket nya semoga cocok ✨,1750526203,10 bulan lalu,Default,True,Anonymous,0,True,False,
X Beauty 1 Paket Isi 6 Redjelly Day Peach,1534670720,4,"Paket sudah smpai, sesuai pesanan🫰",1750525673,10 bulan lalu,Default,True,Anonymous,0,True,False,
X Beauty 1 Paket Isi 6 Redjelly Day Peach,1534606833,5,"Paket udh sampai,semoga cocok dimuka aku",1750524190,10 bulan lalu,Default,True,Anonymous,0,False,False,
X Beauty 1 Paket Isi 6 Redjelly Day Peach,1534416776,5,Oke bagus sesuai baru pemula mudah&#34;an aja cocok,1750517821,10 bulan lalu,Default,True,Anonymous,0,False,False,
X Beauty 1 Paket Isi 6 Redjelly Day Peach,1534210676,5,Jenis kulit: baguss bgtt buat kulit,1750509929,10 bulan lalu,Default,True,Anonymous,0,False,False,
X Beauty 1 Paket Isi 6 Redjelly Day Peach,1534209411,5,Paket nya sesui😍baru pertama kali bismilah semoga cocok,1750509865,10 bulan lalu,Default,True,Anonymous,0,False,False,
X Beauty 1 Paket Isi 6 Redjelly Day Peach,1534010833,5,"Mantap, barang sesuai pesanan, dan kurir nya ramah",1750505099,10 bulan lalu,Default,True,Anonymous,0,False,False,
X Beauty 1 Paket Isi 6 Redjelly Day Peach,1533721476,5,Sesuai lengkap smoga ccok,1750491389,10 bulan lalu,Default,True,Anonymous,0,True,False,
X Beauty 1 Paket Isi 6 Redjelly Day Peach,1532363986,1,Aku baru make ko krim siang nya pas di pake langsung luntur sih,1750413243,10 bulan lalu,Default,True,Anonymous,0,False,False,
X Beauty 1 Paket Isi 6 Redjelly Day Peach,1532268520,5,"Maaf baru kasi ulasan soalnya mau liat hasil nya dlu, baru pertama kali coba ternyata cocok sama aku, baru 1 Minggu pemakaian udh cerah aja di kulit ku. Suka banget sama produk nya nanti bakal order lgi.",1750407521,10 bulan lalu,Default,True,Anonymous,0,True,False,
X Beauty 1 Paket Isi 6 Redjelly Day Peach,1532088724,5,Mudahudahan cocok,1750378786,10 bulan lalu,Default,True,Anonymous,0,True,False,
X Beauty 1 Paket Isi 6 Redjelly Day Peach,1531857633,5,"Alhamdulillah barangnya sampai dengan selamat tanpa lecet sedikit pun,semoga cocok dimuka aku yahh🥰🫶",1750367797,10 bulan lalu,Default,True,Anonymous,0,False,False,
X Beauty 1 Paket Isi 6 Redjelly Day Peach,1531791553,5,Alhmdulilah sesuai,1750364652,10 bulan lalu,Default,True,Anonymous,0,False,False,
X Beauty 1 Paket Isi 6 Redjelly Day Peach,1530848411,2,kasi bintang 2 dulu krna pakwtx baru datang semonga aja cocok,1750343321,10 bulan lalu,Default,True,Anonymous,0,True,False,
X Beauty 1 Paket Isi 6 Redjelly Day Peach,1530789336,5,Alhamdulillah pket udah nyampek semoga cocok☺️,1750340634,10 bulan lalu,Default,True,Anonymous,0,True,False,
X Beauty 1 Paket Isi 6 Redjelly Day Peach,1530763536,5,Mantap,1750339440,10 bulan lalu,Default,True,Anonymous,0,False,False,
X Beauty 1 Paket Isi 6 Redjelly Day Peach,1530531373,5,Krimnya gmpang mnyerap mana hatum lg 😍🫶,1750332319,10 bulan lalu,Default,True,Anonymous,0,True,True,
X Beauty 1 Paket Isi 6 Redjelly Day Peach,1530180046,5,Alhamdulillah sudah sampai paketku,1750319532,10 bulan lalu,Default,True,Anonymous,0,True,False,
X Beauty 1 Paket Isi 6 Redjelly Day Peach,1530102383,5,cocok di muka aku Kak dan baunya wangi banget 😍😍,1750313226,10 bulan lalu,Default,True,Anonymous,0,False,False,
X Beauty 1 Paket Isi 6 Redjelly Day Peach,1529039317,5,"Kurirnya ramah, pengiriman cepat,dan dpt bonus 1,padah tertulis TDK ada bonus pas sy buka ada bonusya 1",1750258757,10 bulan lalu,Default,True,Anonymous,0,False,False,
X Beauty 1 Paket Isi 6 Redjelly Day Peach,1528939161,5,"Cream nya bgus, udah brpa kali mesan. Tapi setiap cream nya dtg bau nya beda"" knp ya?",1750256685,10 bulan lalu,Default,True,Anonymous,0,False,False,
X Beauty 1 Paket Isi 6 Redjelly Day Peach,1528273433,4,Belum nyoba semoga cocok,1750234942,10 bulan lalu,Default,True,Anonymous,0,False,False,
X Beauty 1 Paket Isi 6 Redjelly Day Peach,1527956003,4,Baru pemakaian 1 mnggu,1750199008,10 bulan lalu,Default,True,Anonymous,0,True,False,
X Beauty 1 Paket Isi 6 Redjelly Day Peach,1527635856,3,Serumnya pecah,1750192253,10 bulan lalu,Default,True,Anonymous,0,False,False,
X Beauty 1 Paket Isi 6 Redjelly Day Peach,1527429067,5,Baru pertama kali coba semoga cocok,1750183656,10 bulan lalu,Default,True,Anonymous,0,False,False,
X Beauty 1 Paket Isi 6 Redjelly Day Peach,1527119715,5,"Baru pemakaian 1 paket baru beberapa hari make,,semoga cocok SMA produk ini biar jdi langganan beli disini,",1750171470,10 bulan lalu,Default,True,Anonymous,0,False,False,
X Beauty 1 Paket Isi 6 Redjelly Day Peach,1526870543,5,Semoga cocok diwajah saya,1750161097,10 bulan lalu,Default,True,Anonymous,0,False,False,
X Beauty 1 Paket Isi 6 Redjelly Day Peach,1526859583,3,Bagussss bngettttt sdh otw 2 pkettt🫶😍,1750160599,10 bulan lalu,Default,True,Anonymous,0,False,False,
X Beauty 1 Paket Isi 6 Redjelly Day Peach,1526849689,4,Barang nya sudah sampe tapi serum nya isi nya kurang dan cair sekali ga kek paket aku seblum” nya,1750160346,10 bulan lalu,Default,True,Anonymous,0,True,False,
X Beauty 1 Paket Isi 6 Redjelly Day Peach,1526664644,5,semoga cocok,1750154686,10 bulan lalu,Default,True,Anonymous,0,False,False,
X Beauty 1 Paket Isi 6 Redjelly Day Peach,1526615227,5,Bru coba smoga cock,1750152332,10 bulan lalu,Default,True,Anonymous,0,False,False,
X Beauty 1 Paket Isi 6 Redjelly Day Peach,1525966765,5,Alhamdulillah paket aku udah sampai Ka aku baru pertama kali beli bismillah semonga cocok di muka aku,1750096169,10 bulan lalu,Default,True,Anonymous,0,True,False,
X Beauty 1 Paket Isi 6 Redjelly Day Peach,1525895833,5,Semoga cocok creamny enakk lembut,1750093052,10 bulan lalu,Default,True,Anonymous,0,False,False,
X Beauty 1 Paket Isi 6 Redjelly Day Peach,1525524164,5,"Baru coba semoga cocok udahh cape gonta ganti produk
 Pengemasa aman",1750078307,10 bulan lalu,Default,True,Anonymous,0,True,False,
X Beauty 1 Paket Isi 6 Redjelly Day Peach,1525297173,4,"Sesuai pesanan
Baru nyoba,,",1750070317,10 bulan lalu,Default,True,Anonymous,0,True,False,
X Beauty 1 Paket Isi 6 Redjelly Day Peach,1525259114,5,Pengantaran paketnya tepat waktu😊,1750068966,10 bulan lalu,Default,True,Anonymous,0,False,False,
X Beauty 1 Paket Isi 6 Redjelly Day Peach,1524989085,5,Baru pembelian pertama mudah mudahan cocok💕,1750055837,10 bulan lalu,Default,True,Anonymous,0,False,False,
X Beauty 1 Paket Isi 6 Redjelly Day Peach,1524681143,4,Masih 2 hari pemakaian semoga cocok,1750018660,10 bulan lalu,Default,True,Anonymous,0,False,False,
X Beauty 1 Paket Isi 6 Redjelly Day Peach,1524599729,4,Semoga cocok baru pertama,1750014312,10 bulan lalu,Default,True,Anonymous,0,True,False,
X Beauty 1 Paket Isi 6 Redjelly Day Peach,1524553606,5,Belum tau cocok atau gak nanti di ripyu lagi,1750012143,10 bulan lalu,Default,True,Anonymous,0,True,False,
X Beauty 1 Paket Isi 6 Redjelly Day Peach,1524529545,1,Biasanya klu aq beli packing nya rapi tapi ini tadi amburadul dan gak ada tasnya biasanya dapet tas kecil buat tempatnya hadechhhh,1750011131,10 bulan lalu,Default,True,Anonymous,0,False,False,
X Beauty 1 Paket Isi 6 Redjelly Day Peach,1523970532,3,Cuma ngasi 3 bintang so baru pertama kali pesan belum di coba,1749985235,10 bulan lalu,Default,True,Anonymous,0,True,False,
X Beauty 1 Paket Isi 6 Redjelly Day Peach,1523965420,5,Semoga cocok,1749984995,10 bulan lalu,Default,True,Anonymous,0,True,False,
X Beauty 1 Paket Isi 6 Redjelly Day Peach,1523372132,4,Baru pertama pake semoga cocok,1749932801,10 bulan lalu,Default,True,Anonymous,0,True,False,
X Beauty 1 Paket Isi 6 Redjelly Day Peach,1522806052,5,Udah beli yg ke 2 kalinya😍😍,1749915580,10 bulan lalu,Default,True,Anonymous,0,True,False,
X Beauty 1 Paket Isi 6 Redjelly Day Peach,1522628201,3,Paket dah nyampe ka cuma serum nya pecah gc tersisa 🥺,1749909475,10 bulan lalu,Default,True,Anonymous,0,True,False,
X Beauty 1 Paket Isi 6 Redjelly Day Peach,1522561721,4,Mksh paket an ny udah sampai pemakaian pertama semoga cocok,1749906666,10 bulan lalu,Default,True,Anonymous,0,True,False,
X Beauty 1 Paket Isi 6 Redjelly Day Peach,1522354206,5,Maksih,1749900762,10 bulan lalu,Default,True,Anonymous,0,True,False,
X Beauty 1 Paket Isi 6 Redjelly Day Peach,1522304201,1,Nyesel bukannya membaik malah tambah jerawat 😭👹👹👹maaf baru kasi ulasan karena lihat hasilnya tidak sesuai ekspektasi,1749899835,10 bulan lalu,Default,True,Anonymous,0,False,False,
X Beauty 1 Paket Isi 6 Redjelly Day Peach,1522064850,5,Bagus ori,1749891075,10 bulan lalu,Default,True,Anonymous,0,False,False,
X Beauty 1 Paket Isi 6 Redjelly Day Peach,1521682258,3,Tdk ad perubahan,1749851739,10 bulan lalu,Default,True,Anonymous,0,False,False,
X Beauty 1 Paket Isi 6 Redjelly Day Peach,1521550919,5,"Brg sampai dg baik, pengiriman cepat &amp; rapi
Terimakasih &amp; smoga cocok di aq biar jdi langganan",1749846078,10 bulan lalu,Default,True,Anonymous,0,False,False,
X Beauty 1 Paket Isi 6 Redjelly Day Peach,1521548726,4,Bgus semoga selalu cocok,1749845963,10 bulan lalu,Default,True,Anonymous,0,False,False,
X Beauty 1 Paket Isi 6 Redjelly Day Peach,1521059409,5,paket ke 3 Alhamdulillah sudah mulai ada perubahan,1749835938,10 bulan lalu,Default,True,Anonymous,0,True,False,
X Beauty 1 Paket Isi 6 Redjelly Day Peach,1521024081,5,"Paketx udh sampe,dant beneran isix 6 pcs",1749834483,10 bulan lalu,Default,True,Anonymous,0,True,True,
X Beauty 1 Paket Isi 6 Redjelly Day Peach,1520781212,5,"Barangx udah sampai kk,pngirimanx cpt. Semoga cocok.",1749828806,10 bulan lalu,Default,True,Anonymous,0,True,False,
X Beauty 1 Paket Isi 6 Redjelly Day Peach,1520771182,5,Alhamdulilah sdh datang semoga cocok di wajah saya,1749828373,10 bulan lalu,Default,True,Anonymous,0,True,False,
X Beauty 1 Paket Isi 6 Redjelly Day Peach,1520706835,4,"Sbnernya ada 6 pcis,yg fase washnya ada di kmar mandi,
Aq ksik bintang 4 dlu ya,soalnya aq msih coba,
Barang sesuai,dan untuk produknya bagus bnget cream nya,gk lngket,dan langsung rata di muka,the best pokoknya,
Jenis kulit: Kulitku kusam,dan ada flek hitam,juga kering.",1749826104,10 bulan lalu,Default,True,Anonymous,0,True,False,
X Beauty 1 Paket Isi 6 Redjelly Day Peach,1520369700,5,Mksh,1749814513,10 bulan lalu,Default,True,Anonymous,0,False,False,
X Beauty 1 Paket Isi 6 Redjelly Day Peach,1520075311,5,"Baru mau nyoba produknya Semoga cocok ,",1749807541,10 bulan lalu,Default,True,Anonymous,0,True,False,
X Beauty 1 Paket Isi 6 Redjelly Day Peach,1519978117,5,"Baru dateng belum dicoba,udh ak cek ternyata sudah terdaftar semoga cocok dimukaku:v",1749803971,10 bulan lalu,Default,True,Anonymous,0,True,False,
X Beauty 1 Paket Isi 6 Redjelly Day Peach,1519288663,5,"Cocok di aku.. 
Pemakaian 1 minggu sudah keliatan bekas jerawat pudar, kulit makin kenyal, dan glowing",1749755948,10 bulan lalu,Default,True,Anonymous,0,False,False,
X Beauty 1 Paket Isi 6 Redjelly Day Peach,1518969636,5,Batangnya bagus semoga cocok diaku baru pertama coba🥰,1749746290,10 bulan lalu,Default,True,Anonymous,0,True,False,
X Beauty 1 Paket Isi 6 Redjelly Day Peach,1518912080,1,Cream nya Beda sm yg sblmnya,1749744287,10 bulan lalu,Default,True,Anonymous,0,False,False,
X Beauty 1 Paket Isi 6 Redjelly Day Peach,1518399275,5,Makasi ya atas barang nya sesuai yg aku pesan,1749731802,10 bulan lalu,Default,True,Anonymous,0,True,True,
X Beauty 1 Paket Isi 6 Redjelly Day Peach,1518167488,5,"Aman,tidak ada yang rusak...",1749725501,10 bulan lalu,Default,True,Anonymous,0,True,True,
X Beauty 1 Paket Isi 6 Redjelly Day Peach,1518061415,4,"Barang sesuai pekejing aman poll, uda orderan ke 2 semoga makin ccok dan makin cerahan",1749723195,10 bulan lalu,Default,True,Anonymous,0,True,False,
X Beauty 1 Paket Isi 6 Redjelly Day Peach,1518030706,5,Pengiriman cepat packing rapi dan aman,1749722351,10 bulan lalu,Default,True,Anonymous,0,False,False,
X Beauty 1 Paket Isi 6 Redjelly Day Peach,1517925427,5,Baru mau pakek . semoga cocok,1749719968,10 bulan lalu,Default,True,Anonymous,0,False,True,
X Beauty 1 Paket Isi 6 Redjelly Day Peach,1517852279,5,Masyaallah bagus banget barusan Nemu cream Sebagus ini jadi jatuh cinta deh sma produk x_beauty nya🥰😘,1749717744,10 bulan lalu,Default,True,Anonymous,0,False,False,
X Beauty 1 Paket Isi 6 Redjelly Day Peach,1517829578,5,Barû nyoba semoga cocok barangnya sesuai sangat puass,1749717587,10 bulan lalu,Default,True,Anonymous,0,False,False,
X Beauty 1 Paket Isi 6 Redjelly Day Peach,1517369198,5,"Paketnya udah nyampe seminggu lebih dan sengaja lambat kasih ulasan karena mau lihat hasilnya dulu,suka banget sama produk ini dan bneran bagus di aku, pemakaian seminggu itu juga jarang krna sering lupa pakai,muka aku agak cerahan dan pori&#34; ku juga gk besar, nanti klaw habis mau co lagi🥰",1749674535,10 bulan lalu,Default,True,Anonymous,0,True,False,
X Beauty 1 Paket Isi 6 Redjelly Day Peach,1517062770,4,Smoga bisa cocok,1749665527,10 bulan lalu,Default,True,Anonymous,0,False,False,
X Beauty 1 Paket Isi 6 Redjelly Day Peach,1516933663,3,Mksih kk paket nya DTG dgan kemasan yg rapih,1749663272,10 bulan lalu,Default,True,Anonymous,0,False,False,
X Beauty 1 Paket Isi 6 Redjelly Day Peach,1516910354,4,"Alhamdulillah paket sudah di terima dengan baik tidak ada yang rusa SM sekali, mudah&#34;an cocok di saya",1749662506,10 bulan lalu,Default,True,Anonymous,0,False,False,
X Beauty 1 Paket Isi 6 Redjelly Day Peach,1516864821,5,Bagus. Sdh brp kali pesan dsini trimksh🤗,1749661596,10 bulan lalu,Default,True,Anonymous,0,False,False,
X Beauty 1 Paket Isi 6 Redjelly Day Peach,1516850836,5,Alhamdulillah sudah datang paketku walaupun penuh drama. Terima kasih seller semoga aku cocok sama cream ini jadi bisa langganan,1749661154,10 bulan lalu,Default,True,Anonymous,0,True,True,
X Beauty 1 Paket Isi 6 Redjelly Day Peach,1516625893,5,Bagus,1749654662,10 bulan lalu,Default,True,Anonymous,0,False,False,
X Beauty 1 Paket Isi 6 Redjelly Day Peach,1516614706,5,"Baru sampe ,semoga cocok di aku dan bisa langganan ,isi nya wangi semua dan Alhamdulillah bs di scand barcode",1749654206,10 bulan lalu,Default,True,Anonymous,0,True,False,
X Beauty 1 Paket Isi 6 Redjelly Day Peach,1516132266,5,Kalo cocok nanti order lagi yang kedua🤩😘,1749643629,10 bulan lalu,Default,True,Anonymous,0,False,False,
X Beauty 1 Paket Isi 6 Redjelly Day Peach,1516116075,5,"Baru pertama kali coba, semoga cocok",1749643181,10 bulan lalu,Default,True,Anonymous,0,True,False,
X Beauty 1 Paket Isi 6 Redjelly Day Peach,1516100169,1,Aku nda cocok malah keluar semua komedo,1749642923,10 bulan lalu,Default,True,Anonymous,0,False,False,
X Beauty 1 Paket Isi 6 Redjelly Day Peach,1515823871,5,baru pertama kali coba semoga cocok dan bisa berlangganan,1749636090,10 bulan lalu,Default,True,Anonymous,0,False,False,
X Beauty 1 Paket Isi 6 Redjelly Day Peach,1515733853,5,Barang sudah datang sesuai oesanan..semoga aja cocok di wajah q kak,1749632190,10 bulan lalu,Default,True,Anonymous,0,True,False,
X Beauty 1 Paket Isi 6 Redjelly Day Peach,1515504070,3,Di wajah saya gak cocok jerawat yg tadinya cuma 1 atau 2 ini malah makin bnyk terus di wajah bikin komedoan bikin kusam mungkin gak cocok di wajah saya,1749604061,10 bulan lalu,Default,True,Anonymous,0,False,False,
X Beauty 1 Paket Isi 6 Redjelly Day Peach,1515095317,5,Sudah sampai mudah&#34;an cocok,1749582568,10 bulan lalu,Default,True,Anonymous,0,True,False,
X Beauty 1 Paket Isi 6 Redjelly Day Peach,1515081333,5,Capenya sudah sampe tadi pagi Alhamdulillah sesuai pesanan ☺️ baru mau coba semoga cocok di aku🙂baru pertama pesan langsung dapat diskon promo paket isi 6 lengkap cuma harga 64rb🥰,1749582230,10 bulan lalu,Default,True,Anonymous,0,True,False,
X Beauty 1 Paket Isi 6 Redjelly Day Peach,1514775403,5,"Masihh baru ,mau di coba dulu cocok atau gak nya di kulit 🙏☺️",1749574635,10 bulan lalu,Default,True,Anonymous,0,False,False,
X Beauty 1 Paket Isi 6 Redjelly Day Peach,1514138022,5,paket rapi dan saya sangat suka dengan skincare nya,1749560698,10 bulan lalu,Default,True,Anonymous,0,True,False,
X Beauty 1 Paket Isi 6 Redjelly Day Peach,1513707557,1,Serum nya cair gak kayak beli di biasanya,1749550154,10 bulan lalu,Default,True,Anonymous,0,False,True,
X Beauty 1 Paket Isi 6 Redjelly Day Peach,1513561351,5,udah ke 4 x nya🫰🫰,1749546071,10 bulan lalu,Default,True,Anonymous,0,False,False,
X Beauty 1 Paket Isi 6 Redjelly Day Peach,1513551547,5,Sesuai pesanan nyoba untk yg pertama kalinya mudah2an cocok di muka aq,1749545657,10 bulan lalu,Default,True,Anonymous,0,True,False,
X Beauty 1 Paket Isi 6 Redjelly Day Peach,1513430080,5,Paket yg ke 3 slalu puas,1749542026,10 bulan lalu,Default,True,Anonymous,0,False,False,
X Beauty 1 Paket Isi 6 Redjelly Day Peach,1513152122,5,baru makai semoga cocok biar langganan,1749506016,10 bulan lalu,Default,True,Anonymous,0,False,False,
X Beauty 1 Paket Isi 6 Redjelly Day Peach,1513038709,5,Mudah mudah cocok di kulit aku,1749500276,10 bulan lalu,Default,True,Anonymous,0,False,False,
X Beauty 1 Paket Isi 6 Redjelly Day Peach,1512892406,4,Baru brapa hari mamaku pakai cream nya bener2 ada perubahan mukanya mulai bersih dan lebih glow,1749495572,10 bulan lalu,Default,True,Anonymous,0,False,False,
X Beauty 1 Paket Isi 6 Redjelly Day Peach,1512568493,5,BAGUS SESUAI PESANAN ♥️♥️♥️♥️,1749485810,10 bulan lalu,Default,True,Anonymous,0,True,False,
X Beauty 1 Paket Isi 6 Redjelly Day Peach,1512550436,5,Bismillah pertama pakai semoga cocok dan bisa berlangganan,1749485288,10 bulan lalu,Default,True,Anonymous,0,True,False,
X Beauty 1 Paket Isi 6 Redjelly Day Peach,1512350337,5,Aman gak ada yg rusak paket nya,1749480157,10 bulan lalu,Default,True,Anonymous,0,False,False,
X Beauty 1 Paket Isi 6 Redjelly Day Peach,1512122882,5,"Paket mendarat dengan sempurna, packingnya rapih banget",1749475666,10 bulan lalu,Default,True,Anonymous,0,True,False,
X Beauty 1 Paket Isi 6 Redjelly Day Peach,1511904486,5,Ini cream bagus banget aku baru pake  5 hari uda bersih mukaku,1749471768,10 bulan lalu,Default,True,Anonymous,0,False,False,
X Beauty 1 Paket Isi 6 Redjelly Day Peach,1511728276,5,Brang udah nyampe. Kemasan rapi. Semoga cocok,1749467230,10 bulan lalu,Default,True,Anonymous,0,False,False,
X Beauty 1 Paket Isi 6 Redjelly Day Peach,1511565142,5,Paket sudah sampai semoga cocok aminn,1749463219,10 bulan lalu,Default,True,Anonymous,0,True,False,
X Beauty 1 Paket Isi 6 Redjelly Day Peach,1511290156,5,Semoga cocok soalnya baru mau nyobain🥰,1749453502,10 bulan lalu,Default,True,Anonymous,0,False,False,
X Beauty 1 Paket Isi 6 Redjelly Day Peach,1511251697,5,"Produk sesuai dengan gambar,baru pertama kali coba semoga cocok,biar bisa beli lagi, packingnya sangat aman",1749449592,10 bulan lalu,Default,True,Anonymous,0,True,False,
X Beauty 1 Paket Isi 6 Redjelly Day Peach,1510915180,5,Bagus wajah jdi bersih glowing,1749414032,10 bulan lalu,Default,True,Anonymous,0,False,False,
X Beauty 1 Paket Isi 6 Redjelly Day Peach,1510825856,5,Bismillah semoga cocok dan semoga sudah BPOM😊,1749409960,10 bulan lalu,Default,True,Anonymous,0,True,False,
X Beauty 1 Paket Isi 6 Redjelly Day Peach,1510747840,5,"Mksih kak, paketnya tiba sesuai pesanan☺️
Barubmau di coba smoga ccok di aku",1749408171,10 bulan lalu,Default,True,Anonymous,0,False,False,
X Beauty 1 Paket Isi 6 Redjelly Day Peach,1510681551,5,profile sampai dengan aman baru pertama kali coba semoga cocok Nnti klo cocok balik lgi kesini☺,1749405497,10 bulan lalu,Default,True,Anonymous,0,False,False,
X Beauty 1 Paket Isi 6 Redjelly Day Peach,1510609022,4,Semoga cocok,1749402500,10 bulan lalu,Default,True,Anonymous,0,False,False,
X Beauty 1 Paket Isi 6 Redjelly Day Peach,1510277560,5,Bagus,1749388941,10 bulan lalu,Default,True,Anonymous,0,False,False,
X Beauty 1 Paket Isi 6 Redjelly Day Peach,1510184554,5,belum dicoba tapi sudah datang,1749385450,10 bulan lalu,Default,True,Anonymous,0,False,False,
X Beauty 1 Paket Isi 6 Redjelly Day Peach,1510158617,5,Pesan yg kdua kali y matull pkok y 🥰👍,1749384343,10 bulan lalu,Default,True,Anonymous,0,False,False,
X Beauty 1 Paket Isi 6 Redjelly Day Peach,1510143554,1,Alhamdulillah paketnya sdh sampai semoga cocok,1749383785,10 bulan lalu,Default,True,Anonymous,0,True,False,
X Beauty 1 Paket Isi 6 Redjelly Day Peach,1509341432,4,Paket ny sudah sampe.. Next kl cocok nnti pesen lgi y,1749324215,10 bulan lalu,Default,True,Anonymous,0,False,False,
X Beauty 1 Paket Isi 6 Redjelly Day Peach,1509261344,5,Alhamdulillah aku udah yg ke 2 kali co di sini sesuai aman bekas jerawat udah memudar udh putih glowing jan lupa co,1749321711,10 bulan lalu,Default,True,Anonymous,0,True,False,
X Beauty 1 Paket Isi 6 Redjelly Day Peach,1509111691,5,"Sesuai banget serum nya yg besar makasih ya dpt tasbeknya jg, klo bisa murah trs paket krimnya",1749315571,10 bulan lalu,Default,True,Anonymous,0,True,False,
X Beauty 1 Paket Isi 6 Redjelly Day Peach,1508786168,4,"semoga cocok dikulit ku yg susah ngefek pke skincare apapun,KL cocok pasti akan beli LG disini .",1749303551,10 bulan lalu,Default,True,Anonymous,0,True,False,
X Beauty 1 Paket Isi 6 Redjelly Day Peach,1508767861,4,Sesuai pesanan,1749302948,10 bulan lalu,Default,True,Anonymous,0,False,False,
X Beauty 1 Paket Isi 6 Redjelly Day Peach,1508748379,1,"baru mau nyobain, pas mau cuci muka pake sabun ny koq sabun ny kek sabun cuci piring anjirrr. langsung g jdi nyoba . takut bgttt",1749302251,10 bulan lalu,Default,True,Anonymous,0,True,False,
X Beauty 1 Paket Isi 6 Redjelly Day Peach,1508671642,4,Dobel gk ada day cream nya gimana si kurang teliti klo ngirim barang,1749299522,10 bulan lalu,Default,True,Anonymous,0,True,False,
X Beauty 1 Paket Isi 6 Redjelly Day Peach,1507695040,4,Masih penasaran lanjut paket ke 2 besok kalo udah mau ketiga ak fotoin hasil mukaa saya,1749241330,10 bulan lalu,Default,True,Anonymous,0,False,False,
X Beauty 1 Paket Isi 6 Redjelly Day Peach,1507691124,5,"Kalau cocok, mau beli lagi...",1749241116,10 bulan lalu,Default,True,Anonymous,0,True,False,
X Beauty 1 Paket Isi 6 Redjelly Day Peach,1507594558,5,Awal make muka pedis terus kulitnya ngelupas smua tapi 4 sampe 5hari pemakaian itu undah mulai kelihatan banget perubahannya. Kalau habis bakalan order lagi sih,1749236289,10 bulan lalu,Default,True,Anonymous,0,False,False,
X Beauty 1 Paket Isi 6 Redjelly Day Peach,1507544586,5,"barang bagus komplit semua ,baru nyoba 1 kali pake yang day cream bagus banget dikulitku cocok gak dempul sama sekali suka bangetttt semoga emang sengaruh itu dikulit aku untuk kedepannya baru kali ini cocok,kurir ramah juga
Bahan: bagus banget cocok dikulit ku
Manfaat produk: untuk menyerahkan kulit
Jenis kulit: cocok dikulit kusemku",1749234034,10 bulan lalu,Default,True,Anonymous,0,False,True,
X Beauty 1 Paket Isi 6 Redjelly Day Peach,1507524096,5,Baru prtma kali be... Mudah2an cocok,1749233160,10 bulan lalu,Default,True,Anonymous,0,False,False,
X Beauty 1 Paket Isi 6 Redjelly Day Peach,1507417411,4,"Jenis kulit: Berminyak da kusam sedikit berentusan
Bismillah semoga cocok sama produknya😇
Baru pemakaiyan pertama",1749228647,10 bulan lalu,Default,True,Anonymous,0,True,False,
X Beauty 1 Paket Isi 6 Redjelly Day Peach,1507307238,4,"Thankss, barangnya dtg dngn baik gk ada yg rusak sma sekali, pekingannya bgs",1749225135,10 bulan lalu,Default,True,Anonymous,0,True,False,
X Beauty 1 Paket Isi 6 Redjelly Day Peach,1506811398,5,Smga cocok,1749205083,10 bulan lalu,Default,True,Anonymous,0,False,False,
X Beauty 1 Paket Isi 6 Redjelly Day Peach,1506017159,4,Baru mau coba semoga coock,1749146401,10 bulan lalu,Default,True,Anonymous,0,False,False,
X Beauty 1 Paket Isi 6 Redjelly Day Peach,1505832456,5,Alhamdulillah paketnya sudah datang semoga cocok di wajah aku,1749139500,10 bulan lalu,Default,True,Anonymous,0,True,False,
X Beauty 1 Paket Isi 6 Redjelly Day Peach,1504732200,5,Cepat sampai,1749115152,10 bulan lalu,Default,True,Anonymous,0,True,False,
X Beauty 1 Paket Isi 6 Redjelly Day Peach,1504677053,4,Pengiriman cpt udh dua kali pake Masya Allah cocok,1749112949,10 bulan lalu,Default,True,Anonymous,0,False,False,
X Beauty 1 Paket Isi 6 Redjelly Day Peach,1504102816,5,order ke 2😍😍,1749070039,10 bulan lalu,Default,True,Anonymous,0,True,False,
X Beauty 1 Paket Isi 6 Redjelly Day Peach,1503905456,5,alhamdulillah mendarat dengan selamat,1749062634,10 bulan lalu,Default,True,Anonymous,0,False,False,
X Beauty 1 Paket Isi 6 Redjelly Day Peach,1503865423,5,"pemakaian baru seminggu tapi hasilnya udah bagus banget,yang tadinya jerawat dimana&#39; sekarang udah mulai memudar😻",1749061342,10 bulan lalu,Default,True,Anonymous,0,True,False,
X Beauty 1 Paket Isi 6 Redjelly Day Peach,1503528831,1,Aku udah dua hari pakai x beauty muka ku malah bintik&#34; Merah dan kusam jdi timbul bintik hitam juga 😭😭😭,1749050122,10 bulan lalu,Default,True,Anonymous,0,True,False,
X Beauty 1 Paket Isi 6 Redjelly Day Peach,1503482073,5,"Kemasan bgus sampai dtmpat,mudah2 han cocok",1749048281,10 bulan lalu,Default,True,Anonymous,0,False,False,
X Beauty 1 Paket Isi 6 Redjelly Day Peach,1503121135,5,Alhamdulillah Cocok di wajah saya,1749037683,10 bulan lalu,Default,True,Anonymous,0,False,False,
X Beauty 1 Paket Isi 6 Redjelly Day Peach,1503116091,5,Blom di coba semoga cocok,1749037573,10 bulan lalu,Default,True,Anonymous,0,True,False,
X Beauty 1 Paket Isi 6 Redjelly Day Peach,1502695444,5,Semoga cocok 🤗,1749027885,10 bulan lalu,Default,True,Anonymous,0,True,False,
X Beauty 1 Paket Isi 6 Redjelly Day Peach,1502628301,2,Saya suka sama produk ini🥰🥰🥰,1749024534,10 bulan lalu,Default,True,Anonymous,0,False,False,
X Beauty 1 Paket Isi 6 Redjelly Day Peach,1502136783,5,Semogah cocok dengan skinker nya,1748981215,10 bulan lalu,Default,True,Anonymous,0,False,False,
X Beauty 1 Paket Isi 6 Redjelly Day Peach,1501892211,5,baru coba next order lagi🩷🩷🩷🩷,1748971316,10 bulan lalu,Default,True,Anonymous,0,False,False,
X Beauty 1 Paket Isi 6 Redjelly Day Peach,1501167507,4,"emmm ak kasi bintang 4 dulu yaa, btw ini package nya kurang rapi,takut kalo palsu ya moga aja asli kalo ud,ak tambahin bintang nya,btw ini ak blm pake sama sekaliii,nanti kalo ud habis 1 paket ak spil hasil nya +sekalian beli lagi kalo cocok,nitip before nya ya,ini masiiii bruntusan",1748956721,10 bulan lalu,Default,True,Anonymous,0,True,False,
X Beauty 1 Paket Isi 6 Redjelly Day Peach,1501165552,5,"Bagus bgt ini mah pengiriman cepat,dan kemasannya rapi bgt😍",1748956636,10 bulan lalu,Default,True,Anonymous,0,True,False,
X Beauty 1 Paket Isi 6 Redjelly Day Peach,1501086069,5,"Bismillah 
Semoga cocok",1748954094,10 bulan lalu,Default,True,Anonymous,0,True,False,
X Beauty 1 Paket Isi 6 Redjelly Day Peach,1501075304,5,Beauty nya udah sampek sabun nya wangi bedak nya lembut waktu di pakek seumoga cucu di kulit ku,1748953672,10 bulan lalu,Default,True,Anonymous,0,True,False,
X Beauty 1 Paket Isi 6 Redjelly Day Peach,1500863251,5,"Lumayan sii untuk muka ku yng ada jawarat nya ,, sudh mulai berkurang dan pori pori mulai mengecil juga sii tetap lanjut semoga nanti memuas kan",1748947430,10 bulan lalu,Default,True,Anonymous,0,True,False,
X Beauty 1 Paket Isi 6 Redjelly Day Peach,1500815824,5,"Smoga ccok di aku dh muak kali gonta ganti skincare dr dlu gdak yg serasi
Smoga ini yg trkhir dan jd langganan❤️",1748945823,10 bulan lalu,Default,True,Anonymous,0,True,False,
X Beauty 1 Paket Isi 6 Redjelly Day Peach,1500809178,4,Nitip testi nya ya best🤭 udh jalan 4 paket hihi,1748945546,10 bulan lalu,Default,True,Anonymous,0,True,False,
X Beauty 1 Paket Isi 6 Redjelly Day Peach,1500776070,5,"Paket baru mendarat
Pertama kali pakai nex cocok order lagi kurir rama bgt",1748944558,10 bulan lalu,Default,True,Anonymous,0,True,False,
X Beauty 1 Paket Isi 6 Redjelly Day Peach,1500765220,1,"awal&#34; cocok sih putih bersih udah habis 1 paket , pas pesan ke 2x nya baru dipakai 2 hari dibagian hidung ku langsung hitam kayak kumis gitu , dan di dagu juga hitam",1748944188,10 bulan lalu,Default,True,Anonymous,0,False,False,
X Beauty 1 Paket Isi 6 Redjelly Day Peach,1500710746,5,Ini paketan AQ yang kedua wajah lumayan cerahan semoga yang kedua ini bisa lebih bersih lagi😁,1748941657,10 bulan lalu,Default,True,Anonymous,0,True,False,
X Beauty 1 Paket Isi 6 Redjelly Day Peach,1500628819,4,Belum di coba semoga ccok,1748938257,10 bulan lalu,Default,True,Anonymous,0,False,False,
X Beauty 1 Paket Isi 6 Redjelly Day Peach,1500569852,5,"Saya Baru saja Ingin memakai X_beauty semoga cocok yah klw cocok Nex kita langganan dan sya suka kurirnya Ramah dan cara kemasannya rapi☺️
Bahan: Wangi dan lembut",1748934298,10 bulan lalu,Default,True,Anonymous,0,True,False,
X Beauty 1 Paket Isi 6 Redjelly Day Peach,1500371749,5,luvv 🩷🩷🩷,1748905656,10 bulan lalu,Default,True,Anonymous,0,False,False,
X Beauty 1 Paket Isi 6 Redjelly Day Peach,1500245980,4,Udah 4 hari pemakaian blum ada perubahan.,1748900827,10 bulan lalu,Default,True,Anonymous,0,False,False,
X Beauty 1 Paket Isi 6 Redjelly Day Peach,1499649700,5,"Alhamdulillah ada perubahan sedik2, semoga aja cocok biar nggak gonta ganti scinker🤲🥰",1748880322,10 bulan lalu,Default,True,Anonymous,0,False,False,
X Beauty 1 Paket Isi 6 Redjelly Day Peach,1499635090,5,Terimakasih barangnya suda saya ambil,1748879830,10 bulan lalu,Default,True,Anonymous,0,False,False,
X Beauty 1 Paket Isi 6 Redjelly Day Peach,1499556663,5,"Bismillah klo ini cocok ,mau order lagi😄",1748878190,10 bulan lalu,Default,True,Anonymous,0,False,False,
X Beauty 1 Paket Isi 6 Redjelly Day Peach,1499425201,5,Ini yg ke 2 kalinya aku mesan,1748874058,10 bulan lalu,Default,True,Anonymous,0,False,False,
X Beauty 1 Paket Isi 6 Redjelly Day Peach,1499373756,5,Semoga cocok,1748872285,10 bulan lalu,Default,True,Anonymous,0,False,False,
X Beauty 1 Paket Isi 6 Redjelly Day Peach,1499306612,5,Bagus baru pakai berapa hari sudah ada perubahan,1748870267,10 bulan lalu,Default,True,Anonymous,0,False,False,
X Beauty 1 Paket Isi 6 Redjelly Day Peach,1499054959,5,Pakett ke sekiann,1748863773,10 bulan lalu,Default,True,Anonymous,0,False,False,
X Beauty 1 Paket Isi 6 Redjelly Day Peach,1498663011,5,semoga cocok SM skincarenya,1748856519,10 bulan lalu,Default,True,Anonymous,0,False,False,
X Beauty 1 Paket Isi 6 Redjelly Day Peach,1498513464,3,Baguss,1748847753,10 bulan lalu,Default,True,Anonymous,0,False,False,
X Beauty 1 Paket Isi 6 Redjelly Day Peach,1498507059,5,Ok,1748847127,10 bulan lalu,Default,True,Anonymous,0,False,False,
X Beauty 1 Paket Isi 6 Redjelly Day Peach,1498175065,5,"Packing rapih , cream nya wangi dan gak lengket , udah di coba juga semoga cocok",1748811758,10 bulan lalu,Default,True,Anonymous,0,True,False,
X Beauty 1 Paket Isi 6 Redjelly Day Peach,1497979846,5,Semoga cocok,1748803228,10 bulan lalu,Default,True,Anonymous,0,True,False,
X Beauty 1 Paket Isi 6 Redjelly Day Peach,1497853592,5,sampai dengan aman belum d coba,1748798496,10 bulan lalu,Default,True,Anonymous,0,True,False,
X Beauty 1 Paket Isi 6 Redjelly Day Peach,1497792593,4,Mantap,1748796109,10 bulan lalu,Default,True,Anonymous,0,True,False,
X Beauty 1 Paket Isi 6 Redjelly Day Peach,1497618807,5,Bismillah moga ccok,1748790050,10 bulan lalu,Default,True,Anonymous,0,True,False,
X Beauty 1 Paket Isi 6 Redjelly Day Peach,1497610777,5,"tonerx rembes,",1748789705,10 bulan lalu,Default,True,Anonymous,0,True,False,
X Beauty 1 Paket Isi 6 Redjelly Day Peach,1497604172,5,Bagus bnget.. muka aku dari yg beruntusan merah dan kusam lama2 bersih dan cerah,1748789445,10 bulan lalu,Default,True,Anonymous,0,False,False,
X Beauty 1 Paket Isi 6 Redjelly Day Peach,1497340688,5,Puji Tuhan pesanannya Uda tiba dan sangat bagus sesuai gambar.,1748784740,10 bulan lalu,Default,True,Anonymous,0,False,False,
X Beauty 1 Paket Isi 6 Redjelly Day Peach,1496959784,2,"Kasih bintang 2 dulu 
Aku baru coba hari ini kalo cocok kasih bintang 5",1748773034,10 bulan lalu,Default,True,Anonymous,0,False,False,
X Beauty 1 Paket Isi 6 Redjelly Day Peach,1496937717,2,Pertama cobak krimnya langsung gatel banget diwajah rugi beli gak cocok😭😭,1748772140,10 bulan lalu,Default,True,Anonymous,0,False,False,
X Beauty 1 Paket Isi 6 Redjelly Day Peach,1496933489,5,"Baru kasih ulasan.
Sejauh ini better sih di mukaku
Blm terlalu terlihat hasilnya. Cuma after nya emang bikin glowing",1748771950,10 bulan lalu,Default,True,Anonymous,0,False,False,
X Beauty 1 Paket Isi 6 Redjelly Day Peach,1496664856,5,Belum dicoba semoga cocok udah capek Gonta ganti cream 😌,1748745497,10 bulan lalu,Default,True,Anonymous,0,False,False,
X Beauty 1 Paket Isi 6 Redjelly Day Peach,1496536400,5,Enak banget,1748729408,10 bulan lalu,Default,True,Anonymous,0,True,False,
X Beauty 1 Paket Isi 6 Redjelly Day Peach,1496439563,3,Udh hmpir habis 1 pket tp blm ad perubahan sama skli,1748725136,10 bulan lalu,Default,True,Anonymous,0,False,False,
X Beauty 1 Paket Isi 6 Redjelly Day Peach,1496180594,5,kemasan nya bagus semoga cocok,1748714730,10 bulan lalu,Default,True,Anonymous,0,True,False,
X Beauty 1 Paket Isi 6 Redjelly Day Peach,1496038146,5,"Produknya bagus untuk di muka ku, cerah untung saja bPOM karena aku ibu yang menyusui salahnya kemarin gak ada fto befor nya dulu",1748710582,10 bulan lalu,Default,True,Anonymous,0,False,False,
X Beauty 1 Paket Isi 6 Redjelly Day Peach,1495650993,5,"baru sampee, coba dulu. nanti kalo ada hasilnyaaa kita komen dsini 
kalo cocok fixx sih bakalan order lagiiiiiiiii..",1748700829,10 bulan lalu,Default,True,Anonymous,0,True,False,
X Beauty 1 Paket Isi 6 Redjelly Day Peach,1495635289,5,"Pengantaran cepat,mau di coba dulu semoga aja cocok,biar beli lagi,cuma krimnya aku kira banyak rupanya sedikit,tpi GK PP semoga produk x beauty nntinya keluarkan krim dgn kemasan yg lebih besar isi nya banyak",1748700228,10 bulan lalu,Default,True,Anonymous,0,True,False,
X Beauty 1 Paket Isi 6 Redjelly Day Peach,1495522152,5,"Alhamdulillah barang udah nyampe,,mudah&#34;n cocok dimukak aku🥰",1748697295,10 bulan lalu,Default,True,Anonymous,0,True,True,
X Beauty 1 Paket Isi 6 Redjelly Day Peach,1495468009,4,"Bgus bnget Bru pertama coba SMG cocok
Bahan: Lembut
Manfaat produk: Membersikan wajah
Jenis kulit: Cocok untuk smua jenis kulit",1748695989,10 bulan lalu,Default,True,Anonymous,0,False,False,
X Beauty 1 Paket Isi 6 Redjelly Day Peach,1495357408,4,"Packing aman, psen pertama kali, smoga cocok nnti klo ccok aku kembali lagi kasih ulasan",1748692207,10 bulan lalu,Default,True,Anonymous,0,True,False,
X Beauty 1 Paket Isi 6 Redjelly Day Peach,1494840727,5,alhamdulillah bgus dan cocok di muka aku🥰🥰,1748675285,10 bulan lalu,Default,True,Anonymous,0,False,False,
X Beauty 1 Paket Isi 6 Redjelly Day Peach,1494651709,5,Langgangan otw 7 paket,1748646553,10 bulan lalu,Default,True,Anonymous,0,False,False,
X Beauty 1 Paket Isi 6 Redjelly Day Peach,1494473793,5,"Alhamdulila sdh Dateng, paketnya dgn baik,semoga SJ cocok diaku nnti klo cocok pasiti jdi langganan",1748637550,10 bulan lalu,Default,True,Anonymous,0,False,False,
X Beauty 1 Paket Isi 6 Redjelly Day Peach,1494425736,5,Bagus,1748635308,10 bulan lalu,Default,True,Anonymous,0,True,False,
X Beauty 1 Paket Isi 6 Redjelly Day Peach,1494332322,5,Semoga saja cocok sama wajah ku,1748631370,10 bulan lalu,Default,True,Anonymous,0,False,False,
X Beauty 1 Paket Isi 6 Redjelly Day Peach,1494265863,2,Kenapa kok muka jd gatal dan agak perih  hbs pakai krim siang ya ? Pemakaian 3 hari,1748629016,10 bulan lalu,Default,True,Anonymous,0,False,False,
X Beauty 1 Paket Isi 6 Redjelly Day Peach,1494027821,5,Sudh mulai kliatan hsilnya blm hbs 1oket,1748621088,10 bulan lalu,Default,True,Anonymous,0,False,False,
X Beauty 1 Paket Isi 6 Redjelly Day Peach,1493504450,5,Paket yg ke 2 kalinya.,1748609574,10 bulan lalu,Default,True,Anonymous,0,False,False,
X Beauty 1 Paket Isi 6 Redjelly Day Peach,1493342941,4,kalo cocok nnti jadi stok🤗,1748606087,10 bulan lalu,Default,True,Anonymous,0,False,False,
X Beauty 1 Paket Isi 6 Redjelly Day Peach,1493329474,5,"Fiksss pkoknya kalian harus cobain 🥰🥰
Emng semantul👍🏾👍🏾",1748605787,10 bulan lalu,Default,True,Anonymous,0,False,False,
X Beauty 1 Paket Isi 6 Redjelly Day Peach,1493257740,4,Bgus,1748604156,10 bulan lalu,Default,True,Anonymous,0,False,False,
X Beauty 1 Paket Isi 6 Redjelly Day Peach,1492546197,4,Baru pertama kali coba semoga cocok di muka aku😁😇,1748558938,10 bulan lalu,Default,True,Anonymous,0,True,True,
X Beauty 1 Paket Isi 6 Redjelly Day Peach,1492373303,1,"Baru kali ini beli skincare super duper aneh masak tonernya bau pipis, night cream nya kayak bau minyak sere anjirr sumpah kalo mau bikin skincare abal Abal tu ngotak dikit",1748549735,10 bulan lalu,Default,True,Anonymous,0,False,False,
X Beauty 1 Paket Isi 6 Redjelly Day Peach,1492119244,5,Bru dicoba,1748539962,10 bulan lalu,Default,True,Anonymous,0,True,False,
X Beauty 1 Paket Isi 6 Redjelly Day Peach,1491899589,3,"Biasa nya mah suka ada wadah tas nya gitu, ko ini MH kaga ada yah",1748532452,10 bulan lalu,Default,True,Anonymous,0,True,False,
X Beauty 1 Paket Isi 6 Redjelly Day Peach,1491858900,5,"Pekingan nyh Kurang rapi ,jadi Dateng tumpah&#34;KY gini  nyh bnyk yg tumpah..",1748530894,10 bulan lalu,Default,True,Anonymous,0,True,False,
X Beauty 1 Paket Isi 6 Redjelly Day Peach,1491768105,5,Cepet...semogga cocok,1748528221,10 bulan lalu,Default,True,Anonymous,0,False,False,
X Beauty 1 Paket Isi 6 Redjelly Day Peach,1491759710,5,realpict belom dicoba semoga cocok yaa,1748527893,10 bulan lalu,Default,True,Anonymous,0,False,False,
X Beauty 1 Paket Isi 6 Redjelly Day Peach,1491744240,5,Alhamdulillah paketan saya sudah datang.. dan semoga cocok diaku ya,1748527584,10 bulan lalu,Default,True,Anonymous,0,False,False,
X Beauty 1 Paket Isi 6 Redjelly Day Peach,1491407173,4,"baru pertama kali mau nyoba. semoga cocok..
kasih bintang 4 dl nnti klo cocok di tmbah lg..
serum nya agak sedikit tumpah. yg lain aman",1748519503,10 bulan lalu,,True,Anonymous,0,True,False,
X Beauty 1 Paket Isi 6 Redjelly Day Peach,1491291336,5,Baru mau nyoba mudah²an cocok.. Pak kurir baik ramah,1748518265,10 bulan lalu,Default,True,Anonymous,0,True,False,
X Beauty 1 Paket Isi 6 Redjelly Day Peach,1491267484,5,Baru mau coba semoga cocok🥰,1748517802,10 bulan lalu,Default,True,Anonymous,0,True,False,
X Beauty 1 Paket Isi 6 Redjelly Day Peach,1491077722,3,Blm ada perubahan,1748515229,10 bulan lalu,Default,True,Anonymous,0,False,False,
X Beauty 1 Paket Isi 6 Redjelly Day Peach,1490996513,3,Cream Red jelly nya tumpah di dalam kemasannya,1748513856,10 bulan lalu,Default,True,Anonymous,0,False,False,
X Beauty 1 Paket Isi 6 Redjelly Day Peach,1490759547,4,"pertamakali coba, semoga cocok",1748510067,10 bulan lalu,Default,True,Anonymous,0,False,False,
X Beauty 1 Paket Isi 6 Redjelly Day Peach,1490731222,5,Alhamdulillah bagus ak pesan yg ke 2 x ny,1748508801,10 bulan lalu,Default,True,Anonymous,0,False,False,
X Beauty 1 Paket Isi 6 Redjelly Day Peach,1490290711,5,🫶,1748465371,11 bulan lalu,Default,True,Anonymous,0,False,False,
X Beauty 1 Paket Isi 6 Redjelly Day Peach,1490213221,5,"Barang sesuai pesanan tidak ada yg ccat sm skali. Terimakasih🥰
Dulu sehabis lahiran jga pake hbis 1 pket berhenti karna ekonomi. 1thun berhnti skrng pngen make lagi 🤭",1748461950,11 bulan lalu,Default,True,Anonymous,0,True,False,
X Beauty 1 Paket Isi 6 Redjelly Day Peach,1489915736,5,Barang bagus sesuai harga,1748451668,11 bulan lalu,Default,True,Anonymous,0,False,False,
X Beauty 1 Paket Isi 6 Redjelly Day Peach,1489750010,5,Smga cocok dn muka glow nnti langganan....,1748448204,11 bulan lalu,Default,True,Anonymous,0,False,False,
X Beauty 1 Paket Isi 6 Redjelly Day Peach,1489666631,5,Mantull... Lupa ke foto creamnya,1748446096,11 bulan lalu,Default,True,Anonymous,0,True,False,
X Beauty 1 Paket Isi 6 Redjelly Day Peach,1489593213,5,bru pertama kli beli mudhan aja cocok,1748444552,11 bulan lalu,Default,True,Anonymous,0,False,False,
X Beauty 1 Paket Isi 6 Redjelly Day Peach,1489539301,5,Udah Dateng Bru pertama kli moga cocok nti aku blik lgh gys klu ada perubahan,1748443308,11 bulan lalu,Default,True,Anonymous,0,True,False,
X Beauty 1 Paket Isi 6 Redjelly Day Peach,1489470659,5,Segaja ga kasih ulasan dlu krna mau cba. Tp alhamdulillah jereatya mndingan,1748441797,11 bulan lalu,Default,True,Anonymous,0,False,False,
X Beauty 1 Paket Isi 6 Redjelly Day Peach,1489380013,5,semog cocok hihihi,1748440543,11 bulan lalu,Default,True,Anonymous,0,False,False,
X Beauty 1 Paket Isi 6 Redjelly Day Peach,1489295541,5,Bagus dan lengkap,1748438453,11 bulan lalu,Default,True,Anonymous,0,False,False,
X Beauty 1 Paket Isi 6 Redjelly Day Peach,1489230483,5,Semuga cocok,1748436943,11 bulan lalu,Default,True,Anonymous,0,False,False,
X Beauty 1 Paket Isi 6 Redjelly Day Peach,1489065011,4,Moga cocok,1748433797,11 bulan lalu,Default,True,Anonymous,0,True,False,
X Beauty 1 Paket Isi 6 Redjelly Day Peach,1488738980,3,Bismillah coba dulu yaa kalo cocok kita kasih tambah bintang,1748428408,11 bulan lalu,Default,True,Anonymous,0,False,False,
X Beauty 1 Paket Isi 6 Redjelly Day Peach,1488653191,5,Paket ke 2,1748426286,11 bulan lalu,Default,True,Anonymous,0,False,False,
X Beauty 1 Paket Isi 6 Redjelly Day Peach,1488607773,1,Tidak ada perubahan di wajah sama sekali,1748425602,11 bulan lalu,Default,True,Anonymous,0,False,False,
X Beauty 1 Paket Isi 6 Redjelly Day Peach,1488488061,5,In pembelian pertamaku mdh2an cocok,1748420859,11 bulan lalu,Default,True,Anonymous,0,True,False,
X Beauty 1 Paket Isi 6 Redjelly Day Peach,1488398844,5,bagus enak di pakai,1748415563,11 bulan lalu,Default,True,Anonymous,0,False,False,
X Beauty 1 Paket Isi 6 Redjelly Day Peach,1488387599,5,Alhamdulillah datang dengan selamat tanpa kurang 1 pun pengiriman sesuai keinginan semoga cocok buat muka aku,1748414474,11 bulan lalu,Default,True,Anonymous,0,True,False,
X Beauty 1 Paket Isi 6 Redjelly Day Peach,1487842992,4,kak toner nya keluar😭😭 tutupnya kurang rapat 😫,1748384132,11 bulan lalu,Default,True,Anonymous,0,False,False,
X Beauty 1 Paket Isi 6 Redjelly Day Peach,1487385153,5,"Selernya ramah,barangnya bagus bisa jadi langganan di toko neh, makasih",1748368107,11 bulan lalu,Default,True,Anonymous,0,False,False,
X Beauty 1 Paket Isi 6 Redjelly Day Peach,1487276786,5,Makasi ka paket qu udah sampai kurirnya juga baik,1748366046,11 bulan lalu,Default,True,Anonymous,0,False,False,
X Beauty 1 Paket Isi 6 Redjelly Day Peach,1487052467,5,Bagus,1748359918,11 bulan lalu,Default,True,Anonymous,0,False,False,
X Beauty 1 Paket Isi 6 Redjelly Day Peach,1486898502,5,"Pengiriman cpt, packing bagus,produk skincare baru mulai pakai smoga cocok mksh",1748356030,11 bulan lalu,Default,True,Anonymous,0,False,False,
X Beauty 1 Paket Isi 6 Redjelly Day Peach,1486302962,4,baru mau dicoba semoga cocok,1748344194,11 bulan lalu,Default,True,Anonymous,0,True,False,
X Beauty 1 Paket Isi 6 Redjelly Day Peach,1486157139,5,"Paket sampai dengan selamat, Peking nya rapi , kalo ada perubahan di mukak ku aku b3li lagi 😅😅",1748340412,11 bulan lalu,Default,True,Anonymous,0,False,False,
X Beauty 1 Paket Isi 6 Redjelly Day Peach,1486155868,4,"Barang sudah sampai,, semoga cocok",1748340352,11 bulan lalu,Default,True,Anonymous,0,True,False,
X Beauty 1 Paket Isi 6 Redjelly Day Peach,1486010957,5,Sdh datang baru prtma kali beli mudhn cocok,1748333709,11 bulan lalu,Default,True,Anonymous,0,False,False,
X Beauty 1 Paket Isi 6 Redjelly Day Peach,1485980716,5,"Suka baget sama produk ini bikin muka jadi glowing😘,, tpi sepertinya saya gak cocok sama sabun mukanya karna bikin kulit ketarik😅 tpi diaku gak terkelupas😭,,,, suka banget sama day kreamnya😍...ini lagi pemesanan yg ke 2 kalinya ...emng secinta itu samaa produk ini🥰🥳",1748331261,11 bulan lalu,Default,True,Anonymous,0,True,False,
X Beauty 1 Paket Isi 6 Redjelly Day Peach,1485743592,5,"Mantull poll belum ada 1 paket udah putihh👍🏻👍🏻
Maaf baru kasih ulasan sengaja nunggu proses🙏",1748299267,11 bulan lalu,Default,True,Anonymous,0,True,False,
X Beauty 1 Paket Isi 6 Redjelly Day Peach,1485529703,5,Biar bintang yg bicara🥰🥰🥰,1748290649,11 bulan lalu,Default,True,Anonymous,0,False,False,
X Beauty 1 Paket Isi 6 Redjelly Day Peach,1485493798,5,Mudah mudahan cocok..,1748289427,11 bulan lalu,Default,True,Anonymous,0,False,False,
X Beauty 1 Paket Isi 6 Redjelly Day Peach,1485109318,5,Barang sudah sampai,1748280558,11 bulan lalu,Default,True,Anonymous,0,False,False,
X Beauty 1 Paket Isi 6 Redjelly Day Peach,1484235991,5,Semoga cocok,1748275147,11 bulan lalu,Default,True,Anonymous,0,False,False,
X Beauty 1 Paket Isi 6 Redjelly Day Peach,1483961555,4,"Baru mau coba, semoga cocok",1748266231,11 bulan lalu,Default,True,Anonymous,0,False,False,
X Beauty 1 Paket Isi 6 Redjelly Day Peach,1483949636,5,Bismillah baru pemula mw pakai smga cocok.. Alhamdulillah pesanan sesuai🥰😍 sukses selalu usahanya,1748265771,11 bulan lalu,Default,True,Anonymous,0,True,False,
X Beauty 1 Paket Isi 6 Redjelly Day Peach,1483825931,4,Bgus peking nya rapi,1748260987,11 bulan lalu,Default,True,Anonymous,0,False,False,
X Beauty 1 Paket Isi 6 Redjelly Day Peach,1483558251,4,Bgs bngt,1748256478,11 bulan lalu,Default,True,Anonymous,0,False,False,
X Beauty 1 Paket Isi 6 Redjelly Day Peach,1483476632,4,"pengiriman cepat ,semua barang aman kecuali yg RED JELLY nya tumpah 
semoga aja cocok",1748254243,11 bulan lalu,Default,True,Anonymous,0,True,False,
X Beauty 1 Paket Isi 6 Redjelly Day Peach,1483343254,5,Semoga cocok,1748249031,11 bulan lalu,Default,True,Anonymous,0,False,False,
X Beauty 1 Paket Isi 6 Redjelly Day Peach,1483304072,5,Barangnya dah nyampe moga aja cocok sama kulit aku ☺☺☺,1748246593,11 bulan lalu,Default,True,Anonymous,0,False,False,
X Beauty 1 Paket Isi 6 Redjelly Day Peach,1483246108,4,Produk bagus kurir nya ga sukaa judes bangett sok bangett,1748241600,11 bulan lalu,Default,True,Anonymous,0,False,False,
X Beauty 1 Paket Isi 6 Redjelly Day Peach,1483134259,4,Bagus,1748218556,11 bulan lalu,Default,True,Anonymous,0,True,False,
X Beauty 1 Paket Isi 6 Redjelly Day Peach,1483036244,5,Allhamdulillah aman sentosaa,1748211384,11 bulan lalu,Default,True,Anonymous,0,True,False,
X Beauty 1 Paket Isi 6 Redjelly Day Peach,1482783826,4,Alhamdulillah paket sudah sampai dengan baik. kurirnya juga udah langganan .semoga amanah semuanya .dn semoga AQ ccok Dengan cream ini,1748198287,11 bulan lalu,Default,True,Anonymous,0,False,False,
X Beauty 1 Paket Isi 6 Redjelly Day Peach,1482734707,5,"Barang uda sampai,baru coba semoga cocok",1748196303,11 bulan lalu,Default,True,Anonymous,0,False,False,
X Beauty 1 Paket Isi 6 Redjelly Day Peach,1482723714,5,Terimakasih yh kak brg nya sdh smpe,1748195980,11 bulan lalu,Default,True,Anonymous,0,True,False,
X Beauty 1 Paket Isi 6 Redjelly Day Peach,1482490129,4,Alhamdulillah paketnya sudah DTG packingan nya rapii,1748185912,11 bulan lalu,Default,True,Anonymous,0,True,False,
X Beauty 1 Paket Isi 6 Redjelly Day Peach,1482489740,4,Suka banget sama X_beauty nya cepat yerap dan rasa ringan di waja,1748185892,11 bulan lalu,Default,True,Anonymous,0,False,False,
X Beauty 1 Paket Isi 6 Redjelly Day Peach,1482377969,5,"𝐀𝐥𝐡𝐚𝐦𝐝𝐮𝐥𝐢𝐥𝐥𝐚𝐡 𝐜𝐨𝐜𝐨𝐤 𝐤𝐲𝐚𝐤𝐧𝐲𝐚 𝐬𝐨𝐚𝐥𝐧𝐲𝐚 𝐛𝐚𝐫𝐮 𝐛𝐞𝐛𝐞𝐫𝐚𝐩𝐚 𝐡𝐚𝐫𝐢 𝐮𝐝𝐡 𝐜𝐞𝐫𝐚𝐡𝐡𝐚𝐧 ,𝐝𝐚𝐲 𝐜𝐫𝐞𝐚𝐦 𝐧𝐲𝐚 𝐦𝐚𝐧𝐭𝐮𝐥 bangett🤩🤩🤩🤩🤩🤩🤩🤩
𝐒𝐞𝐦𝐨𝐠𝐚 𝐜𝐨𝐜𝐨𝐤 𝐭𝐞𝐫𝐮𝐬 𝐩𝐚𝐤𝐞 𝐢𝐧𝐢",1748181039,11 bulan lalu,Default,True,Anonymous,0,False,False,
X Beauty 1 Paket Isi 6 Redjelly Day Peach,1482353212,3,"Belum di coba,tapi sayang bgt serumnya pecah but its okee",1748180065,11 bulan lalu,Default,True,Anonymous,0,True,False,
X Beauty 1 Paket Isi 6 Redjelly Day Peach,1482116055,5,"Barang sudah sampai 
Mudah2 cocok di aku",1748171183,11 bulan lalu,Default,True,Anonymous,0,True,False,
X Beauty 1 Paket Isi 6 Redjelly Day Peach,1482021952,5,"paket nya udh sampai 
Cuma baru 4 hari pemakaian emng bagus banget cream nya gampang glowing muka awak jadi nya di tambah gampang di blen cream nya,,aku blm bisa kasih testi wajah aku yaa karna blm HBS 1 paket nanti kalau hasil nya udh adh bakalan aku spil",1748167728,11 bulan lalu,Default,True,Anonymous,0,False,False,
X Beauty 1 Paket Isi 6 Redjelly Day Peach,1481975024,3,Semoga cocok tak kasih bintang 3 dulu iya,1748165401,11 bulan lalu,Default,True,Anonymous,0,False,False,
X Beauty 1 Paket Isi 6 Redjelly Day Peach,1481947755,5,Paket meluncur dengan aman makasii bonusnya🥰,1748163858,11 bulan lalu,Default,True,Anonymous,0,True,False,
X Beauty 1 Paket Isi 6 Redjelly Day Peach,1481915646,5,"Paketnya sudah tiba, bismillah semoga cocok di muka ku biar order lagi",1748162660,11 bulan lalu,Default,True,Anonymous,0,True,False,
X Beauty 1 Paket Isi 6 Redjelly Day Peach,1481513903,5,Sangat bagus otw check out lgi nih,1748117725,11 bulan lalu,Default,True,Anonymous,0,False,False,
X Beauty 1 Paket Isi 6 Redjelly Day Peach,1481502396,5,paket yg ke2😍,1748117102,11 bulan lalu,Default,True,Anonymous,0,False,False,
X Beauty 1 Paket Isi 6 Redjelly Day Peach,1481493787,5,👍,1748116636,11 bulan lalu,Default,True,Anonymous,0,False,False,
X Beauty 1 Paket Isi 6 Redjelly Day Peach,1481417246,5,Sesuai pesanan sangat bagus,1748112950,11 bulan lalu,Default,True,Anonymous,0,True,False,
X Beauty 1 Paket Isi 6 Redjelly Day Peach,1481416187,5,udah sampe semoga cocok🤗,1748112900,11 bulan lalu,Default,True,Anonymous,0,True,False,
X Beauty 1 Paket Isi 6 Redjelly Day Peach,1481183971,5,Semoga ak cocok baru pertama beli ini. Dan do&#39;ain yah ak cocok pakai ini. Karna udh gonta ganti tpi gk ada yg bagus. Kalo udh ada hasil ak beli lgi deh disni,1748107360,11 bulan lalu,Default,True,Anonymous,0,True,False,
X Beauty 1 Paket Isi 6 Redjelly Day Peach,1480983262,5,Smoga cocok dkulit wajah aku,1748103370,11 bulan lalu,Default,True,Anonymous,0,False,False,
X Beauty 1 Paket Isi 6 Redjelly Day Peach,1480902258,5,Amanah,1748101026,11 bulan lalu,Default,True,Anonymous,0,False,False,
X Beauty 1 Paket Isi 6 Redjelly Day Peach,1480900507,5,Awal pakai semoga cocok,1748100951,11 bulan lalu,Default,True,Anonymous,0,True,False,
X Beauty 1 Paket Isi 6 Redjelly Day Peach,1480559943,4,nanti belum di coba semoga cocok,1748091663,11 bulan lalu,Default,True,Anonymous,0,False,False,
X Beauty 1 Paket Isi 6 Redjelly Day Peach,1480339992,5,Semuga cocok di muka aku....Nex order lagi..,1748087004,11 bulan lalu,Default,True,Anonymous,0,True,False,
X Beauty 1 Paket Isi 6 Redjelly Day Peach,1480114163,3,"Kasih bunting 3 dulu yah,dua Minggu balik Lg ,owner nya gercep bgus ,smoga produk nya bgus juga yh,,,,,",1748084689,11 bulan lalu,Default,True,Anonymous,0,False,False,
X Beauty 1 Paket Isi 6 Redjelly Day Peach,1479250128,2,Gak ngepek,1748042405,11 bulan lalu,Default,True,Anonymous,0,False,False,
X Beauty 1 Paket Isi 6 Redjelly Day Peach,1478886100,5,bessssttr,1748026883,11 bulan lalu,Default,True,Anonymous,0,False,False,
X Beauty 1 Paket Isi 6 Redjelly Day Peach,1478836411,4,"brg sesuai iklan,red jellynya luber tumpah,tp aq bingung kira&#34; ini aman gk ya soalnya kok semua produk expirednya gk ada kterangannya sm sekali🤔baunya beda&#34; lg,sabunnya bau sabun wings cream malamnya bau jahe🤔bismillah aja lah semoga aman",1748025700,11 bulan lalu,Default,True,Anonymous,0,True,False,
X Beauty 1 Paket Isi 6 Redjelly Day Peach,1478638783,5,Blom coba .Bru pertama kali order semoga cocok ya🥰,1748020027,11 bulan lalu,Default,True,Anonymous,0,True,False,
X Beauty 1 Paket Isi 6 Redjelly Day Peach,1478582483,4,"Orderan pertama 1 paket belum habis muka bersih &amp; jerawat aq ngilang jd pengen bercermin terus donk aq, sekarang Orderan yg ke dua kalinya ambil 2 paket, ada bonus red jelly 1 pot, terimakasih x-beauty, pertahankan kwalitas produknya, bakal langganan👍🙏",1748018626,11 bulan lalu,Default,True,Anonymous,0,True,False,
X Beauty 1 Paket Isi 6 Redjelly Day Peach,1478496786,3,"Semoga cocok skincare yg ini
Smua sdah d coba gak ad yg cocok
TPI yg toner GK ada dua* fcial wash
Kecewa",1748016364,11 bulan lalu,Default,True,Anonymous,0,True,False,
X Beauty 1 Paket Isi 6 Redjelly Day Peach,1477874465,5,"Produk sudah sampai,, pengiriman cepat  baru mau coba pakai insya allah klo cocok akan ku jadikan skincare tetap,, kurir nya juga baik,,",1748000766,11 bulan lalu,Default,True,Anonymous,0,False,False,
X Beauty 1 Paket Isi 6 Redjelly Day Peach,1477796536,5,Paket sudah sampai sesuai bismilah semoga cocok🥰❤️ trimakasih ka🥰🙏🙏,1747998857,11 bulan lalu,Default,True,Anonymous,0,True,False,
X Beauty 1 Paket Isi 6 Redjelly Day Peach,1477795947,5,"Barang bagus bgt,,,, mudah2an cocok",1747998845,11 bulan lalu,Default,True,Anonymous,0,False,False,
X Beauty 1 Paket Isi 6 Redjelly Day Peach,1477698147,5,barangnya Bru dateng bru mau nyobaaa,1747997109,11 bulan lalu,Default,True,Anonymous,0,True,False,
X Beauty 1 Paket Isi 6 Redjelly Day Peach,1477386318,1,"ini kenapa ya kok dibawah hidung ku hitam kayak kumis gini , padahal waktu itu habis 1 paket gak gini , ini pesanan ke2 kalinya , pas dipake 2 hari langsung hitam kayak kumis gitu",1747985922,11 bulan lalu,Default,True,Anonymous,0,True,False,
X Beauty 1 Paket Isi 6 Redjelly Day Peach,1476832410,2,Yang tadinya muka bersih tanpa jerawat baru pake skincare ini 2hari udh keluar jerawat gak rekomendasi kan sih jangan tergiur harga murah sayang muka kalian🙏,1747946522,11 bulan lalu,Default,True,Anonymous,0,False,False,
X Beauty 1 Paket Isi 6 Redjelly Day Peach,1476671552,3,baru mau nyoba sih....cream malemnya kok baunya kayak jahe ya,1747941025,11 bulan lalu,Default,True,Anonymous,0,False,False,
X Beauty 1 Paket Isi 6 Redjelly Day Peach,1476667741,5,"alhamdulilah aku ccok,dan skrng ganti ke platinum glow",1747940864,11 bulan lalu,Default,True,Anonymous,0,False,False,
X Beauty 1 Paket Isi 6 Redjelly Day Peach,1476456825,3,"Paketnya baru sampai, pertama kali order, Bismillah semoga cocok... Aamiin🤲🤲
Cuman nggak tau tata cara pemakaiannya mulai dari mana?",1747935462,11 bulan lalu,Default,True,Anonymous,0,False,False,
X Beauty 1 Paket Isi 6 Redjelly Day Peach,1476177635,5,"Barang sampe sesuai pesanan, bismillah semoga cocok di aku, reapit order klw cocok",1747929104,11 bulan lalu,Default,True,Anonymous,0,False,False,
X Beauty 1 Paket Isi 6 Redjelly Day Peach,1476118139,5,Semoga cocokkk☺️👍,1747927897,11 bulan lalu,Default,True,Anonymous,0,False,False,
X Beauty 1 Paket Isi 6 Redjelly Day Peach,1476069724,5,"Udah sampai, pesen yang kesekian kali nyah",1747927057,11 bulan lalu,Default,True,Anonymous,0,False,False,
X Beauty 1 Paket Isi 6 Redjelly Day Peach,1476012307,5,Udah sampe sesuai pesanan sih mogaa aja cocok pake ini,1747925907,11 bulan lalu,Default,True,Anonymous,0,True,False,
X Beauty 1 Paket Isi 6 Redjelly Day Peach,1475852438,5,"Isi nya real dapet 6 pcs dong dengan harga segituu, semoga aja cocok soalnya mau coba dulu pemakaian pertama, cape gonta ganti skincare trus, kalo cocok aku balik lagi dan next order terus buat nyetok kedepanya, maaciww pinkk💖🤏",1747922119,11 bulan lalu,Default,True,Anonymous,0,True,False,
X Beauty 1 Paket Isi 6 Redjelly Day Peach,1475703792,5,Barang Sesuai,1747918435,11 bulan lalu,Default,True,Anonymous,0,False,False,
X Beauty 1 Paket Isi 6 Redjelly Day Peach,1475679459,5,packing rapi,1747917841,11 bulan lalu,Default,True,Anonymous,0,True,False,
X Beauty 1 Paket Isi 6 Redjelly Day Peach,1475302730,5,sudah sampy dan aman smoga cocok pemakaian pertama,1747910454,11 bulan lalu,Default,True,Anonymous,0,True,False,
X Beauty 1 Paket Isi 6 Redjelly Day Peach,1475151082,5,Barangnya sdh sampai dengan aman dan semoga cocok,1747906601,11 bulan lalu,Default,True,Anonymous,0,True,False,
X Beauty 1 Paket Isi 6 Redjelly Day Peach,1475129150,5,Semoga cocok 🙏🏻,1747906045,11 bulan lalu,Default,True,Anonymous,0,False,False,
X Beauty 1 Paket Isi 6 Redjelly Day Peach,1475007693,5,semoga cocok,1747901488,11 bulan lalu,Default,True,Anonymous,0,False,False,
X Beauty 1 Paket Isi 6 Redjelly Day Peach,1474889015,4,barangnya bagus no lecet,1747892473,11 bulan lalu,Default,True,Anonymous,0,False,False,
X Beauty 1 Paket Isi 6 Redjelly Day Peach,1474848150,5,Semoga cocok Bru mau nyobak🙏🏼🙏🏼🙏🏼,1747882861,11 bulan lalu,Default,True,Anonymous,0,False,False,
X Beauty 1 Paket Isi 6 Redjelly Day Peach,1474757864,4,Manfaat produk: mencerahkan wajah,1747876652,11 bulan lalu,Default,True,Anonymous,0,False,False,
X Beauty 1 Paket Isi 6 Redjelly Day Peach,1473239134,5,Barang sesuai gambar,1747836226,11 bulan lalu,Default,True,Anonymous,0,False,False,
X Beauty 1 Paket Isi 6 Redjelly Day Peach,1473111069,5,Maaf Bru ksih ulasan..baru se x  pkek mukak saya gatal2 knpa ya..,1747834602,11 bulan lalu,Default,True,Anonymous,0,True,False,
X Beauty 1 Paket Isi 6 Redjelly Day Peach,1473109118,5,"Alhamdulillah barang udah sampai semoga cocok di muka aku 
Baru pertama nyobaan
Bahan: Tidak lengket
Manfaat produk: Membersihkan, mencerahkan
Jenis kulit: Susah putih,susah glowing,bekas jerawat,pori pori besar dan komedo",1747834592,11 bulan lalu,Default,True,Anonymous,0,True,True,
X Beauty 1 Paket Isi 6 Redjelly Day Peach,1472673253,5,Bagus,1747829450,11 bulan lalu,Default,True,Anonymous,0,False,False,
X Beauty 1 Paket Isi 6 Redjelly Day Peach,1471792265,5,Baru mau nyobain nanti kalo cocok next order lagi🤗,1747825434,11 bulan lalu,Default,True,Anonymous,0,False,False,
X Beauty 1 Paket Isi 6 Redjelly Day Peach,1471563217,5,"Masya Allah harga murah Sdh dpt 6 item
Semoga cocok spya jadi langganan",1747820006,11 bulan lalu,Default,True,Anonymous,0,True,False,
X Beauty 1 Paket Isi 6 Redjelly Day Peach,1471475019,5,"Jenis kulit: Kulit sensitif
Manfaat produk: Mencerahkan
Bahan: Bagus",1747817714,11 bulan lalu,Default,True,Anonymous,0,False,False,
X Beauty 1 Paket Isi 6 Redjelly Day Peach,1471290731,5,Alhamdulillah pesanan saya udah sampai.packing x bgus sesuai.dann di kasih red jelly juga lgi satu terimakasih.semoga harga ttp segitu ya.ini Bru pertama kali pakai 👌,1747813345,11 bulan lalu,Default,True,Anonymous,0,True,False,
X Beauty 1 Paket Isi 6 Redjelly Day Peach,1470546550,4,Semoga cocok,1747783454,11 bulan lalu,Default,True,Anonymous,0,False,False,
X Beauty 1 Paket Isi 6 Redjelly Day Peach,1470534523,5,Oke paket pertama dan ini pertama kali coba dengan harga segitu kayak masak iya sih dapat segini banyak dan ngefek nggak ya tapi bismillah kita cobaa,1747782816,11 bulan lalu,Default,True,Anonymous,0,False,False,
X Beauty 1 Paket Isi 6 Redjelly Day Peach,1470281925,5,"Jangan di ragukan beli di toko inih,pokonyah amanah bangeth",1747774623,11 bulan lalu,Default,True,Anonymous,0,False,False,
X Beauty 1 Paket Isi 6 Redjelly Day Peach,1470230352,4,"BELUM SAYA PAKAIIIII, TAPI UDAH DATENG KOK, SEMOGA AJA COCOK",1747772956,11 bulan lalu,Default,True,Anonymous,0,False,False,
X Beauty 1 Paket Isi 6 Redjelly Day Peach,1469982135,5,bagus banget sumpil baru pemakaian sekali udh ada hasilnya 🥰,1747765084,11 bulan lalu,Default,True,Anonymous,0,True,False,
X Beauty 1 Paket Isi 6 Redjelly Day Peach,1469777417,5,Baru mau nyoba mudah²n cocok..,1747758606,11 bulan lalu,Default,True,Anonymous,0,True,False,
X Beauty 1 Paket Isi 6 Redjelly Day Peach,1469698975,4,Pengiriman cepat&#39;,1747755521,11 bulan lalu,Default,True,Anonymous,0,False,False,
X Beauty 1 Paket Isi 6 Redjelly Day Peach,1469660612,5,semoga cocok,1747754190,11 bulan lalu,Default,True,Anonymous,0,False,False,
X Beauty 1 Paket Isi 6 Redjelly Day Peach,1469508519,5,Paket sudah Dateng rapi pas Dateng semoga cocok di muka akau,1747748743,11 bulan lalu,Default,True,Anonymous,0,True,True,
X Beauty 1 Paket Isi 6 Redjelly Day Peach,1469418831,5,"Peckinganya bagus tdk ada yg lecet sama skli, kurir nya jga ramah😁
Pemakaian pertama semoga cocok, nanti in sya Allah klw cocok nanti di order lagi🫶",1747744484,11 bulan lalu,Default,True,Anonymous,0,True,True,
X Beauty 1 Paket Isi 6 Redjelly Day Peach,1469300909,5,Sesuai bangety,1747738927,11 bulan lalu,Default,True,Anonymous,0,False,False,
X Beauty 1 Paket Isi 6 Redjelly Day Peach,1469288133,5,Sesuai dngn yg di Poto,1747738342,11 bulan lalu,Default,True,Anonymous,0,True,False,
X Beauty 1 Paket Isi 6 Redjelly Day Peach,1469090347,5,sangat bagus dan cocok,1747729735,11 bulan lalu,Default,True,Anonymous,0,False,False,
X Beauty 1 Paket Isi 6 Redjelly Day Peach,1469028791,5,Paketku baru sampai semoga cocok 🤗,1747725157,11 bulan lalu,Default,True,Anonymous,0,True,False,
X Beauty 1 Paket Isi 6 Redjelly Day Peach,1468932673,3,Ga cocok malah jdi kering huhuuuu,1747705313,11 bulan lalu,Default,True,Anonymous,0,False,False,
X Beauty 1 Paket Isi 6 Redjelly Day Peach,1468888168,5,Baru pemakaian prtma 1 pot lihat dlu klo da perubahan Qt lnjutkn🥰,1747697344,11 bulan lalu,Default,True,Anonymous,0,True,False,
X Beauty 1 Paket Isi 6 Redjelly Day Peach,1468879617,4,Krim malam nya aroma nya kurang ya hihih🙏tapi selebih nya enak semua .,1747696140,11 bulan lalu,Default,True,Anonymous,0,False,False,
X Beauty 1 Paket Isi 6 Redjelly Day Peach,1468516874,5,"Pertama saya beli di toko oren, trus yg ke 2x nya beli di sini, tp knp warna sm harum nya beda ya, apa ada perubahan gt ka,soal nya yg pertma beli wangi banget ,yg ke2 ko nyengat ya bau nya,,yg pertama day cram nya warna pink,yg kedua agak kecoklatan,tolong penjelasan nya ka",1747692103,11 bulan lalu,Default,True,Anonymous,0,True,False,
X Beauty 1 Paket Isi 6 Redjelly Day Peach,1468018311,5,Terima kasih ssh sampai paketnya dan saya sdh coba cocok di muka saya 🙏🫶,1747683259,11 bulan lalu,Default,True,Anonymous,0,False,False,
X Beauty 1 Paket Isi 6 Redjelly Day Peach,1467944797,5,Jalan 4paket memang slalu stok langsung 🥰,1747680651,11 bulan lalu,Default,True,Anonymous,0,True,False,
X Beauty 1 Paket Isi 6 Redjelly Day Peach,1467921378,4,"Baru datang,, bismillah semoga cocok",1747679778,11 bulan lalu,Default,True,Anonymous,0,True,False,
X Beauty 1 Paket Isi 6 Redjelly Day Peach,1467703532,5,Udah 4 bulan pakai alhamdulillah cocok jerawat hilang bekas jerawat juga pudar wajahku sensistif tp pakai ini aman kena matahari juga nggk merah2 pkoknya best banget,1747672533,11 bulan lalu,Default,True,Anonymous,0,True,False,
X Beauty 1 Paket Isi 6 Redjelly Day Peach,1467668730,1,"Sangat ke cewe.pesan pertma produk nya bagus krim nya wangi,tapi setelah pesan ke dua krim siang nya warna sudah berubah bukan pink lagi malah lain terus baunya sudah tidak bagus lagi kayak sudah kadaluarsa.sama krim malam baunya sudah tidak bagus lagi.tolong dhonk tuan toko yg amanah dikit🥴🥴🥴",1747671095,11 bulan lalu,Default,True,Anonymous,0,False,False,
X Beauty 1 Paket Isi 6 Redjelly Day Peach,1467629217,4,Alhamdulillah paket ke 2 datang semua selalu cocok di aku dh jalan 2 paket,1747669591,11 bulan lalu,Default,True,Anonymous,0,True,False,
X Beauty 1 Paket Isi 6 Redjelly Day Peach,1467409959,4,Semoga cocok,1747661991,11 bulan lalu,Default,True,Anonymous,0,False,False,
X Beauty 1 Paket Isi 6 Redjelly Day Peach,1467338360,4,"paketnya sdh diterima, sesuai pesanan untuk hasilnya belum tau, mudah mudahan cocok, kurirnya amanah, mengantarkan paket tepat waktu 🙂",1747659539,11 bulan lalu,Default,True,Anonymous,0,False,False,
X Beauty 1 Paket Isi 6 Redjelly Day Peach,1467334918,2,Barang ny baru nyampe semoga cocok. Soalny dah cape gonta ganti scancare 😟😟😟,1747659404,11 bulan lalu,Default,True,Anonymous,0,False,False,
X Beauty 1 Paket Isi 6 Redjelly Day Peach,1467292624,5,Terima kasih paketannya sudah dtg. PO nya lama sekali. Untung Brgnya tdk ad yg rusak. Semuanya lengkap isinya ada 6. Belum di coba,1747657898,11 bulan lalu,Default,True,Anonymous,0,True,False,
X Beauty 1 Paket Isi 6 Redjelly Day Peach,1467115522,4,"baru dateng,belum dicoba",1747652540,11 bulan lalu,Default,True,Anonymous,0,False,False,
X Beauty 1 Paket Isi 6 Redjelly Day Peach,1466864403,5,HBS 6 paket cocok di wajahku mksih kak,1747645597,11 bulan lalu,Default,True,Anonymous,0,False,False,
X Beauty 1 Paket Isi 6 Redjelly Day Peach,1466533349,5,Barang aman gak ada yang rusak semoga cocok di wajah aku min biyar gk gonta-ganti krim terus 😌,1747615619,11 bulan lalu,Default,True,Anonymous,0,False,False,
X Beauty 1 Paket Isi 6 Redjelly Day Peach,1466446325,2,Kecewa bangat serum nya GK ada😠🙏,1747606088,11 bulan lalu,Default,True,Anonymous,0,False,False,
X Beauty 1 Paket Isi 6 Redjelly Day Peach,1466373786,4,"Barang yang datang Skin Toner smua, Tidak ada Facial Wash nya",1747601878,11 bulan lalu,Default,True,Anonymous,0,True,False,
X Beauty 1 Paket Isi 6 Redjelly Day Peach,1466277075,4,Baru pertama kali nyobak... Semoga aja cocok... Kalau cocok pasti co lagi,1747596963,11 bulan lalu,Default,True,Anonymous,0,True,False,
X Beauty 1 Paket Isi 6 Redjelly Day Peach,1466208912,5,Semoga cocok di aku soalnya bru coba,1747593865,11 bulan lalu,Default,True,Anonymous,0,False,False,
X Beauty 1 Paket Isi 6 Redjelly Day Peach,1466089706,5,Semoga cocok dengan produk nya agar bisa order lagi,1747588972,11 bulan lalu,Default,True,Anonymous,0,False,False,
X Beauty 1 Paket Isi 6 Redjelly Day Peach,1466020538,5,Paket sudah sampai kak aku make yg isi 5 belum hbis tapi bersih udah ad perubahan muka ku,1747585862,11 bulan lalu,Default,True,Anonymous,0,False,False,
X Beauty 1 Paket Isi 6 Redjelly Day Peach,1465920321,5,Paket dh sampai semoga cocok baru pertama coba 🥰🥰,1747581423,11 bulan lalu,Default,True,Anonymous,0,True,True,
X Beauty 1 Paket Isi 6 Redjelly Day Peach,1465780746,5,Bagus udah kedua kalinya order 🥰🥰🥰,1747576198,11 bulan lalu,Default,True,Anonymous,0,True,False,
X Beauty 1 Paket Isi 6 Redjelly Day Peach,1465744411,4,"Ternyata bener2 dapat 6produk,, aku baru pertama mulai skincare xbeauty mudah2han cocok di kulit aku",1747574733,11 bulan lalu,Default,True,Anonymous,0,False,False,
X Beauty 1 Paket Isi 6 Redjelly Day Peach,1465668714,5,"Paket nya udah sampai Peking nya juga rapi semoga cocok sama kulit wajah aku,kalau cocok next lajut lagi pemakaian",1747573129,11 bulan lalu,Default,True,Anonymous,0,True,False,
X Beauty 1 Paket Isi 6 Redjelly Day Peach,1465649625,5,Baru mau coba semoga cocok.,1747572400,11 bulan lalu,Default,True,Anonymous,0,False,False,
X Beauty 1 Paket Isi 6 Redjelly Day Peach,1465596399,5,Paket skincarenya sdh datang semoga aku cocok😊,1747570273,11 bulan lalu,Default,True,Anonymous,0,True,False,
X Beauty 1 Paket Isi 6 Redjelly Day Peach,1465586021,5,Aman semoga cocok,1747569849,11 bulan lalu,Default,True,Anonymous,0,True,False,
X Beauty 1 Paket Isi 6 Redjelly Day Peach,1465499239,5,Semoga cocok,1747566506,11 bulan lalu,Default,True,Anonymous,0,False,False,
X Beauty 1 Paket Isi 6 Redjelly Day Peach,1465166178,5,"Pemakaian 4hari udah ada perubahan 
Udah cape gunta ganti skincare akhirnya Nemu yang cocok di aku pertahankan pormulanya bisa jadi langganan 🥰",1747549909,11 bulan lalu,Default,True,Anonymous,0,True,False,
X Beauty 1 Paket Isi 6 Redjelly Day Peach,1465131978,4,Bagus sesuai semoga cocok,1747544693,11 bulan lalu,Default,True,Anonymous,0,False,False,
X Beauty 1 Paket Isi 6 Redjelly Day Peach,1465018250,4,sumpah gaiss ccok bgtt,1747522126,11 bulan lalu,Default,True,Anonymous,0,False,False,
X Beauty 1 Paket Isi 6 Redjelly Day Peach,1464911125,5,"Okey , Good Job Sesuai Yng Aku Pesen , Semoga Cocok Di Aku 😌",1747515917,11 bulan lalu,Default,True,Anonymous,0,True,False,
X Beauty 1 Paket Isi 6 Redjelly Day Peach,1464893498,5,"Tidak pernah gagal pke produk ini mantull cocok, Pesan yg kesekian kalinya",1747515315,11 bulan lalu,Default,True,Anonymous,0,True,False,
X Beauty 1 Paket Isi 6 Redjelly Day Peach,1464881414,5,Udah sampai blm coba smga cocok udah capek ganti2 skincare,1747514611,11 bulan lalu,Default,True,Anonymous,0,False,False,
X Beauty 1 Paket Isi 6 Redjelly Day Peach,1464878704,1,"Beda bgt cream mlm nya bauknya dll,yg satu kyk jahe baunya,yg pertama wangi,trs red jelly ny jg beda bau nya,,aneh bgt ini skincarenya",1747514480,11 bulan lalu,Default,True,Anonymous,0,False,False,
X Beauty 1 Paket Isi 6 Redjelly Day Peach,1464798663,4,Baru saya coba nyaman di wajah tapi gak tau beruntusan kecil langsung datang GK tau GK cocok apa efek nya .tapi nyaman soalnya pemakaian pertama saya ..kasih before dlu afternya tunggu habis klo cocok lanjut sayang,1747510857,11 bulan lalu,Default,True,Anonymous,0,True,False,
X Beauty 1 Paket Isi 6 Redjelly Day Peach,1464699913,5,Paket datang lebih cepat,1747507206,11 bulan lalu,Default,True,Anonymous,0,False,False,
X Beauty 1 Paket Isi 6 Redjelly Day Peach,1464634112,5,"Bahan: Belom tauu tpi semoga cocok
Manfaat produk: Mencerahkan kulit
Jenis kulit: Berminyak
Ntr aku up lagii setelah memakaian seminggu yaa🥰💗",1747505224,11 bulan lalu,Default,True,Anonymous,0,True,False,
X Beauty 1 Paket Isi 6 Redjelly Day Peach,1464600979,5,Paket sdah smpai semoga ccok,1747503948,11 bulan lalu,Default,True,Anonymous,0,True,False,
X Beauty 1 Paket Isi 6 Redjelly Day Peach,1464457414,4,Gak tau cocok apa nggak tapi dari bau toner nya kok bauk parfume ya yg lain kyk gini juga gk ya??,1747499058,11 bulan lalu,Default,True,Anonymous,0,True,False,
X Beauty 1 Paket Isi 6 Redjelly Day Peach,1464429750,5,blli lagi krn emang cck d kuliat aku emang prosesnya agak lma gk langsung mencerah kan tapi bsa menghilangkan bekas jerawat jdi aku order lgi yg ke dua kli buat stok jdi pemakaian sdh 4 kali,1747498004,11 bulan lalu,Default,True,Anonymous,0,True,False,
X Beauty 1 Paket Isi 6 Redjelly Day Peach,1464317745,5,Moga cocok deh,1747494415,11 bulan lalu,Default,True,Anonymous,0,False,False,
X Beauty 1 Paket Isi 6 Redjelly Day Peach,1464310375,5,"Baru coba, Semoga cocok... sampai dngn aman👍",1747494115,11 bulan lalu,Default,True,Anonymous,0,True,False,
X Beauty 1 Paket Isi 6 Redjelly Day Peach,1464214456,5,Bagus,1747490299,11 bulan lalu,Default,True,Anonymous,0,False,False,
X Beauty 1 Paket Isi 6 Redjelly Day Peach,1464157391,4,Sesuai brangnya sama yg difoto semoga cocok soalnya pemakaian yg pertama,1747488179,11 bulan lalu,Default,True,Anonymous,0,False,False,
X Beauty 1 Paket Isi 6 Redjelly Day Peach,1464156563,5,Barang pas sesuai pertama pake semoga cocok,1747488143,11 bulan lalu,Default,True,Anonymous,0,True,False,
X Beauty 1 Paket Isi 6 Redjelly Day Peach,1464156344,5,"Baru datang,semoga cocok dikulitq supaya bisa langganan trus",1747488135,11 bulan lalu,Default,True,Anonymous,0,False,False,
X Beauty 1 Paket Isi 6 Redjelly Day Peach,1464125542,5,Akhir paket yang saya tunggu dtng juga,1747487035,11 bulan lalu,Default,True,Anonymous,0,True,False,
X Beauty 1 Paket Isi 6 Redjelly Day Peach,1464050362,4,Entah kenapa sertiap beli produk ini wangi nigh cream nya slalu beda² gk sama harum nya,1747484733,11 bulan lalu,Default,True,Anonymous,0,False,False,
X Beauty 1 Paket Isi 6 Redjelly Day Peach,1463990075,5,𝔹𝕒𝕘𝕦𝕤 𝕓𝕒𝕟𝕘𝕒𝕥,1747483669,11 bulan lalu,Default,True,Anonymous,0,False,False,
X Beauty 1 Paket Isi 6 Redjelly Day Peach,1463977868,5,Alhamdulillah sesuai pesanan,1747483346,11 bulan lalu,Default,True,Anonymous,0,False,False,
X Beauty 1 Paket Isi 6 Redjelly Day Peach,1463880656,5,"Baru pertama beli
Semoga cocok di aku
Kalo cocok bakalan order lagi😊",1747480801,11 bulan lalu,Default,True,Anonymous,0,True,False,
X Beauty 1 Paket Isi 6 Redjelly Day Peach,1463740307,5,Alhmdulillaah barang sudah datang.mudah mudahan cocok. Titip before nya ya,1747477061,11 bulan lalu,Default,True,Anonymous,0,False,False,
X Beauty 1 Paket Isi 6 Redjelly Day Peach,1463604663,5,"Paket udah nyampek dengan baik dan aman, cuman agak sedikit binggung ini bayak sekali macemnya trus gimana cara pakainya dari step by stepnya , maaf baru pemula 🙏",1747473265,11 bulan lalu,Default,True,Anonymous,0,False,False,
X Beauty 1 Paket Isi 6 Redjelly Day Peach,1463576893,5,Udah nyampek semogah cocok,1747472146,11 bulan lalu,Default,True,Anonymous,0,False,False,
X Beauty 1 Paket Isi 6 Redjelly Day Peach,1463570109,1,Pemakaian blm habis setelah kulit terasa terbakar merah timbul flek tipis kecewa bgt pdhl ktanya bpom,1747471832,11 bulan lalu,Default,True,Anonymous,0,False,False,
X Beauty 1 Paket Isi 6 Redjelly Day Peach,1463439046,5,"Semoga cocok terus🥰🥰🥰
Barru penggunaan hari ke 3 tp mantap polll🥰🥰🥰🥰",1747462033,11 bulan lalu,Default,True,Anonymous,0,True,False,
X Beauty 1 Paket Isi 6 Redjelly Day Peach,1463201698,4,Belum dicoba,1747429294,11 bulan lalu,Default,True,Anonymous,0,False,False,
X Beauty 1 Paket Isi 6 Redjelly Day Peach,1463039797,4,"Paket nya udah tiba
Aku pesan 2paket dan di lebihin 1 dong red jelly nya",1747423105,11 bulan lalu,Default,True,Anonymous,0,False,False,
X Beauty 1 Paket Isi 6 Redjelly Day Peach,1463004935,4,"Paket sudah datang,semoga bisa tembus KB 3 bulan",1747422054,11 bulan lalu,Default,True,Anonymous,0,True,False,
X Beauty 1 Paket Isi 6 Redjelly Day Peach,1462876902,4,"Paket x udh sampai,smoga aja cocok",1747418321,11 bulan lalu,Default,True,Anonymous,0,True,False,
X Beauty 1 Paket Isi 6 Redjelly Day Peach,1462611355,4,Bagus,1747410948,11 bulan lalu,Default,True,Anonymous,0,False,False,
X Beauty 1 Paket Isi 6 Redjelly Day Peach,1462604261,3,Alhamdulillah bagus rapi 🙂🙏,1747410758,11 bulan lalu,Default,True,Anonymous,0,False,True,
X Beauty 1 Paket Isi 6 Redjelly Day Peach,1462533170,5,Semoga cocok,1747408658,11 bulan lalu,Default,True,Anonymous,0,False,False,
X Beauty 1 Paket Isi 6 Redjelly Day Peach,1462499261,5,Paket nya sdh nyampei dn semoga cocok d pemakaian prtama🤗,1747407617,11 bulan lalu,Default,True,Anonymous,0,True,False,
X Beauty 1 Paket Isi 6 Redjelly Day Peach,1462275453,5,Udh smpai bru mau nyoba semoga cocok,1747401151,11 bulan lalu,Default,True,Anonymous,0,True,False,
X Beauty 1 Paket Isi 6 Redjelly Day Peach,1462265668,5,Pertama kli pake produk ini sihhh Moga² cocok dikulit aku yahh🫶🏻😚,1747400888,11 bulan lalu,Default,True,Anonymous,0,True,False,
X Beauty 1 Paket Isi 6 Redjelly Day Peach,1462222101,5,Paket nya datang kurnya ramah,1747399851,11 bulan lalu,Default,True,Anonymous,0,True,False,
X Beauty 1 Paket Isi 6 Redjelly Day Peach,1462123150,5,"Alhamdullilah,paket nya sudah sampai,semoga cocok di wajah aku dan bisa co kembali",1747396999,11 bulan lalu,Default,True,Anonymous,0,True,False,
X Beauty 1 Paket Isi 6 Redjelly Day Peach,1462025316,4,Semoga cocok kk,1747395341,11 bulan lalu,Default,True,Anonymous,0,False,False,
X Beauty 1 Paket Isi 6 Redjelly Day Peach,1461980771,5,Semoga cocok,1747394342,11 bulan lalu,Default,True,Anonymous,0,True,False,
X Beauty 1 Paket Isi 6 Redjelly Day Peach,1461926098,5,"Nggak nyesal 2 paket langsung mesan di toko ini amanah dan dikasih bonus red jelly juga nggak nyangka sebangus itu creamnya bikin aku cinta banget, next pasti aku order lagi🥰👍🙏",1747392884,11 bulan lalu,Default,True,Anonymous,0,True,False,
X Beauty 1 Paket Isi 6 Redjelly Day Peach,1461838601,3,Pembelian pertama sangat kecewa klo masalah produk msh mau coba jfi tidak tau.yg bikin kecewa proses sama pengiriman sangat lama udah gitu toner nya penyok tumpah k kardus nya.mohon donk d tingkatkan lagi pelayanan sama pekingnya biar customer tdak kecewa.,1747390759,11 bulan lalu,Default,True,Anonymous,0,True,False,
X Beauty 1 Paket Isi 6 Redjelly Day Peach,1461503281,5,Paketnya udah sampe  dapat bonus red jelly nya jdi 3 mksi owner x_beauty🥰 paketnya lengkap TD ad yg kurang,1747386872,11 bulan lalu,Default,True,Anonymous,0,True,False,
X Beauty 1 Paket Isi 6 Redjelly Day Peach,1461080854,4,"Bagus banget produknya, baru 2 hari sudah ada perubahan, aku bakalan langganan",1747365280,11 bulan lalu,Default,True,Anonymous,0,False,False,
X Beauty 1 Paket Isi 6 Redjelly Day Peach,1460994792,5,"Mmg bagus jgn diragukan lagi kalo bisa amanah sll nya jgn mengurangi apa pun tu🙏,biar kita pakai gak berpindah tempat lain lagi ok SMG sy langganan gak mau Gonta ganti lagi kalo SDH cocok amin🤲",1747348977,11 bulan lalu,Default,True,Anonymous,0,True,False,
X Beauty 1 Paket Isi 6 Redjelly Day Peach,1460802962,5,Sesuai banget semoga cocok,1747339474,11 bulan lalu,Default,True,Anonymous,0,True,False,
X Beauty 1 Paket Isi 6 Redjelly Day Peach,1460695048,5,Sesuai ekspektasi,1747335900,11 bulan lalu,Default,True,Anonymous,0,False,False,
X Beauty 1 Paket Isi 6 Redjelly Day Peach,1460464904,4,"real pict, cuma salah chekout krna ak biasanya pkai day pink tp salah chkout yg peach😭di ak krg ton up jd kya meresap gt gda ton up nya tp so fur sejauh ini sama sama bgus bda di ton up nya aja ak ksi bintang 4 dlu ya krna ak bru sekali ini pkai yg peach",1747329913,11 bulan lalu,Default,True,Anonymous,0,False,False,
X Beauty 1 Paket Isi 6 Redjelly Day Peach,1460312157,5,bismillahirahmanirahim semoga cocok biar ga ganti2 trs,1747325872,11 bulan lalu,Default,True,Anonymous,0,False,False,
X Beauty 1 Paket Isi 6 Redjelly Day Peach,1460293163,5,Baru cobak semoga aja cocok🥰,1747325352,11 bulan lalu,Default,True,Anonymous,0,False,False,
X Beauty 1 Paket Isi 6 Redjelly Day Peach,1460234663,5,Bagus banget d aku cocok kak seneng banget mana muka aku cocok an stiap mke skincare,1747323751,11 bulan lalu,Default,True,Anonymous,0,True,False,
X Beauty 1 Paket Isi 6 Redjelly Day Peach,1460224111,5,Cuma aga lama nganter nya,1747323464,11 bulan lalu,Default,True,Anonymous,0,False,False,
X Beauty 1 Paket Isi 6 Redjelly Day Peach,1460056917,5,"Makasih, saya sudah 2paket pemakean alhamdulillah ada perubahan",1747318753,11 bulan lalu,Default,True,Anonymous,0,True,False,
X Beauty 1 Paket Isi 6 Redjelly Day Peach,1459754379,5,sesuai di gambar baru coba semoga beneran bikin glowing,1747310489,11 bulan lalu,Default,True,Anonymous,0,False,False,
X Beauty 1 Paket Isi 6 Redjelly Day Peach,1459570042,5,top martkotop pokoknya semoga cocok,1747305786,11 bulan lalu,Default,True,Anonymous,0,True,False,
X Beauty 1 Paket Isi 6 Redjelly Day Peach,1459398704,4,Bismillah Semoga cocok🤗😍,1747300933,11 bulan lalu,Default,True,Anonymous,0,True,False,
X Beauty 1 Paket Isi 6 Redjelly Day Peach,1459119455,5,bagus,1747269508,11 bulan lalu,Default,True,Anonymous,0,False,False,
X Beauty 1 Paket Isi 6 Redjelly Day Peach,1458994451,5,Moga cocok buat aku yng harus bergelut dgn debu jalann,1747258516,11 bulan lalu,Default,True,Anonymous,0,False,True,
X Beauty 1 Paket Isi 6 Redjelly Day Peach,1458691588,3,Paket sudah sampai baru d coba mudah&#34;an cocok,1747248845,11 bulan lalu,Default,True,Anonymous,0,True,False,
X Beauty 1 Paket Isi 6 Redjelly Day Peach,1458496618,5,"Bagus, baru mau cobak moga ajah cocok,",1747243940,11 bulan lalu,Default,True,Anonymous,0,True,False,
X Beauty 1 Paket Isi 6 Redjelly Day Peach,1458406494,4,"Alhamdulillah paketnya sdh sampai, uda gitu bungkusan rapi ada pula tasnya mkasih yaa.. Semoga cocok, klu cocok mau CO lg biar bisa jadi langganan🙏",1747241789,11 bulan lalu,Default,True,Anonymous,0,True,False,
X Beauty 1 Paket Isi 6 Redjelly Day Peach,1458259489,5,SDH sampai semoga cocok,1747237829,11 bulan lalu,Default,True,Anonymous,0,False,False,
X Beauty 1 Paket Isi 6 Redjelly Day Peach,1458233471,5,"Sebenarnya untuk produk ny bagus ,cuma mungkin dikulitku yg gak cocok ,",1747237210,11 bulan lalu,Default,True,Anonymous,0,False,False,
X Beauty 1 Paket Isi 6 Redjelly Day Peach,1458146879,5,"Allhamdulillah paket yg ditunggu2 akhirnya sampai jg, produk yg diterima lengkap gak ada yang kurang pengrmasannya masih sangat rapi, baru pertma beli semoga cocok dimukaku..
TAPI proses pengirimannya lamaaaa banget kurirnya lelet sudah 2hari lewat dari estimasi barang baru sampai.",1747234835,11 bulan lalu,Default,True,Anonymous,0,True,False,
X Beauty 1 Paket Isi 6 Redjelly Day Peach,1458012934,5,Sesuai pesanan terimakasih semoga cocok😁,1747231202,11 bulan lalu,Default,True,Anonymous,0,False,False,
X Beauty 1 Paket Isi 6 Redjelly Day Peach,1457965323,5,Semoga cocok di muka ku,1747229951,11 bulan lalu,Default,True,Anonymous,0,False,False,
X Beauty 1 Paket Isi 6 Redjelly Day Peach,1457927405,5,Bagus bgt 2  Minggu pake udah ada perubahan,1747228861,11 bulan lalu,Default,True,Anonymous,0,True,False,
X Beauty 1 Paket Isi 6 Redjelly Day Peach,1457925048,5,"Yeeeee skincare nya udah sampai, semoga cocok 🥰",1747228790,11 bulan lalu,Default,True,Anonymous,0,True,False,
X Beauty 1 Paket Isi 6 Redjelly Day Peach,1457828283,5,kurirnya baik 🥰,1747226106,11 bulan lalu,Default,True,Anonymous,0,False,False,
X Beauty 1 Paket Isi 6 Redjelly Day Peach,1457599786,5,"Paketnya sudah sampai di rumah👍
Peking ya rapih
Mudahan cocok di kukit muka aq yg susah glowing 🤭🤭
Klw ada perubahan next time order lagi✌👍",1747219997,11 bulan lalu,Default,True,Anonymous,0,True,False,
X Beauty 1 Paket Isi 6 Redjelly Day Peach,1457520107,5,Orderr untuk kesekian kalinya,1747217869,11 bulan lalu,Default,True,Anonymous,0,False,False,
X Beauty 1 Paket Isi 6 Redjelly Day Peach,1457487287,4,Udah nyampek paketnya aman dan sesuai kak semoga ccok ya kak,1747216969,11 bulan lalu,Default,True,Anonymous,0,True,False,
X Beauty 1 Paket Isi 6 Redjelly Day Peach,1457479971,5,"Barang dah sampai,pengen nyoba siapa tw cocok",1747216606,11 bulan lalu,Default,True,Anonymous,0,False,False,
X Beauty 1 Paket Isi 6 Redjelly Day Peach,1457468320,5,Semoga ajh ccok next order lgi,1747216082,11 bulan lalu,Default,True,Anonymous,0,False,False,
X Beauty 1 Paket Isi 6 Redjelly Day Peach,1457458389,5,Bagus bngt day krim gak bikin abu -abu,1747215649,11 bulan lalu,Default,True,Anonymous,0,False,False,
X Beauty 1 Paket Isi 6 Redjelly Day Peach,1457267900,4,"Semoga cocok di muka aku, krim nya wangiii bngt ringan lgi",1747212285,11 bulan lalu,Default,True,Anonymous,0,False,False,
X Beauty 1 Paket Isi 6 Redjelly Day Peach,1457208036,5,Produk x beauty ini emang bener mantul😘🥰 pesanan sampai dengan baik 😘😍,1747208625,11 bulan lalu,Default,True,Anonymous,0,True,False,
X Beauty 1 Paket Isi 6 Redjelly Day Peach,1456415601,5,"Paketnya lengkap


Nanti testinya kalau sdh ada perubahan",1747156988,11 bulan lalu,Default,True,Anonymous,0,False,False,
X Beauty 1 Paket Isi 6 Redjelly Day Peach,1456393114,2,"Produk ya bagus , tapi beli kedua ko beda ya 
Awal pertama kali beli serum ya kental dan krim siyang yg warna pink .ko beli kedua serum ya TDK kental awal beli mlhn encer dan krim siyang ya jg TDK warna pink saat awal beli",1747156324,11 bulan lalu,Default,True,Anonymous,0,False,False,
X Beauty 1 Paket Isi 6 Redjelly Day Peach,1456277954,5,Alhamdulillah barangnya datng lengkap,1747153085,11 bulan lalu,Default,True,Anonymous,0,False,False,
X Beauty 1 Paket Isi 6 Redjelly Day Peach,1456253068,5,Sesuai barangnya... Semoga cocok sehh di kulit ku 😊,1747152318,11 bulan lalu,Default,True,Anonymous,0,True,False,
X Beauty 1 Paket Isi 6 Redjelly Day Peach,1456207283,3,Tak kasi bintang 3 karena masih blm di cobak mudah mudahan cocok,1747150913,11 bulan lalu,Default,True,Anonymous,0,False,False,
X Beauty 1 Paket Isi 6 Redjelly Day Peach,1456131636,5,Creamx ringan sekali moga cocok...,1747148474,11 bulan lalu,Default,True,Anonymous,0,False,False,
X Beauty 1 Paket Isi 6 Redjelly Day Peach,1456055364,5,Wawww bagus banget uda mau ke paket yg ke 2,1747146075,11 bulan lalu,Default,True,Anonymous,0,True,False,
X Beauty 1 Paket Isi 6 Redjelly Day Peach,1455708721,5,Hasil yng sangat memuaskan btw ini Bru 2hri pemakaian 👌😽.,1747136321,11 bulan lalu,Default,True,Anonymous,0,True,False,
X Beauty 1 Paket Isi 6 Redjelly Day Peach,1455328192,4,"kasih bintang 4 dulu ya nanti balik lagi kalau udah putih, bersih,glowing",1747129397,11 bulan lalu,Default,True,Anonymous,0,False,False,
X Beauty 1 Paket Isi 6 Redjelly Day Peach,1455193612,5,"Cantik baru pertama kali semoga ada hasilnya biar langganan disini truss, sumpa bikin glowing dimuka🥰",1747127685,11 bulan lalu,Default,True,Anonymous,0,True,False,
X Beauty 1 Paket Isi 6 Redjelly Day Peach,1455007557,5,baguss banget iii perubahan nya ada,1747120811,11 bulan lalu,Default,True,Anonymous,0,False,False,
X Beauty 1 Paket Isi 6 Redjelly Day Peach,1454753851,5,Baguss 👍🏻,1747086801,11 bulan lalu,Default,True,Anonymous,0,False,False,
X Beauty 1 Paket Isi 6 Redjelly Day Peach,1454652815,2,Siangy GK da mlh dikirim cream MLM smua,1747082732,11 bulan lalu,Default,True,Anonymous,0,False,False,
X Beauty 1 Paket Isi 6 Redjelly Day Peach,1454554763,4,Belom di coba smga cocok,1747079106,11 bulan lalu,Default,True,Anonymous,0,False,False,
X Beauty 1 Paket Isi 6 Redjelly Day Peach,1454537595,1,Kenapa muka aku kayak ke bakar gitu trus gatal juga... Gimana ini koq gitu sih,1747078169,11 bulan lalu,Default,True,Anonymous,0,True,False,
X Beauty 1 Paket Isi 6 Redjelly Day Peach,1454537466,5,Semoga cocok,1747078162,11 bulan lalu,Default,True,Anonymous,0,False,False,
X Beauty 1 Paket Isi 6 Redjelly Day Peach,1454337121,5,Semoga cocok di aku,1747073953,11 bulan lalu,Default,True,Anonymous,0,False,False,
X Beauty 1 Paket Isi 6 Redjelly Day Peach,1454100341,2,Ko Night cream nya bau balsem sabun nya juga terlalu bau obat ini asli atau palsunya ga sihh,1747067689,11 bulan lalu,Default,True,Anonymous,0,True,False,
X Beauty 1 Paket Isi 6 Redjelly Day Peach,1453591936,5,Makasih paket ny udh nyampe..mudah2an cocok....,1747052208,11 bulan lalu,Default,True,Anonymous,0,False,False,
X Beauty 1 Paket Isi 6 Redjelly Day Peach,1453453184,3,"Baru kasih ulasan pemakaian 2 Minggu ternyata gak cocok muka bersih tumbuh jerawat on of..
Aku berhenti pake ini di hari ini",1747048469,11 bulan lalu,Default,True,Anonymous,0,False,False,
X Beauty 1 Paket Isi 6 Redjelly Day Peach,1453297603,5,Barangnya udh nyampe baru pertama kali mau nyoba moga aja cocok yah😍 TPI yang night creamnya bau²nya aga mirip sama bau jahe si😂 tapi semoga aja cocok 😘,1747044096,11 bulan lalu,Default,True,Anonymous,0,True,False,
X Beauty 1 Paket Isi 6 Redjelly Day Peach,1453289369,4,belum bisa ngasih ulasan soalnya baru pertama nyoba produk ini,1747043776,11 bulan lalu,Default,True,Anonymous,0,True,False,
X Beauty 1 Paket Isi 6 Redjelly Day Peach,1453069568,5,baru coba semoga cocok,1747031620,11 bulan lalu,Default,True,Anonymous,0,True,False,
X Beauty 1 Paket Isi 6 Redjelly Day Peach,1452762025,4,Tkut KLO gak cocok,1746994117,11 bulan lalu,Default,True,Anonymous,0,False,False,
X Beauty 1 Paket Isi 6 Redjelly Day Peach,1452606974,3,Paketnya sudah diterima semoga saya cck yah,1746989326,11 bulan lalu,Default,True,Anonymous,0,False,False,
X Beauty 1 Paket Isi 6 Redjelly Day Peach,1452346625,4,Mau coba dulu kalau cocok bintang 5,1746981752,11 bulan lalu,Default,True,Anonymous,0,False,False,
X Beauty 1 Paket Isi 6 Redjelly Day Peach,1452332384,5,Sudah mendarat dengan selamat kemasan rapih dan belum di coba semoga cocok,1746981285,11 bulan lalu,Default,True,Anonymous,0,True,False,
X Beauty 1 Paket Isi 6 Redjelly Day Peach,1452268873,5,"Ini pembelian kedua bgus kok muka jdi glowing putih, cuman hrus sabar aku cocok pake ini😊",1746979298,11 bulan lalu,Default,True,Anonymous,0,True,False,
X Beauty 1 Paket Isi 6 Redjelly Day Peach,1452095887,5,Siapa KD sanang dpt harga 45 ribu nii,1746974489,11 bulan lalu,Default,True,Anonymous,0,False,False,
X Beauty 1 Paket Isi 6 Redjelly Day Peach,1451923896,5,"udah nyampe dengan selamat nih
smoga cocok yah produk nya sama aku",1746969368,11 bulan lalu,Default,True,Anonymous,0,True,False,
X Beauty 1 Paket Isi 6 Redjelly Day Peach,1451888788,5,Alhamdulillah  toko amanh paket datng dgn aman tidk ad yg kurng dn trmksh dikasih bunus red jelyy nya..,1746968386,11 bulan lalu,Default,True,Anonymous,0,False,False,
X Beauty 1 Paket Isi 6 Redjelly Day Peach,1451849438,5,Manfaat produk: Aman,1746967170,11 bulan lalu,Default,True,Anonymous,0,False,False,
X Beauty 1 Paket Isi 6 Redjelly Day Peach,1451759512,4,"Bahan: Bgusss
Manfaat produk: Bikin muka Jadih putih
Jenis kulit: Semua jenis kulit",1746964469,11 bulan lalu,Default,True,Anonymous,0,False,False,
X Beauty 1 Paket Isi 6 Redjelly Day Peach,1451482590,5,"Sangat puas dengan barang, semoga cocok di kulit",1746957108,11 bulan lalu,Default,True,Anonymous,0,True,False,
X Beauty 1 Paket Isi 6 Redjelly Day Peach,1451369865,5,Mntp,1746952265,11 bulan lalu,Default,True,Anonymous,0,False,False,
X Beauty 1 Paket Isi 6 Redjelly Day Peach,1451354371,1,Pembelian kedua sudah mulai beda ya dari gambarnya terus warna serum juga beda pdhal beli di 1 toko,1746950917,11 bulan lalu,Default,True,Anonymous,0,True,False,
X Beauty 1 Paket Isi 6 Redjelly Day Peach,1451219245,5,sengaja ngasi ulasan lama buat mastiin bagus apa ngga eh ternyata bgus bgt muka aku yg tdi nya kusem bnyak beruntusan skrng uda mendingan bgt smnjk pake ini kalo mau hasil yg maksimal konsisten make nya,1746929384,11 bulan lalu,Default,True,Anonymous,0,False,False,
X Beauty 1 Paket Isi 6 Redjelly Day Peach,1450550921,5,Semoga cocok dengan produknya dan bisa jadi langganan,1746898595,11 bulan lalu,Default,True,Anonymous,0,False,False,
X Beauty 1 Paket Isi 6 Redjelly Day Peach,1450319538,4,"krim siang nya kok beda2 terus yaa,alhamdulilah selalu cocok",1746892625,11 bulan lalu,Default,True,Anonymous,0,False,False,
X Beauty 1 Paket Isi 6 Redjelly Day Peach,1450314070,5,Bagus,1746892464,11 bulan lalu,Default,True,Anonymous,0,False,False,
X Beauty 1 Paket Isi 6 Redjelly Day Peach,1450057790,4,"Baru coba, semoga cocok",1746885854,11 bulan lalu,Default,True,Anonymous,0,False,False,
X Beauty 1 Paket Isi 6 Redjelly Day Peach,1449486061,5,Dh pket kdua love bgt sma ni produk,1746877035,11 bulan lalu,Default,True,Anonymous,0,True,False,
X Beauty 1 Paket Isi 6 Redjelly Day Peach,1449469643,5,Tunggu sampe 1 Minggu nanti balik lagi buat liat hasil nya cocok atau ngga nya,1746876821,11 bulan lalu,Default,True,Anonymous,0,False,False,
X Beauty 1 Paket Isi 6 Redjelly Day Peach,1449357872,5,Semoga cocok yg ini baru pertama kali beli soal nya,1746875407,11 bulan lalu,Default,True,Anonymous,0,True,False,
X Beauty 1 Paket Isi 6 Redjelly Day Peach,1445659431,5,Bismillah semoga cocok,1746810144,11 bulan lalu,Default,True,Anonymous,0,True,False,
X Beauty 1 Paket Isi 6 Redjelly Day Peach,1443856566,5,"Luarbiasa ,,bagus sesuai pesanan,,,amanah",1746784088,11 bulan lalu,Default,True,Anonymous,0,False,False,
X Beauty 1 Paket Isi 6 Redjelly Day Peach,1443164303,5,Bagus muka bersih cuman flek ny msh ad,1746740461,11 bulan lalu,Default,True,Anonymous,0,False,False,
X Beauty 1 Paket Isi 6 Redjelly Day Peach,1442500608,3,Terima kasih barangnya sudah datang,1746720941,11 bulan lalu,Default,True,Anonymous,0,True,False,
X Beauty 1 Paket Isi 6 Redjelly Day Peach,1442255629,3,Bagus baru pemakaian satu hari,1746716547,11 bulan lalu,Default,True,Anonymous,0,False,False,
X Beauty 1 Paket Isi 6 Redjelly Day Peach,1442066956,2,Baru nyoba night cream nya pas pagi muka langsung beruntusan kemerahan perih banget,1746712555,11 bulan lalu,Default,True,Anonymous,0,False,False,
X Beauty 1 Paket Isi 6 Redjelly Day Peach,1441790447,3,Aku ksih bintang 3 karna masih ragu ko beda dri yg ku beli sebelumnya,1746708115,11 bulan lalu,Default,True,Anonymous,0,False,False,
X Beauty 1 Paket Isi 6 Redjelly Day Peach,1441625675,4,Pketnya isinya lengkap gk ada yg kurang. Mntapp ws. 👍👍👍sukses trus buat tkonya,1746704044,11 bulan lalu,Default,True,Anonymous,0,False,False,
X Beauty 1 Paket Isi 6 Redjelly Day Peach,1441559387,1,Pengiriman sangat lambat,1746703240,11 bulan lalu,Default,True,Anonymous,0,False,False,
X Beauty 1 Paket Isi 6 Redjelly Day Peach,1439872878,5,Produk ini sangat bagus,1746643942,11 bulan lalu,Default,True,Anonymous,0,False,False,
X Beauty 1 Paket Isi 6 Redjelly Day Peach,1439655454,4,"Real pick
Bismillah semoga cocok di aku🤲🤩",1746637395,11 bulan lalu,Default,True,Anonymous,0,False,False,
X Beauty 1 Paket Isi 6 Redjelly Day Peach,1438837239,5,Crem nya wangi bngt😍,1746626324,11 bulan lalu,Default,True,Anonymous,0,True,False,
X Beauty 1 Paket Isi 6 Redjelly Day Peach,1437619244,4,Aman nyampai tujuan dengan selamat tapi agak ngeluh dikit ya ka ini night crime nya nyengat bngt mana ujung penyedot serum nya pecah kalo yang lain lain aman tapi ke nya aku gak bkl pake night crime nya lg deh soal nya mual2 terus tiap ke cium baunya mana agak pedis di wajah maaf yaka komentar jlk🙏,1746573778,11 bulan lalu,Default,True,Anonymous,0,True,False,
X Beauty 1 Paket Isi 6 Redjelly Day Peach,1437432713,5,Paket nya udah Dateng semoga cocok ya ☺️,1746566094,11 bulan lalu,Default,True,Anonymous,0,True,False,
X Beauty 1 Paket Isi 6 Redjelly Day Peach,1437358652,5,Pembelian ke 3🥰 sangat2 recomended untuk wajah kusam dan bekas jerawat❤️❤️❤️❤️,1746563063,11 bulan lalu,Default,True,Anonymous,0,False,False,
X Beauty 1 Paket Isi 6 Redjelly Day Peach,1437077729,5,"Baru mau nyoba semoga aja cocok ..
Before dulu afternya nyusul kalo udah ada perubahan😁",1746553724,11 bulan lalu,Default,True,Anonymous,0,True,False,
X Beauty 1 Paket Isi 6 Redjelly Day Peach,1436959134,5,thanks u banget red jellynya dapet 3😍moga cocok yaaa tar belanja lgi🥰🥰💓,1746550240,11 bulan lalu,Default,True,Anonymous,0,False,True,
X Beauty 1 Paket Isi 6 Redjelly Day Peach,1436147194,4,Semoga cocok,1746537167,11 bulan lalu,Default,True,Anonymous,0,True,False,
X Beauty 1 Paket Isi 6 Redjelly Day Peach,1435924716,5,Bagus,1746532072,11 bulan lalu,Default,True,Anonymous,0,False,False,
X Beauty 1 Paket Isi 6 Redjelly Day Peach,1435882794,5,Paket datang barang sesuai makasih kak,1746530884,11 bulan lalu,Default,True,Anonymous,0,False,False,
X Beauty 1 Paket Isi 6 Redjelly Day Peach,1435672910,5,Asli mantul bngt baru satu paket udh kelihatan glowing plus bersihh 😍🥰 next order lagi dech🥰,1746525398,11 bulan lalu,Default,True,Anonymous,0,True,False,
X Beauty 1 Paket Isi 6 Redjelly Day Peach,1435165749,5,Terimakasih💛barang nyampe tanpa kurang dan tidak cacat.. Semoga cocok💛,1746484072,11 bulan lalu,Default,True,Anonymous,0,True,False,
X Beauty 1 Paket Isi 6 Redjelly Day Peach,1434647548,5,"UDAH SAMPEE , AMAANN SEMUANYA PUAS BELANJA DISINIIII",1746466880,11 bulan lalu,,True,Anonymous,0,False,False,
X Beauty 1 Paket Isi 6 Redjelly Day Peach,1434636626,5,Semoga cocok,1746466463,11 bulan lalu,Default,True,Anonymous,0,True,False,
X Beauty 1 Paket Isi 6 Redjelly Day Peach,1434607336,5,Udah jalan paket k&#39;3 muka makin glowing... Pokoknya cream terthe best buat aQ.. 🥰🥰🥰🥰,1746465398,11 bulan lalu,Default,True,Anonymous,0,True,True,
X Beauty 1 Paket Isi 6 Redjelly Day Peach,1434336465,5,Bagus ada tasnya sekarang semoga ccok,1746458218,11 bulan lalu,Default,True,Anonymous,0,True,False,
X Beauty 1 Paket Isi 6 Redjelly Day Peach,1434006460,5,Pesenan sesuai baru mau coba mudah mudahan cocok hehe,1746453289,11 bulan lalu,Default,True,Anonymous,0,True,False,
X Beauty 1 Paket Isi 6 Redjelly Day Peach,1433889417,5,"paket aku udh nyampe, aku pesen dua paket dapat rad jelly nya 3 makasih min 
tokonya amanah",1746452028,11 bulan lalu,Default,True,Anonymous,0,False,False,
X Beauty 1 Paket Isi 6 Redjelly Day Peach,1433680431,5,bagus puolll apalagi day cream nya😭😭💖💖💖,1746449917,11 bulan lalu,Default,True,Anonymous,0,True,False,
X Beauty 1 Paket Isi 6 Redjelly Day Peach,1433578738,5,Paket dah sampai barangnya sesuai dan exp jga masih lama red jelly nya wangi cream nya lembut g lengket sama sekali semogah ajha cocok soalnya Bru nyoba dpat free tas. Cantik jadi bisa di bawa kemana-mana mksih seler dan kurirnya,1746447586,11 bulan lalu,Default,True,Anonymous,0,True,False,
X Beauty 1 Paket Isi 6 Redjelly Day Peach,1433485615,5,"Good
Bahan: Krim serum toner
Manfaat produk: Mencerahkan membersihkan wajah dari jerawat saya
Jenis kulit: Berjerawat oily skin",1746444510,11 bulan lalu,Default,True,Anonymous,0,True,False,
X Beauty 1 Paket Isi 6 Redjelly Day Peach,1433431862,4,"Maff Bru kasih ulasan
Bru pmakaian bbrpa hari jdi blum tau hsilnya
Buat kurirnya ramah",1746443650,11 bulan lalu,Default,True,Anonymous,0,False,False,
X Beauty 1 Paket Isi 6 Redjelly Day Peach,1433323895,5,Pesanan kesekian kalinya Alhamdulillah pengemasan bgs,1746442896,11 bulan lalu,Default,True,Anonymous,0,False,False,
X Beauty 1 Paket Isi 6 Redjelly Day Peach,1433124036,5,Mantap harga murce kumplit pula semoga cocok biar langganan,1746438641,11 bulan lalu,Default,True,Anonymous,0,False,False,
X Beauty 1 Paket Isi 6 Redjelly Day Peach,1432241197,5,"Barang udh sampe ,, pekingan ny rapi moga cocok d kulit aku yah biar bisa co lgi",1746376448,11 bulan lalu,Default,True,Anonymous,0,True,False,
X Beauty 1 Paket Isi 6 Redjelly Day Peach,1432066762,4,Red jelly nya tumpah² 🥲,1746369123,11 bulan lalu,Default,True,Anonymous,0,False,False,
X Beauty 1 Paket Isi 6 Redjelly Day Peach,1431817579,5,Good job mendarat dgn slamat smoga ccok,1746358692,11 bulan lalu,Default,True,Anonymous,0,False,False,
X Beauty 1 Paket Isi 6 Redjelly Day Peach,1431731473,5,"Bru pertama x pesan insya allah cocok di muka ku 

Pesan 2pket Alhamdulillah dpat bonus red jelly 1 dong😍😍",1746355095,11 bulan lalu,Default,True,Anonymous,0,True,False,
X Beauty 1 Paket Isi 6 Redjelly Day Peach,1431617264,5,"baru mau coba, moga cocok dimuka q☺",1746349756,11 bulan lalu,Default,True,Anonymous,0,False,False,
X Beauty 1 Paket Isi 6 Redjelly Day Peach,1430892695,5,Barangnya udah sampai semoga cocok sama kulitkuuuuuu❤,1746290028,11 bulan lalu,Default,True,Anonymous,0,True,False,
X Beauty 1 Paket Isi 6 Redjelly Day Peach,1430655371,5,"Pengiriman cepat satsett ,. Baik",1746285527,11 bulan lalu,Default,True,Anonymous,0,False,False,
X Beauty 1 Paket Isi 6 Redjelly Day Peach,1430557659,5,"Bahan: creamm
Mencerahkah kulit Baru pemakaian dua minggu udah cerah
Jenis kulit: Normal",1746282182,11 bulan lalu,,True,Anonymous,0,True,False,
X Beauty 1 Paket Isi 6 Redjelly Day Peach,1430523528,5,Mantul KK ..pakai 3 hari dah ada perubahan.. sedikit mengelupas . SMG bisa jadi langganan KK ..pokoknya GK kcwa,1746281092,11 bulan lalu,Default,True,Anonymous,0,False,False,
X Beauty 1 Paket Isi 6 Redjelly Day Peach,1430523495,5,sesuai pesanan pertama kali coba semoga cocok💗✨,1746281090,11 bulan lalu,Default,True,Anonymous,0,False,False,
X Beauty 1 Paket Isi 6 Redjelly Day Peach,1430349775,3,Krm siangnya banyakin isinya donk ko dkt amat ya,1746274906,11 bulan lalu,Default,True,Anonymous,0,False,False,
X Beauty 1 Paket Isi 6 Redjelly Day Peach,1430223923,5,Barang sangat bagus 🥰🥰🥰,1746271308,11 bulan lalu,Default,True,Anonymous,0,True,False,
X Beauty 1 Paket Isi 6 Redjelly Day Peach,1430199639,5,"Manfaat produk: Lembut dan ringan
Jenis kulit: Flek hitam",1746270734,11 bulan lalu,Default,True,Anonymous,0,False,False,
X Beauty 1 Paket Isi 6 Redjelly Day Peach,1429988409,5,Baru pertama kali semoga cocok yh,1746265010,11 bulan lalu,Default,True,Anonymous,0,True,False,
X Beauty 1 Paket Isi 6 Redjelly Day Peach,1429882809,5,Suka sama cream siang nya mudah di blend..terus. Kemasan nya juga cakep...mudah2n pke yang ini cocok😍😍😍,1746261850,11 bulan lalu,Default,True,Anonymous,0,False,False,
X Beauty 1 Paket Isi 6 Redjelly Day Peach,1429197474,5,Mantul.. Semoga cocok,1746218914,11 bulan lalu,Default,True,Anonymous,0,True,False,
X Beauty 1 Paket Isi 6 Redjelly Day Peach,1428996703,5,Paket ke 3x nya Dan alhamdulilah ccok,1746210448,11 bulan lalu,Default,True,Anonymous,0,False,False,
X Beauty 1 Paket Isi 6 Redjelly Day Peach,1428911672,5,sesuai,1746207361,11 bulan lalu,Default,True,Anonymous,0,False,False,
X Beauty 1 Paket Isi 6 Redjelly Day Peach,1428031031,4,Wangi,1746195641,11 bulan lalu,Default,True,Anonymous,0,True,False,
X Beauty 1 Paket Isi 6 Redjelly Day Peach,1427580485,5,👍👍👍,1746185962,11 bulan lalu,Default,True,Anonymous,0,True,False,
X Beauty 1 Paket Isi 6 Redjelly Day Peach,1427098098,5,Udah sekian kali ny pesan untuk kemasan sama semoga hasilnya memuaskan  pesan 2 paket platinum red jelly dibonusin 1 pcs  mksih seller untuk saat ini muka lbih cerahan kenyal cream ny jg wangi bgt,1746178905,11 bulan lalu,Default,True,Anonymous,0,False,False,
X Beauty 1 Paket Isi 6 Redjelly Day Peach,1427019081,5,"Paket nyah udah sampai kemarin maaf baru kasih ulasan,",1746176226,11 bulan lalu,Default,True,Anonymous,0,False,False,
X Beauty 1 Paket Isi 6 Redjelly Day Peach,1426532572,1,Serum bau fanili mana red jelly sampai ke tangan lengket warna merahnya,1746133728,11 bulan lalu,,True,Anonymous,0,True,False,
X Beauty 1 Paket Isi 6 Redjelly Day Peach,1426378809,5,"Pemakaian udah lebih 1 Minggu,tapi kok GK ada perobahan y..mungkin kurang cocok diwajahku.terkadang kn kalau tidak dicoba kita GK tau cocok atau tidak.bukan perkara harga y..memang soal kulit y beda2.",1746127168,11 bulan lalu,,True,Anonymous,0,False,False,
X Beauty 1 Paket Isi 6 Redjelly Day Peach,1426195804,5,"Alhamdulillah paketku mendarat dg baik dan sesuai. Makasih juga udh dikasih bonus. Untuk packinganya bagus rapi tidak ada kekurangan apapun. Masih mau nyoba skincare xbeauty ini,nanti aku balik lagi kalau dh ada hasil.
Bismillah smoga cocok ya :)",1746121148,11 bulan lalu,Default,True,Anonymous,0,True,False,
X Beauty 1 Paket Isi 6 Redjelly Day Peach,1425646848,5,paket sudah smpai.pemakain pertama semoga cocok...,1746108112,11 bulan lalu,Default,True,Anonymous,0,False,True,
X Beauty 1 Paket Isi 6 Redjelly Day Peach,1425590349,4,"Pesenan saya sudah sampai, 
Packaging barang bagus, aman,
Tapi pas buka red jelly nya, tutup nya ga rapet, jelly nya keluar semua, mana isi nya dikit bngt, blm jg di pake😭😭
Gimana mind, ga nyampe 1 minggu itu dah hbs😭😭 hhuhuuuu syedi, padahal uda eksaited nungguin produk ini smpe",1746105927,11 bulan lalu,Default,True,Anonymous,0,True,True,
X Beauty 1 Paket Isi 6 Redjelly Day Peach,1424964284,5,sudah sampai,1746095074,11 bulan lalu,Default,True,Anonymous,0,False,False,
X Beauty 1 Paket Isi 6 Redjelly Day Peach,1424882367,5,uda paket ke 3 bagus bgt💗🫶🏻,1746093111,11 bulan lalu,Default,True,Anonymous,0,False,False,
X Beauty 1 Paket Isi 6 Redjelly Day Peach,1424813433,5,bagus,1746089863,11 bulan lalu,,True,Anonymous,0,False,False,
X Beauty 1 Paket Isi 6 Redjelly Day Peach,1424594924,5,Bagus kata temen ku yg beli,1746083744,11 bulan lalu,Default,True,Anonymous,0,False,False,
X Beauty 1 Paket Isi 6 Redjelly Day Peach,1424465936,5,"Ini co yg ke 2x nya,cocok banget dimuka aku,udah makin glowing😍😍😍
Pengiriman nya juga cepat👍👍",1746059529,11 bulan lalu,Default,True,Anonymous,0,True,False,
X Beauty 1 Paket Isi 6 Redjelly Day Peach,1423891036,1,"Sumpah bikin kusam d wajah,,,",1746039434,11 bulan lalu,,True,Anonymous,0,False,False,
X Beauty 1 Paket Isi 6 Redjelly Day Peach,1422170883,5,"Paket sdh sampai , semoga cocok",1746019758,11 bulan lalu,Default,True,Anonymous,0,False,False,
X Beauty 1 Paket Isi 6 Redjelly Day Peach,1421407471,5,Bagus creamnya mencerahkan ini aku pemakaian 12 hari udh ada hasil lumayan cerah cuman di aku keluar jerawat di area dahi dan sabun nya aku ganti pakai sabun pepaya biar jerawat nya kepes dan tdk membekas.,1746009801,11 bulan lalu,,True,Anonymous,0,True,False,
X Beauty 1 Paket Isi 6 Redjelly Day Peach,1421142165,1,"okey gys riview jujur dari aku,muka ku setelah pake ini jadi kering sakit,pas 2 hari gapake timbul jerawat dan merah&#34;korban nya banyak bukan aku doang temen aku pun korban nya malah dia nyuruh ke aku minta ganti rugi karena muka nya jerawatan,tapi tiap kami komen bilangnya itu purging lanjut di bawh",1746005913,11 bulan lalu,,True,Anonymous,0,True,False,
X Beauty 1 Paket Isi 6 Redjelly Day Peach,1420962171,5,"Maaf sy ganti komenannya, skrg sy komen sambil tunjukin hasil pemakaian dari produk x_beauty alhamdulillah glowing dan makin cerah apalagi bekas jerawat hilang meskipun harus sedikit ekstra sabar😂 itu hasil setelah pemakaian produk nya 
NO EFEK 🥰🥰😍😍
Next order lagi😋",1746003761,11 bulan lalu,Default,True,Anonymous,0,True,False,
X Beauty 1 Paket Isi 6 Redjelly Day Peach,1420350661,5,Bgus packingan nya thankyou kak udh kasih tas💓💓,1745974320,11 bulan lalu,Default,True,Anonymous,0,True,False,
X Beauty 1 Paket Isi 6 Redjelly Day Peach,1420060608,5,Sangat² bagus dan Teksturny jg bagus,1745960214,11 bulan lalu,Default,True,Anonymous,0,False,False,
X Beauty 1 Paket Isi 6 Redjelly Day Peach,1419885519,5,🥰🥰🥰,1745954002,11 bulan lalu,Default,True,Anonymous,0,False,False,
X Beauty 1 Paket Isi 6 Redjelly Day Peach,1418687547,5,Bguss,1745928913,11 bulan lalu,,True,Anonymous,0,False,False,
X Beauty 1 Paket Isi 6 Redjelly Day Peach,1418343742,5,Semoga cock,1745926514,11 bulan lalu,Default,True,Anonymous,0,True,False,
X Beauty 1 Paket Isi 6 Redjelly Day Peach,1417623569,5,Sangat memuaskan isi 6 paket😍😍😍semoga sya cocok,1745921835,11 bulan lalu,Default,True,Anonymous,0,True,False,
X Beauty 1 Paket Isi 6 Redjelly Day Peach,1416221809,5,Baru sampe pengiriman lumayan cepet.. Harga murah smoga ori hasil bagus biar langganan... Cuma bingung cara pake red jelly nya di pake buat siang apa mlm terus sebelum apa setelah krim🤭,1745865543,12 bulan lalu,Default,True,Anonymous,0,True,False,
X Beauty 1 Paket Isi 6 Redjelly Day Peach,1415049916,5,Mkasih kak udh DTG paketnya,1745840236,12 bulan lalu,,True,Anonymous,0,True,False,
X Beauty 1 Paket Isi 6 Redjelly Day Peach,1413661071,1,"sumpah ya baru kali ini ganti skincare ga cocok bgt dimuka malah tambahh kering +mengelupas+perih+panas dimuka jujur ini kecewa bngtt gwww,baru juga pemakaian 2 hari udh ga cocok d muka gww ini,pdhl muka gw ini tipe normal taoi gw pke skincare ini malah jadi ruusakkk mnaa perihhhh bgttt muka keringg",1745829063,12 bulan lalu,,True,Anonymous,0,True,False,
X Beauty 1 Paket Isi 6 Redjelly Day Peach,1413104203,4,"Belum saya coba mudah2an cream nya cocok.. Klo cocok bakal langganan.. Maaf saya kasih bintang 4 karena cream yg platinum glow nya serum nya penyok &amp; bleber kmna2. 
Sebenarnya capek bngt sering gonta-ganti cream yg mahal &amp; murah semuanya gak ada yg cocok, mungkin karena efek kb kali ya. Mudah2an",1745787645,12 bulan lalu,Default,True,Anonymous,0,True,False,
X Beauty 1 Paket Isi 6 Redjelly Day Peach,1413097409,4,Belum di coba produk cream rangkaian dari X-beauty nya mudah2an cocok.. Soalnya capek saya gonta-ganti produk mulu. Apa karena efek kb kali ya jdi susah glowing. Tapi mudah2an pake ini saya cocok biar bisa order lagi. Maaf saya kasih bintang 4 karena pesan yg paket platinum glow nya toner nya penyok,1745787324,12 bulan lalu,Default,True,Anonymous,0,True,False,
X Beauty 1 Paket Isi 6 Redjelly Day Peach,1413083536,5,"Maasyaallah produk bagus 👍 cocok untuk semua jenis kulit sabun pencuci mukanya wangi melati,, paking rapih pokonya the best 👍💯 insyaallah jadi langganan semoga harga tetap terjangkau hehe
Jenis kulit: Kusam, berutusan",1745786501,12 bulan lalu,,True,Anonymous,0,False,False,
X Beauty 1 Paket Isi 6 Redjelly Day Peach,1412997541,5,Belum di coba semoga cocok,1745782127,12 bulan lalu,Default,True,Anonymous,0,False,False,
X Beauty 1 Paket Isi 6 Redjelly Day Peach,1412725143,5,"Trimakasih cocok di aku,baru pertama kali pake,Uda keliatan hasilnya ❣️❣️",1745771180,12 bulan lalu,,True,Anonymous,0,False,False,
X Beauty 1 Paket Isi 6 Redjelly Day Peach,1412526839,1,"Blum ada perubahan ,sudah satu Minggu . Mungkin di wajah saya GX ccok",1745762854,12 bulan lalu,,True,Anonymous,0,False,False,
X Beauty 1 Paket Isi 6 Redjelly Day Peach,1412437567,4,Barang nya dh sampe pekingannya aman bnget semoga aja cocok di aku,1745759041,12 bulan lalu,,True,Anonymous,0,True,False,
X Beauty 1 Paket Isi 6 Redjelly Day Peach,1412346579,5,baru mau coba semoga cocok,1745755056,12 bulan lalu,Default,True,Anonymous,0,True,False,
X Beauty 1 Paket Isi 6 Redjelly Day Peach,1412322052,4,"aku kasi rating 4 dulu ya ntar kalo ada hasil aku rating lagiii, sumpahh skincare nya bagus bgt sukakkk sm day cream nya yg peach mudah di blend bkin glow jugaa💕💕",1745754278,12 bulan lalu,,True,Anonymous,0,False,False,
X Beauty 1 Paket Isi 6 Redjelly Day Peach,1412249778,5,Baru nyoba mudah2an cocok,1745751545,12 bulan lalu,Default,True,Anonymous,0,True,False,
X Beauty 1 Paket Isi 6 Redjelly Day Peach,1411941084,5,Bagusss sekali cocok untuk semuaa jeniss kulit.pemakaian baru 2 hari muka ak udah terasa cocok jerawat mulai mudarrr memang sengaruh ituu ke muka ak,1745741653,12 bulan lalu,,True,Anonymous,0,True,False,
X Beauty 1 Paket Isi 6 Redjelly Day Peach,1411543800,2,d akunya ngk cocok bikin perih sama nglupas,1745703590,12 bulan lalu,,True,Anonymous,0,False,False,
X Beauty 1 Paket Isi 6 Redjelly Day Peach,1409357848,5,"ih bagusss banget si di akuuu, muka aku jadi bersihan terus makin cerah jugaaa. btw aku habiss cm 1 paket tapi hasilnya uda sebaguss ini, pelayanan jugaa amann. adminnya jugaa bertanggung jawab kalo ada masalah, jangan ragu deh buat beli disini ‼️‼️",1745663210,12 bulan lalu,,True,Anonymous,0,True,False,
X Beauty 1 Paket Isi 6 Redjelly Day Peach,1408981513,3,Pket sdh sampai.semoga isi nya tdk mengecewakan dan swmoga cocok,1745658907,12 bulan lalu,,True,Anonymous,0,True,False,
X Beauty 1 Paket Isi 6 Redjelly Day Peach,1408082621,3,"Pengiriman baik, aman, sesuai expnya 2026, syangnya diaku udah hampir 1 minggu belum ada perubahan, sedikit bikin kering juga malahan dimuka aku",1745619383,12 bulan lalu,,True,Anonymous,0,False,False,
X Beauty 1 Paket Isi 6 Redjelly Day Peach,1407401866,5,Paket yg kedua Alhamdulillah ada perubahan muka jadi glow,1745602729,12 bulan lalu,,True,Anonymous,0,False,False,
X Beauty 1 Paket Isi 6 Redjelly Day Peach,1407357320,5,pengiriman cepat,1745602247,12 bulan lalu,,True,Anonymous,0,False,False,
X Beauty 1 Paket Isi 6 Redjelly Day Peach,1405274614,5,Semoga cocok,1745586119,12 bulan lalu,,True,Anonymous,0,False,False,
X Beauty 1 Paket Isi 6 Redjelly Day Peach,1405253750,5,"sudah 2 kali saya belanja di toko ini
Pelayanan nya bagus barang nya bagus 
Dan toko nya selalu amanah
Terimakasih yahhh
Tetap selalu amanah yah😊
Pokoknya bakal berlangganan disini🥰🥰",1745585776,12 bulan lalu,,True,Anonymous,0,True,False,
X Beauty 1 Paket Isi 6 Redjelly Day Peach,1404940250,5,Makasih bonus red jelly nya🥰,1745583077,12 bulan lalu,,True,Anonymous,0,True,False,
X Beauty 1 Paket Isi 6 Redjelly Day Peach,1402964223,5,Alhamdulillah paket sudah mendarat dg slamat...mkash kurirnya cepat dan ramah...moga cocok dan bisa langganan ya KK🙏🙏,1745522648,12 bulan lalu,,True,Anonymous,0,True,False,
X Beauty 1 Paket Isi 6 Redjelly Day Peach,1401446779,5,Baguss semoga cocok,1745501323,12 bulan lalu,,True,Anonymous,0,False,False,
X Beauty 1 Paket Isi 6 Redjelly Day Peach,1401412995,5,suka sama produknya ngaruh banget di aku,1745500499,12 bulan lalu,,True,Anonymous,0,False,False,
X Beauty 1 Paket Isi 6 Redjelly Day Peach,1400373564,5,Semoga cocok yah,1745487795,12 bulan lalu,,True,Anonymous,0,False,False,
X Beauty 1 Paket Isi 6 Redjelly Day Peach,1399220827,5,bau krimnya bener2 wangi semua..mudah2an cocok pake ini,1745437869,Lebih dari 1 tahun lalu,Day peach,True,Anonymous,0,False,False,
X Beauty 1 Paket Isi 6 Redjelly Day Peach,1399170890,4,"Pekinganya bagus rapih, cmn tonernya kaya air biasa ajh, tpi ya 👍👍👍",1745436187,Lebih dari 1 tahun lalu,,True,Anonymous,0,False,False,
X Beauty 1 Paket Isi 6 Redjelly Day Peach,1397218747,5,Paketnya sdh d Terima semoga aja cocok...,1745407361,Lebih dari 1 tahun lalu,Day pink,True,Anonymous,0,False,False,
X Beauty 1 Paket Isi 6 Redjelly Day Peach,1393934141,5,"Makasih skinkerku udah datang
Sesuai pesanan,pengemasan sangat rapi
Dan dpt bonus red jel",1745394085,Lebih dari 1 tahun lalu,,True,Anonymous,0,True,False,
X Beauty 1 Paket Isi 6 Redjelly Day Peach,1393593914,5,"Mantul pokonya .mf baru ngasih ulasan ..
Nyoba dulu ..baru seminggu udh ada prubahan",1745362374,Lebih dari 1 tahun lalu,,True,Anonymous,0,False,False,
X Beauty 1 Paket Isi 6 Redjelly Day Peach,1393441665,1,"Hey kok di blok takut nya, aku kan cuman nanyain ko pas paket produk ini jadi beruntusan aja, Jangan ada korban lagi nya selain aku aku yang awalnya muka bersin jadi beruntusan",1745354128,Lebih dari 1 tahun lalu,,True,Anonymous,0,False,False,
X Beauty 1 Paket Isi 6 Redjelly Day Peach,1393214064,4,"Baru coba, semoga cocok",1745346342,Lebih dari 1 tahun lalu,,True,Anonymous,0,True,False,
X Beauty 1 Paket Isi 6 Redjelly Day Peach,1392082343,5,Bagus sesuai...TPI coba dulu klo ccok beli lgi,1745331121,Lebih dari 1 tahun lalu,,True,Anonymous,0,False,False,
X Beauty 1 Paket Isi 6 Redjelly Day Peach,1391843046,4,"Paket nya udh nyampe,brg nya lengkap ngk ada kekurangan satu pun tp syg nya ngk dpt pouch nya.tp ggp ☺️ smga aja cream nya cck dimuka aq.mksh 👍☺️",1745325882,Lebih dari 1 tahun lalu,Day peach,True,Anonymous,0,True,False,
X Beauty 1 Paket Isi 6 Redjelly Day Peach,1391043761,4,"Baru coba ,semoga ccok",1745315828,Lebih dari 1 tahun lalu,Day pink,True,Anonymous,0,False,False,
X Beauty 1 Paket Isi 6 Redjelly Day Peach,1390492205,4,Ringan di wajah.. Semoga cocok ini bru prtama kali coba,1745281898,Lebih dari 1 tahun lalu,,True,Anonymous,0,False,False,
X Beauty 1 Paket Isi 6 Redjelly Day Peach,1390230795,5,Blm di coba dn semoga cocok biar bisa co lg...,1745263818,Lebih dari 1 tahun lalu,Day peach,True,Anonymous,0,False,False,
X Beauty 1 Paket Isi 6 Redjelly Day Peach,1389461531,1,Saran saya isi nya jangan si ubah&#34; Krn saya udah lama makek ccok tapi dua kali order ini kok beda banget mulai dari serum nya warna nya budar dan sabun nya bau nya tengek,1745245234,Lebih dari 1 tahun lalu,Day pink,True,Anonymous,0,False,False,
X Beauty 1 Paket Isi 6 Redjelly Day Peach,1389349079,5,"Sesuai pesenan ,  packing rapi tidak ada yang tumpah sama sekali ,


Bismillah , agak gatal sih  apa efeknya kali ya. baru pertama  kali ini Maw coba semoga cocok dimuka Q ,kalau cocok bakal order lagi  .👍",1745243760,Lebih dari 1 tahun lalu,Day pink,True,Anonymous,0,False,False,
X Beauty 1 Paket Isi 6 Redjelly Day Peach,1389032261,5,Alhamdulillah paket sampai dengan selamat produk keadaan baik,1745235856,Lebih dari 1 tahun lalu,,True,Anonymous,0,True,False,
X Beauty 1 Paket Isi 6 Redjelly Day Peach,1386352572,5,"Sesuai pesanan, first time pakai skincare ini semoga cocok kalo cocok bakal langganan deh 💋",1745148970,Lebih dari 1 tahun lalu,Day peach,True,Anonymous,0,True,False,
X Beauty 1 Paket Isi 6 Redjelly Day Peach,1386282886,5,Bagus bikin cerah tpi agak gk suka sama day crime nya agak kya bedempul gtu sih night crime nya bgus klo pagi buka lebih cerah btw jerawat ku juga agak kempes sblm pake skincare ini jerawat ku gede² skrng baru pake night sama day crime nya be kempes jerawat nya,1745145852,Lebih dari 1 tahun lalu,,True,Anonymous,1,True,False,
X Beauty 1 Paket Isi 6 Redjelly Day Peach,1386259700,5,"Bag nya GK ad kk,mgkin Admin lupa y
Cream nya makin harum lembut😍😍😍",1745145194,Lebih dari 1 tahun lalu,,True,Anonymous,0,False,False,
X Beauty 1 Paket Isi 6 Redjelly Day Peach,1386139050,5,mudahan cocok,1745138308,Lebih dari 1 tahun lalu,Day peach,True,Anonymous,0,True,False,
X Beauty 1 Paket Isi 6 Redjelly Day Peach,1386111289,5,"Paket bagus
Packingan rapi
Scincare bpom
Nyamn di pakai
Harga juga bersahabat",1745136511,Lebih dari 1 tahun lalu,,True,Anonymous,0,False,True,
X Beauty 1 Paket Isi 6 Redjelly Day Peach,1386045279,5,"Paket nya udh sampe, dan baru mau nyoba pake semoga cocok ya biar jdi langganan",1745128276,Lebih dari 1 tahun lalu,,True,Anonymous,0,True,False,
X Beauty 1 Paket Isi 6 Redjelly Day Peach,1386012398,5,bagus tpi aku boros dinight cream hehe 🥰,1745116392,Lebih dari 1 tahun lalu,,True,Anonymous,0,True,False,
X Beauty 1 Paket Isi 6 Redjelly Day Peach,1385930369,3,Blom tau cocok apa ngga nya ya kk soalnya dari awal datang sampe sekarang d kulit aku masih biasa biasa ajah..masih tetap kusam.,1745102095,Lebih dari 1 tahun lalu,,True,Anonymous,0,False,False,
X Beauty 1 Paket Isi 6 Redjelly Day Peach,1385888121,5,Baru make semoga cocok,1745098880,Lebih dari 1 tahun lalu,,True,Anonymous,0,False,False,
X Beauty 1 Paket Isi 6 Redjelly Day Peach,1385645309,3,"Maaf ya kak baru kasih ulasan, bagus sih ngilangin komedo aku sama pori² jadi kecil padahal aku baru make ke maren MLM ,tapi bikin beruntusan parah  besar² 😭
Padahal aku suka banget sama skincare nya, mungkin emang gk cocok di muka aku, skincare kan emang cocok² an tergantung muka kita🥲",1745089063,Lebih dari 1 tahun lalu,,True,Anonymous,0,True,False,
X Beauty 1 Paket Isi 6 Redjelly Day Peach,1385464551,5,"Asliii gakkk nyesel gueee sesukaaa ituu woyyy, ini after 4 hari pemakaian semoga gw bisa terus konsisten buat pakai krimmnyaa🥰🥰🥰🥰",1745083037,Lebih dari 1 tahun lalu,,True,Anonymous,0,True,False,
X Beauty 1 Paket Isi 6 Redjelly Day Peach,1385424750,5,Beneran isi 6,1745082736,Lebih dari 1 tahun lalu,,True,Anonymous,0,False,False,
X Beauty 1 Paket Isi 6 Redjelly Day Peach,1385273210,5,Very good,1745081708,Lebih dari 1 tahun lalu,,True,Anonymous,0,False,False,
X Beauty 1 Paket Isi 6 Redjelly Day Peach,1384363336,4,"Baru sampai, semoga cocok",1745070617,Lebih dari 1 tahun lalu,Day peach,True,Anonymous,0,True,False,
X Beauty 1 Paket Isi 6 Redjelly Day Peach,1383540828,5,Semoga bisa langganan dikulitku yah,1745057466,Lebih dari 1 tahun lalu,,True,Anonymous,0,True,False,
X Beauty 1 Paket Isi 6 Redjelly Day Peach,1383081008,5,"Walau Bru pertama kali pemakaian saya sangat puas Deng produknya, semoga cocok",1745052062,Lebih dari 1 tahun lalu,,True,Anonymous,0,False,False,
X Beauty 1 Paket Isi 6 Redjelly Day Peach,1382667027,5,"Alhamdulillah Mukaku udah Glowing Dan Lebih Cerahan ,🥰🥰🥰",1745008941,Lebih dari 1 tahun lalu,,True,Anonymous,0,False,False,
X Beauty 1 Paket Isi 6 Redjelly Day Peach,1382393503,5,"Masih pertama pake,,bagus sih produk nya semua terisi penuh ga pelit",1745000594,Lebih dari 1 tahun lalu,,True,Anonymous,0,False,False,
X Beauty 1 Paket Isi 6 Redjelly Day Peach,1382376088,5,Mantap,1744999976,Lebih dari 1 tahun lalu,,True,Anonymous,0,False,False,
X Beauty 1 Paket Isi 6 Redjelly Day Peach,1382304302,5,Muga aja cocok,1744997648,Lebih dari 1 tahun lalu,,True,Anonymous,0,False,False,
X Beauty 1 Paket Isi 6 Redjelly Day Peach,1382107107,4,Sya kasih bintang 4 dulu yah karena baru mau di coba,1744994724,Lebih dari 1 tahun lalu,,True,Anonymous,0,True,False,
X Beauty 1 Paket Isi 6 Redjelly Day Peach,1382025413,5,Alhamdulillah flek di muka udah aga memudar,1744992352,Lebih dari 1 tahun lalu,,True,Anonymous,0,False,False,
X Beauty 1 Paket Isi 6 Redjelly Day Peach,1381478241,5,Udah smpe dan sesui 🙂,1744984287,Lebih dari 1 tahun lalu,Day peach,True,Anonymous,0,False,False,
X Beauty 1 Paket Isi 6 Redjelly Day Peach,1381119794,1,muka aku jadi kusem pruntusan gk glowing😭😭😭,1744980169,Lebih dari 1 tahun lalu,,True,Anonymous,0,False,False,
X Beauty 1 Paket Isi 6 Redjelly Day Peach,1381002352,3,Paket nya dah smpai semoga cocok dan bisa JD berlanganan,1744976937,Lebih dari 1 tahun lalu,,True,Anonymous,0,False,False,
X Beauty 1 Paket Isi 6 Redjelly Day Peach,1380713538,5,Smoga sya cocok,1744972396,Lebih dari 1 tahun lalu,,True,Anonymous,0,False,False,
X Beauty 1 Paket Isi 6 Redjelly Day Peach,1380324712,4,Semoga ngaruh di kulitku,1744961945,Lebih dari 1 tahun lalu,,True,Anonymous,0,True,False,
X Beauty 1 Paket Isi 6 Redjelly Day Peach,1379918940,5,Moga aja cck di kulit aku,1744933006,Lebih dari 1 tahun lalu,,True,Anonymous,0,False,False,
X Beauty 1 Paket Isi 6 Redjelly Day Peach,1379748631,3,"Produk suda sampai kk,,mau coba dulu nanti KLO emang bagus kita kasih review🤗",1744925247,Lebih dari 1 tahun lalu,,True,Anonymous,0,False,False,
X Beauty 1 Paket Isi 6 Redjelly Day Peach,1379388286,5,Sangat cocok pke krim ini,1744916922,Lebih dari 1 tahun lalu,,True,Anonymous,0,False,False,
X Beauty 1 Paket Isi 6 Redjelly Day Peach,1379305069,4,"Baru sampai semoga cocok,kalo cocok bakal reapeet order",1744915549,Lebih dari 1 tahun lalu,,True,Anonymous,0,False,False,
X Beauty 1 Paket Isi 6 Redjelly Day Peach,1377729094,4,Kasih 4 dulu bintang nya klau cocok kasih ulasan 20 😁,1744895743,Lebih dari 1 tahun lalu,,True,Anonymous,0,True,False,
X Beauty 1 Paket Isi 6 Redjelly Day Peach,1377460682,5,"Alhamdulillah barang nya sesuai pesanan, semoga cocok di saya",1744891578,Lebih dari 1 tahun lalu,,True,Anonymous,0,False,False,
X Beauty 1 Paket Isi 6 Redjelly Day Peach,1376023400,5,Bagus banget,1744884727,Lebih dari 1 tahun lalu,Day peach,True,Anonymous,0,False,False,
X Beauty 1 Paket Isi 6 Redjelly Day Peach,1375439554,5,Sesuai,1744879336,Lebih dari 1 tahun lalu,,True,Anonymous,0,False,False,
X Beauty 1 Paket Isi 6 Redjelly Day Peach,1375294409,5,"Sampai dengan selamat di kemas dengan rapiihhh makasiiiii...,.",1744868903,Lebih dari 1 tahun lalu,,True,Anonymous,0,True,False,
X Beauty 1 Paket Isi 6 Redjelly Day Peach,1375138330,1,"Bintang satu soalnya pas nyoba serum nya kaya pake pewarna di tetesin di muka ada bekas tetesan serum Pink&#34; Nyaa, ANEHHHHHH🤦‍♂️",1744845106,Lebih dari 1 tahun lalu,,True,Anonymous,0,True,False,
X Beauty 1 Paket Isi 6 Redjelly Day Peach,1375065862,5,Best👍🏻,1744840749,Lebih dari 1 tahun lalu,,True,Anonymous,0,False,False,
X Beauty 1 Paket Isi 6 Redjelly Day Peach,1375058741,5,"Baru pertama kali coba,, mudah&#34;an cocok biar jadi langganan 🙏🏻",1744840244,Lebih dari 1 tahun lalu,,True,Anonymous,0,True,False,
X Beauty 1 Paket Isi 6 Redjelly Day Peach,1374469676,5,Terima kasih paket&#39;y sudah datang .bau nya enak harum .ringan juga ke muka .semoga aku ccok . next order lagi .,1744821414,Lebih dari 1 tahun lalu,,True,Anonymous,0,True,False,
X Beauty 1 Paket Isi 6 Redjelly Day Peach,1374181062,5,"Baru nyampe,semoga cocok
Terimakasih ownernya udh ngasih bonus red jelly nya 1😍kalo cocok Nanti bakalan langganan disini",1744817400,Lebih dari 1 tahun lalu,,True,Anonymous,0,True,False,
X Beauty 1 Paket Isi 6 Redjelly Day Peach,1373772049,5,Baru coba mudamudahan cocok,1744815327,Lebih dari 1 tahun lalu,,True,Anonymous,0,True,False,
X Beauty 1 Paket Isi 6 Redjelly Day Peach,1373516450,5,Gak nyampe 100k udah dapat 5item wort it bangettt .......,1744812517,Lebih dari 1 tahun lalu,,True,Anonymous,0,True,False,
X Beauty 1 Paket Isi 6 Redjelly Day Peach,1373161237,3,knp dipakai panas ya kek bener bener panas bngt perih gmn sih produk ny ini,1744807722,Lebih dari 1 tahun lalu,,True,Anonymous,0,False,False,
X Beauty 1 Paket Isi 6 Redjelly Day Peach,1373154671,5,Alhamdulillah barangnya sudah nyampek🥰🥰🥰 semoga aja cocok,1744807442,Lebih dari 1 tahun lalu,,True,Anonymous,0,True,False,
X Beauty 1 Paket Isi 6 Redjelly Day Peach,1373139706,4,Baru dicoba,1744807051,Lebih dari 1 tahun lalu,,True,Anonymous,0,False,False,
X Beauty 1 Paket Isi 6 Redjelly Day Peach,1372273699,3,Ihhh bagus banget kak baru nyampek kemarin ku coba day cream nya asli mantul makin kena keringat makin glowing lohh,1744794740,Lebih dari 1 tahun lalu,,True,Anonymous,0,True,False,
X Beauty 1 Paket Isi 6 Redjelly Day Peach,1370959070,5,Baik,1744735993,Lebih dari 1 tahun lalu,,True,Anonymous,0,False,False,
X Beauty 1 Paket Isi 6 Redjelly Day Peach,1370912465,5,"mantap, next bkl bli lg semoga cocok 😘😘",1744735009,Lebih dari 1 tahun lalu,,True,Anonymous,0,True,False,
X Beauty 1 Paket Isi 6 Redjelly Day Peach,1370652894,4,Paket nya sudah sampai semoga cocok dimuka ku,1744730807,Lebih dari 1 tahun lalu,,True,Anonymous,0,True,False,
X Beauty 1 Paket Isi 6 Redjelly Day Peach,1368980872,5,"Thanks you ak pelanggan setia ak pake ini bner bner ccok bulan kmaren sempet brhenti 1 bln krna ekonomi 😂🤭mulai lgi rutin pengirimannya cpet, kk ktny ak mau di kasih bonus  tepatin donk janjiny",1744710044,Lebih dari 1 tahun lalu,,True,Anonymous,0,True,False,
X Beauty 1 Paket Isi 6 Redjelly Day Peach,1368579043,5,puas bnget dapat bonus sabun sama red jely nya lagi 🥰🥰,1744704782,Lebih dari 1 tahun lalu,,True,Anonymous,0,True,False,
X Beauty 1 Paket Isi 6 Redjelly Day Peach,1367958310,3,"Udah pke 5 hari ko gak ada reaksi ya malah jdi kusam ,tapi liat komen orang lain pada ngelupas kulitnya",1744657486,Lebih dari 1 tahun lalu,1pkt isi 6 day pink new,True,Anonymous,0,False,False,
X Beauty 1 Paket Isi 6 Redjelly Day Peach,1367742218,1,palsu,1744652512,Lebih dari 1 tahun lalu,1pkt isi 6 day pink new,True,Anonymous,0,False,False,
X Beauty 1 Paket Isi 6 Redjelly Day Peach,1367081391,4,Paketnya SDH tiba maksih,1744639126,Lebih dari 1 tahun lalu,1pkt isi 6 day pink new,True,Anonymous,0,True,False,
X Beauty 1 Paket Isi 6 Redjelly Day Peach,1366884971,5,Bagus banget aku suka❤,1744635945,Lebih dari 1 tahun lalu,1pkt isi 6 day pink new,True,Anonymous,0,True,False,
X Beauty 1 Paket Isi 6 Redjelly Day Peach,1366066860,5,Reall,1744622284,Lebih dari 1 tahun lalu,1pkt isi 6 day pink new,True,Anonymous,0,True,False,
X Beauty 1 Paket Isi 6 Redjelly Day Peach,1365251491,4,Blum coba,1744575167,Lebih dari 1 tahun lalu,1pkt isi 6 day pink new,True,Anonymous,0,False,False,
X Beauty 1 Paket Isi 6 Redjelly Day Peach,1365176208,5,Bagus,1744571726,Lebih dari 1 tahun lalu,1pkt isi 6 day pink new,True,Anonymous,0,False,False,
X Beauty 1 Paket Isi 6 Redjelly Day Peach,1365128362,5,baru coba semoga cocok,1744569736,Lebih dari 1 tahun lalu,1pkt isi 6 day pink new,True,Anonymous,0,False,False,
X Beauty 1 Paket Isi 6 Redjelly Day Peach,1365006349,5,Bagus sekali👍👍,1744565689,Lebih dari 1 tahun lalu,1pkt isi 6 day pink new,True,Anonymous,0,True,False,
X Beauty 1 Paket Isi 6 Redjelly Day Peach,1364848907,4,Paket ny udh smpe tpi gg ad serum ny... Isi ny cma 5... Mau tnya klo yg day cream ny pink ini aman kah,1744559123,Lebih dari 1 tahun lalu,1pkt isi 6 day pink new,True,Anonymous,0,True,False,
X Beauty 1 Paket Isi 6 Redjelly Day Peach,1364667113,5,Sumpah bagus banget awal nya ragu karna muka ngelupas TPI aku tetap lanjut tij makena Alhamdulillah jadi glowing deh😋🫰🏻♥️♥️♥️♥️♥️,1744552089,Lebih dari 1 tahun lalu,1pkt isi 6 day pink new,True,Anonymous,0,True,False,
X Beauty 1 Paket Isi 6 Redjelly Day Peach,1364622410,5,Bagus,1744550355,Lebih dari 1 tahun lalu,1pkt isi 6 day pink new,True,Anonymous,0,True,False,
X Beauty 1 Paket Isi 6 Redjelly Day Peach,1364016253,5,"Baru nyoba ,, smoga ad hasil ntar balik lagi 🥰🥰",1744499840,Lebih dari 1 tahun lalu,1pkt isi 6 day pink new,True,Anonymous,0,True,False,
X Beauty 1 Paket Isi 6 Redjelly Day Peach,1363937979,5,"Maaf baru kasih ulasan, karna mau tau dulu gimana, ternyata bagus banget, cocok di kulit ku, bersih nya berangsur yah, tidak instan mantap pokok nya👍",1744496095,Lebih dari 1 tahun lalu,1pkt isi 6 day pink new,True,Anonymous,0,False,False,
X Beauty 1 Paket Isi 6 Redjelly Day Peach,1363805800,3,Baik,1744491186,Lebih dari 1 tahun lalu,1pkt isi 6 day pink new,True,Anonymous,0,False,False,
X Beauty 1 Paket Isi 6 Redjelly Day Peach,1363798612,4,Bagus serum nya lebih gede ukuran ny dri seblum ny,1744490783,Lebih dari 1 tahun lalu,1pkt isi 6 day pink new,True,Anonymous,0,True,False,
X Beauty 1 Paket Isi 6 Redjelly Day Peach,1363770934,4,Bintang gini dulu baru dicoba,1744489492,Lebih dari 1 tahun lalu,1pkt isi 6 day pink new,True,Anonymous,0,False,False,
X Beauty 1 Paket Isi 6 Redjelly Day Peach,1363613120,5,Beli yg ke 3x nya dan alhamdulilah ccok,1744483919,Lebih dari 1 tahun lalu,1pkt isi 6 day pink new,True,Anonymous,0,False,False,
X Beauty 1 Paket Isi 6 Redjelly Day Peach,1363442012,2,Pertama nyoba,1744478326,Lebih dari 1 tahun lalu,1pkt isi 6 day pink new,True,Anonymous,0,True,False,
X Beauty 1 Paket Isi 6 Redjelly Day Peach,1363428862,4,Blm coba smoga ccok,1744477845,Lebih dari 1 tahun lalu,1pkt isi 6 day pink new,True,Anonymous,0,False,False,
X Beauty 1 Paket Isi 6 Redjelly Day Peach,1363331967,5,"datangnya cepet respon resellernya juga baik,isinnya aman gada lecet satu pun blom aku coba semoga cocok",1744477170,Lebih dari 1 tahun lalu,1pkt isi 6 day pink new,True,Anonymous,0,False,False,
X Beauty 1 Paket Isi 6 Redjelly Day Peach,1363309799,4,Kak baunya kok beda dri sblm nya aku beli?,1744476423,Lebih dari 1 tahun lalu,1pkt isi 6 day pink new,True,Anonymous,0,False,False,
X Beauty 1 Paket Isi 6 Redjelly Day Peach,1363279592,5,Krim nya sudh sampe,1744475278,Lebih dari 1 tahun lalu,1pkt isi 6 day pink new,True,Anonymous,0,True,False,
X Beauty 1 Paket Isi 6 Redjelly Day Peach,1363221291,5,wah worith bngt si❤️❤️,1744473370,Lebih dari 1 tahun lalu,1pkt isi 6 day pink new,True,Anonymous,0,False,False,
X Beauty 1 Paket Isi 6 Redjelly Day Peach,1363080475,5,Smoga cocok d muka aku,1744468626,Lebih dari 1 tahun lalu,1pkt isi 6 day pink new,True,Anonymous,0,False,False,
X Beauty 1 Paket Isi 6 Redjelly Day Peach,1362844329,3,Serum nya tumpah tinggal separuh,1744460974,Lebih dari 1 tahun lalu,1pkt isi 6 day pink new,True,Anonymous,0,False,True,
X Beauty 1 Paket Isi 6 Redjelly Day Peach,1362623616,5,"Bagus dan baik kemasan tidak ada yang tumpah2.. Bru MW cba semoga ajh cocok. Klw cocok next pesan LGi...
Manfaat produk: Untuk jrawat
Jenis kulit: Sensitif",1744457627,Lebih dari 1 tahun lalu,1pkt isi 6 day pink new,True,Anonymous,0,True,False,
X Beauty 1 Paket Isi 6 Redjelly Day Peach,1362251708,2,cream siangnya susah diblend kayak bedak tabur yg dikasih air/minyak,1744446310,Lebih dari 1 tahun lalu,1pkt isi 6 day pink new,True,Anonymous,0,False,False,
X Beauty 1 Paket Isi 6 Redjelly Day Peach,1362108456,1,di wajah aq jadi lebih kusam parah dari sebelumnya🙄😏,1744431780,Lebih dari 1 tahun lalu,1pkt isi 6 day pink new,True,Anonymous,0,False,False,
X Beauty 1 Paket Isi 6 Redjelly Day Peach,1362007059,4,Baru mau coba semoga ada perubahan di aku yah,1744410875,Lebih dari 1 tahun lalu,1pkt isi 6 day pink new,True,Anonymous,0,True,False,
X Beauty 1 Paket Isi 6 Redjelly Day Peach,1361782352,5,Bagus,1744404777,Lebih dari 1 tahun lalu,1pkt isi 6 day pink new,True,Anonymous,0,False,False,
X Beauty 1 Paket Isi 6 Redjelly Day Peach,1361676927,5,"Allhamdulilah dah nyampe paketnya,,semoga cocok dimuka aqu,,",1744400265,Lebih dari 1 tahun lalu,1pkt isi 6 day pink new,True,Anonymous,0,False,False,
X Beauty 1 Paket Isi 6 Redjelly Day Peach,1361456145,5,"dapet bonus red jelly 1, makasi ya kak",1744393568,Lebih dari 1 tahun lalu,1pkt isi 6 day pink new,True,Anonymous,0,True,False,
X Beauty 1 Paket Isi 6 Redjelly Day Peach,1360823860,5,"Trimakasih 
Barangnya realpict dong, Bru pertama kali coba",1744381492,Lebih dari 1 tahun lalu,1pkt isi 6 day pink new,True,Anonymous,0,True,False,
X Beauty 1 Paket Isi 6 Redjelly Day Peach,1360584656,5,Produk aman 👌💯 tapi sayang nya gak di kasih tas nya🥲,1744374228,Lebih dari 1 tahun lalu,1pkt isi 6 day pink new,True,Anonymous,0,True,False,
X Beauty 1 Paket Isi 6 Redjelly Day Peach,1360571696,5,Crem pagi nya beda,1744373806,Lebih dari 1 tahun lalu,1pkt isi 6 day pink new,True,Anonymous,0,True,False,
X Beauty 1 Paket Isi 6 Redjelly Day Peach,1360259844,4,"Su sampe,nanti balik lgii before afternyaa..",1744365232,Lebih dari 1 tahun lalu,1pkt isi 6 day pink new,True,Anonymous,0,True,False,
X Beauty 1 Paket Isi 6 Redjelly Day Peach,1360182274,5,"Alhamdulillah paket sudah sampai dan sesuai pesanan. Packing aman dan toko nya amanah, Terima kasih banyak reseller. Dan terima kasih juga buat Abang kurir nya. Sehat trus dan sukses selalu. Aamiin",1744361782,Lebih dari 1 tahun lalu,1pkt isi 6 day pink new,True,Anonymous,0,True,False,
X Beauty 1 Paket Isi 6 Redjelly Day Peach,1360080315,5,terimakasihh baranya nya baguss mudah²haan cocok dmuka aku,1744358567,Lebih dari 1 tahun lalu,1pkt isi 6 day pink new,True,Anonymous,0,True,False,
X Beauty 1 Paket Isi 6 Redjelly Day Peach,1359435298,4,"Tak kasih bintang 4 dulu soalnya baru mau nyoba,kalau ccok tak kasih bintang 5...tpi ini skincare nya bau nya emang kayak gini ya,kayak bau marimas gitu manis bgt.smg aja ini bener2 ccok di aku",1744312145,Lebih dari 1 tahun lalu,1pkt isi 6 day pink new,True,Anonymous,0,True,False,
X Beauty 1 Paket Isi 6 Redjelly Day Peach,1359306441,5,Baru DTG dan baru mau nyoba semoga hasilnya bgus klau hasilnya bgus auto pake skincare ini seterusnya,1744307898,Lebih dari 1 tahun lalu,1pkt isi 6 day pink new,True,Anonymous,0,False,False,
X Beauty 1 Paket Isi 6 Redjelly Day Peach,1359075080,5,Bgus,1744300832,Lebih dari 1 tahun lalu,1pkt isi 6 day pink new,True,Anonymous,0,False,False,
X Beauty 1 Paket Isi 6 Redjelly Day Peach,1358744608,5,"Pesanan yang ke 3x Langsung Doble 2 item
 Senang gratis Red jelly nya 1",1744294397,Lebih dari 1 tahun lalu,1pkt isi 6 day pink new,True,Anonymous,0,True,False,
X Beauty 1 Paket Isi 6 Redjelly Day Peach,1358659016,5,"baru pertama coba,bismillah cocok",1744292384,Lebih dari 1 tahun lalu,1pkt isi 6 day pink new,True,Anonymous,0,True,False,
X Beauty 1 Paket Isi 6 Redjelly Day Peach,1358483487,5,Br mau coba mudah2an cocok,1744287271,Lebih dari 1 tahun lalu,1pkt isi 6 day pink new,True,Anonymous,0,False,False,
X Beauty 1 Paket Isi 6 Redjelly Day Peach,1358405781,3,"Krim siang sama malamnya beda lg yg di kirim ini sama kek ke 2x pesan barangnya gk cocok mlh bikin beruntusan 
Saya pake produk lama yg kemasan lama itu biasanya bagus... 

In yang gk ori sdh dpt 3x
Sisanya 6 paketnya bagus aja 

Warna sama baunya beda ini sama yg kek gk ori maren&#34;apa beda&#34;kh tokox",1744284637,Lebih dari 1 tahun lalu,1pkt isi 6 day pink new,True,Anonymous,0,True,False,
X Beauty 1 Paket Isi 6 Redjelly Day Peach,1358368446,5,semoga cocok,1744283115,Lebih dari 1 tahun lalu,1pkt isi 6 day pink new,True,Anonymous,0,True,False,
X Beauty 1 Paket Isi 6 Redjelly Day Peach,1358179185,5,Alhamdulillah sudah sampai pesanan saya terima kasih semoga cocok di aku skincare nyaa biar bisa jadi langganan teruss 🤗🤗,1744280282,Lebih dari 1 tahun lalu,1pkt isi 6 day pink new,True,Anonymous,0,True,False,
X Beauty 1 Paket Isi 6 Redjelly Day Peach,1357965912,5,Bgss bgtt😍😍,1744272574,Lebih dari 1 tahun lalu,1pkt isi 6 day pink new,True,Anonymous,0,False,False,
X Beauty 1 Paket Isi 6 Redjelly Day Peach,1357779134,4,baru coba semoga cocok,1744243526,Lebih dari 1 tahun lalu,1pkt isi 6 day pink new,True,Anonymous,0,False,False,
X Beauty 1 Paket Isi 6 Redjelly Day Peach,1357690799,4,"baru pertama kali nyoba, semoga cocok dan ada hasilnya",1744235693,Lebih dari 1 tahun lalu,1pkt isi 6 day pink new,True,Anonymous,0,False,False,
X Beauty 1 Paket Isi 6 Redjelly Day Peach,1357456350,5,"Paket yang ke 2,sengaja lgsg beli 2paket buat Stok 2 bulan soalnya mantull bgt ni skincare baru satu paket aja udh glowing banget🫣maaciw Mimin dikasi bonusan redjelly😗",1744225252,Lebih dari 1 tahun lalu,1pkt isi 6 day pink new,True,Anonymous,0,True,False,
X Beauty 1 Paket Isi 6 Redjelly Day Peach,1357428406,5,Udah sampai dengan selamat semoga cocok baru pertama kali cobak,1744224208,Lebih dari 1 tahun lalu,1pkt isi 6 day pink new,True,Anonymous,0,True,False,
X Beauty 1 Paket Isi 6 Redjelly Day Peach,1357341157,5,"Skincare murah udah bpom. 
Udah nyaman,cocok bgt pake skincare ini.  
Q jrawat parah udah hilang total.
Trimakasih🤗 semoga amanah tokonya,lancar,laris trus. Next order lagi☺️",1744221544,Lebih dari 1 tahun lalu,1pkt isi 6 day pink new,True,Anonymous,0,True,False,
X Beauty 1 Paket Isi 6 Redjelly Day Peach,1357266024,5,"Pket Bru dtang Alhamdulillah TDK ada yg rusak🙂semoga cocok
Kurirnya baik",1744219062,Lebih dari 1 tahun lalu,1pkt isi 6 day pink new,True,Anonymous,0,True,False,
X Beauty 1 Paket Isi 6 Redjelly Day Peach,1356985536,3,Belum aku coba,1744212651,Lebih dari 1 tahun lalu,1pkt isi 6 day pink new,True,Anonymous,0,False,False,
X Beauty 1 Paket Isi 6 Redjelly Day Peach,1356931048,5,Masya Allah dibonusin red jelly 1pcs terimakasih semoga berkah selalu,1744211134,Lebih dari 1 tahun lalu,1pkt isi 6 day pink new,True,Anonymous,0,True,False,
X Beauty 1 Paket Isi 6 Redjelly Day Peach,1356729764,4,Alhamdulillah order yg K2 dan cocok dmuka AQ 🥰🥰,1744205122,Lebih dari 1 tahun lalu,1pkt isi 6 day pink new,True,Anonymous,0,False,False,
X Beauty 1 Paket Isi 6 Redjelly Day Peach,1356701018,5,Paketnya udah datang terimakasih baru nyoba moga cocok,1744204512,Lebih dari 1 tahun lalu,1pkt isi 6 day pink new,True,Anonymous,0,True,False,
X Beauty 1 Paket Isi 6 Redjelly Day Peach,1356445722,5,Mantep 1 paket udh dapet 6 aitem,1744197688,Lebih dari 1 tahun lalu,1pkt isi 6 day pink new,True,Anonymous,0,True,False,
X Beauty 1 Paket Isi 6 Redjelly Day Peach,1355923346,5,Paket nya uda nyampe semoga cocok,1744190443,Lebih dari 1 tahun lalu,1pkt isi 6 day pink new,True,Anonymous,0,True,False,
X Beauty 1 Paket Isi 6 Redjelly Day Peach,1355713445,5,1 paket udah cerahan glowing pullaj,1744170299,Lebih dari 1 tahun lalu,1pkt isi 6 day pink new,True,Anonymous,0,False,False,
X Beauty 1 Paket Isi 6 Redjelly Day Peach,1355420972,5,KLO tau dari dulu udah aku pake dari dulu hasil nya bagus banget,1744142734,Lebih dari 1 tahun lalu,1pkt isi 6 day pink new,True,Anonymous,0,False,False,
X Beauty 1 Paket Isi 6 Redjelly Day Peach,1355366664,5,Manfaat produk: Mencerahkan glowing,1744140572,Lebih dari 1 tahun lalu,1pkt isi 6 day pink new,True,Anonymous,0,True,False,
X Beauty 1 Paket Isi 6 Redjelly Day Peach,1355287233,5,Paket ke 2...kali ini ada tasnya...mudah&#34;an cocok kedepannya biisa membuat kulit sehat,1744137238,Lebih dari 1 tahun lalu,1pkt isi 6 day pink new,True,Anonymous,0,False,False,
X Beauty 1 Paket Isi 6 Redjelly Day Peach,1355186211,3,belum coba,1744133207,Lebih dari 1 tahun lalu,1pkt isi 6 day pink new,True,Anonymous,0,False,False,
X Beauty 1 Paket Isi 6 Redjelly Day Peach,1355135179,5,Udah habis 1 paket bagus poll🫶🏼,1744131513,Lebih dari 1 tahun lalu,1pkt isi 6 day pink new,True,Anonymous,0,True,False,
X Beauty 1 Paket Isi 6 Redjelly Day Peach,1354294822,5,ok,1744119974,Lebih dari 1 tahun lalu,1pkt isi 6 day pink new,True,Anonymous,0,False,False,
X Beauty 1 Paket Isi 6 Redjelly Day Peach,1353762918,5,gggg,1744097334,Lebih dari 1 tahun lalu,1pkt isi 6 day pink new,False,sukiman,0,False,False,
X Beauty 1 Paket Isi 6 Redjelly Day Peach,1353558434,5,Bagus bezirrrr sukaaaaa🥰❤️❤️❤️❤️❤️,1744063081,Lebih dari 1 tahun lalu,1pkt isi 6 day pink new,True,Anonymous,0,False,False,
X Beauty 1 Paket Isi 6 Redjelly Day Peach,1352657062,5,"Mantap 
Sesuai pesanan 
Sudah tiba dengan selamat dan packing aman.",1744024795,Lebih dari 1 tahun lalu,1pkt isi 6 day pink new,True,Anonymous,0,False,False,
X Beauty 1 Paket Isi 6 Redjelly Day Peach,1352466685,2,Pemakaian pertama jerawat kempes danorder lagi tapi semakin lama kok semakin rusak muka saya semakin banyak jerawat nya ? Da bekas bekas nya semakin banyak pula  lebih hancur lagi padahal ini order yang kedua semakin lama semakin hancur muka dengan jerawat,1744016690,Lebih dari 1 tahun lalu,1pkt isi 6 day pink new,True,Anonymous,0,False,False,
X Beauty 1 Paket Isi 6 Redjelly Day Peach,1352043020,5,Setelah pemakaian satu Minggu kelihatan hasilnya membuat wajah jadi kinclong dan glowing serta menipiskan noda hitam ku,1743967249,Lebih dari 1 tahun lalu,1pkt isi 6 day pink new,True,Anonymous,0,False,False,
X Beauty 1 Paket Isi 6 Redjelly Day Peach,1351851736,5,Sangat bagus saya suka,1743957742,Lebih dari 1 tahun lalu,1pkt isi 6 day pink new,True,Anonymous,0,False,False,
X Beauty 1 Paket Isi 6 Redjelly Day Peach,1351756772,4,Bagus,1743954636,Lebih dari 1 tahun lalu,1pkt isi 6 day pink new,True,Anonymous,0,False,False,
X Beauty 1 Paket Isi 6 Redjelly Day Peach,1351592851,1,"kok beli yang kedua kali ny malah day cream ny beda, wangi nya beda apalgi tekstur nya beda bgt gbisa nyatu di kulit, yang pas pertama kali beli mah bagus tp yng kedua kali malah kecewa",1743947377,Lebih dari 1 tahun lalu,1pkt isi 6 day pink new,True,Anonymous,0,False,False,
X Beauty 1 Paket Isi 6 Redjelly Day Peach,1351555449,5,Alhamdulilah cocok ini paket ke 5,1743945782,Lebih dari 1 tahun lalu,1pkt isi 6 day pink new,True,Anonymous,0,False,False,
X Beauty 1 Paket Isi 6 Redjelly Day Peach,1350298105,1,wajahku jadi rusakk,1743850508,Lebih dari 1 tahun lalu,1pkt isi 6 day pink new,True,Anonymous,0,False,False,
X Beauty 1 Paket Isi 6 Redjelly Day Peach,1350251729,5,Smoga cck,1743847819,Lebih dari 1 tahun lalu,1pkt isi 6 day pink new,True,Anonymous,0,False,False,
X Beauty 1 Paket Isi 6 Redjelly Day Peach,1350112527,5,"Pemakaian 3 hari udah kliatan bersih.. Pas 1 mnggu ketemu teman pda nanya pake apa... Glow bgt. Cream nya creamy semua, nyaman gak lengket, tone up gelowengggggg... Ada ngelupas bukan yg Xtreme kyk sisik gtu gak panas gak perih tau&#34; Bersih.. Dan ini pembelian kedua ya.",1743834173,Lebih dari 1 tahun lalu,1pkt isi 6 day pink new,True,Anonymous,0,True,False,
X Beauty 1 Paket Isi 6 Redjelly Day Peach,1349992267,5,blm abis sepaket tpi uda ada hasilnya❤❤❤❤❤,1743806358,Lebih dari 1 tahun lalu,1pkt isi 6 day pink new,True,Anonymous,0,True,False,
X Beauty 1 Paket Isi 6 Redjelly Day Peach,1349909466,5,Alhamdulillah baru pertama beli baru di pakai 3 hari udah ada efek nya gak kayak kemaren beli di sebelah gak ada efek malah kusam👍👍👍😢,1743798240,Lebih dari 1 tahun lalu,1pkt isi 6 day pink new,True,Anonymous,0,False,False,
X Beauty 1 Paket Isi 6 Redjelly Day Peach,1349299063,4,Paketnya dah nyampe moga cocok😊,1743761217,Lebih dari 1 tahun lalu,1pkt isi 6 day pink new,True,Anonymous,0,True,False,
X Beauty 1 Paket Isi 6 Redjelly Day Peach,1348702607,4,Paket sudah sampai semoga cocok next order lgi,1743693872,Lebih dari 1 tahun lalu,1pkt isi 6 day pink new,True,Anonymous,0,False,False,
X Beauty 1 Paket Isi 6 Redjelly Day Peach,1347697220,5,bgs suka,1743589205,Lebih dari 1 tahun lalu,1pkt isi 6 day pink new,True,Anonymous,0,False,False,
X Beauty 1 Paket Isi 6 Redjelly Day Peach,1347472472,5,"Sangat bagus
Dan cocok di aku",1743543450,Lebih dari 1 tahun lalu,1pkt isi 6 day pink new,True,Anonymous,0,False,False,
X Beauty 1 Paket Isi 6 Redjelly Day Peach,1347036862,5,Baru pertama kali beli semoga Saja cocok d saya,1743489064,Lebih dari 1 tahun lalu,1pkt isi 6 day pink new,True,Anonymous,0,False,False,
X Beauty 1 Paket Isi 6 Redjelly Day Peach,1346910693,5,Good quality kulit bersih,1743453798,Lebih dari 1 tahun lalu,1pkt isi 6 day pink new,True,Anonymous,0,False,False,
X Beauty 1 Paket Isi 6 Redjelly Day Peach,1346467329,5,"Udah pesan yg ke 2 kli x sdh mulai ad bersih 
Semoga selalu cocok biyar jdi langganan",1743369733,Lebih dari 1 tahun lalu,1pkt isi 6 day pink new,True,Anonymous,0,True,False,
X Beauty 1 Paket Isi 6 Redjelly Day Peach,1346406585,5,Semoga aja cock dimuka aku yg berjerawat,1743361902,Lebih dari 1 tahun lalu,1pkt isi 6 day pink new,True,Anonymous,0,True,False,
X Beauty 1 Paket Isi 6 Redjelly Day Peach,1346254824,5,alhamdulillah ku pke krm mn ajj gk putih 2 pke ni. udh 3 hri udh cerah,1743348498,Lebih dari 1 tahun lalu,1pkt isi 6 day pink new,True,Anonymous,0,False,False,
X Beauty 1 Paket Isi 6 Redjelly Day Peach,1346002384,5,Biar bintang yng ngsih nilai... Top&#34;&#34;&#34;&#34; deh pkonya,1743332234,Lebih dari 1 tahun lalu,1pkt isi 6 day pink new,True,Anonymous,0,False,False,
X Beauty 1 Paket Isi 6 Redjelly Day Peach,1345789674,5,"Terimakasih pket udh dtng dgn lngkap sesuai Ama yg d pesan..pngemasan rapi,...",1743306772,Lebih dari 1 tahun lalu,1pkt isi 6 day pink new,True,Anonymous,0,True,False,
X Beauty 1 Paket Isi 6 Redjelly Day Peach,1345767000,5,"Manfaat produk: Untuk muka
Jenis kulit: Semua jenis kulit",1743303938,Lebih dari 1 tahun lalu,1pkt isi 6 day pink new,True,Anonymous,0,False,False,
X Beauty 1 Paket Isi 6 Redjelly Day Peach,1345731772,5,"Paket datang dengan aman dan smoga cock, maaf baru kasi ulasan.
Titip foto bru 4 hari pemakaian, muka mulai terasa halus dan bersih plus ada glowing glowing nya. Ini fto waktu sore ke malam pas mau mandi, walaupun udh seharian make day cream nya, Masih keliatan glowing dong☺️",1743295571,Lebih dari 1 tahun lalu,1pkt isi 6 day pink new,True,Anonymous,0,True,False,
X Beauty 1 Paket Isi 6 Redjelly Day Peach,1345331528,5,"produk nya recommend, udaa bpom harga ramah dikantong cocok buat pelajar yang pengen glowing nih buruan checkout yaw",1743265299,Lebih dari 1 tahun lalu,1pkt isi 6 day pink new,True,Anonymous,0,False,False,
X Beauty 1 Paket Isi 6 Redjelly Day Peach,1345271006,5,"Baru pertama kali beli, mudah&#34;an nyocok di wajah aku",1743261847,Lebih dari 1 tahun lalu,1pkt isi 6 day pink new,True,Anonymous,0,True,False,
X Beauty 1 Paket Isi 6 Redjelly Day Peach,1345094672,1,Muka aku jadi ada flek nya..sblmnya blm pernah punya flek hitam ..mana mau lebaran😭,1743253666,Lebih dari 1 tahun lalu,1pkt isi 6 day pink new,True,Anonymous,0,True,False,
X Beauty 1 Paket Isi 6 Redjelly Day Peach,1344167087,5,Murah bgt dapet 6 item ga sampe 100rb dong,1743182841,Lebih dari 1 tahun lalu,1pkt isi 6 day pink new,True,Anonymous,0,True,False,
X Beauty 1 Paket Isi 6 Redjelly Day Peach,1343846948,5,Terima kasih scincare q Realpitc 🥰,1743170526,Lebih dari 1 tahun lalu,1pkt isi 6 day pink new,True,Anonymous,0,True,False,
X Beauty 1 Paket Isi 6 Redjelly Day Peach,1343554675,5,Sdh jadi langganan,1743159091,Lebih dari 1 tahun lalu,1pkt isi 6 day pink new,True,Anonymous,0,False,False,
X Beauty 1 Paket Isi 6 Redjelly Day Peach,1343452232,5,pertama kali beli semoga cocok seterusnya,1743155455,Lebih dari 1 tahun lalu,1pkt isi 6 day pink new,True,Anonymous,0,True,False,
X Beauty 1 Paket Isi 6 Redjelly Day Peach,1342948157,4,sayaa pesan yang 1pkt isi 6 tp ko gaadaa serum nya?,1743111762,Lebih dari 1 tahun lalu,1pkt isi 6 day pink new,True,Anonymous,0,False,False,
X Beauty 1 Paket Isi 6 Redjelly Day Peach,1342602523,5,"Trimakasih seler kemasannya rapi bagus
Blm dicoba semoga cocok👍",1743099553,Lebih dari 1 tahun lalu,1pkt isi 6 day pink new,True,Anonymous,0,True,False,
X Beauty 1 Paket Isi 6 Redjelly Day Peach,1342600086,4,"Pertama kali coba, semoga cocok🩷",1743099439,Lebih dari 1 tahun lalu,1pkt isi 6 day pink new,True,Anonymous,0,False,False,
X Beauty 1 Paket Isi 6 Redjelly Day Peach,1340278827,5,masya allah udh sampe cream siang d pake lngs glowing bagus,1743008767,Lebih dari 1 tahun lalu,1pkt isi 6 day pink new,True,Anonymous,0,True,False,
X Beauty 1 Paket Isi 6 Redjelly Day Peach,1340005362,5,Smoga cocok,1742999960,Lebih dari 1 tahun lalu,1pkt isi 6 day pink new,True,Anonymous,0,False,False,
X Beauty 1 Paket Isi 6 Redjelly Day Peach,1338499977,5,Sudah pesan yg ke dua kali soalnya sebagus it bru kali ini cocok sama skinker bpom,1742931438,Lebih dari 1 tahun lalu,1pkt isi 6 day pink new,True,Anonymous,0,True,False,
X Beauty 1 Paket Isi 6 Redjelly Day Peach,1338475523,5,Baru pertama coba semoga cocok,1742930640,Lebih dari 1 tahun lalu,1pkt isi 6 day pink new,True,Anonymous,0,False,False,
X Beauty 1 Paket Isi 6 Redjelly Day Peach,1338388280,5,Barang sudah sampai semoga cocok di muka aku ini pertama coba makai,1742928003,Lebih dari 1 tahun lalu,1pkt isi 6 day pink new,True,Anonymous,0,False,False,
X Beauty 1 Paket Isi 6 Redjelly Day Peach,1337224789,5,ril pick,1742887643,Lebih dari 1 tahun lalu,1pkt isi 6 day pink new,True,Anonymous,0,False,False,
X Beauty 1 Paket Isi 6 Redjelly Day Peach,1336984057,5,Alhamdulillah aku pake 1 paket udah ada perubahan 🥰🫶🏻,1742861089,Lebih dari 1 tahun lalu,1pkt isi 6 day pink new,True,Anonymous,0,True,False,
X Beauty 1 Paket Isi 6 Redjelly Day Peach,1336633668,3,Baru sampai .semoga cocok,1742846373,Lebih dari 1 tahun lalu,1pkt isi 6 day pink new,True,Anonymous,0,False,False,
X Beauty 1 Paket Isi 6 Redjelly Day Peach,1336603443,5,"Cepat, original
Semoga cocok jadi nanti bisa next order",1742845305,Lebih dari 1 tahun lalu,1pkt isi 6 day pink new,True,Anonymous,0,False,False,
X Beauty 1 Paket Isi 6 Redjelly Day Peach,1336187985,5,Barang udh Sampek sama seperti di Poto semoga cocok di aku kalo cocok aku pesan lagi nanti,1742833076,Lebih dari 1 tahun lalu,1pkt isi 6 day pink new,True,Anonymous,0,False,False,
X Beauty 1 Paket Isi 6 Redjelly Day Peach,1336028347,5,Belum dicoba Karna yang platinum masih ada,1742828064,Lebih dari 1 tahun lalu,1pkt isi 6 day pink new,True,Anonymous,0,False,False,
X Beauty 1 Paket Isi 6 Redjelly Day Peach,1335745282,2,Lamaaaa datangnya,1742821621,Lebih dari 1 tahun lalu,1pkt isi 6 day pink new,True,Anonymous,0,False,False,
X Beauty 1 Paket Isi 6 Redjelly Day Peach,1335702633,5,"Makasih kk udah sampai pketnya,semoga ccok biar gk gnti gnti lagi 🫰🫰",1742820279,Lebih dari 1 tahun lalu,1pkt isi 6 day pink new,True,Anonymous,0,True,False,
X Beauty 1 Paket Isi 6 Redjelly Day Peach,1335518405,5,Cukup bintang yang berbicara 🥰 pokok mantul banget,1742815516,Lebih dari 1 tahun lalu,1pkt isi 6 day pink new,True,Anonymous,0,False,False,
X Beauty 1 Paket Isi 6 Redjelly Day Peach,1335261502,5,"Alhamdulillah paket sudah sampai dan sesuai pesanan. Terima kasih banyak reseller 
Semoga cocok di wajah aku.",1742806113,Lebih dari 1 tahun lalu,1pkt isi 6 day pink new,True,Anonymous,0,True,False,
X Beauty 1 Paket Isi 6 Redjelly Day Peach,1335151774,5,"Maaf baru kasi ulasan 
Bagus banget KK",1742798514,Lebih dari 1 tahun lalu,1pkt isi 6 day pink new,True,Anonymous,0,False,False,
X Beauty 1 Paket Isi 6 Redjelly Day Peach,1335128266,5,Pertama kali nyoba langsung jatuh cinta♥️,1742796571,Lebih dari 1 tahun lalu,1pkt isi 6 day pink new,True,Anonymous,0,False,False,
X Beauty 1 Paket Isi 6 Redjelly Day Peach,1334819411,1,"Tokonya gak amanah, pantesan gak ada perubahan sama Skali,",1742768537,Lebih dari 1 tahun lalu,1pkt isi 6 day pink new,True,Anonymous,0,True,False,
X Beauty 1 Paket Isi 6 Redjelly Day Peach,1334526052,5,"Paketnya sudah sampe semoga cocok dimuka mamah saya yaa🥰 walaupun pengiriman nya agak lama tapi gapapa wort it 🫶🏻🫶🏻🫶🏻
Next kalau cocok dimuka mamah saya  bakalan dipesan lagiii🫶🏻🫶🏻",1742757783,Lebih dari 1 tahun lalu,1pkt isi 6 day pink new,True,Anonymous,0,True,False,
X Beauty 1 Paket Isi 6 Redjelly Day Peach,1334416383,4,"&#34;Paket Udah Nyampai Beberapa Hari Lalu, Dan Ini Pemakain Aku Blm Cukup 1 Minggu, Wajahku Udah Kelihatan Cerah😇",1742754538,Lebih dari 1 tahun lalu,1pkt isi 6 day pink new,True,Anonymous,0,True,False,
X Beauty 1 Paket Isi 6 Redjelly Day Peach,1334208645,5,"kakaknya baik bangett, order 2 paket dikasi free red jelly. semoga lancar selalu usahanya kak dan banjir orderann🫰",1742747384,Lebih dari 1 tahun lalu,1pkt isi 6 day pink new,True,Anonymous,0,False,False,
X Beauty 1 Paket Isi 6 Redjelly Day Peach,1334198770,5,"Berkali-kali pesan Skincare ini emang dri awal pke mantul bnget sih bakal jdi langganan 🫶🏻
Manfaat produk: Mencerahkan",1742747022,Lebih dari 1 tahun lalu,1pkt isi 6 day pink new,True,Anonymous,0,True,False,
X Beauty 1 Paket Isi 6 Redjelly Day Peach,1334182251,5,Aman,1742746425,Lebih dari 1 tahun lalu,1pkt isi 6 day pink new,True,Anonymous,0,True,False,
X Beauty 1 Paket Isi 6 Redjelly Day Peach,1333966670,5,Barang sesuai  dan lengkap top,1742739499,Lebih dari 1 tahun lalu,1pkt isi 6 day pink new,True,Anonymous,0,False,False,
X Beauty 1 Paket Isi 6 Redjelly Day Peach,1333601923,5,Smoga cocok pake ini,1742728518,Lebih dari 1 tahun lalu,1pkt isi 6 day pink new,True,Anonymous,0,False,False,
X Beauty 1 Paket Isi 6 Redjelly Day Peach,1333319267,5,Alhmdulillah .akhirnya ..sengaja baru kasih ulasan setelah 1 Minggu pemakaian...krimnya cocok di muka aku baru seminggu pemakaian SDH terlihat hasilnya..bisa langganan dengan krim x beauty glow..insya Alloh..pasti pesan lagi..pengemasan rapi..kurir jg ramah..mksih untuk tokonya..SMG laris manis..,1742714725,Lebih dari 1 tahun lalu,1pkt isi 6 day pink new,True,Anonymous,0,False,False,
X Beauty 1 Paket Isi 6 Redjelly Day Peach,1333303596,5,Br mo nyoba smoga cocok euyy...,1742713315,Lebih dari 1 tahun lalu,1pkt isi 6 day pink new,True,Anonymous,0,False,False,
X Beauty 1 Paket Isi 6 Redjelly Day Peach,1333242191,5,Bagus kemasan rapih baru pertama kali coba semoga cocok,1742706790,Lebih dari 1 tahun lalu,1pkt isi 6 day pink new,True,Anonymous,0,False,False,
X Beauty 1 Paket Isi 6 Redjelly Day Peach,1332923889,5,Alhamdulillah barang sudah sampai barang bagus gk ada yang rusak kurir ramah makasih🙏,1742679654,Lebih dari 1 tahun lalu,1pkt isi 6 day pink new,True,Anonymous,0,False,False,
X Beauty 1 Paket Isi 6 Redjelly Day Peach,1332855141,4,Taraaa sangatt rapi ..mdhn cocok dkulitt AQ 🙂,1742676919,Lebih dari 1 tahun lalu,1pkt isi 6 day pink new,True,Anonymous,0,True,False,
X Beauty 1 Paket Isi 6 Redjelly Day Peach,1332814850,5,Alhamdulillah paket aku uda smpai semoga aja cocok di akunya,1742675367,Lebih dari 1 tahun lalu,1pkt isi 6 day pink new,True,Anonymous,0,False,False,
X Beauty 1 Paket Isi 6 Redjelly Day Peach,1332498910,5,Barang diterima dengan keadaan baik,1742665527,Lebih dari 1 tahun lalu,1pkt isi 6 day pink new,True,Anonymous,0,False,False,
X Beauty 1 Paket Isi 6 Redjelly Day Peach,1332359104,5,Tidak mengecewakan bagus bgt,1742660979,Lebih dari 1 tahun lalu,1pkt isi 6 day pink new,True,Anonymous,0,False,False,
X Beauty 1 Paket Isi 6 Redjelly Day Peach,1332208424,5,"paket nyaa baru datang , semogaa aja cocok dimuka yaa hehe",1742656105,Lebih dari 1 tahun lalu,1pkt isi 6 day pink new,True,Anonymous,0,False,False,
X Beauty 1 Paket Isi 6 Redjelly Day Peach,1331840363,5,Kemasanya rapi semoga cocok baru mau coba,1742644898,Lebih dari 1 tahun lalu,1pkt isi 6 day pink new,True,Anonymous,0,False,True,
X Beauty 1 Paket Isi 6 Redjelly Day Peach,1331656269,5,Mudahan cocok dimuka saya🥰,1742639051,Lebih dari 1 tahun lalu,1pkt isi 6 day pink new,True,Anonymous,0,False,False,
X Beauty 1 Paket Isi 6 Redjelly Day Peach,1331624167,5,"Terimakasih kak brg sdh sy terima dg baik dan rapi, maaf bru kasih ulasan... Blm sy coba sih, smga cocok dan sy beli lg nanti tempat kk, alhamdulillah amanah ya🙏🏻",1742637764,Lebih dari 1 tahun lalu,1pkt isi 6 day pink new,True,Anonymous,0,True,False,
X Beauty 1 Paket Isi 6 Redjelly Day Peach,1331227756,5,Udah pakai 2paket tapi belum kelihatan sih hasilnya,1742605065,Lebih dari 1 tahun lalu,1pkt isi 6 day pink new,True,Anonymous,0,False,False,
X Beauty 1 Paket Isi 6 Redjelly Day Peach,1331174626,5,"Barang cepet smpe , semoga cocok pke ini ..",1742600072,Lebih dari 1 tahun lalu,1pkt isi 6 day pink new,True,Anonymous,0,False,False,
X Beauty 1 Paket Isi 6 Redjelly Day Peach,1331016112,2,Riview jujur udh bbrpa hari pake ini .. awal pake ada kemerahan terus ngelupasss gtu ;( tapiii menurut aku ga begitu ngaruh soalnya kalo skincare nya ga dipake balik lagiii ke muka yg awal,1742592555,Lebih dari 1 tahun lalu,1pkt isi 6 day pink new,True,Anonymous,0,False,False,
X Beauty 1 Paket Isi 6 Redjelly Day Peach,1330812731,2,Red jelly nya knpa isinya day cream,1742586470,Lebih dari 1 tahun lalu,1pkt isi 6 day pink new,True,Anonymous,0,True,False,
X Beauty 1 Paket Isi 6 Redjelly Day Peach,1330506524,5,"Bahan: Oke
Manfaat produk: Bagus
Jenis kulit: Kulit sawo",1742577645,Lebih dari 1 tahun lalu,1pkt isi 6 day pink new,True,Anonymous,0,False,False,
X Beauty 1 Paket Isi 6 Redjelly Day Peach,1330367605,5,"order pertama , semoga cocok dan next order lagi ✅
Jenis kulit: sensitif kering",1742572976,Lebih dari 1 tahun lalu,1pkt isi 6 day pink new,True,Anonymous,0,True,False,
X Beauty 1 Paket Isi 6 Redjelly Day Peach,1329948918,5,komplit mantap,1742560431,Lebih dari 1 tahun lalu,1pkt isi 6 day pink new,False,Rara,0,False,False,
X Beauty 1 Paket Isi 6 Redjelly Day Peach,1329340027,4,mntullll,1742531200,Lebih dari 1 tahun lalu,1pkt isi 6 day pink new,True,Anonymous,0,False,False,
X Beauty 1 Paket Isi 6 Redjelly Day Peach,1328443974,5,"Paket skincare nya yg kedua udh dtg. Tp syg nya mgkn aku slh pesen . Dtg nya yang pink. Sblm nya aku pakai yg platinum. Tapi syg juga gak di pakai  jd hrus gmn ya. Apa blh d pakai juga yg pink  tp produk nya emg sebagus itu. Ap lg crem siang nya😢🥲
Mohon balas komentar sy ya kak seller🙏 🙏🙏",1742488767,Lebih dari 1 tahun lalu,1pkt isi 6 day pink new,True,Anonymous,0,True,False,
X Beauty 1 Paket Isi 6 Redjelly Day Peach,1328269028,5,"Alhamdulilah order yang ke 4x nyah sesuay pesanan,jangan di ragukan order di toko inih",1742483416,Lebih dari 1 tahun lalu,1pkt isi 6 day pink new,True,Anonymous,0,False,False,
X Beauty 1 Paket Isi 6 Redjelly Day Peach,1328246707,5,"Suka skli cara pegking Nya,, 
Bismillah order pertma moga ccok😁😄",1742482722,Lebih dari 1 tahun lalu,1pkt isi 6 day pink new,True,Anonymous,0,True,False,
X Beauty 1 Paket Isi 6 Redjelly Day Peach,1327336425,5,Alhamdulillah baru pemakaian 4 hari udah kliatan hasil nya mantullll bngeddd pokok nya🥰🥰🥰🥰🥰aku sangat love love😘😘😘,1742446918,Lebih dari 1 tahun lalu,1pkt isi 6 day pink new,True,Anonymous,0,False,False,
X Beauty 1 Paket Isi 6 Redjelly Day Peach,1327141389,5,"Krim siang nya bgus,baru pertama kli beli, blm tau hsilnya",1742426830,Lebih dari 1 tahun lalu,1pkt isi 6 day pink new,True,Anonymous,0,False,False,
X Beauty 1 Paket Isi 6 Redjelly Day Peach,1326891267,5,Baru coba belum tahu hasil nya nanti balik lagi lah ya 🙂,1742416242,Lebih dari 1 tahun lalu,1pkt isi 6 day pink new,True,Anonymous,0,False,False,
X Beauty 1 Paket Isi 6 Redjelly Day Peach,1326666456,5,"Alhamdulillah, paket nya udah dateng, paling nya rapih pengiriman cepat, semoga cocok di wajah aku",1742409880,Lebih dari 1 tahun lalu,1pkt isi 6 day pink new,True,Anonymous,0,True,False,
X Beauty 1 Paket Isi 6 Redjelly Day Peach,1326235721,5,Akhirnya nyampe juga semoga ccok di muka ku dan bikin glow wajah,1742396851,Lebih dari 1 tahun lalu,1pkt isi 6 day pink new,True,Anonymous,0,True,False,
X Beauty 1 Paket Isi 6 Redjelly Day Peach,1324411316,4,Paket datang dengan rapih tapi sayangnya telat 1 hari karna kurirnya ada kendala tpi gak pp semoga aja cocok dimuka soalnya baru pertama order,1742335049,Lebih dari 1 tahun lalu,1pkt isi 6 day pink new,True,Anonymous,0,False,True,
X Beauty 1 Paket Isi 6 Redjelly Day Peach,1324127129,5,𝑼𝒅𝒂 𝒌𝒆 2𝒙 𝒙 𝒄𝒐 𝒎𝒌𝒔𝒊 𝒌𝒖𝒓𝒊𝒓 langganan,1742325116,Lebih dari 1 tahun lalu,1pkt isi 6 day pink new,True,Anonymous,0,False,False,
X Beauty 1 Paket Isi 6 Redjelly Day Peach,1323624950,5,pengiriman cepat mantappp,1742308070,Lebih dari 1 tahun lalu,1pkt isi 6 day pink new,True,Anonymous,0,False,False,
X Beauty 1 Paket Isi 6 Redjelly Day Peach,1323271601,4,"Udh nyampe kemaren bru kasih ulasan, baju putih blum pke baju item udh pke btu sehari,day krim agak susah di blen, moga aja cocok",1742297656,Lebih dari 1 tahun lalu,1pkt isi 6 day pink new,True,Anonymous,0,True,False,
X Beauty 1 Paket Isi 6 Redjelly Day Peach,1322717259,5,Sdh dtang Minta&#34;Cocok🤭☺️,1742257024,Lebih dari 1 tahun lalu,1pkt isi 6 day pink new,True,Anonymous,0,False,False,
X Beauty 1 Paket Isi 6 Redjelly Day Peach,1322621170,5,"bagus banget,udh langganan",1742249482,Lebih dari 1 tahun lalu,1pkt isi 6 day pink new,True,Anonymous,0,False,False,
X Beauty 1 Paket Isi 6 Redjelly Day Peach,1322394861,4,Baru kali ini make nya semoga cocok dikulit,1742240555,Lebih dari 1 tahun lalu,1pkt isi 6 day pink new,True,Anonymous,0,False,False,
X Beauty 1 Paket Isi 6 Redjelly Day Peach,1322329739,5,Biar bintang yg menilai 👍🏻,1742238574,Lebih dari 1 tahun lalu,1pkt isi 6 day pink new,True,Anonymous,0,False,False,
X Beauty 1 Paket Isi 6 Redjelly Day Peach,1322191990,5,"Yg ke 2x nya beli, Alhamdulillah lumayan muka bersihan",1742234271,Lebih dari 1 tahun lalu,1pkt isi 6 day pink new,True,Anonymous,0,True,False,
X Beauty 1 Paket Isi 6 Redjelly Day Peach,1322051799,5,Bagus bangettt,1742230116,Lebih dari 1 tahun lalu,1pkt isi 6 day pink new,True,Anonymous,0,False,False,
X Beauty 1 Paket Isi 6 Redjelly Day Peach,1321657352,5,O,1742219431,Lebih dari 1 tahun lalu,1pkt isi 6 day pink new,True,Anonymous,0,False,False,
X Beauty 1 Paket Isi 6 Redjelly Day Peach,1321472001,5,Cukup bintang yang berbicara,1742214456,Lebih dari 1 tahun lalu,1pkt isi 6 day pink new,True,Anonymous,0,False,False,
X Beauty 1 Paket Isi 6 Redjelly Day Peach,1320358797,4,"Titip before nya dlu ya nanti after nya di next order ,
Semoga cocok diwajah aku dan jerawat q bisa hilang..",1742150509,Lebih dari 1 tahun lalu,1pkt isi 6 day pink new,True,Anonymous,0,True,False,
X Beauty 1 Paket Isi 6 Redjelly Day Peach,1319847610,5,"barangnya sudah sampe,cocok dimuka ku udh bbrp paket pke ini🙀🤗😍",1742131885,Lebih dari 1 tahun lalu,1pkt isi 6 day pink new,True,Anonymous,0,True,False,
X Beauty 1 Paket Isi 6 Redjelly Day Peach,1319834939,5,Semoga cocok,1742131463,Lebih dari 1 tahun lalu,1pkt isi 6 day pink new,True,Anonymous,0,False,False,
X Beauty 1 Paket Isi 6 Redjelly Day Peach,1319737300,5,baguss bngt plissss,1742128337,Lebih dari 1 tahun lalu,1pkt isi 6 day pink new,True,Anonymous,0,True,False,
X Beauty 1 Paket Isi 6 Redjelly Day Peach,1319390477,5,Trimakasih dah sampai,1742115956,Lebih dari 1 tahun lalu,1pkt isi 6 day pink new,True,Anonymous,0,True,False,
X Beauty 1 Paket Isi 6 Redjelly Day Peach,1319289456,5,"Makasih buat paketnya, moga cocok 😊😊, mksh jga buat kurirnya,,",1742108074,Lebih dari 1 tahun lalu,1pkt isi 6 day pink new,True,Anonymous,0,True,False,
X Beauty 1 Paket Isi 6 Redjelly Day Peach,1318785923,5,Scikcernya bagus suka bangett,1742067309,Lebih dari 1 tahun lalu,1pkt isi 6 day pink new,True,Anonymous,0,False,False,
X Beauty 1 Paket Isi 6 Redjelly Day Peach,1318669023,5,Sesuai pesanan,1742063487,Lebih dari 1 tahun lalu,1pkt isi 6 day pink new,True,Anonymous,0,False,False,
X Beauty 1 Paket Isi 6 Redjelly Day Peach,1318411667,4,Pemakaian pertama semoga cocok😊,1742054371,Lebih dari 1 tahun lalu,1pkt isi 6 day pink new,True,Anonymous,0,True,False,
X Beauty 1 Paket Isi 6 Redjelly Day Peach,1318380991,5,Alhamdulillah Paketnya Sudah Datang Dengan Keadaan Selamat Dan Semoga Cocok Untuk Dikulit Aku🤗,1742053226,Lebih dari 1 tahun lalu,1pkt isi 6 day pink new,True,Anonymous,0,True,False,
X Beauty 1 Paket Isi 6 Redjelly Day Peach,1318356921,5,"Terimakasih kak,paketnya sudah sampai",1742052310,Lebih dari 1 tahun lalu,1pkt isi 6 day pink new,True,Anonymous,0,True,False,
X Beauty 1 Paket Isi 6 Redjelly Day Peach,1317973394,5,Paket ku SDH datang kak semoga aman dan cocok kak,1742039640,Lebih dari 1 tahun lalu,1pkt isi 6 day pink new,True,Anonymous,0,True,False,
X Beauty 1 Paket Isi 6 Redjelly Day Peach,1317860235,5,Kemasan rapi,1742036112,Lebih dari 1 tahun lalu,1pkt isi 6 day pink new,True,Anonymous,0,False,False,
X Beauty 1 Paket Isi 6 Redjelly Day Peach,1317364677,5,sesuai sm barng ny mudahan cocok 💗,1741996538,Lebih dari 1 tahun lalu,1pkt isi 6 day pink new,True,Anonymous,0,False,False,
X Beauty 1 Paket Isi 6 Redjelly Day Peach,1317158470,5,Alhamdulillah wajah ku udah lumayan bersi,1741984981,Lebih dari 1 tahun lalu,1pkt isi 6 day pink new,True,Anonymous,0,False,False,
X Beauty 1 Paket Isi 6 Redjelly Day Peach,1317026035,1,Paket ny udah nyampe aku udah coba tapi ko krim ny pas di pake bau nya nyengat banget dan agak perih apakah udah BPOM atau palsu ny yaa,1741980278,Lebih dari 1 tahun lalu,1pkt isi 6 day pink new,True,Anonymous,0,True,False,
X Beauty 1 Paket Isi 6 Redjelly Day Peach,1317024636,5,Aku kasih bintang 5 . Maaf baru kasih ulasan mau coba dlu dan ini pemakaian 10 hari udah mulai cerah dan glowing bekas jerawat memudar . Mantul bget .,1741980236,Lebih dari 1 tahun lalu,1pkt isi 6 day pink new,True,Anonymous,0,True,False,
X Beauty 1 Paket Isi 6 Redjelly Day Peach,1316791904,5,"Ini pesanan yng kdua,tp wangi sabun muka nya beda,sama cream muka ny juga beda shade",1741972704,Lebih dari 1 tahun lalu,1pkt isi 6 day pink new,True,Anonymous,0,False,False,
X Beauty 1 Paket Isi 6 Redjelly Day Peach,1316745332,5,Semoga cocok. Krn ini pertma kali aku coba...,1741971076,Lebih dari 1 tahun lalu,1pkt isi 6 day pink new,True,Anonymous,0,False,False,
X Beauty 1 Paket Isi 6 Redjelly Day Peach,1316548232,5,Bagus bngt,1741964184,Lebih dari 1 tahun lalu,1pkt isi 6 day pink new,True,Anonymous,0,True,False,
X Beauty 1 Paket Isi 6 Redjelly Day Peach,1316511248,5,Baru perna coba semoga cocok suka banget wanginya stroberi 🍓,1741962849,Lebih dari 1 tahun lalu,1pkt isi 6 day pink new,True,Anonymous,0,True,True,
X Beauty 1 Paket Isi 6 Redjelly Day Peach,1316240458,4,"Sesuai digambar isi 6 ,  tp serum nya pecah, jd tumpah kemana2",1741955259,Lebih dari 1 tahun lalu,1pkt isi 6 day pink new,True,Anonymous,0,False,False,
X Beauty 1 Paket Isi 6 Redjelly Day Peach,1316163034,5,mudhn2 cocok baru pertama kali,1741952756,Lebih dari 1 tahun lalu,1pkt isi 6 day pink new,True,Anonymous,0,False,False,
X Beauty 1 Paket Isi 6 Redjelly Day Peach,1316015976,5,Mudah&#34;an paket ke 3 ini ccok dan ada perubahan,1741948444,Lebih dari 1 tahun lalu,1pkt isi 6 day pink new,True,Anonymous,0,False,False,
X Beauty 1 Paket Isi 6 Redjelly Day Peach,1315944627,5,Makasih kak paket udah datang semoga cocok,1741946040,Lebih dari 1 tahun lalu,1pkt isi 6 day pink new,True,Anonymous,0,True,False,
X Beauty 1 Paket Isi 6 Redjelly Day Peach,1315923310,5,Bagus banget,1741945372,Lebih dari 1 tahun lalu,1pkt isi 6 day pink new,True,Anonymous,0,False,False,
X Beauty 1 Paket Isi 6 Redjelly Day Peach,1315919755,5,Alhamdulillah paketnya sudah tiba☺️..barangnya sesuai,1741945236,Lebih dari 1 tahun lalu,1pkt isi 6 day pink new,True,Anonymous,0,False,False,
X Beauty 1 Paket Isi 6 Redjelly Day Peach,1315655000,1,Toko nya amnh baru coba pke ini semoga cocok,1741930272,Lebih dari 1 tahun lalu,1pkt isi 6 day pink new,True,Anonymous,0,False,False,
X Beauty 1 Paket Isi 6 Redjelly Day Peach,1315548572,5,Ok,1741917952,Lebih dari 1 tahun lalu,1pkt isi 6 day pink new,True,Anonymous,0,False,False,
X Beauty 1 Paket Isi 6 Redjelly Day Peach,1315458282,5,"Alhamdulillah brang sudah sampai kak maaf Bru kasih ulasan smoga cocok prtmaaa pakeee 
Klo cocok nanti co lgi kak",1741906214,Lebih dari 1 tahun lalu,1pkt isi 6 day pink new,True,Anonymous,0,False,False,
X Beauty 1 Paket Isi 6 Redjelly Day Peach,1315270780,3,"Nyesel baru coba skrng, cocok di muka saya baru pemakaian 4 hari udah keliatan cerah😁😁😁",1741897694,Lebih dari 1 tahun lalu,1pkt isi 6 day pink new,True,Anonymous,0,False,False,
X Beauty 1 Paket Isi 6 Redjelly Day Peach,1314882368,5,baru pertama co semoga ccok di muka ku yg kusam ini,1741885355,Lebih dari 1 tahun lalu,1pkt isi 6 day pink new,True,Anonymous,0,True,False,
X Beauty 1 Paket Isi 6 Redjelly Day Peach,1314237310,2,Baru mau coba semoga cocok nanti aku tambahin bintangnya .,1741867281,Lebih dari 1 tahun lalu,1pkt isi 6 day pink new,True,Anonymous,0,True,False,
X Beauty 1 Paket Isi 6 Redjelly Day Peach,1314126318,5,"Alhamdulillah😍
trimakasih bonus Red nya🫰🏻🫰🏻",1741863976,Lebih dari 1 tahun lalu,1pkt isi 6 day pink new,True,Anonymous,0,True,False,
X Beauty 1 Paket Isi 6 Redjelly Day Peach,1314122457,5,"Semoga cocok biar bisa langganan,day cream nya bagus bikin glowing sama facewash nya gak bikin kering wajah malah bikin lembab pokoknya the best",1741863850,Lebih dari 1 tahun lalu,1pkt isi 6 day pink new,True,Anonymous,0,True,False,
X Beauty 1 Paket Isi 6 Redjelly Day Peach,1313926215,4,Produknya bagus syang facial washnya 2 tonernya ga ad,1741860499,Lebih dari 1 tahun lalu,1pkt isi 6 day pink new,True,Anonymous,0,False,False,
X Beauty 1 Paket Isi 6 Redjelly Day Peach,1313741121,5,"Bahan: Lembut
Manfaat produk: Mencerahkan dan menghilangkan bekas jerawat n flek
Jenis kulit: Semua jenis kulit
Baru pertama kali pake smoga hasil nya bagus. Kalo cocok pesan lagi deh😃😃😃",1741850710,Lebih dari 1 tahun lalu,1pkt isi 6 day pink new,True,Anonymous,0,True,False,
X Beauty 1 Paket Isi 6 Redjelly Day Peach,1313435881,5,Pket sudah sampe pengemasan sangat rapi.semoga aku cocok,1741818897,Lebih dari 1 tahun lalu,1pkt isi 6 day pink new,True,Anonymous,0,True,False,
X Beauty 1 Paket Isi 6 Redjelly Day Peach,1313371946,4,Bismillah baru pertama nyoba semoga cocok,1741815724,Lebih dari 1 tahun lalu,1pkt isi 6 day pink new,True,Anonymous,0,True,False,
X Beauty 1 Paket Isi 6 Redjelly Day Peach,1313113112,5,Bagus pekingan nya  semoga cocok di wajah ku soal ae bru pertama pake skincare. [smile],1741807383,Lebih dari 1 tahun lalu,1pkt isi 6 day pink new,True,Anonymous,0,True,True,
X Beauty 1 Paket Isi 6 Redjelly Day Peach,1313018767,5,Sesuai expetasi🥰🥰🥰,1741804824,Lebih dari 1 tahun lalu,1pkt isi 6 day pink new,True,Anonymous,0,True,False,
X Beauty 1 Paket Isi 6 Redjelly Day Peach,1312951255,5,"Baru mau pake semoga cocok🙏,harganya murce paketnya 6",1741802486,Lebih dari 1 tahun lalu,1pkt isi 6 day pink new,True,Anonymous,0,False,False,
X Beauty 1 Paket Isi 6 Redjelly Day Peach,1310045661,5,"Aku baru pertama nyoba semoga cocok, untuk tekstur day cream ny itu sangat&#34; enak banget di bland nya ngg dempul sama sekali wangi nya enak jg",1741769271,Lebih dari 1 tahun lalu,1pkt isi 6 day pink new,True,Anonymous,0,False,False,
X Beauty 1 Paket Isi 6 Redjelly Day Peach,1309119269,5,Sesuai yang dipesan gak tau cocok atau nggak karna baru pertama coba semoga aja cocok biar jadi langganan,1741709546,Lebih dari 1 tahun lalu,1pkt isi 6 day pink new,True,Anonymous,0,True,False,
X Beauty 1 Paket Isi 6 Redjelly Day Peach,1309057088,5,Baru 2minggi udah keliatan bersih mantull emng,1741707028,Lebih dari 1 tahun lalu,1pkt isi 6 day pink new,True,Anonymous,0,False,False,
X Beauty 1 Paket Isi 6 Redjelly Day Peach,1308838227,4,"Ku kasih bintang 4 dulu ya,kalo udah tau hasilnya nnti ku kasih bintang 5
Soalnya baru mau coba,semoga cocok kalau cocok kita order lagi 🙏",1741699778,Lebih dari 1 tahun lalu,1pkt isi 6 day pink new,True,Anonymous,0,True,False,
X Beauty 1 Paket Isi 6 Redjelly Day Peach,1308805860,5,"Udah sampai, semua produk aman ga ada yang rusak, pekingan nya juga cantik dan rapi puas sekali. 
Bissmillah baru mau coba semoga cocok.",1741699328,Lebih dari 1 tahun lalu,1pkt isi 6 day pink new,True,Anonymous,0,True,False,
X Beauty 1 Paket Isi 6 Redjelly Day Peach,1308137370,5,"Baru 4 hari pemakaian,, mulai ada nglupas&#34; dikit trus kaya mulai sedikit glowing,, mau lihat nnti kalo habis sepaket gimana hasilnya, yg aku gak suka baunya cream malam 😣",1741673152,Lebih dari 1 tahun lalu,1pkt isi 6 day pink new,True,Anonymous,0,False,False,
X Beauty 1 Paket Isi 6 Redjelly Day Peach,1308031053,4,Baru di coba,1741662832,Lebih dari 1 tahun lalu,1pkt isi 6 day pink new,True,Anonymous,0,False,False,
X Beauty 1 Paket Isi 6 Redjelly Day Peach,1307399949,5,2 pakett mantull putih bersih glowing❤️,1741625809,Lebih dari 1 tahun lalu,1pkt isi 6 day pink new,True,Anonymous,0,False,False,
X Beauty 1 Paket Isi 6 Redjelly Day Peach,1307333351,5,"Jenis kulit: Cucuk untuk jenis kulit saya
Sudah ada perubahan baru kali ulasan mau liat hasil nya dulu",1741623666,Lebih dari 1 tahun lalu,,True,Anonymous,0,True,False,
X Beauty 1 Paket Isi 6 Redjelly Day Peach,1305857813,4,Baru mau nyoba mudahan cocok,1741549373,Lebih dari 1 tahun lalu,1pkt isi 6 day pink new,True,Anonymous,0,True,False,
X Beauty 1 Paket Isi 6 Redjelly Day Peach,1305787687,5,Pengirimannya cepat😍,1741546778,Lebih dari 1 tahun lalu,1pkt isi 6 day pink new,True,Anonymous,0,False,False,
X Beauty 1 Paket Isi 6 Redjelly Day Peach,1305703960,5,Baruu mau dicobaa.. Semoga Cocok..kalau cocok bakal next order lgi..,1741543343,Lebih dari 1 tahun lalu,1pkt isi 6 day pink new,True,Anonymous,0,True,True,
X Beauty 1 Paket Isi 6 Redjelly Day Peach,1305409817,3,"Kasi bintang 3 dlu ya,Baru pertama kali co skincare ini karena penasaran,tp kecewa ga ada daycream nya malah yg dikirim sunscreen😩",1741531774,Lebih dari 1 tahun lalu,1pkt isi 6 day pink new,True,Anonymous,0,True,False,
X Beauty 1 Paket Isi 6 Redjelly Day Peach,1304844392,5,Semoga cocok ..paket smpai dengan aman,1741513788,Lebih dari 1 tahun lalu,1pkt isi 6 day pink new,True,Anonymous,0,True,False,
X Beauty 1 Paket Isi 6 Redjelly Day Peach,1303813914,5,Stok sampai bbr,1741450872,Lebih dari 1 tahun lalu,1pkt isi 6 day pink new,True,Anonymous,0,True,False,
X Beauty 1 Paket Isi 6 Redjelly Day Peach,1303724791,5,Sesuai,1741447327,Lebih dari 1 tahun lalu,1pkt isi 6 day pink new,True,Anonymous,0,True,False,
X Beauty 1 Paket Isi 6 Redjelly Day Peach,1303709270,4,"Paketan creamnya bagus cocok di muka aku, baru pemakaian 1 paket udah hasil tetap dijaga kualitas produknya yah kk",1741446734,Lebih dari 1 tahun lalu,1pkt isi 6 day pink new,True,Anonymous,0,False,False,
X Beauty 1 Paket Isi 6 Redjelly Day Peach,1303152479,5,Lumayan baru nyoba semoga cocok,1741427422,Lebih dari 1 tahun lalu,1pkt isi 6 day pink new,True,Anonymous,0,True,False,
X Beauty 1 Paket Isi 6 Redjelly Day Peach,1302992120,5,BiismiiLah mudah&#34;an cocok... skincare dibawah 100 ribu🥰,1741418684,Lebih dari 1 tahun lalu,1pkt isi 6 day pink new,True,Anonymous,0,False,False,
X Beauty 1 Paket Isi 6 Redjelly Day Peach,1302815689,5,"Belom aku fto ya emng muka aku tp 3 hari pakek udah ada perubahan muka jd gk kering tp ini lg proses pengelupasan
Keknya sih next order nih",1741393452,Lebih dari 1 tahun lalu,1pkt isi 6 day pink new,True,Anonymous,0,False,False,
X Beauty 1 Paket Isi 6 Redjelly Day Peach,1302748705,5,Bgs smga cocok biar bisa langganan,1741386947,Lebih dari 1 tahun lalu,1pkt isi 6 day pink new,True,Anonymous,0,False,False,
X Beauty 1 Paket Isi 6 Redjelly Day Peach,1302673347,5,Brng di ditrima dh baik tidak ad kendala Bru pertama kali semoga cocok dan bisa langganan truss,1741383007,Lebih dari 1 tahun lalu,1pkt isi 6 day pink new,True,Anonymous,0,True,False,
X Beauty 1 Paket Isi 6 Redjelly Day Peach,1302531748,5,"Mantul bgtt
Maaf belum sempet ke ftoo soalnya sibuk bgt",1741377049,Lebih dari 1 tahun lalu,1pkt isi 6 day pink new,True,Anonymous,0,False,False,
X Beauty 1 Paket Isi 6 Redjelly Day Peach,1302529315,4,"Maaf baru kasih ulasan, karna pngn tau hasil nya dulu. 
Alhamdulillah aku udh pake 1 minggu ada perubahan, jerawat makin berkurang",1741376954,Lebih dari 1 tahun lalu,,True,Anonymous,0,False,False,
X Beauty 1 Paket Isi 6 Redjelly Day Peach,1302096719,4,Syng toner nyaa tumpah banyak 🥲 gk ada bubblewarps nyaa yg skrnh,1741365702,Lebih dari 1 tahun lalu,1pkt isi 6 day pink new,True,Anonymous,0,True,False,
X Beauty 1 Paket Isi 6 Redjelly Day Peach,1302011218,5,moga ccok,1741363035,Lebih dari 1 tahun lalu,1pkt isi 6 day pink new,True,Anonymous,0,True,False,
X Beauty 1 Paket Isi 6 Redjelly Day Peach,1301849638,5,Semoga cocok,1741358869,Lebih dari 1 tahun lalu,1pkt isi 6 day pink new,True,Anonymous,0,False,False,
X Beauty 1 Paket Isi 6 Redjelly Day Peach,1301794070,5,Pemakaian seminggu udh ad perubahan ny good deh,1741358196,Lebih dari 1 tahun lalu,1pkt isi 6 day pink new,True,Anonymous,0,False,False,
X Beauty 1 Paket Isi 6 Redjelly Day Peach,1301791896,5,"Cpet bnget pengirimannya , kurirnya ramah , baunya enak wangi , semoga cocok dibuka aku",1741358108,Lebih dari 1 tahun lalu,1pkt isi 6 day pink new,True,Anonymous,0,True,False,
X Beauty 1 Paket Isi 6 Redjelly Day Peach,1301734429,5,"Bagus , semoga cocok min , selalu langganan",1741355983,Lebih dari 1 tahun lalu,1pkt isi 6 day pink new,True,Anonymous,0,True,False,
X Beauty 1 Paket Isi 6 Redjelly Day Peach,1301668396,4,Semoga aku cocok..,1741353472,Lebih dari 1 tahun lalu,1pkt isi 6 day pink new,True,Anonymous,0,False,False,
X Beauty 1 Paket Isi 6 Redjelly Day Peach,1301420826,5,Mudahan cocok lah ya untuk harga segini murah sih udah dapat semua kalau cocok pasti beli lagi,1741345175,Lebih dari 1 tahun lalu,1pkt isi 6 day pink new,True,Anonymous,0,True,False,
X Beauty 1 Paket Isi 6 Redjelly Day Peach,1301400042,5,Udh cocok pakek produk ini dari 2024 awal sampai sekarang good sii,1741344443,Lebih dari 1 tahun lalu,1pkt isi 6 day pink new,True,Anonymous,0,False,False,
X Beauty 1 Paket Isi 6 Redjelly Day Peach,1301397203,5,Baru pertama beli semoga cocokk,1741344341,Lebih dari 1 tahun lalu,1pkt isi 6 day pink new,True,Anonymous,0,True,False,
X Beauty 1 Paket Isi 6 Redjelly Day Peach,1301249812,5,Sangat puas semoga cocok,1741339370,Lebih dari 1 tahun lalu,1pkt isi 6 day pink new,True,Anonymous,0,False,False,
X Beauty 1 Paket Isi 6 Redjelly Day Peach,1301107631,5,"Pembelian pertama semoga cocok di aku ,pakcing nya sangat rapi",1741334614,Lebih dari 1 tahun lalu,1pkt isi 6 day pink new,True,Anonymous,0,True,False,
X Beauty 1 Paket Isi 6 Redjelly Day Peach,1301033746,5,"Semoga cocok ya, packingan aman",1741327098,Lebih dari 1 tahun lalu,1pkt isi 6 day pink new,True,Anonymous,0,False,False,
X Beauty 1 Paket Isi 6 Redjelly Day Peach,1301027069,4,"ak uda jln 2 pktt masih kelihatan kusam, mungkin masih proses yaa",1741326187,Lebih dari 1 tahun lalu,1pkt isi 6 day pink new,True,Anonymous,0,False,False,
X Beauty 1 Paket Isi 6 Redjelly Day Peach,1300879797,1,"Kak kok malam nya Bauk pil ya KK 
Pas di olesin ke mukak bau nya menyengat gak tahan sampe mau muntah karna itu GK jadi aku pakek nya karna gak tahan Bauk nya",1741305756,Lebih dari 1 tahun lalu,1pkt isi 6 day pink new,True,Anonymous,0,True,False,
X Beauty 1 Paket Isi 6 Redjelly Day Peach,1300464283,5,"Paket nyah udah sampai, mudah²an cocok",1741286257,Lebih dari 1 tahun lalu,1pkt isi 6 day pink new,True,Anonymous,0,True,False,
X Beauty 1 Paket Isi 6 Redjelly Day Peach,1300166771,5,"Terimakasih paket aku udah nyampe kk,peking rapi kurir ramah ,semoga cocok di aku",1741275472,Lebih dari 1 tahun lalu,1pkt isi 6 day pink new,True,Anonymous,0,True,False,
X Beauty 1 Paket Isi 6 Redjelly Day Peach,1299612305,4,"Aku ksi bintang 4 Dulu yah soalx bru pemakaian pertama, semogh cocok .
Teksturnya lembut",1741263905,Lebih dari 1 tahun lalu,1pkt isi 6 day pink new,True,Anonymous,0,True,True,
X Beauty 1 Paket Isi 6 Redjelly Day Peach,1299501386,5,Semoga cocok di saya,1741260953,Lebih dari 1 tahun lalu,1pkt isi 6 day pink new,True,Anonymous,0,True,False,
X Beauty 1 Paket Isi 6 Redjelly Day Peach,1299289906,5,Next order lagi aku suka,1741256592,Lebih dari 1 tahun lalu,1pkt isi 6 day pink new,True,Anonymous,0,False,False,
X Beauty 1 Paket Isi 6 Redjelly Day Peach,1298810526,5,"Produk nya mantul udah kliatan hasil nya ,baru pake 2 hari udh kliatan brsih muka ku😍",1741213869,Lebih dari 1 tahun lalu,1pkt isi 6 day pink new,True,Anonymous,0,False,False,
X Beauty 1 Paket Isi 6 Redjelly Day Peach,1298797872,5,Semoga cocok,1741213066,Lebih dari 1 tahun lalu,1pkt isi 6 day pink new,True,Anonymous,0,False,False,
X Beauty 1 Paket Isi 6 Redjelly Day Peach,1298008035,5,Semoga cocok pertama kali coba☺️,1741186970,Lebih dari 1 tahun lalu,1pkt isi 6 day pink new,True,Anonymous,0,True,False,
X Beauty 1 Paket Isi 6 Redjelly Day Peach,1297838581,4,Moga ajja ccock,1741182121,Lebih dari 1 tahun lalu,1pkt isi 6 day pink new,True,Anonymous,0,True,False,
X Beauty 1 Paket Isi 6 Redjelly Day Peach,1297393016,5,"Paket sudah sampai,baru pertama kali coba semoga cocok di akuu",1741168329,Lebih dari 1 tahun lalu,1pkt isi 6 day pink new,True,Anonymous,0,True,False,
X Beauty 1 Paket Isi 6 Redjelly Day Peach,1297232238,4,"kok cream siangnya ganti warna pink ya apa kemasan baru,kmren day creamnya warna kuning,tapi aku cocok kok pakainya",1741156373,Lebih dari 1 tahun lalu,1pkt isi 6 day pink new,True,Anonymous,0,False,False,
X Beauty 1 Paket Isi 6 Redjelly Day Peach,1297223931,5,"Produk nya sangat bagus, murah lagi tpi tidak murahan ya 😀😀🤭🙏 yang pasti cocok d kulit ku yg kusam ,,baru mau abis 1 paket udh kelihatan perubahan nya 😍😍 terimakasih buat toko ini",1741155127,Lebih dari 1 tahun lalu,1pkt isi 6 day pink new,True,Anonymous,0,False,False,
X Beauty 1 Paket Isi 6 Redjelly Day Peach,1297103833,4,mantull,1741133982,Lebih dari 1 tahun lalu,1pkt isi 6 day pink new,True,Anonymous,0,False,False,
X Beauty 1 Paket Isi 6 Redjelly Day Peach,1297035006,5,Serum nya cair ga kaya yang dulu di botol kecil,1741126808,Lebih dari 1 tahun lalu,1pkt isi 6 day pink new,True,Anonymous,0,False,False,
X Beauty 1 Paket Isi 6 Redjelly Day Peach,1296833523,5,"Bagus,aku cocok pake ini udah order keduakalinya",1741118327,Lebih dari 1 tahun lalu,1pkt isi 6 day pink new,True,Anonymous,0,False,True,
X Beauty 1 Paket Isi 6 Redjelly Day Peach,1296792542,5,"Barang dah sampai dental am an, semoga cocok di aku, untuk kurirnya 💪👍👍👍👍👍👍👍",1741116470,Lebih dari 1 tahun lalu,1pkt isi 6 day pink new,True,Anonymous,0,False,False,
X Beauty 1 Paket Isi 6 Redjelly Day Peach,1296585621,5,Pokonya bagus sekali,1741108258,Lebih dari 1 tahun lalu,1pkt isi 6 day pink new,True,Anonymous,0,False,False,
X Beauty 1 Paket Isi 6 Redjelly Day Peach,1295838645,5,Paket ke 4 alhamdulilah cocok,1741084751,Lebih dari 1 tahun lalu,1pkt isi 6 day pink new,True,Anonymous,0,True,False,
X Beauty 1 Paket Isi 6 Redjelly Day Peach,1295349117,5,Bagus banget bikin kulit jadi cerah,1741051465,Lebih dari 1 tahun lalu,1pkt isi 6 day pink new,True,Anonymous,0,True,False,
X Beauty 1 Paket Isi 6 Redjelly Day Peach,1294894015,4,semoga ccok,1741023936,Lebih dari 1 tahun lalu,1pkt isi 6 day pink new,True,Anonymous,0,True,False,
X Beauty 1 Paket Isi 6 Redjelly Day Peach,1294802111,4,"Paket telah tiba, masyallah Peking nya mantul bgt kak,ini pertama kali coba sementara bintang 4 dulu ya hehh,kalo cocok nanti ditambah bintang nya",1741019977,Lebih dari 1 tahun lalu,1pkt isi 6 day pink new,True,Anonymous,0,True,False,
X Beauty 1 Paket Isi 6 Redjelly Day Peach,1294773669,5,Otw paket ke 2❤️,1741018682,Lebih dari 1 tahun lalu,1pkt isi 6 day pink new,True,Anonymous,0,True,False,
X Beauty 1 Paket Isi 6 Redjelly Day Peach,1294748989,5,🫰🏻🫰🏻,1741017571,Lebih dari 1 tahun lalu,1pkt isi 6 day pink new,True,Anonymous,0,False,False,
X Beauty 1 Paket Isi 6 Redjelly Day Peach,1294680708,5,Q daah coba baunya harum,1741014693,Lebih dari 1 tahun lalu,1pkt isi 6 day pink new,True,Anonymous,0,False,False,
X Beauty 1 Paket Isi 6 Redjelly Day Peach,1294676107,3,Kok krim malamnya baunya beda ya padahal satu toko dn saya sudah beli 4kali tapi yg ini beda baunya,1741014493,Lebih dari 1 tahun lalu,1pkt isi 6 day pink new,True,Anonymous,0,False,False,
X Beauty 1 Paket Isi 6 Redjelly Day Peach,1294670378,3,"kalo di pakek perih di muka trus jadi kemerahan, padahal baru pakek 3hari. jadi bingung mau lanjut apa ngga",1741014245,Lebih dari 1 tahun lalu,1pkt isi 6 day pink new,True,Anonymous,0,False,False,
X Beauty 1 Paket Isi 6 Redjelly Day Peach,1294633035,5,Suka banget sama keamanan pengirimannya,1741012734,Lebih dari 1 tahun lalu,1pkt isi 6 day pink new,True,Anonymous,0,True,False,
X Beauty 1 Paket Isi 6 Redjelly Day Peach,1294583179,5,"Bari DTG,, mudah²hn ccok baru mau nyoba",1741010788,Lebih dari 1 tahun lalu,1pkt isi 6 day pink new,True,Anonymous,0,True,False,
X Beauty 1 Paket Isi 6 Redjelly Day Peach,1294505858,5,Semoga cocok,1741007711,Lebih dari 1 tahun lalu,1pkt isi 6 day pink new,True,Anonymous,0,False,False,
X Beauty 1 Paket Isi 6 Redjelly Day Peach,1294479376,5,Baru pertama beli semoga cocok,1741006755,Lebih dari 1 tahun lalu,1pkt isi 6 day pink new,True,Anonymous,0,True,False,
X Beauty 1 Paket Isi 6 Redjelly Day Peach,1294275665,5,"wangi nya aku suka,smoga cocok di aku,kalo cocok pasti aku co lagi,",1741001445,Lebih dari 1 tahun lalu,1pkt isi 6 day pink new,True,Anonymous,0,True,True,
X Beauty 1 Paket Isi 6 Redjelly Day Peach,1294158154,5,p,1740997967,Lebih dari 1 tahun lalu,1pkt isi 6 day pink new,True,Anonymous,0,False,False,
X Beauty 1 Paket Isi 6 Redjelly Day Peach,1293592847,5,"Kok beda ya krim siangnya sama yg prtma kali aku pesen, yg prtma kayak Bb krim ,tapi syangnya yg prtma krim nya sdh habis gk bisa k foto,yg ini wrnanya pink",1740947379,Lebih dari 1 tahun lalu,1pkt isi 6 day pink new,True,Anonymous,0,True,False,
X Beauty 1 Paket Isi 6 Redjelly Day Peach,1293571797,5,Sangat sangat puas dengan produk X Beauty... Respon admin juga cepat dan pengiriman juga cepat.... Pokoknya gak kecewa belanja disini.... Trimakasih banyak....,1740946165,Lebih dari 1 tahun lalu,1pkt isi 6 day pink new,True,Anonymous,0,True,False,
X Beauty 1 Paket Isi 6 Redjelly Day Peach,1293476213,5,"Baru pertama coba, mudah2n cocok ya",1740941379,Lebih dari 1 tahun lalu,1pkt isi 6 day pink new,True,Anonymous,0,True,True,
X Beauty 1 Paket Isi 6 Redjelly Day Peach,1293319821,1,Toko taaaiiiiii,1740933291,Lebih dari 1 tahun lalu,1pkt isi 6 day pink new,True,Anonymous,0,False,True,
X Beauty 1 Paket Isi 6 Redjelly Day Peach,1293061234,5,"Produk cocok di muka sy tadi ngelupas dikit2 ya KK,tapi oke lah cream mukanya
Manfaat produk: Wangin
Jenis kulit: Buat kulit kering",1740923484,Lebih dari 1 tahun lalu,,True,Anonymous,0,False,False,
X Beauty 1 Paket Isi 6 Redjelly Day Peach,1292764079,5,Pesannn pertama coba mudhn ccok,1740918297,Lebih dari 1 tahun lalu,1pkt isi 6 day pink new,True,Anonymous,0,True,False,
X Beauty 1 Paket Isi 6 Redjelly Day Peach,1292759687,5,brg bru sampe siang ini semoga cocok biar gk sbk cri skincare lagi....mumet pindah2,1740918106,Lebih dari 1 tahun lalu,1pkt isi 6 day pink new,True,Anonymous,0,True,False,
X Beauty 1 Paket Isi 6 Redjelly Day Peach,1292695744,4,bagus,1740915571,Lebih dari 1 tahun lalu,1pkt isi 6 day pink new,True,Anonymous,0,False,False,
X Beauty 1 Paket Isi 6 Redjelly Day Peach,1292389133,4,Kasih bintang 4 dulu. Nanti kalau emang bagus aku beli lagi,1740896636,Lebih dari 1 tahun lalu,1pkt isi 6 day pink new,True,Anonymous,0,False,False,
X Beauty 1 Paket Isi 6 Redjelly Day Peach,1292349563,4,Oklah,1740889909,Lebih dari 1 tahun lalu,1pkt isi 6 day pink new,True,Anonymous,0,False,False,
X Beauty 1 Paket Isi 6 Redjelly Day Peach,1292198999,4,In knp night creamnya tekstur dan baunya beda sm yng pertma aku bli yah? Kmrin kyak moist gtu enk baunya jga enk in knp beda???,1740865196,Lebih dari 1 tahun lalu,,True,Anonymous,0,False,False,
X Beauty 1 Paket Isi 6 Redjelly Day Peach,1291785720,4,"pertama beli semoga cocok.
aku pertama pake tgl 01.03.25
semoga cpt glowing amin hhe",1740843612,Lebih dari 1 tahun lalu,1pkt isi 6 day pink new,True,Anonymous,0,True,False,
X Beauty 1 Paket Isi 6 Redjelly Day Peach,1291493865,5,Barangnya dh nyampe kayanya agak terangan wrnnya serumnya jg diganti wadahnya,1740834219,Lebih dari 1 tahun lalu,1pkt isi 6 day pink new,True,Anonymous,0,True,True,
X Beauty 1 Paket Isi 6 Redjelly Day Peach,1291360312,5,Semoga cocokk,1740829285,Lebih dari 1 tahun lalu,1pkt isi 6 day pink new,True,Anonymous,0,True,False,
X Beauty 1 Paket Isi 6 Redjelly Day Peach,1291354988,5,baru mau coba mudah&#34; an cocok,1740829082,Lebih dari 1 tahun lalu,1pkt isi 6 day pink new,True,Anonymous,0,True,False,
X Beauty 1 Paket Isi 6 Redjelly Day Peach,1291253026,4,Paketnya suda smpai smoga cocok😁,1740825148,Lebih dari 1 tahun lalu,1pkt isi 6 day pink new,True,Anonymous,0,True,False,
X Beauty 1 Paket Isi 6 Redjelly Day Peach,1291191820,4,"udah dateng cmn kemasanya sdikit rijek ,smoga cocok,biar bisa co lg",1740823279,Lebih dari 1 tahun lalu,1pkt isi 6 day pink new,True,Anonymous,0,True,False,
X Beauty 1 Paket Isi 6 Redjelly Day Peach,1290828292,4,"Udh saya pake enk cream nya d.pake nya, tapi saya d pke ke.leher malah jerwat mdah2n cepet kering sembuh lg, karna cream nya bagus, enk di blen jga, mw order lg smga cocok bismillah",1740783408,Lebih dari 1 tahun lalu,1pkt isi 6 day pink new,True,Anonymous,0,False,False,
X Beauty 1 Paket Isi 6 Redjelly Day Peach,1287714093,5,bagus bagus semua gas apalagi serum sama musturazer nya 🫶,1740767000,Lebih dari 1 tahun lalu,1pkt isi 6 day pink new,True,Anonymous,0,True,True,
X Beauty 1 Paket Isi 6 Redjelly Day Peach,1287656828,5,Pembelian kedua kali nya,1740754553,Lebih dari 1 tahun lalu,1pkt isi 6 day pink new,True,Anonymous,0,False,False,
X Beauty 1 Paket Isi 6 Redjelly Day Peach,1287656866,5,Pakicingnya kurang aman serumnya tumpah tumpah,1740746444,Lebih dari 1 tahun lalu,1pkt isi 6 day pink new,True,Anonymous,0,True,False,
X Beauty 1 Paket Isi 6 Redjelly Day Peach,1287656829,5,Semoga cocok amin,1740695213,Lebih dari 1 tahun lalu,1pkt isi 6 day pink new,True,Anonymous,0,False,False,
X Beauty 1 Paket Isi 6 Redjelly Day Peach,1287656850,5,"Manfaat produk: Bikin glowing
Jenis kulit: Normal
Terimakasih kak paketku sudh sampai ..xbeauty emang mantul..amanah tokonya.",1740669200,Lebih dari 1 tahun lalu,1pkt isi 6 day pink new,True,Anonymous,0,True,False,
X Beauty 1 Paket Isi 6 Redjelly Day Peach,1287656844,5,"Bahan: Oke
Manfaat produk: Bagus
Jenis kulit: Kulit sawo",1740666481,Lebih dari 1 tahun lalu,1pkt isi 6 day pink new,True,Anonymous,0,True,False,
X Beauty 1 Paket Isi 6 Redjelly Day Peach,1287656869,5,Baunya wangi sekaliiii kemasan rapi barang tidak ada yang rusak,1740664603,Lebih dari 1 tahun lalu,1pkt isi 6 day pink new,True,Anonymous,0,True,False,
X Beauty 1 Paket Isi 6 Redjelly Day Peach,1287656852,3,Puas,1740650877,Lebih dari 1 tahun lalu,1pkt isi 6 day pink new,True,Anonymous,0,False,False,
X Beauty 1 Paket Isi 6 Redjelly Day Peach,1287656873,5,Muka ku kelihtan bersih next order lagi,1740638137,Lebih dari 1 tahun lalu,1pkt isi 6 day pink new,True,Anonymous,0,True,False,
X Beauty 1 Paket Isi 6 Redjelly Day Peach,1287656871,5,Terimakasih  semoga selalu amanah,1740619935,Lebih dari 1 tahun lalu,-,True,Anonymous,0,False,False,
X Beauty 1 Paket Isi 6 Redjelly Day Peach,1287656856,1,Kecewa sama produk nya aku kira udah bpom tau nya berbahaya,1740613055,Lebih dari 1 tahun lalu,-,True,Anonymous,0,False,False,
X Beauty 1 Paket Isi 6 Redjelly Day Peach,1287656846,5,Uda gatau ke berpa aku co,1740606926,Lebih dari 1 tahun lalu,1pkt isi 6 day pink new,True,Anonymous,0,False,False,
X Beauty 1 Paket Isi 6 Redjelly Day Peach,1287656865,1,"barang ga sampe rumah, udah seminggu pesan 2 kali percobaan pengiriman GAGAL! dibawa lagi ke nganjuk eh malah dikirim nya ke magetan, padahal jelas tertulis kab madiun nya!!",1740592801,Lebih dari 1 tahun lalu,-,True,Anonymous,0,False,False,
X Beauty 1 Paket Isi 6 Redjelly Day Peach,1287656867,5,ga ada red jelly nya 🥹,1740581471,Lebih dari 1 tahun lalu,1pkt isi 6 day pink new,True,Anonymous,0,False,False,
X Beauty 1 Paket Isi 6 Redjelly Day Peach,1287657066,5,"Paket baru sampai ... Semoga aja cocok d wajah sy ,",1740568076,Lebih dari 1 tahun lalu,1pkt isi 6 day pink new,True,Anonymous,0,True,False,
X Beauty 1 Paket Isi 6 Redjelly Day Peach,1287657077,5,Makasih udah d kasih free red jelly😍,1740567993,Lebih dari 1 tahun lalu,1pkt isi 6 day pink new,True,Anonymous,0,False,False,
X Beauty 1 Paket Isi 6 Redjelly Day Peach,1287657067,5,"Maaf baru ksih ulasan. .soalnya mo liat hsilnya dulu. . Alhamdulillah bru 1mnggu wajah udah agak mndingan ga terlalu kusam..
Next order lgi",1740567136,Lebih dari 1 tahun lalu,1pkt isi 6 day peach,True,Anonymous,0,False,False,
X Beauty 1 Paket Isi 6 Redjelly Day Peach,1287657082,5,Semog@ cocok baunya enak banget,1740514443,Lebih dari 1 tahun lalu,1pkt isi 6 day pink new,True,Anonymous,0,True,False,
X Beauty 1 Paket Isi 6 Redjelly Day Peach,1287657102,5,Bagus krim nya prtama pke enak lembut,1740498115,Lebih dari 1 tahun lalu,-,True,Anonymous,0,False,False,
X Beauty 1 Paket Isi 6 Redjelly Day Peach,1287657056,5,"Alhamdulillah paketnya sdh tiba, pengiriman cepat mudahan cocok yah, biar bisa order lagi..",1740494261,Lebih dari 1 tahun lalu,1pkt isi 6 day pink new,True,Anonymous,0,True,False,
X Beauty 1 Paket Isi 6 Redjelly Day Peach,1287657095,5,👍👍👍👍👍👍👍👍,1740431628,Lebih dari 1 tahun lalu,1pkt isi 6 day pink new,True,Anonymous,0,False,False,
X Beauty 1 Paket Isi 6 Redjelly Day Peach,1287657057,5,Barang nya bagus sesuai dengan dilive SMG jual nya laris manis dan slu amanah Nex order lg 👍,1740426362,Lebih dari 1 tahun lalu,-,True,Anonymous,0,False,False,
X Beauty 1 Paket Isi 6 Redjelly Day Peach,1287657061,5,Alhamdulillah saya cocok,1740418260,Lebih dari 1 tahun lalu,1pkt isi 6 day pink new,True,Anonymous,0,False,False,
X Beauty 1 Paket Isi 6 Redjelly Day Peach,1287657074,5,Pertama coba semoga cocok .,1740415764,Lebih dari 1 tahun lalu,1pkt isi 6 day pink new,True,Anonymous,0,True,False,
X Beauty 1 Paket Isi 6 Redjelly Day Peach,1287657087,5,Cocok bagus bnget day creamnya,1740410459,Lebih dari 1 tahun lalu,1pkt isi 6 day pink new,True,Anonymous,0,False,False,
X Beauty 1 Paket Isi 6 Redjelly Day Peach,1287657073,5,Udah ke sekian kali nya aku ganti skincare semoga ini cocok di muka aku kata orang ini bagus aku beli deh,1740404895,Lebih dari 1 tahun lalu,-,True,Anonymous,0,True,False,
X Beauty 1 Paket Isi 6 Redjelly Day Peach,1287657071,5,"Barangnya lengkap, pas ada enam udah order yng kdua klinya",1740398825,Lebih dari 1 tahun lalu,-,True,Anonymous,0,False,False,
X Beauty 1 Paket Isi 6 Redjelly Day Peach,1287657101,4,Baru coba aku suka cream nya cuman cream night nya Bauk ngak enak 🙏,1740393021,Lebih dari 1 tahun lalu,-,True,Anonymous,0,False,False,
X Beauty 1 Paket Isi 6 Redjelly Day Peach,1287657062,5,Skincare nya bagus banget cocok u kulit ku jrwatan n ssah crah..harganya terjangkau pula🙂👍👍,1740372943,Lebih dari 1 tahun lalu,1pkt isi 6 day pink new,True,Anonymous,0,False,False,
X Beauty 1 Paket Isi 6 Redjelly Day Peach,1287657100,4,"Alhamdulillah paket nya udah sampe ke Tmpt tujuan, bismillah percobaan pertama moga aja cocok🥰
Untuk pengiriman lumayan cepat dan Aman senang berbelanja disni 😍Nitif before ny dulu ya 🫢
Bahan: Skincare
Manfaat produk: Bikin cerah &amp; glowing😍
Jenis kulit: Normal ,bekas jerawat",1740351052,Lebih dari 1 tahun lalu,1pkt isi 6 day pink new,True,Anonymous,0,True,False,
X Beauty 1 Paket Isi 6 Redjelly Day Peach,1287657085,4,"Bahan: Lembut
Manfaat produk: Memutihkan
Jenis kulit: Normal",1740349401,Lebih dari 1 tahun lalu,1pkt isi 6 day peach,True,Anonymous,0,False,False,
X Beauty 1 Paket Isi 6 Redjelly Day Peach,1287657103,5,Maaf knapa awal beli day creamnya warna kuning ki sekarang warna fink yah,1740339867,Lebih dari 1 tahun lalu,1pkt isi 6 day pink new,True,Anonymous,0,True,False,
X Beauty 1 Paket Isi 6 Redjelly Day Peach,1287657092,5,Bagus semoga cocok,1740325851,Lebih dari 1 tahun lalu,1pkt isi 6 day pink new,True,Anonymous,0,False,False,
X Beauty 1 Paket Isi 6 Redjelly Day Peach,1287657223,5,Baguss bngt,1740253552,Lebih dari 1 tahun lalu,1pkt isi 6 day peach,True,Anonymous,0,False,False,
X Beauty 1 Paket Isi 6 Redjelly Day Peach,1287657218,5,Orderan yang ke 3 kalinya yang pertama ambil platinum GK cocok dikulit q ambil paket whitening yang ada red jellynya alhamdulilah cocok,1740252039,Lebih dari 1 tahun lalu,1pkt isi 6 day peach,True,Anonymous,0,True,False,
X Beauty 1 Paket Isi 6 Redjelly Day Peach,1287657263,1,Serumnya tumpah pengemasannya kurang rapi,1740243434,Lebih dari 1 tahun lalu,-,True,Anonymous,0,True,True,
X Beauty 1 Paket Isi 6 Redjelly Day Peach,1287657227,5,Paket yang ke 2 kali nya mantull dapet free red jelly nya makasih 🥰🥰 Nex order lagi,1740239288,Lebih dari 1 tahun lalu,1pkt isi 6 day pink new,True,Anonymous,0,True,False,
X Beauty 1 Paket Isi 6 Redjelly Day Peach,1287657229,5,Baru dteng smog ccok,1740238820,Lebih dari 1 tahun lalu,1pkt isi 6 day pink new,True,Anonymous,0,True,False,
X Beauty 1 Paket Isi 6 Redjelly Day Peach,1287657267,5,Bagus sih cmn Serumnya Merembes🥹,1740232104,Lebih dari 1 tahun lalu,-,True,Anonymous,0,False,False,
X Beauty 1 Paket Isi 6 Redjelly Day Peach,1287657247,5,Bagus banget,1740226799,Lebih dari 1 tahun lalu,1pkt isi 6 day peach,True,Anonymous,0,True,False,
X Beauty 1 Paket Isi 6 Redjelly Day Peach,1287657233,5,Nyoba dlu,1740224447,Lebih dari 1 tahun lalu,1pkt isi 6 day pink new,True,Anonymous,0,False,False,
X Beauty 1 Paket Isi 6 Redjelly Day Peach,1287657259,4,Mantul pokoknya😍,1740221262,Lebih dari 1 tahun lalu,1pkt isi 6 day peach,True,Anonymous,0,True,False,
X Beauty 1 Paket Isi 6 Redjelly Day Peach,1287657221,5,"Alhamdulillah paket tiba dengan selamat peckingan aman ngk ada yg tumpah udah ceo yg paket ke dua smoga seterusx cocok di muka AQ biar bisa jdi langganan trus di Xbeauty,sukses slalu buat tokox smoga amanah trus😇",1740216814,Lebih dari 1 tahun lalu,1pkt isi 6 day pink new,True,Anonymous,0,True,False,
X Beauty 1 Paket Isi 6 Redjelly Day Peach,1287657257,5,Paket kesekian kalinya🥰,1740215694,Lebih dari 1 tahun lalu,-,True,Anonymous,0,False,False,
X Beauty 1 Paket Isi 6 Redjelly Day Peach,1287657242,5,"Cocok untuk kulit wajah yg kusam
Baru 3 hari pemakayan sudah ada perubahan",1740214017,Lebih dari 1 tahun lalu,-,True,Anonymous,0,True,False,
X Beauty 1 Paket Isi 6 Redjelly Day Peach,1287657228,5,Sangatlah memuaskan produknya bagus dimuka dan ringan,1740210919,Lebih dari 1 tahun lalu,1pkt isi 6 day peach,True,Anonymous,0,False,False,
X Beauty 1 Paket Isi 6 Redjelly Day Peach,1287657266,5,semoga cocok di aku,1740203576,Lebih dari 1 tahun lalu,-,True,Anonymous,0,False,False,
X Beauty 1 Paket Isi 6 Redjelly Day Peach,1287657232,4,Alhamdulillah sudah mendarat dg selamat 🤗,1740166790,Lebih dari 1 tahun lalu,-,True,Anonymous,0,False,False,
X Beauty 1 Paket Isi 6 Redjelly Day Peach,1287657224,3,packaging serumnya pecah dikit+keluar,1740165893,Lebih dari 1 tahun lalu,-,True,Anonymous,0,False,False,
X Beauty 1 Paket Isi 6 Redjelly Day Peach,1287657253,5,semoga cocok,1740163677,Lebih dari 1 tahun lalu,1pkt isi 6 day pink new,True,Anonymous,0,True,False,
X Beauty 1 Paket Isi 6 Redjelly Day Peach,1287657238,5,Sangat bagus,1740133038,Lebih dari 1 tahun lalu,-,True,Anonymous,0,True,True,
X Beauty 1 Paket Isi 6 Redjelly Day Peach,1287657260,5,Oke semogaa cocokk🥰,1740130378,Lebih dari 1 tahun lalu,1pkt isi 6 day pink new,True,Anonymous,0,True,True,
X Beauty 1 Paket Isi 6 Redjelly Day Peach,1287657230,5,"Pket sdh sampai bru prtama coba tmenku , nnt klo cocok co lg👍",1740084401,Lebih dari 1 tahun lalu,-,True,Anonymous,0,False,True,
X Beauty 1 Paket Isi 6 Redjelly Day Peach,1287657235,5,Realpict semoga cocok,1740082983,Lebih dari 1 tahun lalu,-,True,Anonymous,0,False,False,
X Beauty 1 Paket Isi 6 Redjelly Day Peach,1287657262,1,Gara2 pake skincare ini muka aku yg tadinya gapernah jerawatan sekarang jdi rusak😫,1740080007,Lebih dari 1 tahun lalu,-,True,Anonymous,0,False,False,
X Beauty 1 Paket Isi 6 Redjelly Day Peach,1287657324,3,Sy kasi bintang 3dlu baru mau coba klo hasilnya bagus tmbhin bintangnya 😍,1740073335,Lebih dari 1 tahun lalu,-,True,Anonymous,0,False,False,
X Beauty 1 Paket Isi 6 Redjelly Day Peach,1287657334,5,Aku suka barangnya dikirim rapih udah dapat bonusnya juga sama ada tasnya juga..kalau cocok aku bakal persen lagi,1740070833,Lebih dari 1 tahun lalu,-,True,Anonymous,0,False,False,
X Beauty 1 Paket Isi 6 Redjelly Day Peach,1287657335,5,Baguss semogaa cocok di muka aku,1740068211,Lebih dari 1 tahun lalu,1pkt isi 6 day peach,True,Anonymous,0,False,False,
X Beauty 1 Paket Isi 6 Redjelly Day Peach,1287657328,4,packaging aman. smoga cocok,1740060407,Lebih dari 1 tahun lalu,1pkt isi 6 day peach,True,Anonymous,0,True,False,
X Beauty 1 Paket Isi 6 Redjelly Day Peach,1287657363,5,"Yg ditunggu sudah datang, pesanan pertama semoga cocok,,serumnya hampir setengah tumpah dalam kemasan,,",1740049575,Lebih dari 1 tahun lalu,-,True,Anonymous,0,True,False,
X Beauty 1 Paket Isi 6 Redjelly Day Peach,1287657350,5,"Pengiriman Cepat, Packing Aman, Dapat Tas Yeeee.... Recomended Banget Ini Mah Tokonya Ownernya Pun Baik Bangetttt, Ngejual Skincare Sebagus Ini Udah BPOM Lagi, Bisa Dijual Lagi Cstmr Ku Pada Suka, Akupun Cocok Pake Produk Ini, Selalu Langganan Terus Pokoknyaa😍❤❤❤",1740047272,Lebih dari 1 tahun lalu,1pkt isi 6 day peach,True,Anonymous,0,True,True,
X Beauty 1 Paket Isi 6 Redjelly Day Peach,1287657346,3,Tutup serumnya tidak tertutup rapat dan serumnya banyak tumpah untuk yang lainnya aman aja,1740043899,Lebih dari 1 tahun lalu,-,True,Anonymous,0,True,False,
X Beauty 1 Paket Isi 6 Redjelly Day Peach,1287657329,5,"sangatt laa biangg produknyaa, jatuhh cintaa bgttt 😠💕",1740009496,Lebih dari 1 tahun lalu,-,True,Anonymous,0,True,False,
X Beauty 1 Paket Isi 6 Redjelly Day Peach,1287657344,5,Mntulll.... btw serum ny tumpah dkit,1740003875,Lebih dari 1 tahun lalu,-,True,Anonymous,0,False,False,
X Beauty 1 Paket Isi 6 Redjelly Day Peach,1287657356,5,"Maaf baru kasih ulasan,soalnya mo liat dulu hasilnya,ternyata bgus bgt baru pke 5 hari,udah kliatan hasilnya😍",1739992130,Lebih dari 1 tahun lalu,-,True,Anonymous,0,True,False,
X Beauty 1 Paket Isi 6 Redjelly Day Peach,1287657326,5,Baru dateng dan baru coba semoga cocok. Amanah barang oke,1739989348,Lebih dari 1 tahun lalu,-,True,Anonymous,0,True,False,
X Beauty 1 Paket Isi 6 Redjelly Day Peach,1287657362,1,Serumnya tinggal stengah🥲,1739970317,Lebih dari 1 tahun lalu,-,True,Anonymous,0,True,False,
X Beauty 1 Paket Isi 6 Redjelly Day Peach,1287657358,4,Serum nya tuma pan jadi sedikit,1739963086,Lebih dari 1 tahun lalu,-,True,Anonymous,0,True,False,
X Beauty 1 Paket Isi 6 Redjelly Day Peach,1287657337,4,Semoga cocok ya kok cocok gk mau pindah skin care lain amin,1739961564,Lebih dari 1 tahun lalu,-,True,Anonymous,0,True,False,
X Beauty 1 Paket Isi 6 Redjelly Day Peach,1287657459,5,Order yng pertama semoga cocok,1739918417,Lebih dari 1 tahun lalu,-,True,Anonymous,0,True,False,
X Beauty 1 Paket Isi 6 Redjelly Day Peach,1287657461,5,"Alhamdulillah sampai,dikasih red jelly1 dong🥰makasih kak",1739901758,Lebih dari 1 tahun lalu,-,True,Anonymous,0,True,False,
X Beauty 1 Paket Isi 6 Redjelly Day Peach,1287657467,4,Serum nya pecah kak 🙏,1739887386,Lebih dari 1 tahun lalu,-,True,Anonymous,0,False,False,
X Beauty 1 Paket Isi 6 Redjelly Day Peach,1287657466,4,"Bagus packing nya cuman, tempat serumnya kayaknya masih mau d perbaiki, soalnya isinya kurang dikit.",1739885449,Lebih dari 1 tahun lalu,-,True,Anonymous,0,True,True,
X Beauty 1 Paket Isi 6 Redjelly Day Peach,1287657463,3,"semoga cocok di aku,tapi di perbaiki pengiriman nya kak,soalnya serumnya tumpah sampai separuh",1739884479,Lebih dari 1 tahun lalu,-,True,Anonymous,0,True,False,
X Beauty 1 Paket Isi 6 Redjelly Day Peach,1287657491,5,Baru coba semoga cocok,1739872261,Lebih dari 1 tahun lalu,-,True,Anonymous,0,True,False,
X Beauty 1 Paket Isi 6 Redjelly Day Peach,1287657483,4,Arang sudah sampai tapi 1 barang yang GK smpai pelicin wajahnya and serumnya tumpah,1739864032,Lebih dari 1 tahun lalu,-,True,Anonymous,0,True,False,
X Beauty 1 Paket Isi 6 Redjelly Day Peach,1287657505,5,Alhamdulillah barang sampai sesuai pesanan dan aman semoga cocok yaa☺️,1739863846,Lebih dari 1 tahun lalu,-,True,Anonymous,0,False,False,
X Beauty 1 Paket Isi 6 Redjelly Day Peach,1287657487,3,Serumnya tumpah🥲,1739859603,Lebih dari 1 tahun lalu,-,True,Anonymous,0,False,False,
X Beauty 1 Paket Isi 6 Redjelly Day Peach,1287657472,5,masyallah bgs bgt sukaa🤧💓💓,1739834499,Lebih dari 1 tahun lalu,-,True,Anonymous,0,False,False,
X Beauty 1 Paket Isi 6 Redjelly Day Peach,1287657509,4,"Baru coba 
Cmn pas datang serum nya tumpah😭😭 tlg ya  nnti di perhatikan lgi klw Peking  nya🙏",1739829591,Lebih dari 1 tahun lalu,-,True,Anonymous,0,False,False,
X Beauty 1 Paket Isi 6 Redjelly Day Peach,1287657478,5,"Semoga cocok,nexs order lagi",1739828298,Lebih dari 1 tahun lalu,-,True,Anonymous,0,True,False,
X Beauty 1 Paket Isi 6 Redjelly Day Peach,1287657499,5,"skincare fav aku bangett satu ini, mantulll 💋💋",1739824072,Lebih dari 1 tahun lalu,-,True,Anonymous,0,True,False,
X Beauty 1 Paket Isi 6 Redjelly Day Peach,1287657497,4,"Cream nya cocok di wajah aku, udah 2 kali co, tpi co yg ke 2 ini serum nya tinggal setengah apa krna bocor yaa, bru warna serum nya yg ini pink nya agak tua, yg pertama pink nya agak muda warna nya",1739821504,Lebih dari 1 tahun lalu,-,True,Anonymous,0,False,False,
X Beauty 1 Paket Isi 6 Redjelly Day Peach,1287657469,4,"Bintang 4 karna pengiriman nya gak bagus, serum aku tumpah separo, packing an nya kurang bagus, harus nya di buabel warp sih, aku beli 2 paket langsung padahal, itu aja bikin kcwa nya😒",1739819558,Lebih dari 1 tahun lalu,-,True,Anonymous,0,True,False,
X Beauty 1 Paket Isi 6 Redjelly Day Peach,1287657504,4,Kecewa karna itu serumx banyak yng tumpah kurang bagus packingx,1739815691,Lebih dari 1 tahun lalu,-,True,Anonymous,0,False,False,
X Beauty 1 Paket Isi 6 Redjelly Day Peach,1287657465,5,"Alhamdulillah mendarat dengan aman dan selamat, baru pertama kali nyoba smoga cocok,, smua baux aq suka wangi dan menenangkan kecuali yg krim malam hehe ,,untuk bumil Kya aku sih baunya nggk mengganggu sih kbanyakan enak baunya
Bahan: Sepertinya sih aman Krn sdh bpom
Manfaat produk: Mencerahkan wajah
Jenis kulit: Semua jenis kulit",1739814706,Lebih dari 1 tahun lalu,-,True,Anonymous,0,True,True,
X Beauty 1 Paket Isi 6 Redjelly Day Peach,1287657507,5,Aman bngett.. smoga cocok...,1739803500,Lebih dari 1 tahun lalu,-,True,Anonymous,0,True,False,
X Beauty 1 Paket Isi 6 Redjelly Day Peach,1287657480,5,Pakét udah datang ..semoga cocok d wajah aku...,1739795171,Lebih dari 1 tahun lalu,-,True,Anonymous,0,False,False,
X Beauty 1 Paket Isi 6 Redjelly Day Peach,1287657470,5,"Paketannya udah datang kak,semoga cocok dan bisa berlangganan lagi🥰",1739791772,Lebih dari 1 tahun lalu,-,True,Anonymous,0,True,False,
X Beauty 1 Paket Isi 6 Redjelly Day Peach,1287657473,5,Bagus cuma serumnya tumpah smoga aku cocok,1739788854,Lebih dari 1 tahun lalu,-,True,Anonymous,0,False,False,
X Beauty 1 Paket Isi 6 Redjelly Day Peach,1287657481,5,Udah seminggu belum ada perubahan,1739786267,Lebih dari 1 tahun lalu,-,True,Anonymous,0,False,True,
X Beauty 1 Paket Isi 6 Redjelly Day Peach,1287657474,3,"Sengaja ksi ulasan nya lama,krn mau liat bgus atau tidk nya.Muka ku hancur pke ini tambh.mlah jdi jerawatan..",1739780287,Lebih dari 1 tahun lalu,-,True,Anonymous,0,False,False,
X Beauty 1 Paket Isi 6 Redjelly Day Peach,1287657489,1,"Pengemasan nya kurang rapi, punyaku bocor sampe tinggal dikit🥲",1739775337,Lebih dari 1 tahun lalu,-,True,Anonymous,0,True,False,
X Beauty 1 Paket Isi 6 Redjelly Day Peach,1287657479,5,Udah co ke 2× cocok di aku GK nglupas,1739739981,Lebih dari 1 tahun lalu,-,True,Anonymous,0,False,False,
X Beauty 1 Paket Isi 6 Redjelly Day Peach,1287657475,4,"Yg lain aman,serum nya tumpah tinggal setengah lagi",1739734840,Lebih dari 1 tahun lalu,-,True,Anonymous,0,True,False,
X Beauty 1 Paket Isi 6 Redjelly Day Peach,1287657621,5,"Puasssss Dengan Toko ini
Packing rapi dan bersih 
Gak pelit Bonus
Next info untuk partai kk Admin untuk jual lagi",1739730190,Lebih dari 1 tahun lalu,-,True,Anonymous,0,True,False,
X Beauty 1 Paket Isi 6 Redjelly Day Peach,1287657625,3,Pengiriman terlalu lama,1739725901,Lebih dari 1 tahun lalu,-,True,Anonymous,0,False,False,
X Beauty 1 Paket Isi 6 Redjelly Day Peach,1287657620,5,bagus cuman kecewa smaa serumnya tumpah jadi tinggal dikit,1739724426,Lebih dari 1 tahun lalu,-,True,Anonymous,0,False,False,
X Beauty 1 Paket Isi 6 Redjelly Day Peach,1287657632,4,"Barang sampai dengan aman pertama kali beli semoga cocok 
Cuman Serumnya bocor lumayan banyak yang tumpah tapi gpp",1739717137,Lebih dari 1 tahun lalu,-,True,Anonymous,0,True,False,
X Beauty 1 Paket Isi 6 Redjelly Day Peach,1287657647,4,Bagus,1739710386,Lebih dari 1 tahun lalu,-,True,Anonymous,0,False,False,
X Beauty 1 Paket Isi 6 Redjelly Day Peach,1287657641,4,"Baru mau coba mudahan cocok☺
Serum nya... Bocor.. 🤣🤣",1739707909,Lebih dari 1 tahun lalu,-,True,Anonymous,0,True,False,
X Beauty 1 Paket Isi 6 Redjelly Day Peach,1287657642,5,sukakkk bgtt hahahaha cocok🤍🤍🤍🤍,1739699089,Lebih dari 1 tahun lalu,-,True,Anonymous,0,True,False,
X Beauty 1 Paket Isi 6 Redjelly Day Peach,1287657670,5,"X_beauty emang bagus banget buat aku yg pertama nyoba skincare ini bagus di aku
Manfaat produk: Bisa ngilangin bekas jerawat
Jenis kulit: Bagus untuk kulit berminyak seperti aku pokonya. Buat produknya pertahanin seperti ini terus ya",1739683780,Lebih dari 1 tahun lalu,-,True,Anonymous,0,True,False,
X Beauty 1 Paket Isi 6 Redjelly Day Peach,1287657639,3,"Semoga aj cocok,tapi ngemasan nya kurang bagus ,pas nyampe  serum nya udah pada tumpah semua",1739656096,Lebih dari 1 tahun lalu,-,True,Anonymous,0,False,False,
X Beauty 1 Paket Isi 6 Redjelly Day Peach,1287657652,5,Bguss baru aja sampai tpi sayang serum nya kok tumpah² ya🥺,1739655507,Lebih dari 1 tahun lalu,-,True,Anonymous,0,False,False,
X Beauty 1 Paket Isi 6 Redjelly Day Peach,1287657659,5,Tq free giftnya semoga cocok,1739640095,Lebih dari 1 tahun lalu,-,True,Anonymous,0,False,False,
X Beauty 1 Paket Isi 6 Redjelly Day Peach,1287657633,5,"Sengaja beli 2 paket biar awet😍😍
Emg secinta itu aku sama produk ini😍💋💋
Pokonya the best banget produk nya
Btw ini aku paket yng ke 10 kalinya😍😍",1739637667,Lebih dari 1 tahun lalu,-,True,Anonymous,0,True,False,
X Beauty 1 Paket Isi 6 Redjelly Day Peach,1287657666,4,Alhamdulillah paketnya sudah sampai dan ini pertama kali co semoga cocok,1739633335,Lebih dari 1 tahun lalu,-,True,Anonymous,0,True,False,
X Beauty 1 Paket Isi 6 Redjelly Day Peach,1287657651,5,"Pertama kali coba ni ye moga ada hasilnyaaa 
Nanti klo ada hasil gw balik ke sini yAW💗💗💗",1739631013,Lebih dari 1 tahun lalu,-,True,Anonymous,0,True,True,
X Beauty 1 Paket Isi 6 Redjelly Day Peach,1287657672,5,Mudahan cocok,1739629558,Lebih dari 1 tahun lalu,-,True,Anonymous,0,True,False,
X Beauty 1 Paket Isi 6 Redjelly Day Peach,1287657662,5,Barang udah sampai parking bagus a man belum di coba semoga ccok spya nti beli lgi di sininex nanti klu ccok bakal order lagi,1739629129,Lebih dari 1 tahun lalu,-,True,Anonymous,0,True,False,
X Beauty 1 Paket Isi 6 Redjelly Day Peach,1287657638,5,"Paket udah sampai,, ini paket ke 2 qw,, masih blm cerah sih,, tp muka ku sudah lebih halus lembab jg,, trimakasih seler paket aman cuma serumnya tumpah tp gp2 cm dikit",1739628144,Lebih dari 1 tahun lalu,-,True,Anonymous,0,True,False,
X Beauty 1 Paket Isi 6 Redjelly Day Peach,1287657640,4,Maaf kak serumnya ada tumpah sedikit,1739626246,Lebih dari 1 tahun lalu,-,True,Anonymous,0,True,False,
X Beauty 1 Paket Isi 6 Redjelly Day Peach,1287657669,1,"sory baru kasih ulasan,tapi kali ini gw kecewa banget,udh 2x gw beli scincare disini baik&#34;aja,tapi knp kali ini gw beli yg ke 3x nya kecewa banget,gw dapet scincare nya yg palsu bukan yg ORI,krna apa gw bisa bilang palsu,krna dari kemasan night cream nya beda intinya bnyk yg beda,dn baunya jga beda",1739618178,Lebih dari 1 tahun lalu,-,True,Anonymous,0,False,False,
X Beauty 1 Paket Isi 6 Redjelly Day Peach,1287657648,5,top markotopppp deh.... bakal order kembali,1739614631,Lebih dari 1 tahun lalu,-,True,Anonymous,0,False,False,
X Beauty 1 Paket Isi 6 Redjelly Day Peach,1287657645,5,Paket 6 pcs semoga cocok,1739613931,Lebih dari 1 tahun lalu,-,True,Anonymous,0,True,False,
X Beauty 1 Paket Isi 6 Redjelly Day Peach,1287657673,5,Tes dulu,1739613750,Lebih dari 1 tahun lalu,-,True,Anonymous,0,False,False,
X Beauty 1 Paket Isi 6 Redjelly Day Peach,1287657663,4,"Alhmdulillh bagus sesuai pesanan mksih 
Belom aku coba semoga cocok yaa
Kalau cocok nanti aku akan pesan lgii",1739601178,Lebih dari 1 tahun lalu,-,True,Anonymous,0,True,False,
X Beauty 1 Paket Isi 6 Redjelly Day Peach,1287657644,4,Sblm ngirim diliat lg ya ka ini serum nya tumpah bnyk bgt sisa setengah hmmm,1739579373,Lebih dari 1 tahun lalu,-,True,Anonymous,0,False,False,
X Beauty 1 Paket Isi 6 Redjelly Day Peach,1287657635,5,Belom dicoba semoga cocok di aku.. Biar beli lagi,1739542776,Lebih dari 1 tahun lalu,-,True,Anonymous,0,True,False,
X Beauty 1 Paket Isi 6 Redjelly Day Peach,1287657654,1,Packing nya kurang rapi sampai serum tumpah hanya setengah yg tersisah,1739542121,Lebih dari 1 tahun lalu,-,True,Anonymous,0,False,False,
X Beauty 1 Paket Isi 6 Redjelly Day Peach,1287657655,2,serunya sisa setengah bleber kemana mana tolong packingannya baikin lagi,1739540591,Lebih dari 1 tahun lalu,-,True,Anonymous,0,False,True,
X Beauty 1 Paket Isi 6 Redjelly Day Peach,1287657626,5,mudah mudahn cocok,1739537517,Lebih dari 1 tahun lalu,-,True,Anonymous,0,False,False,
X Beauty 1 Paket Isi 6 Redjelly Day Peach,1287657787,5,ʙᴀʀᴜ ᴘᴇʀᴛᴀᴍᴀ ᴋʟɪᴇ ᴛᴀᴘɪ ᴘᴀs ᴅɪᴄᴏʙᴀ ᴅɪᴍᴜᴋᴀ ʙɢᴜs ʙɢᴛ ᴍᴜᴋᴀ ʙɪᴋɪɴ ᴋᴇɴʏᴇʟ ʙɢᴛᴜ ᴍᴜᴅᴀʜᴀɴ sᴇᴛᴇʀᴜs ʏ ᴀᴋᴜ ᴄᴏᴄᴏᴋ ʙᴇsᴛ ᴅᴇʜ,1739535799,Lebih dari 1 tahun lalu,-,True,Anonymous,0,False,False,
X Beauty 1 Paket Isi 6 Redjelly Day Peach,1287657800,5,Alkhamdulillah paket da dtg semoga cocok ..,1739532863,Lebih dari 1 tahun lalu,-,True,Anonymous,0,True,False,
X Beauty 1 Paket Isi 6 Redjelly Day Peach,1287657786,4,"Paket sudah datang
BOLEH DIJELASKAN ATAU TIDAK PEMAKAIANNYA YANG BENAR BAGAIMANA MULAI DARI TONER, RED JED, DAN SERUM?",1739529781,Lebih dari 1 tahun lalu,-,True,Anonymous,0,False,False,
X Beauty 1 Paket Isi 6 Redjelly Day Peach,1287657791,5,Semoga cocok,1739528424,Lebih dari 1 tahun lalu,-,True,Anonymous,0,True,False,
X Beauty 1 Paket Isi 6 Redjelly Day Peach,1287657806,5,"Pembelian yg ke 2
Alhamdulillah cocok 🥰",1739509867,Lebih dari 1 tahun lalu,-,True,Anonymous,0,True,False,
X Beauty 1 Paket Isi 6 Redjelly Day Peach,1287657798,5,Dh nyampek ea trimakasih semoga cocok baru pemakaian pertama👍,1739443014,Lebih dari 1 tahun lalu,-,True,Anonymous,0,True,False,
X Beauty 1 Paket Isi 6 Redjelly Day Peach,1287657789,5,Sangat bagus dan cocok di aku,1739430015,Lebih dari 1 tahun lalu,-,True,Anonymous,0,False,False,
X Beauty 1 Paket Isi 6 Redjelly Day Peach,1287657792,4,Baru coba semoga cocok,1739395801,Lebih dari 1 tahun lalu,-,True,Anonymous,0,False,False,
X Beauty 1 Paket Isi 6 Redjelly Day Peach,1287657796,1,Night cream nya bau.apa ini mercuri ya,1739394825,Lebih dari 1 tahun lalu,-,True,Anonymous,0,False,False,
X Beauty 1 Paket Isi 6 Redjelly Day Peach,1287657801,5,Belum kasih review ntr kalo udah ada perubahan dan cocok aku update,1739394363,Lebih dari 1 tahun lalu,-,True,Anonymous,0,False,False,
X Beauty 1 Paket Isi 6 Redjelly Day Peach,1287657819,3,Kasi bintang 3 dulu kalau bagus aku kembali,1739389323,Lebih dari 1 tahun lalu,-,True,Anonymous,0,False,False,
X Beauty 1 Paket Isi 6 Redjelly Day Peach,1287657804,5,"Order untuk pertama kalinya
Semoga cocok next order lagi
Packing sangat aman💕",1739386911,Lebih dari 1 tahun lalu,-,True,Anonymous,0,True,False,
X Beauty 1 Paket Isi 6 Redjelly Day Peach,1287657810,4,"sudah sampai,packingan rapi..
pemula,semoga cocok 😊",1739384693,Lebih dari 1 tahun lalu,-,True,Anonymous,0,True,False,
X Beauty 1 Paket Isi 6 Redjelly Day Peach,1287657768,3,"Pkt  srh tiba kak alhamdulillah
Cmn serum nya tumpah tpi ngk pp",1739384415,Lebih dari 1 tahun lalu,-,True,Anonymous,0,False,True,
X Beauty 1 Paket Isi 6 Redjelly Day Peach,1287657764,5,Alhamdulillah udah nyampek kak walaupun pengiriman telat 3 hari 🙏,1739381472,Lebih dari 1 tahun lalu,-,True,Anonymous,0,False,False,
X Beauty 1 Paket Isi 6 Redjelly Day Peach,1287657809,5,Paket nya sudah datng semoga cocok di kulit syaaa,1739377647,Lebih dari 1 tahun lalu,-,True,Anonymous,0,True,False,
X Beauty 1 Paket Isi 6 Redjelly Day Peach,1287657785,5,Mudahan cocok,1739369546,Lebih dari 1 tahun lalu,-,True,Anonymous,0,True,False,
X Beauty 1 Paket Isi 6 Redjelly Day Peach,1287657803,5,good,1739366322,Lebih dari 1 tahun lalu,-,True,Anonymous,0,True,False,
X Beauty 1 Paket Isi 6 Redjelly Day Peach,1287657794,4,Baru pertama kali coba...mudah2 cocok lah🤗,1739362765,Lebih dari 1 tahun lalu,-,True,Anonymous,0,True,False,
X Beauty 1 Paket Isi 6 Redjelly Day Peach,1287657802,5,Bagus,1739350151,Lebih dari 1 tahun lalu,-,True,Anonymous,0,False,False,
X Beauty 1 Paket Isi 6 Redjelly Day Peach,1287657797,5,"Bagus,tapii serumx tumpah.. yg sampai sisa sdkit",1739294067,Lebih dari 1 tahun lalu,-,True,Anonymous,0,True,False,
X Beauty 1 Paket Isi 6 Redjelly Day Peach,1287657799,5,"Semogah cocok, baru pertama pakai soalnya😁",1739293552,Lebih dari 1 tahun lalu,-,True,Anonymous,0,False,False,
X Beauty 1 Paket Isi 6 Redjelly Day Peach,1287657808,4,"Sudah sampai somga cocok
Tp serum nya tertumpah",1739291369,Lebih dari 1 tahun lalu,-,True,Anonymous,0,True,False,
X Beauty 1 Paket Isi 6 Redjelly Day Peach,1287657816,5,"Co pertama ,,bismillah smga cocok dimuka aq ,, kl cocok bakal jdi langganan di toko ini kk☺",1739288483,Lebih dari 1 tahun lalu,-,True,Anonymous,0,False,False,
X Beauty 1 Paket Isi 6 Redjelly Day Peach,1287657771,5,"Alhdulllah udah nyampe smga cocik. 
Aku mau nmbahin aja tlong oacajingnya di bkun lbih kras lagi slnya pas nmpe tadi ongaku tonernya lain tmoah dan serumya jga udah tmpah",1739280049,Lebih dari 1 tahun lalu,-,True,Anonymous,0,True,False,
X Beauty 1 Paket Isi 6 Redjelly Day Peach,1287658043,5,ini cocok banget di muka aku bikin glowing parah plis cobain 😁😊,1739276425,Lebih dari 1 tahun lalu,-,True,Anonymous,0,False,False,
X Beauty 1 Paket Isi 6 Redjelly Day Peach,1287658014,4,Serumnya tumpah,1739270657,Lebih dari 1 tahun lalu,-,True,Anonymous,0,False,False,
X Beauty 1 Paket Isi 6 Redjelly Day Peach,1287658038,5,Belum dicoba semoga Cocok,1739267840,Lebih dari 1 tahun lalu,-,True,Anonymous,0,False,False,
X Beauty 1 Paket Isi 6 Redjelly Day Peach,1287658005,5,alhamdulillah paketnya sampe dengan aman awal pemakaian semoga cocok nex nanti order lagi,1739266919,Lebih dari 1 tahun lalu,-,True,Anonymous,0,True,False,
X Beauty 1 Paket Isi 6 Redjelly Day Peach,1287658028,5,"Bahan: Lembut
Manfaat produk: Mengglowing kan mencerahkan
Jenis kulit: Normal
Untuk produknya bagus krim siang ya lembut banget mudah di blem baru pertama kali pakek jugak moga aja cocok necis bakalan order lagi",1739248104,Lebih dari 1 tahun lalu,-,True,Anonymous,0,True,False,
X Beauty 1 Paket Isi 6 Redjelly Day Peach,1287658031,5,Bagus facialnya foamnya wangi day crim juga bagus bgtt tapi serumnya ada yg bertumpahan,1739222998,Lebih dari 1 tahun lalu,-,True,Anonymous,0,True,False,
X Beauty 1 Paket Isi 6 Redjelly Day Peach,1287658007,4,Baru coba semoga cocok,1739220622,Lebih dari 1 tahun lalu,-,True,Anonymous,0,False,False,
X Beauty 1 Paket Isi 6 Redjelly Day Peach,1287658015,5,"Serumnya tumpah berleberan , jdi cuma dpt sedikit🥲",1739220602,Lebih dari 1 tahun lalu,-,True,Anonymous,0,False,False,
X Beauty 1 Paket Isi 6 Redjelly Day Peach,1287658023,5,Semoga cocok ya 🤭,1739213440,Lebih dari 1 tahun lalu,-,True,Anonymous,0,True,False,
X Beauty 1 Paket Isi 6 Redjelly Day Peach,1287658018,5,ini pesanan ke 2 aq pesan 2 paket dapat bonus red jelly. tapi kok serum nya beda yg pertama jecil panjang tapi yg ke dua pendek besar aroma nya juga beda dn bedak yg malam lebih kental dari pada yg pertama. mudah²an aja cocok nggk ngaruh.,1739212263,Lebih dari 1 tahun lalu,-,True,Anonymous,0,False,False,
X Beauty 1 Paket Isi 6 Redjelly Day Peach,1287658002,2,Knp bau cream mlmnya menyengT kyk bau barang mau kadaluarsa,1739210926,Lebih dari 1 tahun lalu,-,True,Anonymous,0,False,False,
X Beauty 1 Paket Isi 6 Redjelly Day Peach,1287658030,4,"Alhamdulilah paket nya sudah sampai 
Tapi serum nya udah tumpah. Tapi gk PP ini pemakaian pertama semoga cocok",1739204822,Lebih dari 1 tahun lalu,-,True,Anonymous,0,True,True,
X Beauty 1 Paket Isi 6 Redjelly Day Peach,1287658034,5,Mudahan cocok di aku,1739199487,Lebih dari 1 tahun lalu,-,True,Anonymous,0,True,False,
X Beauty 1 Paket Isi 6 Redjelly Day Peach,1287658009,5,Bgus bnget sekincer ny cepat meresap cocok di muka aku bru kli ini dapat sekincer sebgus ini 🥰🥰🥰🥰,1739198376,Lebih dari 1 tahun lalu,-,True,Anonymous,0,False,False,
X Beauty 1 Paket Isi 6 Redjelly Day Peach,1287657995,5,Baru dtang smoga cocok d aku mksh ka seller udh amanah packingnya rapih gada yang cacat🥰🥰🥰kalo cocok bakal beli trs d toko ini,1739190431,Lebih dari 1 tahun lalu,-,True,Anonymous,0,True,False,
X Beauty 1 Paket Isi 6 Redjelly Day Peach,1287658044,5,Semoga bener² cocok cpek gnti2 mulu,1739190279,Lebih dari 1 tahun lalu,-,True,Anonymous,0,True,False,
X Beauty 1 Paket Isi 6 Redjelly Day Peach,1287658020,5,"Sudah sampai pesanan saya..
Ini saya order yg kedua kalinya disini
Pemakaian otw 2 paket .
Alhamdulillah ccok di mukaku",1739183905,Lebih dari 1 tahun lalu,-,True,Anonymous,0,True,False,
X Beauty 1 Paket Isi 6 Redjelly Day Peach,1287658021,5,Paket nya baru aja sampai dan packaging nya aman dan baru mau coba semoga skincare nya cocok di muka aku😇,1739182193,Lebih dari 1 tahun lalu,-,True,Anonymous,0,True,False,
X Beauty 1 Paket Isi 6 Redjelly Day Peach,1287658029,5,Semoga cocok 👍,1739140470,Lebih dari 1 tahun lalu,-,True,Anonymous,0,True,False,
X Beauty 1 Paket Isi 6 Redjelly Day Peach,1287658026,5,Mudah2 cocok baru datang,1739128746,Lebih dari 1 tahun lalu,-,True,Anonymous,0,False,False,
X Beauty 1 Paket Isi 6 Redjelly Day Peach,1287658022,5,"bagus pls, hehe sorry baru diulas soalnya mau lihat dlu, disini aku ngerasa muka udah cerahan pdhal muka aku ini susah cerah udh dipakai berbagai macam skincare tp yg ini OKE dan bikin halus, tapi night creamnya rada kurang enak ya baunya.. (before yang baju merah)",1739121547,Lebih dari 1 tahun lalu,-,True,Anonymous,0,True,False,
X Beauty 1 Paket Isi 6 Redjelly Day Peach,1287658010,3,Kurir kurang ramah,1739120496,Lebih dari 1 tahun lalu,-,True,Anonymous,0,False,False,
X Beauty 1 Paket Isi 6 Redjelly Day Peach,1287658019,4,Semoga cocok baru coba soalnya🙂,1739119609,Lebih dari 1 tahun lalu,-,True,Anonymous,0,True,False,
X Beauty 1 Paket Isi 6 Redjelly Day Peach,1287658120,5,"Bismillah mudah2 an cocok, ini yg aq mau tekstur nya ringan good deh",1739116318,Lebih dari 1 tahun lalu,-,True,Anonymous,0,False,False,
X Beauty 1 Paket Isi 6 Redjelly Day Peach,1287658140,5,"Bahan: Nyaman
Manfaat produk: Belum tau
Jenis kulit: Kuning sawo",1739114649,Lebih dari 1 tahun lalu,-,True,Anonymous,0,False,False,
X Beauty 1 Paket Isi 6 Redjelly Day Peach,1287658157,5,"Manfaat produk: Mecerahkan dan bikin glowing
Makasih kak paketku sudah datang tp lupa foto.hehe...
Xbeauty selalu amanah ya .",1739112471,Lebih dari 1 tahun lalu,-,True,Anonymous,0,False,False,
X Beauty 1 Paket Isi 6 Redjelly Day Peach,1287658146,3,"Kasih bintang 3 lah kk
Pengemasan nya kurang😩",1739110695,Lebih dari 1 tahun lalu,-,True,Anonymous,0,False,True,
X Beauty 1 Paket Isi 6 Redjelly Day Peach,1287658113,5,Bru coba semoga cocok,1739109985,Lebih dari 1 tahun lalu,-,True,Anonymous,0,False,False,
X Beauty 1 Paket Isi 6 Redjelly Day Peach,1287658115,5,"Semogaa cocok nnti jd langganan order dsni,packinganx rapih",1739109769,Lebih dari 1 tahun lalu,-,True,Anonymous,0,True,False,
X Beauty 1 Paket Isi 6 Redjelly Day Peach,1287658123,2,Ko ttup serum nya punya aku beda yahhh ... Apa ini ke nya.  Pantesan di aku gak ngepek apa² ..,1739086451,Lebih dari 1 tahun lalu,-,True,Anonymous,0,True,False,
X Beauty 1 Paket Isi 6 Redjelly Day Peach,1287658152,5,Semoga cocok di mukaku,1739084620,Lebih dari 1 tahun lalu,-,True,Anonymous,0,True,False,
X Beauty 1 Paket Isi 6 Redjelly Day Peach,1287658131,4,"Pengiriman cepat , tapi sayang serum nya bocor sisa setengah 🥲",1739045026,Lebih dari 1 tahun lalu,-,True,Anonymous,0,False,True,
X Beauty 1 Paket Isi 6 Redjelly Day Peach,1287658161,4,Sudah saya terima alhamdulillah paket nya sesuai foto.. Syg nya pekingan nya kurang rapi jadi serum nya tumpah.. Isi nya sisa sedikit.. Baru pertama mencoba semoga cocok dmuka aku,1739032007,Lebih dari 1 tahun lalu,-,True,Anonymous,0,False,False,
X Beauty 1 Paket Isi 6 Redjelly Day Peach,1287658129,5,"Alhamdulillah
Produk ini cocok di aku
Baru 1 minggu udah kelihatan cerah nya
Bagus deh
Nex order lagi paket ke 2",1739029279,Lebih dari 1 tahun lalu,-,True,Anonymous,0,True,False,
X Beauty 1 Paket Isi 6 Redjelly Day Peach,1287658117,5,"Baru pertama coba
Bagus keliatan mulus, dan mudah meyerap 😍😍😍keliatan bersih suka😍",1739020000,Lebih dari 1 tahun lalu,-,True,Anonymous,0,True,False,
X Beauty 1 Paket Isi 6 Redjelly Day Peach,1287658122,5,Smogah cocok,1739009220,Lebih dari 1 tahun lalu,-,True,Anonymous,0,False,False,
X Beauty 1 Paket Isi 6 Redjelly Day Peach,1287658127,5,Sudah cocok Ama ni g mau pindah k lain hati muka sudah mulai glowing harga terjangkau,1738956397,Lebih dari 1 tahun lalu,-,True,Anonymous,0,False,False,
X Beauty 1 Paket Isi 6 Redjelly Day Peach,1287658156,5,Produk sgt bgs.. Cream ny lembut dan mudah diaplikasikan diwajah cpt meresap,1738955355,Lebih dari 1 tahun lalu,-,True,Anonymous,0,False,False,
X Beauty 1 Paket Isi 6 Redjelly Day Peach,1287658114,3,"Ksh bintang 3 dlu krna bru di pke 2 hari ini, jdi blm tau hasilnya, klo hasilnya bgus bikin muka glowing dn cerah aq bakal langganan dn borong puluhan pcs skali order, tp klo gk ad hsil smpe sminggu lgsung ganti lg",1738940558,Lebih dari 1 tahun lalu,-,True,Anonymous,0,True,False,
X Beauty 1 Paket Isi 6 Redjelly Day Peach,1287658134,4,Kenapa serum nya beda” kmrn pertama beli beda sekrang ke dua beli beda lgi dan bauk nya pun beda ?,1738937676,Lebih dari 1 tahun lalu,-,True,Anonymous,0,True,False,
X Beauty 1 Paket Isi 6 Redjelly Day Peach,1287658144,5,Bagus bangett pokoknyaa❤,1738937083,Lebih dari 1 tahun lalu,-,True,Anonymous,0,False,False,
X Beauty 1 Paket Isi 6 Redjelly Day Peach,1287658126,5,Masya allah,1738933141,Lebih dari 1 tahun lalu,-,True,Anonymous,0,True,False,
X Beauty 1 Paket Isi 6 Redjelly Day Peach,1287658229,5,Pket sampai dgn selamat packing rapih aman . Semoga cocok,1738919285,Lebih dari 1 tahun lalu,-,True,Anonymous,0,True,False,
X Beauty 1 Paket Isi 6 Redjelly Day Peach,1287658222,5,"Paketnya udh dtg, tpi serumnya rembes pdhl msh di segel",1738913769,Lebih dari 1 tahun lalu,-,True,Anonymous,0,True,False,
X Beauty 1 Paket Isi 6 Redjelly Day Peach,1287658230,5,"barangnya oke, minusnya serumnya tumpah untung sedikit. Mohon diperhatikan lgi ya pengemasannya😊🙏🏻",1738861343,Lebih dari 1 tahun lalu,-,True,Anonymous,0,False,True,
X Beauty 1 Paket Isi 6 Redjelly Day Peach,1287658239,5,Baru mau nyoba,1738829324,Lebih dari 1 tahun lalu,-,True,Anonymous,0,True,False,
X Beauty 1 Paket Isi 6 Redjelly Day Peach,1287658248,5,Ok,1738791930,Lebih dari 1 tahun lalu,-,True,Anonymous,0,False,False,
X Beauty 1 Paket Isi 6 Redjelly Day Peach,1287658261,4,"4 dulu ya nanti kalau ada hasilnya aku kasih bintang 5, semoga cocok biar bisa balik lagi",1738785344,Lebih dari 1 tahun lalu,-,True,Anonymous,0,False,False,
X Beauty 1 Paket Isi 6 Redjelly Day Peach,1287658234,5,Alhamdulillah paket nya sudah sampai dengan aman selamat.. Semoga tokonya selalu amanah pak kurirnya juga amanah ramah,1738785272,Lebih dari 1 tahun lalu,-,True,Anonymous,0,True,False,
X Beauty 1 Paket Isi 6 Redjelly Day Peach,1287658236,5,"Paket nya baru nyampe,pengemasan nya juga rapih poll, saking sukanya udah abis bberapa paket, walaupun pernah berhenti pake ini karena penasaran sama produk² lain ujung²nya ga cocok, eh malah balik lagi ke skincare ini😭 topp banget deh produk nya😍🥰",1738780823,Lebih dari 1 tahun lalu,-,True,Anonymous,0,True,False,
X Beauty 1 Paket Isi 6 Redjelly Day Peach,1287658268,3,"Paket sudh saya Terima, cara pengemasan nya kurang baik.",1738780095,Lebih dari 1 tahun lalu,-,True,Anonymous,0,False,False,
X Beauty 1 Paket Isi 6 Redjelly Day Peach,1287658226,5,"Aku suka bgt,ngk ad keluhan nexs ta order lagi nanti🙂💓",1738778988,Lebih dari 1 tahun lalu,-,True,Anonymous,0,True,False,
X Beauty 1 Paket Isi 6 Redjelly Day Peach,1287658252,5,Mantull bnget pkek skincare ini guys😘,1738774939,Lebih dari 1 tahun lalu,-,True,Anonymous,0,False,False,
X Beauty 1 Paket Isi 6 Redjelly Day Peach,1287658251,5,"Order kdua kli trnyata cocok di aku 
Beruntusan aku ud ilang , muka ku jdi cerahan🥰",1738774310,Lebih dari 1 tahun lalu,-,True,Anonymous,0,False,False,
X Beauty 1 Paket Isi 6 Redjelly Day Peach,1287658269,5,mudah mudahan cocok di muka,1738769123,Lebih dari 1 tahun lalu,-,True,Anonymous,0,True,False,
X Beauty 1 Paket Isi 6 Redjelly Day Peach,1287658250,2,Serumnya tumpah,1738763820,Lebih dari 1 tahun lalu,-,True,Anonymous,0,False,False,
X Beauty 1 Paket Isi 6 Redjelly Day Peach,1287658249,5,"Pket tiba tepat waktu 
Keep 2 paket bonus 1pcs red jelly nya donk 😍😍 alhamdulillah",1738763466,Lebih dari 1 tahun lalu,-,True,Anonymous,0,False,False,
X Beauty 1 Paket Isi 6 Redjelly Day Peach,1287658223,5,Wkwkwk ini udah paket yg ke 2 kali😊,1738761528,Lebih dari 1 tahun lalu,-,True,Anonymous,0,True,False,
X Beauty 1 Paket Isi 6 Redjelly Day Peach,1287658240,5,Paket SDH sampe mudah²an cocok ya🙏,1738760833,Lebih dari 1 tahun lalu,-,True,Anonymous,0,False,False,
X Beauty 1 Paket Isi 6 Redjelly Day Peach,1287658241,4,Baru mulai pake cream ini semoga cocok,1738758403,Lebih dari 1 tahun lalu,-,True,Anonymous,0,False,False,
X Beauty 1 Paket Isi 6 Redjelly Day Peach,1287658254,5,Alhamdulillah Uda nyampe..tapi serumnya kayakx kurang rapat jadi tumpah hehe..🙏🙏🙏,1738756106,Lebih dari 1 tahun lalu,-,True,Anonymous,0,True,False,
X Beauty 1 Paket Isi 6 Redjelly Day Peach,1287658265,2,"Untuk ke 2 kalinya serumnya tumpah 😭😭😭 ,soalnya ngak di bubble wrap kan syang klau tumpah gini .. mohon di perhatikan dong 😭😭😭",1738755924,Lebih dari 1 tahun lalu,-,True,Anonymous,0,True,True,
X Beauty 1 Paket Isi 6 Redjelly Day Peach,1287658264,4,"Pakettt yang ke 3× nya, sebaguss itu plss,tpi aga kecewa soalnya serum nya penutup nya ga kencang deh jdi meleber kmna mna, tpi gapapa tetepp sukaa sama skincare inii🤍",1738754128,Lebih dari 1 tahun lalu,-,True,Anonymous,0,True,False,
X Beauty 1 Paket Isi 6 Redjelly Day Peach,1287658255,2,Serum nyaa keluar keluarrr,1738749586,Lebih dari 1 tahun lalu,-,True,Anonymous,0,False,True,
X Beauty 1 Paket Isi 6 Redjelly Day Peach,1287658449,5,Baru pemula semoga cocok,1738686971,Lebih dari 1 tahun lalu,-,True,Anonymous,0,False,False,
X Beauty 1 Paket Isi 6 Redjelly Day Peach,1287658481,5,"3 × beli tapi serum nya beda beda terus dari bentuk botol dan bau nya huhu, dan bocor juga,,yang 2 × sebelum masih oke, tapi yang sekarang jadi  takut pake serum nya... tolong konsisten ya sama barang nya🙏🙏aku udh cocok tapi kalo beda beda terus dari botol+ bau nya kan jadi takut..",1738676908,Lebih dari 1 tahun lalu,-,True,Anonymous,0,True,False,
X Beauty 1 Paket Isi 6 Redjelly Day Peach,1287658475,5,Belum dicoba semoga cocok,1738670233,Lebih dari 1 tahun lalu,-,True,Anonymous,0,True,False,
X Beauty 1 Paket Isi 6 Redjelly Day Peach,1287658487,3,Serumnya tertumpah krna kemasan TDK rapat ..🥹🥹🥹,1738668624,Lebih dari 1 tahun lalu,-,True,Anonymous,0,True,False,
X Beauty 1 Paket Isi 6 Redjelly Day Peach,1287658440,5,Paket yang ke dua . Blm ada perubahan sih tapi suka aja sama day krim nya makan nya co lagi 😁 semoga aja paket ke 2 nya ini ada perubahan biar beli lagi 🫰,1738617584,Lebih dari 1 tahun lalu,-,True,Anonymous,0,True,False,
X Beauty 1 Paket Isi 6 Redjelly Day Peach,1287658425,5,"Alhamdulillah,udah sampai barang nya,bagus",1738610446,Lebih dari 1 tahun lalu,-,True,Anonymous,0,False,False,
X Beauty 1 Paket Isi 6 Redjelly Day Peach,1287658418,5,Semoga cocok ya,1738608648,Lebih dari 1 tahun lalu,-,True,Anonymous,0,False,False,
X Beauty 1 Paket Isi 6 Redjelly Day Peach,1287658446,5,Pokokx barangx super memuaskan semoga cocok di muka q capek Gonta ganti skincare,1738601239,Lebih dari 1 tahun lalu,-,True,Anonymous,0,False,True,
X Beauty 1 Paket Isi 6 Redjelly Day Peach,1287658463,4,"Bintang 4 dulu🙂

Baru mau coba nantik kalau cocok di muka pesen lagi deh",1738596780,Lebih dari 1 tahun lalu,-,True,Anonymous,0,False,False,
X Beauty 1 Paket Isi 6 Redjelly Day Peach,1287658473,5,Paket sudah sy terima semoga cocok di wajah ku,1738590893,Lebih dari 1 tahun lalu,-,True,Anonymous,0,False,False,
X Beauty 1 Paket Isi 6 Redjelly Day Peach,1287658433,2,"Barang sdh dtang,,tpi sayang kdd jely nya tidak sesuai dengan foto",1738585333,Lebih dari 1 tahun lalu,-,True,Anonymous,0,True,False,
X Beauty 1 Paket Isi 6 Redjelly Day Peach,1287658421,5,"Semoga cocok nyobak untuk pertama kalinya,,",1738585264,Lebih dari 1 tahun lalu,-,True,Anonymous,0,False,False,
X Beauty 1 Paket Isi 6 Redjelly Day Peach,1287658482,4,"Pket yg ke2 , mudah&#34;n jerawat cpet ilang",1738584596,Lebih dari 1 tahun lalu,-,True,Anonymous,0,True,False,
X Beauty 1 Paket Isi 6 Redjelly Day Peach,1287658438,5,Pemakaian 3 minggu udah ada Hasill nih 🤪💗💗💗🗣️,1738578705,Lebih dari 1 tahun lalu,-,True,Anonymous,0,True,False,
X Beauty 1 Paket Isi 6 Redjelly Day Peach,1287658466,5,Bagus smoga cocok,1738577054,Lebih dari 1 tahun lalu,-,True,Anonymous,0,False,False,
X Beauty 1 Paket Isi 6 Redjelly Day Peach,1287658485,4,Produknya bagus tapi gak lengkap yg sy pesan,1738576187,Lebih dari 1 tahun lalu,-,True,Anonymous,0,False,False,
X Beauty 1 Paket Isi 6 Redjelly Day Peach,1287658472,5,"Jenis kulit: Kusm beuntusan sm jerawat
Baru nyoba mudah&#34;an cocok",1738511682,Lebih dari 1 tahun lalu,-,True,Anonymous,0,True,False,
X Beauty 1 Paket Isi 6 Redjelly Day Peach,1287658468,5,bismillah semoga ccok di aku,1738510122,Lebih dari 1 tahun lalu,-,True,Anonymous,0,False,False,
X Beauty 1 Paket Isi 6 Redjelly Day Peach,1287658412,5,Cocok dan ada perubahan kulit jadi cerah,1738509038,Lebih dari 1 tahun lalu,-,True,Anonymous,0,False,False,
X Beauty 1 Paket Isi 6 Redjelly Day Peach,1287658470,4,Paket pertama semoga cocok,1738505849,Lebih dari 1 tahun lalu,-,True,Anonymous,0,False,False,
X Beauty 1 Paket Isi 6 Redjelly Day Peach,1287658426,5,Baru di pake 2x belum keliatan perubahannya,1738503359,Lebih dari 1 tahun lalu,-,True,Anonymous,0,False,False,
X Beauty 1 Paket Isi 6 Redjelly Day Peach,1287658423,3,"Kemasannya bagus cuman pengrimanya lama sih ,semoga cocok",1738495514,Lebih dari 1 tahun lalu,-,True,Anonymous,0,True,False,
X Beauty 1 Paket Isi 6 Redjelly Day Peach,1287658448,5,Sangat bagus,1738494637,Lebih dari 1 tahun lalu,-,True,Anonymous,0,False,False,
X Beauty 1 Paket Isi 6 Redjelly Day Peach,1287658476,2,"baru mau cobaaa,serum nya bocorr padahal masi segelan",1738490261,Lebih dari 1 tahun lalu,-,True,Anonymous,0,True,True,
X Beauty 1 Paket Isi 6 Redjelly Day Peach,1287658575,5,"Belum di coba.. Mudah&#34;n cocok.. Biar gak gonta-ganti lagi skincare. Pengiriman cept , packing rapi,, barang sesuai pesenan🙏",1738430328,Lebih dari 1 tahun lalu,-,True,Anonymous,0,True,False,
X Beauty 1 Paket Isi 6 Redjelly Day Peach,1287658657,5,"Pertama mencoba produk ini muka ku tu timbul jerawat apo mungkin epek nyo biar kotoran nyo keluar
Tapi setelah seminggu pakai an
Aku cobo pakai terus lamo&#34; muka jerawat mulai menghilang
Skrng muka mulai bersih dan putih
Ini aku pesen untuk yg ke2x Mala pesan 2 paket untuk stok",1738425174,Lebih dari 1 tahun lalu,-,True,Anonymous,0,True,False,
X Beauty 1 Paket Isi 6 Redjelly Day Peach,1287658582,3,Kak ini kok baunya sama tekstur nya beda dari yg kemaren y kak. a. Emang gini tt,1738409932,Lebih dari 1 tahun lalu,-,True,Anonymous,0,False,False,
X Beauty 1 Paket Isi 6 Redjelly Day Peach,1287658593,1,Order yang ke dua ngecewain di kasih crem yah buat mlm semuah buat siang nyah gak ada,1738408588,Lebih dari 1 tahun lalu,-,True,Anonymous,0,False,False,
X Beauty 1 Paket Isi 6 Redjelly Day Peach,1287658568,5,Mantappp paket udh kesekian kalinyaaa.. makin bersih wajah ku😇😇😇🌷🌷,1738405782,Lebih dari 1 tahun lalu,-,True,Anonymous,0,True,False,
X Beauty 1 Paket Isi 6 Redjelly Day Peach,1287658571,5,bagus banget skincarenya aku aja udah pake 4 paket muka aku jadi glowing lembap🥰🥰🫶✨️,1738398294,Lebih dari 1 tahun lalu,-,True,Anonymous,0,True,False,
X Beauty 1 Paket Isi 6 Redjelly Day Peach,1287658594,5,"Paketan. Nya sampai dgn keadaan utuh
Baru prtma co &amp; baru mw Coba. Smoga cocok",1738358317,Lebih dari 1 tahun lalu,-,True,Anonymous,0,False,False,
X Beauty 1 Paket Isi 6 Redjelly Day Peach,1287658605,5,"Semoga cocok baru pertama kali
Kalo cocok lanjut lagiii... 
Krimnya lembuttt baunya wangii",1738354733,Lebih dari 1 tahun lalu,-,True,Anonymous,0,True,False,
X Beauty 1 Paket Isi 6 Redjelly Day Peach,1287658580,4,Udh sampai.... semoga cocok trima kasih..,1738345492,Lebih dari 1 tahun lalu,-,True,Anonymous,0,True,True,
X Beauty 1 Paket Isi 6 Redjelly Day Peach,1287658597,5,𝑆𝑒𝑚𝑜𝑔𝑎 𝑐𝑜𝑐𝑜𝑘 𝑏𝑖𝑎𝑟 𝑏𝑖𝑠𝑎 𝑜𝑟𝑑𝑒𝑟 𝑙𝑔𝑖 .,1738344605,Lebih dari 1 tahun lalu,-,True,Anonymous,0,False,False,
X Beauty 1 Paket Isi 6 Redjelly Day Peach,1287658581,5,Paket nya udah sampe. Makasih neks kalo cocok sama kulit aku order lagi 🥰🥰,1738327931,Lebih dari 1 tahun lalu,-,True,Anonymous,0,False,False,
X Beauty 1 Paket Isi 6 Redjelly Day Peach,1287658598,4,"Semoga kali ini cocok 
Baru pertama kali cobain x beauty",1738323108,Lebih dari 1 tahun lalu,-,True,Anonymous,0,False,False,
X Beauty 1 Paket Isi 6 Redjelly Day Peach,1287658570,5,paket lengkap baru mau coba kalo ada hasil aku balik lagi ngasi before / afternya,1738284836,Lebih dari 1 tahun lalu,-,True,Anonymous,0,True,False,
X Beauty 1 Paket Isi 6 Redjelly Day Peach,1287658610,4,Kok GK ada prubahan ya udh mau habis 1 paket?,1738280910,Lebih dari 1 tahun lalu,-,True,Anonymous,0,False,False,
X Beauty 1 Paket Isi 6 Redjelly Day Peach,1287658596,5,"Semoga cocok di kulit aku,udh capek ganti&#34; skincare gk ad hasil😭😭🤲",1738166010,Lebih dari 1 tahun lalu,-,True,Anonymous,0,True,False,
X Beauty 1 Paket Isi 6 Redjelly Day Peach,1287658576,5,Barang baru nyampe semoga cocok diaku masih baru pertama kali pengemasan rapi pengiriman cepat,1738148968,Lebih dari 1 tahun lalu,-,True,Anonymous,0,True,False,
X Beauty 1 Paket Isi 6 Redjelly Day Peach,1287658577,5,Hanya bintang xg menentukan,1738145740,Lebih dari 1 tahun lalu,-,True,Anonymous,0,False,False,
X Beauty 1 Paket Isi 6 Redjelly Day Peach,1287658658,5,Terimakasih,1738090814,Lebih dari 1 tahun lalu,-,True,Anonymous,0,True,False,
X Beauty 1 Paket Isi 6 Redjelly Day Peach,1287658663,5,Barangnya sudah sampe semoga cocok 🥰,1738076804,Lebih dari 1 tahun lalu,-,True,Anonymous,0,False,False,
X Beauty 1 Paket Isi 6 Redjelly Day Peach,1287658672,5,Baru pertama x pesen semoga cocok ya biar jadi langganan..,1738069944,Lebih dari 1 tahun lalu,-,True,Anonymous,0,True,False,
X Beauty 1 Paket Isi 6 Redjelly Day Peach,1287658659,5,"Paket udah saya terima Abang kurir nya baik semoga cocok biar bisa langganan terimakasih ka,",1738066177,Lebih dari 1 tahun lalu,-,True,Anonymous,0,True,False,
X Beauty 1 Paket Isi 6 Redjelly Day Peach,1287658662,5,"Bahan: Sangat aman
Manfaat produk: Mencerahkan dan membuat kulit lebih sehat
Sangat bagus dalm waktu seminggu udah nampak banget perubahannya
Jenis kulit: Semua jenis kulit ❤️❤️",1738051576,Lebih dari 1 tahun lalu,-,True,Anonymous,0,True,False,
X Beauty 1 Paket Isi 6 Redjelly Day Peach,1287658660,5,Next order klo cocok,1738048921,Lebih dari 1 tahun lalu,-,True,Anonymous,0,False,False,
X Beauty 1 Paket Isi 6 Redjelly Day Peach,1287658696,5,"Sudah pesanan ke dua..
Dulu awal nya pemakaian pertama muka Ku agak hitam😭😭...agak takut untuk melanjutkan,tapi berani kan diri pakai terus sampe sekarang muka ku sekarang makin glowing 😍😍😍😘😘😘😘
Makin cinta sama produk ini😍😍😍",1738022545,Lebih dari 1 tahun lalu,-,True,Anonymous,0,False,False,
X Beauty 1 Paket Isi 6 Redjelly Day Peach,1287658695,5,"Bagus banget skincare nya cocok di muka akuu sukakk,tpi ko mau co lg hrganya mlh naek ya hhu",1738021676,Lebih dari 1 tahun lalu,-,True,Anonymous,0,False,False,
X Beauty 1 Paket Isi 6 Redjelly Day Peach,1287658699,5,"Cream MLM nya agak nyengat,beda dari sebelumnya,kalau bisa dipertahan kn kualitas cream nya,jgn ber ubah ubah.",1738010424,Lebih dari 1 tahun lalu,-,True,Anonymous,0,False,False,
X Beauty 1 Paket Isi 6 Redjelly Day Peach,1287658709,5,Semoga cocok sma produk ini,1738004125,Lebih dari 1 tahun lalu,-,True,Anonymous,0,True,False,
X Beauty 1 Paket Isi 6 Redjelly Day Peach,1287658677,4,"Alhamdulillah barangnya udh sampe,, packingnya juga rapi,, semoga aja cocok",1738003747,Lebih dari 1 tahun lalu,-,True,Anonymous,0,True,False,
X Beauty 1 Paket Isi 6 Redjelly Day Peach,1287658675,5,"Pesanan udah sampai di 5 hari yang lalu saya baru kasi ulusan Krn saya mau lihat apa kah saya cocok atau tdk tapi Alhamdulillah saya cocok tdk ada berubtsan,tdk ada merasakan perih atau kemerahan,kemesanx juga rapi tdk ada lecet sedikit pun ,tdk nyesel pesan di sini",1737997854,Lebih dari 1 tahun lalu,-,True,Anonymous,0,True,False,
X Beauty 1 Paket Isi 6 Redjelly Day Peach,1287658688,5,Pembelian pertama semoga wajahku cocok,1737993703,Lebih dari 1 tahun lalu,-,True,Anonymous,0,True,False,
X Beauty 1 Paket Isi 6 Redjelly Day Peach,1287658666,5,"Paketnya sudah sampai, blm di coba. Smga cocok di kuliat aku. Dan saya sdh cek BPOM nya ternyata benar. Terimakasih semoga amanah.",1737979077,Lebih dari 1 tahun lalu,-,True,Anonymous,0,True,False,
X Beauty 1 Paket Isi 6 Redjelly Day Peach,1287658711,5,Bagus.cocok di aku ga sampe seminggu udah kelihatan hasil ya 🥰🥰🥰,1737962643,Lebih dari 1 tahun lalu,-,True,Anonymous,0,False,False,
X Beauty 1 Paket Isi 6 Redjelly Day Peach,1287658694,5,"Pesanan yang kedua, muda mudahan cocok..",1737907478,Lebih dari 1 tahun lalu,-,True,Anonymous,0,False,False,
X Beauty 1 Paket Isi 6 Redjelly Day Peach,1287658705,5,udah murah bagus bangett lagii 😻😻,1737899530,Lebih dari 1 tahun lalu,-,True,Anonymous,0,True,False,
X Beauty 1 Paket Isi 6 Redjelly Day Peach,1287658698,5,"Paket yg ke 2x nya, sngat mantul cocok di aku gkan perpaling ke yg lain😘😘",1737841228,Lebih dari 1 tahun lalu,-,True,Anonymous,0,True,False,
X Beauty 1 Paket Isi 6 Redjelly Day Peach,1287658671,5,Baru pertama kali nyoba semoga cocok🤲🤲🤲,1737840085,Lebih dari 1 tahun lalu,-,True,Anonymous,0,False,False,
X Beauty 1 Paket Isi 6 Redjelly Day Peach,1287658680,5,"Paketnya sudah redy, teksturnya lmbut tpi syng bgt cream mlm nya baunya gk enak bgt, bkin mual",1737831807,Lebih dari 1 tahun lalu,-,True,Anonymous,0,True,False,
X Beauty 1 Paket Isi 6 Redjelly Day Peach,1287658773,5,"Pertama kali order, semoga cocok🥰",1737821246,Lebih dari 1 tahun lalu,-,True,Anonymous,0,True,False,
X Beauty 1 Paket Isi 6 Redjelly Day Peach,1287658816,5,Semoga cocok,1737807181,Lebih dari 1 tahun lalu,-,True,Anonymous,0,False,False,
X Beauty 1 Paket Isi 6 Redjelly Day Peach,1287658783,5,"Mantul pokoknya wes gk usah di ragukan lagi, selebihnya biar bintang yg menjelaskan 🥰",1737756591,Lebih dari 1 tahun lalu,-,True,Anonymous,0,False,False,
X Beauty 1 Paket Isi 6 Redjelly Day Peach,1287658767,5,Belum coba semoga cocok. Kalau cocok Nex beli lagi♥️,1737750850,Lebih dari 1 tahun lalu,-,True,Anonymous,0,True,False,
X Beauty 1 Paket Isi 6 Redjelly Day Peach,1287658801,5,ini sangat cocok banget,1737733590,Lebih dari 1 tahun lalu,-,True,Anonymous,0,False,False,
X Beauty 1 Paket Isi 6 Redjelly Day Peach,1287658812,3,Good❤,1737726360,Lebih dari 1 tahun lalu,-,True,Anonymous,0,False,False,
X Beauty 1 Paket Isi 6 Redjelly Day Peach,1287658811,5,Suka bgt,1737722979,Lebih dari 1 tahun lalu,-,True,Anonymous,0,False,False,
X Beauty 1 Paket Isi 6 Redjelly Day Peach,1287658764,4,"Texturnya bgus 
Wangi
Lembut semoga cocok di kulit mukaku
Nex order lagi
Makasih buat kurir nya baik ramah",1737720792,Lebih dari 1 tahun lalu,-,True,Anonymous,0,False,False,
X Beauty 1 Paket Isi 6 Redjelly Day Peach,1287658776,5,Semoga cocok,1737658669,Lebih dari 1 tahun lalu,-,True,Anonymous,0,True,False,
X Beauty 1 Paket Isi 6 Redjelly Day Peach,1287658819,5,"Packing nya bagus tidak ada yang rusak, semoga cocok ke wajah saya
Jenis kulit: Kusam dan jerawat",1737651703,Lebih dari 1 tahun lalu,-,True,Anonymous,0,True,False,
X Beauty 1 Paket Isi 6 Redjelly Day Peach,1287658814,3,"Serumnya sudah banyak yang keluar ka, sudah seperdua lagi yang habis",1737626756,Lebih dari 1 tahun lalu,-,True,Anonymous,0,True,False,
X Beauty 1 Paket Isi 6 Redjelly Day Peach,1287658909,5,"Bagus muka udh mulai glowing
Smga aman jangka panjang soalx aku busui",1737565419,Lebih dari 1 tahun lalu,-,True,Anonymous,0,False,False,
X Beauty 1 Paket Isi 6 Redjelly Day Peach,1287658914,5,Baru pertama coba semoga cocok di muka ku,1737557961,Lebih dari 1 tahun lalu,-,True,Anonymous,0,True,False,
X Beauty 1 Paket Isi 6 Redjelly Day Peach,1287658908,5,"Bru pertm ini untuk pemakaian nya mudahn ccok yaa..,klo cck nnt bli lgi d sni semuanya pesanan nya lengkp sya suka",1737557926,Lebih dari 1 tahun lalu,-,True,Anonymous,0,False,False,
X Beauty 1 Paket Isi 6 Redjelly Day Peach,1287658922,5,Semoga cocok,1737555946,Lebih dari 1 tahun lalu,-,True,Anonymous,0,True,False,
X Beauty 1 Paket Isi 6 Redjelly Day Peach,1287658935,5,"Maaf baru kasih ulasan difoto itu ada before afternya,aku baru Makai 5hari dr tgl 18 TPI hasilnya udh keliatan wajib order produk ini pengiriman cepat packing nya juga rapi kurir juga ramah soalnya udh langganan juga makasih seller",1737550902,Lebih dari 1 tahun lalu,-,True,Anonymous,0,True,False,
X Beauty 1 Paket Isi 6 Redjelly Day Peach,1287658932,5,Maaf telat post paket sudah sampai kemarin baru dipakai sehari ni mudah2an cocok buat wajah jerawatan n memutihkn dan glow klu cocok order lg,1737504805,Lebih dari 1 tahun lalu,-,True,Anonymous,0,False,False,
X Beauty 1 Paket Isi 6 Redjelly Day Peach,1287658951,5,Top,1737479128,Lebih dari 1 tahun lalu,-,True,Anonymous,0,False,False,
X Beauty 1 Paket Isi 6 Redjelly Day Peach,1287658927,5,Baguss bangettt aku baru pertama kali make nanti beli lagiiiii😽,1737477122,Lebih dari 1 tahun lalu,-,True,Anonymous,0,False,False,
X Beauty 1 Paket Isi 6 Redjelly Day Peach,1287658912,4,Produk sesuai kemasan baik,1737465843,Lebih dari 1 tahun lalu,-,True,Anonymous,0,False,False,
X Beauty 1 Paket Isi 6 Redjelly Day Peach,1287658931,5,"Bismillah
semoga cocok",1737451370,Lebih dari 1 tahun lalu,-,True,Anonymous,0,True,False,
X Beauty 1 Paket Isi 6 Redjelly Day Peach,1287658911,5,Baru di cbk nanti kalau cocok diorder lagi,1737405692,Lebih dari 1 tahun lalu,-,True,Anonymous,0,False,False,
X Beauty 1 Paket Isi 6 Redjelly Day Peach,1287658944,5,"Baru mau coba semoga cocok,, makasih kak di bonusin 1 red jelly😍",1737394368,Lebih dari 1 tahun lalu,-,True,Anonymous,0,True,False,
X Beauty 1 Paket Isi 6 Redjelly Day Peach,1287658926,4,Baru nyoba. Semoga cocok,1737373509,Lebih dari 1 tahun lalu,-,True,Anonymous,0,False,False,
X Beauty 1 Paket Isi 6 Redjelly Day Peach,1287658941,5,"Mkasih pakenya sdh datang dri kemarin baru smpat ulas, blih 2 paket dpat bonus red jelly 🥰",1737371018,Lebih dari 1 tahun lalu,-,True,Anonymous,0,True,False,
X Beauty 1 Paket Isi 6 Redjelly Day Peach,1287658905,5,Paket saya sudah smpe dan pengiriman cepat,1737368210,Lebih dari 1 tahun lalu,-,True,Anonymous,0,True,False,
X Beauty 1 Paket Isi 6 Redjelly Day Peach,1287658919,5,Barang sudah sampai semoga cocok😍,1737368013,Lebih dari 1 tahun lalu,-,True,Anonymous,0,True,False,
X Beauty 1 Paket Isi 6 Redjelly Day Peach,1287658937,5,Blom coba smga cocok,1737311465,Lebih dari 1 tahun lalu,-,True,Anonymous,0,False,False,
X Beauty 1 Paket Isi 6 Redjelly Day Peach,1287658943,5,Smoga cocok dngan produknya,1737306918,Lebih dari 1 tahun lalu,-,True,Anonymous,0,False,False,
X Beauty 1 Paket Isi 6 Redjelly Day Peach,1287658917,5,pemakaian 2 hari bagus  cerahan dikit,1737302196,Lebih dari 1 tahun lalu,-,True,Anonymous,0,True,False,
X Beauty 1 Paket Isi 6 Redjelly Day Peach,1287659035,5,Makasih seler paket nya udah mendarat sengan selamat,1737295491,Lebih dari 1 tahun lalu,-,True,Anonymous,0,True,False,
X Beauty 1 Paket Isi 6 Redjelly Day Peach,1287659085,5,Alhamdulillah paketku sdh tiba smoga aku ccok ya,1737293504,Lebih dari 1 tahun lalu,-,True,Anonymous,0,True,False,
X Beauty 1 Paket Isi 6 Redjelly Day Peach,1287659072,3,"Paketnya baru nyampe kemarin, semoga cocok dikulit ku☺",1737285253,Lebih dari 1 tahun lalu,-,True,Anonymous,0,True,False,
X Beauty 1 Paket Isi 6 Redjelly Day Peach,1287659041,5,Mudah mudah cocok di muka aku kalo cocok aku beli lagi,1737283964,Lebih dari 1 tahun lalu,-,True,Anonymous,0,False,False,
X Beauty 1 Paket Isi 6 Redjelly Day Peach,1287659043,4,Nice bgt bgussssss,1737280819,Lebih dari 1 tahun lalu,-,True,Anonymous,0,False,False,
X Beauty 1 Paket Isi 6 Redjelly Day Peach,1287659070,4,Baru pertama kali y pakai semoga cocok dan ada perubahan d muka aku,1737279383,Lebih dari 1 tahun lalu,-,True,Anonymous,0,False,False,
X Beauty 1 Paket Isi 6 Redjelly Day Peach,1287659024,4,Sesuai smoga ccok,1737279083,Lebih dari 1 tahun lalu,-,True,Anonymous,0,False,False,
X Beauty 1 Paket Isi 6 Redjelly Day Peach,1287659064,5,"Barang sudah saya terima dan produknya bagus, pengiriman juga sesuai dengan saya harapkan",1737270733,Lebih dari 1 tahun lalu,-,True,Anonymous,0,True,False,
X Beauty 1 Paket Isi 6 Redjelly Day Peach,1287659082,4,"Maaf baru reviuw, setelah seminggu pemakaian jerawat timbul terasa nyeri. Mohon di perbaiki kualitasnya. 🙏",1737267123,Lebih dari 1 tahun lalu,-,True,Anonymous,0,True,False,
X Beauty 1 Paket Isi 6 Redjelly Day Peach,1287659033,5,"Alhamdulilah paket sudah sampai
Semoga cocok dan berlangganan
Terimakasih",1737256330,Lebih dari 1 tahun lalu,-,True,Anonymous,0,True,False,
X Beauty 1 Paket Isi 6 Redjelly Day Peach,1287659028,5,"Wanginya enak,semoga ccok nanti next order lgi klo ccok,🤗",1737241462,Lebih dari 1 tahun lalu,-,True,Anonymous,0,False,False,
X Beauty 1 Paket Isi 6 Redjelly Day Peach,1287659030,5,"Mulai lagi dari awal , udh 15 hari pake night cream doang cocok si bersihan dah",1737218126,Lebih dari 1 tahun lalu,-,True,Anonymous,0,False,False,
X Beauty 1 Paket Isi 6 Redjelly Day Peach,1287659027,5,"Bru sampai semoga cocok 
Biar bisa jdi langganan",1737214134,Lebih dari 1 tahun lalu,-,True,Anonymous,0,True,False,
X Beauty 1 Paket Isi 6 Redjelly Day Peach,1287659036,4,"Sengaja Bru ksih ulasan pngen tau hasil pemakaian 1 Minggu , Alhamdulillah jerawat ku mulai mngering muka mulai cerhan,semoga seterusnya ccok , biar tdk gunta gnti trus cpek ,",1737213943,Lebih dari 1 tahun lalu,-,True,Anonymous,0,True,False,
X Beauty 1 Paket Isi 6 Redjelly Day Peach,1287659081,5,"Pertama kaliii cobaaa semoga cocokk iyaaa
Barang nyampenya utuh tanpa lecet sedikitpunn",1737205687,Lebih dari 1 tahun lalu,-,True,Anonymous,0,True,False,
X Beauty 1 Paket Isi 6 Redjelly Day Peach,1287659046,5,Baru mau nyoba semoga cocok,1737204640,Lebih dari 1 tahun lalu,-,True,Anonymous,0,True,False,
X Beauty 1 Paket Isi 6 Redjelly Day Peach,1287659048,5,Paket x_beauty whitening sudah di terima mksh ya.... Untuk saran sedikit lain kali kalau kasih bonos nya jangan yang red jelly terus😀🙏 bisa aja kasih yang cream siang atau malam🤗,1737182667,Lebih dari 1 tahun lalu,-,True,Anonymous,0,False,False,
X Beauty 1 Paket Isi 6 Redjelly Day Peach,1287659047,5,Pengiriman lama buangett,1737143807,Lebih dari 1 tahun lalu,-,True,Anonymous,0,False,False,
X Beauty 1 Paket Isi 6 Redjelly Day Peach,1287659037,4,"baru sampee barangnya aman gada yg rusak packagingnyaa, kalo cocok nnti bakal langganan dehh hehe makasii minn 🤩🤩",1737140152,Lebih dari 1 tahun lalu,-,True,Anonymous,0,True,False,
X Beauty 1 Paket Isi 6 Redjelly Day Peach,1287659074,5,Bagus udah mo abis 3 pket tpi blom ada perubahan,1737137296,Lebih dari 1 tahun lalu,-,True,Anonymous,0,False,False,
X Beauty 1 Paket Isi 6 Redjelly Day Peach,1287659045,4,Alhamdulillah palet nya sudah samapai dan kemasan rapi abang kurirnya juga baik .semogga cocok dan menjadi langanan ya trimakasih😚,1737133485,Lebih dari 1 tahun lalu,-,True,Anonymous,0,True,True,
X Beauty 1 Paket Isi 6 Redjelly Day Peach,1287659151,5,Alhamdulillah paketx udh tiba dengan selamat pekingan rapih ngk ada yg tumpah skin carex bagus lembut di muka smoga cocok msi mau ceo yg ke dua buat stok smoga amanah trus tokox yah🥰🙏,1737126598,Lebih dari 1 tahun lalu,-,True,Anonymous,0,True,False,
X Beauty 1 Paket Isi 6 Redjelly Day Peach,1287659154,5,Baru pertama coba,1737125444,Lebih dari 1 tahun lalu,-,True,Anonymous,0,True,False,
X Beauty 1 Paket Isi 6 Redjelly Day Peach,1287659161,4,Sesuai,1737114502,Lebih dari 1 tahun lalu,-,True,Anonymous,0,False,False,
X Beauty 1 Paket Isi 6 Redjelly Day Peach,1287659165,5,Semoga ccok dikulit aku yg sensitif ini,1737108308,Lebih dari 1 tahun lalu,-,True,Anonymous,0,True,False,
X Beauty 1 Paket Isi 6 Redjelly Day Peach,1287659176,5,Paket crim sudah Dateng semoga cocok,1737107877,Lebih dari 1 tahun lalu,-,True,Anonymous,0,False,False,
X Beauty 1 Paket Isi 6 Redjelly Day Peach,1287659163,5,Otw order lagi benar-benar terbukti cerah,1737104888,Lebih dari 1 tahun lalu,-,True,Anonymous,0,False,False,
X Beauty 1 Paket Isi 6 Redjelly Day Peach,1287659196,4,"Produknya bagus” dan aman aja di aku. Cuma aku agak ragu aja sama packagingnya yg setiap aku order berubah”,takutnya nnti aku dptnya barang palsu lgi,tpi smoga aja tidak",1737104053,Lebih dari 1 tahun lalu,-,True,Anonymous,0,True,False,
X Beauty 1 Paket Isi 6 Redjelly Day Peach,1287659190,5,"Dah sampaiii,semoga cocok",1737065383,Lebih dari 1 tahun lalu,-,True,Anonymous,0,True,False,
X Beauty 1 Paket Isi 6 Redjelly Day Peach,1287659173,5,baru di coba kayak nya bagus. nggk bikin wajah br minyak aq suka entar bakalan pesan lagi ☺☺,1737057980,Lebih dari 1 tahun lalu,-,True,Anonymous,0,False,False,
X Beauty 1 Paket Isi 6 Redjelly Day Peach,1287659187,5,Bikin kulit terasa kenceng end bagus bgt sih,1737046355,Lebih dari 1 tahun lalu,-,True,Anonymous,0,True,False,
X Beauty 1 Paket Isi 6 Redjelly Day Peach,1287659193,5,"Baguss bangett baru pertama kali coba
semoga cocok yaa,pakett mendarat dengen aamann,dan jugaa aromanya harumm/wangi",1737044898,Lebih dari 1 tahun lalu,-,True,Anonymous,0,False,True,
X Beauty 1 Paket Isi 6 Redjelly Day Peach,1287659153,5,Paket ke dua moga muka aku tambah glowing tambah pth😁paking rapih,1737031894,Lebih dari 1 tahun lalu,-,True,Anonymous,0,True,False,
X Beauty 1 Paket Isi 6 Redjelly Day Peach,1287659157,5,Pokonya bagus banget aku suka,1736987367,Lebih dari 1 tahun lalu,-,True,Anonymous,0,True,False,
X Beauty 1 Paket Isi 6 Redjelly Day Peach,1287659166,5,Alhamdulilah paket xbeauty sudah sampe sesuai dgn gambar 🥰🤗,1736964198,Lebih dari 1 tahun lalu,-,True,Anonymous,0,True,False,
X Beauty 1 Paket Isi 6 Redjelly Day Peach,1287659162,5,"sngaja baru reting skarang karna mau liat hasilnyaa,ternytaa hasilnyaa okee bgtt pdhal blum abis satu pkett🤩",1736960582,Lebih dari 1 tahun lalu,-,True,Anonymous,0,False,False,
X Beauty 1 Paket Isi 6 Redjelly Day Peach,1287659194,5,Semoga cocok diakuu .,1736959401,Lebih dari 1 tahun lalu,-,True,Anonymous,0,False,False,
X Beauty 1 Paket Isi 6 Redjelly Day Peach,1287659159,5,Bru kli ni di coba moga cocok,1736953628,Lebih dari 1 tahun lalu,-,True,Anonymous,0,True,False,
X Beauty 1 Paket Isi 6 Redjelly Day Peach,1287659192,5,Barang aman semoga cocok 🥰,1736948926,Lebih dari 1 tahun lalu,-,True,Anonymous,0,True,True,
X Beauty 1 Paket Isi 6 Redjelly Day Peach,1287659191,5,"Alhamdulillah pesanan saya baru aja sampai, baru pertama kali pakek skincare ini semoga aja cocok di aku, barang dikirim sesuai😊🤗",1736942682,Lebih dari 1 tahun lalu,-,True,Anonymous,0,True,True,
X Beauty 1 Paket Isi 6 Redjelly Day Peach,1287659289,5,"Paketnya sudah datang,pengiriman cepat baru pertama kali coba semoga cocok dikulit aku",1736941806,Lebih dari 1 tahun lalu,-,True,Anonymous,0,True,False,
X Beauty 1 Paket Isi 6 Redjelly Day Peach,1287659320,5,Barang nya bagus oke walaupun harga nya murah mantap mantap pokok nya,1736880920,Lebih dari 1 tahun lalu,-,True,Anonymous,0,True,False,
X Beauty 1 Paket Isi 6 Redjelly Day Peach,1287659302,5,Alhamdulillah paketnya SDH sampai semoga cocok..dan tokonya amanah mksih kk,1736879809,Lebih dari 1 tahun lalu,-,True,Anonymous,0,True,False,
X Beauty 1 Paket Isi 6 Redjelly Day Peach,1287659284,4,"Maaf baru bisa kasih ulasan sekarang soalnya mau nyoba dulu , krim malamnya bau nyengat jadi nggk di pakai udah sekitar satu mingguan di pakai kayak tambah kusam",1736877506,Lebih dari 1 tahun lalu,-,True,Anonymous,0,False,False,
X Beauty 1 Paket Isi 6 Redjelly Day Peach,1287659287,2,"Pakcing nya aman, tp maaf diwajahku malah keluar jerawate aku takut mau make lagii",1736871185,Lebih dari 1 tahun lalu,-,True,Anonymous,0,False,False,
X Beauty 1 Paket Isi 6 Redjelly Day Peach,1287659303,5,Semoga cocok dan terus pakai,1736865490,Lebih dari 1 tahun lalu,-,True,Anonymous,0,False,False,
X Beauty 1 Paket Isi 6 Redjelly Day Peach,1287659288,3,Lumayan ada perubahan baru seminggu pake nya juga,1736862020,Lebih dari 1 tahun lalu,-,True,Anonymous,0,True,False,
X Beauty 1 Paket Isi 6 Redjelly Day Peach,1287659313,4,"pket mndrat dngn aman ak ksih bintang 4 dlu nnti klo udh ccok bkal balik lgi ke sni bkal jdi lngganan, lngkap gda kekurangan samsek dpet wdahnya jga packingnya jga rpi gda krsakan ok deh pkonya👍",1736860292,Lebih dari 1 tahun lalu,-,True,Anonymous,0,True,True,
X Beauty 1 Paket Isi 6 Redjelly Day Peach,1287659294,5,"Saya baru mau coba , smoga cocok dan jadi langganan skincare 🫶🏻",1736856648,Lebih dari 1 tahun lalu,-,True,Anonymous,0,False,False,
X Beauty 1 Paket Isi 6 Redjelly Day Peach,1287659281,5,Baguss 🥰,1736854460,Lebih dari 1 tahun lalu,-,True,Anonymous,0,False,False,
X Beauty 1 Paket Isi 6 Redjelly Day Peach,1287659318,2,kok sabun penyucinya luntur tempat nya sih,1736843401,Lebih dari 1 tahun lalu,-,True,Anonymous,0,False,False,
X Beauty 1 Paket Isi 6 Redjelly Day Peach,1287659317,4,"Udah datang paketnya,baru pertama coba skincare ini ,semoga cocok ya",1736789848,Lebih dari 1 tahun lalu,-,True,Anonymous,0,True,False,
X Beauty 1 Paket Isi 6 Redjelly Day Peach,1287659285,3,"Paketnya rapi tidak ada lecet, tapi ke Napa red jelly nya kok bedah yg di foto sama yg datang yh",1736774691,Lebih dari 1 tahun lalu,-,True,Anonymous,0,False,False,
X Beauty 1 Paket Isi 6 Redjelly Day Peach,1287659312,5,Bagus,1736762813,Lebih dari 1 tahun lalu,-,True,Anonymous,0,False,False,
X Beauty 1 Paket Isi 6 Redjelly Day Peach,1287659321,5,"Alhamdulilah paket nya udah sampai, baru mauk nyoba semoga aja cocok,kalo cocok bakalan beli lgi deh,,,,,, 😁😁",1736749938,Lebih dari 1 tahun lalu,-,True,Anonymous,0,True,False,
X Beauty 1 Paket Isi 6 Redjelly Day Peach,1287659316,1,Kenapa cream malamnya kok agak berbusa ya beda sama yang sebelumnya dan di cium harum bgt kayak sabun dan kalau di aplikasikan sesudah pakai serum kayak berbusa di muka jadi ragu,1736721642,Lebih dari 1 tahun lalu,-,True,Anonymous,0,False,False,
X Beauty 1 Paket Isi 6 Redjelly Day Peach,1287659292,5,Semoga cocok,1736714193,Lebih dari 1 tahun lalu,-,True,Anonymous,0,False,False,
X Beauty 1 Paket Isi 6 Redjelly Day Peach,1287659305,5,"Baru coba semoga cocok, suka bgt SMA bau cream siang ny bau melati",1736713116,Lebih dari 1 tahun lalu,-,True,Anonymous,0,False,False,
X Beauty 1 Paket Isi 6 Redjelly Day Peach,1287659322,4,Bismilah  semoga  cocok  ya kak,1736712737,Lebih dari 1 tahun lalu,-,True,Anonymous,0,True,True,
X Beauty 1 Paket Isi 6 Redjelly Day Peach,1287659301,1,Halo min kenapa pakai jadi gelap tapi emang glowing kenapa yaa???,1736709761,Lebih dari 1 tahun lalu,-,True,Anonymous,0,True,False,
X Beauty 1 Paket Isi 6 Redjelly Day Peach,1287659453,5,Semoga cocok yaa,1736709213,Lebih dari 1 tahun lalu,-,True,Anonymous,0,False,False,
X Beauty 1 Paket Isi 6 Redjelly Day Peach,1287659477,5,"Manfaat produk: Bagus
Jenis kulit: Sensitif jadi GK sensitif",1736700814,Lebih dari 1 tahun lalu,-,True,Anonymous,0,False,False,
X Beauty 1 Paket Isi 6 Redjelly Day Peach,1287659449,4,"Baru mau pake, semoga di muka aku cocok dn bisa order lagi",1736699709,Lebih dari 1 tahun lalu,-,True,Anonymous,0,True,False,
X Beauty 1 Paket Isi 6 Redjelly Day Peach,1287659447,5,Semoga cocok di aku soalnya udah cape gunta ganti skincare terus,1736699256,Lebih dari 1 tahun lalu,-,True,Anonymous,0,True,False,
X Beauty 1 Paket Isi 6 Redjelly Day Peach,1287659446,5,"Alhamdulilah pesenan sudah sampai baru aja, Dan pertama kalinya mau pakai krim ini,moga cocok,, lengkap Dan rapih pengiriman aman, wangi, lembut juga, kalo cocok nex order lagi, makasih seler terus pertahankan kualitinya ya, kirir baik ramah udah langganan, makasih.",1736690870,Lebih dari 1 tahun lalu,-,True,Anonymous,0,True,False,
X Beauty 1 Paket Isi 6 Redjelly Day Peach,1287659486,5,Sesuai dengan gambar semoga cocok  di mukaku😊,1736684948,Lebih dari 1 tahun lalu,-,True,Anonymous,0,False,True,
X Beauty 1 Paket Isi 6 Redjelly Day Peach,1287659493,5,Sudah sampai..  pesanan juga sesuai... Baru pertama x coba.. semoga ccok,1736684054,Lebih dari 1 tahun lalu,-,True,Anonymous,0,True,False,
X Beauty 1 Paket Isi 6 Redjelly Day Peach,1287659485,5,Pertama kali pake mudah mudahan cocok di kulitku 👍😁,1736682348,Lebih dari 1 tahun lalu,-,True,Anonymous,0,True,False,
X Beauty 1 Paket Isi 6 Redjelly Day Peach,1287659512,4,"Lama banget tapi ngga papa 
Alkhamdulillah baru 3 hari pakai udah mengelupas dan cerah",1736678524,Lebih dari 1 tahun lalu,-,True,Anonymous,0,False,False,
X Beauty 1 Paket Isi 6 Redjelly Day Peach,1287659513,5,Mudah²han cocok,1736677250,Lebih dari 1 tahun lalu,-,True,Anonymous,0,False,False,
X Beauty 1 Paket Isi 6 Redjelly Day Peach,1287659492,5,Bismillah pemula semuga cocok skincare nya🥰,1736677046,Lebih dari 1 tahun lalu,-,True,Anonymous,0,True,False,
X Beauty 1 Paket Isi 6 Redjelly Day Peach,1287659503,5,Barang sampai dng cepatbdan kurirnya jug ramah,1736675504,Lebih dari 1 tahun lalu,-,True,Anonymous,0,False,False,
X Beauty 1 Paket Isi 6 Redjelly Day Peach,1287659487,5,Sangat bagus,1736643877,Lebih dari 1 tahun lalu,-,True,Anonymous,0,False,False,
X Beauty 1 Paket Isi 6 Redjelly Day Peach,1287659484,5,"Bagus,,,smga cocok",1736614254,Lebih dari 1 tahun lalu,-,True,Anonymous,0,False,False,
X Beauty 1 Paket Isi 6 Redjelly Day Peach,1287659496,3,Wangi sabunnya beda SM yg kmrn&#34;aku beli,1736613465,Lebih dari 1 tahun lalu,-,True,Anonymous,0,False,False,
X Beauty 1 Paket Isi 6 Redjelly Day Peach,1287659499,5,semoga cocok✨,1736608699,Lebih dari 1 tahun lalu,-,True,Anonymous,0,True,False,
X Beauty 1 Paket Isi 6 Redjelly Day Peach,1287659494,5,Prodaknya aman bagus banget seler mau pun kurir ramah😍😍,1736605569,Lebih dari 1 tahun lalu,-,True,Anonymous,0,True,False,
X Beauty 1 Paket Isi 6 Redjelly Day Peach,1287659476,5,Paket nya baru sampe semoga cocok di kulit ku,1736599551,Lebih dari 1 tahun lalu,-,True,Anonymous,0,False,False,
X Beauty 1 Paket Isi 6 Redjelly Day Peach,1287659509,5,muka ku aga mendingan setelah 1 minguu pemakaian😍,1736587070,Lebih dari 1 tahun lalu,-,True,Anonymous,0,True,False,
X Beauty 1 Paket Isi 6 Redjelly Day Peach,1287659480,5,Peking nya rapih semoga cocok di muka aku namun sayang nya red jelly nya sedikit sekali kaya bukan baru aja gitu,1736538862,Lebih dari 1 tahun lalu,-,True,Anonymous,0,True,False,
X Beauty 1 Paket Isi 6 Redjelly Day Peach,1287659501,4,Baru nyoba mudah2n cocok,1736535487,Lebih dari 1 tahun lalu,-,True,Anonymous,0,True,False,
X Beauty 1 Paket Isi 6 Redjelly Day Peach,1287659508,5,Paket ke2 telah sampai dgn aman..biar bintang yang berbicara pokoknya sedang dalam proses wajah glowing dan bersih insyaallah bakal berlangganan terus dsini,1736534809,Lebih dari 1 tahun lalu,-,True,Anonymous,0,False,False,
X Beauty 1 Paket Isi 6 Redjelly Day Peach,1287659491,5,"Baru pertama pakai, semoga cocok dimuka aku .",1736533215,Lebih dari 1 tahun lalu,-,True,Anonymous,0,True,False,
X Beauty 1 Paket Isi 6 Redjelly Day Peach,1287659500,5,Bismillah semoga cocok Karna udah capek Gota ganti skincare dan ini pemakaian pertama,1736528757,Lebih dari 1 tahun lalu,-,True,Anonymous,0,True,False,
X Beauty 1 Paket Isi 6 Redjelly Day Peach,1287659502,5,Bagus,1736525819,Lebih dari 1 tahun lalu,-,True,Anonymous,0,False,False,
X Beauty 1 Paket Isi 6 Redjelly Day Peach,1287659497,5,Sesuai dgn pesanan mantap,1736521103,Lebih dari 1 tahun lalu,-,True,Anonymous,0,False,False,
X Beauty 1 Paket Isi 6 Redjelly Day Peach,1287659665,5,Baru pertma order muda2han cocok akan reapeat order lagi,1736504199,Lebih dari 1 tahun lalu,-,True,Anonymous,0,True,False,
X Beauty 1 Paket Isi 6 Redjelly Day Peach,1287659661,1,Udh sampe udh cobain peroduk nya udh 3 hari tapi ke muka pada beruntusan trs bau krim MLM nya bau bngtt,1736444507,Lebih dari 1 tahun lalu,-,True,Anonymous,0,False,False,
X Beauty 1 Paket Isi 6 Redjelly Day Peach,1287659684,5,Baru pertama kali coba semoga cocok,1736437986,Lebih dari 1 tahun lalu,-,True,Anonymous,0,True,False,
X Beauty 1 Paket Isi 6 Redjelly Day Peach,1287659669,5,Barang sampai degan aman kemasanaya sangat rapi,1736436394,Lebih dari 1 tahun lalu,-,True,Anonymous,0,False,False,
X Beauty 1 Paket Isi 6 Redjelly Day Peach,1287659691,5,Paketnya br datang cepet dr perkiraan estimasi besok srkrng sdh datang semoga cocok y kak kalau cocok order lg lgsung sy coba day creamnya bikun glowing d wajah,1736424308,Lebih dari 1 tahun lalu,-,True,Anonymous,0,True,False,
X Beauty 1 Paket Isi 6 Redjelly Day Peach,1287659670,5,barang sudah sampai. bismillah semoga cocok biar bisa jadi lagganan,1736424261,Lebih dari 1 tahun lalu,-,True,Anonymous,0,False,False,
X Beauty 1 Paket Isi 6 Redjelly Day Peach,1287659674,5,Alhmdulilah skincarre ini tuh cocok d muka  aku jd bersih udh 2 x beli d toko  ini bakal jd langganan .,1736422868,Lebih dari 1 tahun lalu,-,True,Anonymous,0,False,False,
X Beauty 1 Paket Isi 6 Redjelly Day Peach,1287659657,4,Baru mau coba semoga cocok,1736421100,Lebih dari 1 tahun lalu,-,True,Anonymous,0,False,False,
X Beauty 1 Paket Isi 6 Redjelly Day Peach,1287659702,4,Pesenan udh Dateng kemaren semoga cocok di aku udh capek banget Gonta ganti skincare.,1736415370,Lebih dari 1 tahun lalu,-,True,Anonymous,0,True,True,
X Beauty 1 Paket Isi 6 Redjelly Day Peach,1287659663,4,"Yg lainnya harum,, hanya krim malemnya aja mnyengat aromanya.. terasa perih Dimata kalau kita aplikasikan ke kulit",1736374512,Lebih dari 1 tahun lalu,-,True,Anonymous,0,False,False,
X Beauty 1 Paket Isi 6 Redjelly Day Peach,1287659697,5,udah sampe barang amannn tapi belom tau hasilnya,1736368119,Lebih dari 1 tahun lalu,-,True,Anonymous,0,False,False,
X Beauty 1 Paket Isi 6 Redjelly Day Peach,1287659694,5,polll,1736363473,Lebih dari 1 tahun lalu,-,True,Anonymous,0,False,False,
X Beauty 1 Paket Isi 6 Redjelly Day Peach,1287659662,2,paket udh sampai tpi dicek bpom kok gda tertera ya???? agak ragu make nya,1736359135,Lebih dari 1 tahun lalu,-,True,Anonymous,0,True,False,
X Beauty 1 Paket Isi 6 Redjelly Day Peach,1287659683,3,"lupa ga bikin vid unboxing, pdhl pesen yng ada red jelly nya eh pas dateng cuma dapet 5 item gaada red jelly nya, huhu😔😔",1736352168,Lebih dari 1 tahun lalu,-,True,Anonymous,0,True,False,
X Beauty 1 Paket Isi 6 Redjelly Day Peach,1287659689,4,"Belum di coba, mudah mudahan cocok",1736344340,Lebih dari 1 tahun lalu,-,True,Anonymous,0,True,False,
X Beauty 1 Paket Isi 6 Redjelly Day Peach,1287659686,3,"Coba dlu, mudh2an cocok di AQ ny, nanti klw cocok di tmbh LG bintang ny",1736343333,Lebih dari 1 tahun lalu,-,True,Anonymous,0,False,False,
X Beauty 1 Paket Isi 6 Redjelly Day Peach,1287659692,5,Mudahan cocok,1736337619,Lebih dari 1 tahun lalu,-,True,Anonymous,0,False,False,
X Beauty 1 Paket Isi 6 Redjelly Day Peach,1287659668,3,Br coba,1736291620,Lebih dari 1 tahun lalu,-,True,Anonymous,0,False,False,
X Beauty 1 Paket Isi 6 Redjelly Day Peach,1287659860,5,Semoga cocok,1736275592,Lebih dari 1 tahun lalu,-,True,Anonymous,0,True,False,
X Beauty 1 Paket Isi 6 Redjelly Day Peach,1287659884,5,"Akhirnya yang di tunggu tunggu datang,produk yg dikirim lengkap tanpa kurang/cacat,tapi pick up dari kurir lama,kalau pengiriman cepat sehari sampe,mau dicobain dulu kalo ada perubahan nanti balik lagi buat kasih tunjuk perubahannya,thanks seller",1736269154,Lebih dari 1 tahun lalu,-,True,Anonymous,0,True,False,
X Beauty 1 Paket Isi 6 Redjelly Day Peach,1287659874,4,Paket x dah sampai dgn aman dan kurir x juga baik makasii yaaa dan smoga diri q ccok aku ksih bintang 4 dlu Yaaa nnti klo aku dah ccok dan pesan lagi nnti aku ksih bintang 5,1736235899,Lebih dari 1 tahun lalu,-,True,Anonymous,0,True,False,
X Beauty 1 Paket Isi 6 Redjelly Day Peach,1287659870,4,Baru pertama nyoba semoga cocok,1736173713,Lebih dari 1 tahun lalu,-,True,Anonymous,0,False,False,
X Beauty 1 Paket Isi 6 Redjelly Day Peach,1287659883,5,Pembelian ketiga kalinya alhamdulillah cocok,1736118509,Lebih dari 1 tahun lalu,-,True,Anonymous,0,False,False,
X Beauty 1 Paket Isi 6 Redjelly Day Peach,1287659879,5,𝑷𝒆𝒓𝒕𝒎𝒂 𝒙 𝒑𝒂𝒌𝒆 𝒔𝒄𝒊𝒏𝒄𝒂𝒓𝒆 𝒊𝒏𝒊 𝒔𝒎𝒐𝒈𝒂 𝒄𝒐𝒄𝒐𝒌 𝒅 𝒎𝒖𝒌𝒂 𝒂𝒌𝒖 𝒏 𝒃𝒌𝒊𝒏 𝒈𝒍𝒐𝒘𝒊𝒏𝒈 🥳,1736107398,Lebih dari 1 tahun lalu,-,True,Anonymous,0,True,False,
X Beauty 1 Paket Isi 6 Redjelly Day Peach,1287659868,5,"Jenis kulit: Kulit ku berminyak lumayan cocok di aku
Mantull bngt sumpah 2kali CO di toko ini tpi spertinya ini kemasan yang terbaru nya ya soalnya agak beda dri yng kmrn, tapiii skincare nyaaa mntullll😘😘",1736100632,Lebih dari 1 tahun lalu,-,True,Anonymous,0,True,True,
X Beauty 1 Paket Isi 6 Redjelly Day Peach,1287659880,5,"Packaging nya rapih banget🙆🏻‍♀️💓 semoga cocok dehhh .. karna permasalahan ku cuma kusam aja semoga glow dehhh kalo ada perubahan minim bakal next order lagi🥰
Bahan: Ada niacinamide nya + AHA🥺💓
Manfaat produk: Masih percobaan
Jenis kulit: Berminyak + pori besar",1736096258,Lebih dari 1 tahun lalu,-,True,Anonymous,0,True,False,
X Beauty 1 Paket Isi 6 Redjelly Day Peach,1287659890,5,"Alhamdulilah udh datang smoga cocok , qlo cocok nex order lagi ,",1736095184,Lebih dari 1 tahun lalu,-,True,Anonymous,0,True,False,
X Beauty 1 Paket Isi 6 Redjelly Day Peach,1287659882,5,"Alhamdulilah peketannya udah sampe mudamudahan cocok di muka ku, kalo cocok anti kita pesen lgi",1736088017,Lebih dari 1 tahun lalu,-,True,Anonymous,0,True,False,
X Beauty 1 Paket Isi 6 Redjelly Day Peach,1287659889,1,GK ada krim malemnya semua krim siang gimna lah GK sesuai,1736084300,Lebih dari 1 tahun lalu,-,True,Anonymous,0,False,False,
X Beauty 1 Paket Isi 6 Redjelly Day Peach,1287659896,4,Semoga cocok,1736077674,Lebih dari 1 tahun lalu,-,True,Anonymous,0,True,False,
X Beauty 1 Paket Isi 6 Redjelly Day Peach,1287659891,5,Sesuai dgn ny moga aja cocok d muka aq klo cocok neks bakal order lagi,1736077626,Lebih dari 1 tahun lalu,-,True,Anonymous,0,False,False,
X Beauty 1 Paket Isi 6 Redjelly Day Peach,1287659869,5,Alhmdlh pket nya dtg mudah mudahan cocok memutihkan kulit bandel ini,1736060603,Lebih dari 1 tahun lalu,-,True,Anonymous,0,True,False,
X Beauty 1 Paket Isi 6 Redjelly Day Peach,1287659904,2,Yg datang day cream dua dua nya. Gaada night cream nya,1736029504,Lebih dari 1 tahun lalu,-,True,Anonymous,0,True,False,
X Beauty 1 Paket Isi 6 Redjelly Day Peach,1287659905,5,Pesan yang ke3kalinya😍,1736019711,Lebih dari 1 tahun lalu,-,True,Anonymous,0,False,False,
X Beauty 1 Paket Isi 6 Redjelly Day Peach,1287659881,1,Panas,1736016405,Lebih dari 1 tahun lalu,-,True,Anonymous,0,False,False,
X Beauty 1 Paket Isi 6 Redjelly Day Peach,1287659885,5,"sempurna untuk kulit ,",1736013872,Lebih dari 1 tahun lalu,-,True,Anonymous,0,False,False,
X Beauty 1 Paket Isi 6 Redjelly Day Peach,1287659898,5,Bismillah semoga cocok,1736012614,Lebih dari 1 tahun lalu,-,True,Anonymous,0,False,False,
X Beauty 1 Paket Isi 6 Redjelly Day Peach,1287659895,5,"Beli yg ke 3kali nya dong,emang sebagus itu ko",1736012006,Lebih dari 1 tahun lalu,-,True,Anonymous,0,False,False,
X Beauty 1 Paket Isi 6 Redjelly Day Peach,1287660173,3,kenapa aku pesan ke 2k kalinya ko TDK sama warnanya,1735936203,Lebih dari 1 tahun lalu,-,True,Anonymous,0,True,False,
X Beauty 1 Paket Isi 6 Redjelly Day Peach,1287660234,3,Ini kenapa day cream nya dua gini night cream nya gada kecew🙁,1735930622,Lebih dari 1 tahun lalu,-,True,Anonymous,0,True,False,
X Beauty 1 Paket Isi 6 Redjelly Day Peach,1287660248,5,Pengiriman cepat.barang bagus.,1735930315,Lebih dari 1 tahun lalu,-,True,Anonymous,0,True,False,
X Beauty 1 Paket Isi 6 Redjelly Day Peach,1287660219,4,"Mantap krim nya cocok dimuka aku,dan sudah di coba muka aku jadi putih dan glowing🥰🥰",1735918926,Lebih dari 1 tahun lalu,-,True,Anonymous,0,False,False,
X Beauty 1 Paket Isi 6 Redjelly Day Peach,1287660192,5,Baru pertama kali coba semoga cocok,1735916805,Lebih dari 1 tahun lalu,-,True,Anonymous,0,True,True,
X Beauty 1 Paket Isi 6 Redjelly Day Peach,1287660225,5,Mksih kak udh pesan yg ke 3 kalinya🙏,1735913494,Lebih dari 1 tahun lalu,-,True,Anonymous,0,False,False,
X Beauty 1 Paket Isi 6 Redjelly Day Peach,1287660185,5,"Barang sudah sampai 
Terimakasih",1735848112,Lebih dari 1 tahun lalu,-,True,Anonymous,0,False,False,
X Beauty 1 Paket Isi 6 Redjelly Day Peach,1287660322,1,Kenapa tidak sama dengan yang di fto,1735846025,Lebih dari 1 tahun lalu,-,True,Anonymous,0,True,False,
X Beauty 1 Paket Isi 6 Redjelly Day Peach,1287660239,5,"Produk amann,, tapi blum di coba hasil nya semoga cocok🤲",1735827462,Lebih dari 1 tahun lalu,-,True,Anonymous,0,True,False,
X Beauty 1 Paket Isi 6 Redjelly Day Peach,1287660273,5,"Paking aman ,semoga ini yg cocok sama aq😊🤗",1735800224,Lebih dari 1 tahun lalu,-,True,Anonymous,0,False,False,
X Beauty 1 Paket Isi 6 Redjelly Day Peach,1287660339,5,Saya bru prtma kali pake creamx bgus cepat meresap smoga saya ccok,1735763629,Lebih dari 1 tahun lalu,-,True,Anonymous,0,True,False,
X Beauty 1 Paket Isi 6 Redjelly Day Peach,1287660231,5,"Produk ori,, aku udah habis 4 paket uda adaperubahan tapi kalo gak pakek sekli wajah kembali kusam.. 
Setia beli kemasan berubah&#34; serum kadang botol besar kadg kecil.. 
Tidak dapet pouch, kadang dapet pouch",1735755733,Lebih dari 1 tahun lalu,-,True,Anonymous,0,False,False,
X Beauty 1 Paket Isi 6 Redjelly Day Peach,1287660221,5,"Barang sudah mendarat dengan sangat aman kakak .. 
Barangnya realpict..
Sangat suka..
Terimakasih ya ..
Semoga bisa order kembali ..
Suksez terus kakak. ..",1735749260,Lebih dari 1 tahun lalu,-,True,Anonymous,0,True,False,
X Beauty 1 Paket Isi 6 Redjelly Day Peach,1287660174,5,Semoga cocok💞,1735678546,Lebih dari 1 tahun lalu,-,True,Anonymous,0,False,False,
X Beauty 1 Paket Isi 6 Redjelly Day Peach,1287660235,4,baguss tapi dlam nya yang red jeloy nya kok kotor ada hitam&#39; nya yaa,1735657416,Lebih dari 1 tahun lalu,-,True,Anonymous,0,True,False,
X Beauty 1 Paket Isi 6 Redjelly Day Peach,1287660232,5,"Barang sampai dengan aman, semoga cocok di aku biar order lagi",1735621769,Lebih dari 1 tahun lalu,-,True,Anonymous,0,False,False,
X Beauty 1 Paket Isi 6 Redjelly Day Peach,1287660299,3,Ko serumnya beda lagi yah bentuknya terus baunya beda bagusan yang bentuknya yang gendut tempatnya wangi baunya kalau tempat yang kurus baunya gak enak,1735596459,Lebih dari 1 tahun lalu,-,True,Anonymous,0,False,False,
X Beauty 1 Paket Isi 6 Redjelly Day Peach,1287660518,5,"allhamdulilah paket nya udah datang semoga cocok di aku 
Klo cocok next order lagi mksih seller nya mksh jg kurir nya udah langganan",1735576549,Lebih dari 1 tahun lalu,-,True,Anonymous,0,True,False,
X Beauty 1 Paket Isi 6 Redjelly Day Peach,1287660507,5,bagus banget si bukin glowing tapi kurang suka serumnya pls day cream nya isinya banyakin dong min😡 bagus banget soalnyaa tapi isinya dikit banget😭,1735575597,Lebih dari 1 tahun lalu,-,True,Anonymous,0,False,False,
X Beauty 1 Paket Isi 6 Redjelly Day Peach,1287660440,3,"Ko beda yh krim mlm nya ga ke pertama 
Agak kecewa si",1735569969,Lebih dari 1 tahun lalu,-,True,Anonymous,0,False,False,
X Beauty 1 Paket Isi 6 Redjelly Day Peach,1287660443,5,bgs,1735507030,Lebih dari 1 tahun lalu,-,True,Anonymous,0,False,False,
X Beauty 1 Paket Isi 6 Redjelly Day Peach,1287660586,5,Mantap udah berapa x ganti2 skincare  bnyak yg gk cocok baru x ni nemu skincare yg pas dan cocok di wajah aku baru pake 3 hari udah kelihatan glow dan wajah terasa kenyel2 jadi pengen ngaca terus yang tadi nya banyak komedo sekarang ilang dan komedo terlepas sendiri... Jatuh cinta banget sama produk,1735503511,Lebih dari 1 tahun lalu,-,True,Anonymous,0,True,True,
X Beauty 1 Paket Isi 6 Redjelly Day Peach,1287660489,4,Baru mau coba semoga cocok,1735402929,Lebih dari 1 tahun lalu,-,True,Anonymous,0,True,False,
X Beauty 1 Paket Isi 6 Redjelly Day Peach,1287660584,5,alhamdulillah paket nya udh nyampai sekali pakai klitan lo apalagi kalau dah abis sepaket ini semoga aja cocok dan bisa order lagi,1735390991,Lebih dari 1 tahun lalu,-,True,Anonymous,0,True,False,
X Beauty 1 Paket Isi 6 Redjelly Day Peach,1287660475,5,Trmksh,1735388640,Lebih dari 1 tahun lalu,-,True,Anonymous,0,True,False,
X Beauty 1 Paket Isi 6 Redjelly Day Peach,1287660504,4,Baru pemula.bismillah semoga cocok,1735365967,Lebih dari 1 tahun lalu,-,True,Anonymous,0,False,False,
X Beauty 1 Paket Isi 6 Redjelly Day Peach,1287660508,5,Semoga cocok,1735352340,Lebih dari 1 tahun lalu,-,True,Anonymous,0,True,False,
X Beauty 1 Paket Isi 6 Redjelly Day Peach,1287660568,4,Bismillahirrahmanirrahim... Smoga cocok yaa..,1735335054,Lebih dari 1 tahun lalu,-,True,Anonymous,0,False,False,
X Beauty 1 Paket Isi 6 Redjelly Day Peach,1287660481,5,"Alhamdulillah barang nya sdh Tibah, mdh&#34;an sy cck SMA produknya 🙏🙏",1735324619,Lebih dari 1 tahun lalu,-,True,Anonymous,0,False,False,
X Beauty 1 Paket Isi 6 Redjelly Day Peach,1287660444,4,Kasih bintang 4 dulu ya..mau liat perubahan x dulu,1735309054,Lebih dari 1 tahun lalu,-,True,Anonymous,0,False,False,
X Beauty 1 Paket Isi 6 Redjelly Day Peach,1287660517,4,Aku kasih bintang 4 dulu ya kalau hasilnya glowing baru aku review jujur 5,1735296131,Lebih dari 1 tahun lalu,-,True,Anonymous,0,True,False,
X Beauty 1 Paket Isi 6 Redjelly Day Peach,1287660487,5,"proses nglupas, skrng lumayan bersih bisa liat sendiri",1735227945,Lebih dari 1 tahun lalu,-,True,Anonymous,0,True,False,
X Beauty 1 Paket Isi 6 Redjelly Day Peach,1287660505,5,bissmillah mau coba dulu semoga cocokk💗💗,1735222802,Lebih dari 1 tahun lalu,-,True,Anonymous,0,False,False,
X Beauty 1 Paket Isi 6 Redjelly Day Peach,1287660814,5,"Baru mau coba, semoga cocok",1735212197,Lebih dari 1 tahun lalu,-,True,Anonymous,0,False,False,
X Beauty 1 Paket Isi 6 Redjelly Day Peach,1287660808,5,Bagus bngt Alhamdulillah ada perubahan,1735157204,Lebih dari 1 tahun lalu,-,True,Anonymous,0,False,False,
X Beauty 1 Paket Isi 6 Redjelly Day Peach,1287660837,5,Bagus barangnya sesuai,1735147953,Lebih dari 1 tahun lalu,-,True,Anonymous,0,False,False,
X Beauty 1 Paket Isi 6 Redjelly Day Peach,1287660862,5,Alhamdulillah paket udah datang kurir nya baik dan amanah dan sopan,1735141876,Lebih dari 1 tahun lalu,-,True,Anonymous,0,False,False,
X Beauty 1 Paket Isi 6 Redjelly Day Peach,1287660838,5,🥰,1735131298,Lebih dari 1 tahun lalu,-,True,Anonymous,0,False,False,
X Beauty 1 Paket Isi 6 Redjelly Day Peach,1287660835,5,"baru mau coba semoga cocok di kulit aku 
🥰",1735035061,Lebih dari 1 tahun lalu,-,True,Anonymous,0,True,False,
X Beauty 1 Paket Isi 6 Redjelly Day Peach,1287660824,5,Bagus bngt cocok bngt cantik bngt aku,1734995793,Lebih dari 1 tahun lalu,-,True,Anonymous,0,False,False,
X Beauty 1 Paket Isi 6 Redjelly Day Peach,1287660858,3,ko yg dikirim day cream semuaa gada night cream,1734981389,Lebih dari 1 tahun lalu,-,True,Anonymous,0,True,False,
X Beauty 1 Paket Isi 6 Redjelly Day Peach,1287660827,1,"Ini palsu apa asli sihh ,soalnya gak sesuai sama yg di poto ,red jelly nya gak warna merah tapi putih,truss serum nya juga lainn ya Allah",1734979583,Lebih dari 1 tahun lalu,-,True,Anonymous,0,True,False,
X Beauty 1 Paket Isi 6 Redjelly Day Peach,1287660859,5,Udah repeat order yang ke 4,1734959634,Lebih dari 1 tahun lalu,-,True,Anonymous,0,False,False,
X Beauty 1 Paket Isi 6 Redjelly Day Peach,1287660834,5,"cocok bgt aku pake paket whitening ini, pengirimannya juga lumayan cepat, besti pokoknya",1734951983,Lebih dari 1 tahun lalu,-,True,Anonymous,0,False,False,
X Beauty 1 Paket Isi 6 Redjelly Day Peach,1287660843,3,Krim yg datang krim siang semua,1734903348,Lebih dari 1 tahun lalu,-,True,Anonymous,0,False,False,
X Beauty 1 Paket Isi 6 Redjelly Day Peach,1287660832,1,Kurang cocok,1734818233,Lebih dari 1 tahun lalu,-,True,Anonymous,0,False,False,
X Beauty 1 Paket Isi 6 Redjelly Day Peach,1287660826,5,Sesuai pesanan,1734787435,Lebih dari 1 tahun lalu,-,True,Anonymous,0,False,False,
X Beauty 1 Paket Isi 6 Redjelly Day Peach,1287660842,5,Nek order lg klw ccok,1734770215,Lebih dari 1 tahun lalu,-,True,Anonymous,0,False,False,
X Beauty 1 Paket Isi 6 Redjelly Day Peach,1287660828,5,Ok,1734768621,Lebih dari 1 tahun lalu,-,True,Anonymous,0,False,False,
X Beauty 1 Paket Isi 6 Redjelly Day Peach,1287660841,5,Alhamdulillah,1734759618,Lebih dari 1 tahun lalu,-,True,Anonymous,0,False,False,
X Beauty 1 Paket Isi 6 Redjelly Day Peach,1287660849,4,Maaf baru kasih ulasan di karnakan menunggu hasil nyah tapi knapa ya ko pada timbul jerawat ya KA tapi bersih tapi jerawat nyah pada timbul semua,1734728367,Lebih dari 1 tahun lalu,-,True,Anonymous,0,False,False,
X Beauty 1 Paket Isi 6 Redjelly Day Peach,1287661055,5,👍👍👍👍,1734702088,Lebih dari 1 tahun lalu,-,True,Anonymous,0,False,False,
X Beauty 1 Paket Isi 6 Redjelly Day Peach,1287661066,5,Baru pemakaian 6 hari udah keliatan bangett hasil nya sukaa deh pokonyaa,1734686054,Lebih dari 1 tahun lalu,-,True,Anonymous,0,True,False,
X Beauty 1 Paket Isi 6 Redjelly Day Peach,1287661074,4,"Barang sesuai pesanan,dapat serum yang gede dong,saya kasih bintang 4 dulu soalnya baru mau nyoba kalo cocok mau ke bintang 5 kalo cocok next order lagi,semoga cocok si,kirain serumnya kecil alhamdulilah dapat serum yang besar makasih x beauty",1734628444,Lebih dari 1 tahun lalu,-,True,Anonymous,0,True,False,
X Beauty 1 Paket Isi 6 Redjelly Day Peach,1287661086,5,Barangny cepat bgt sampai ny semoga cocok bisa order lgi,1734566114,Lebih dari 1 tahun lalu,-,True,Anonymous,0,True,False,
X Beauty 1 Paket Isi 6 Redjelly Day Peach,1287661061,4,Pengiriman cepet 1hr sampai👍👍👍,1734559031,Lebih dari 1 tahun lalu,-,True,Anonymous,0,False,False,
X Beauty 1 Paket Isi 6 Redjelly Day Peach,1287661088,3,Kok dk dapat poct sih,1734542784,Lebih dari 1 tahun lalu,-,True,Anonymous,0,True,False,
X Beauty 1 Paket Isi 6 Redjelly Day Peach,1287661091,5,"paketan yg ke 2 mau coba yg ada red jellynya,serum nya besar 😅 pokoknya mantul 🤗",1734520214,Lebih dari 1 tahun lalu,-,True,Anonymous,0,True,False,
X Beauty 1 Paket Isi 6 Redjelly Day Peach,1287661070,5,Paket lengkap.. Semoga cocok,1734500361,Lebih dari 1 tahun lalu,-,True,Anonymous,0,True,False,
X Beauty 1 Paket Isi 6 Redjelly Day Peach,1287661068,5,"Bagus bangat skinya,udah cod yg ke 4 kali",1734454417,Lebih dari 1 tahun lalu,-,True,Anonymous,0,False,False,
X Beauty 1 Paket Isi 6 Redjelly Day Peach,1287661067,5,"Skincare nya harum, bru 2 hari pemakaian pertama, semoga cocok dan gak ada keluhan ❤",1734445985,Lebih dari 1 tahun lalu,-,True,Anonymous,0,False,False,
X Beauty 1 Paket Isi 6 Redjelly Day Peach,1287660967,5,Jenis kulit: Sensitif,1734440201,Lebih dari 1 tahun lalu,-,True,Anonymous,0,False,False,
X Beauty 1 Paket Isi 6 Redjelly Day Peach,1287661083,4,"Belum di coba ,semoga cocok",1734436545,Lebih dari 1 tahun lalu,-,True,Anonymous,0,False,False,
X Beauty 1 Paket Isi 6 Redjelly Day Peach,1287661060,5,Semoga cocok pembelian kedua kalinya🥰,1734421872,Lebih dari 1 tahun lalu,-,True,Anonymous,0,False,False,
X Beauty 1 Paket Isi 6 Redjelly Day Peach,1287660961,5,Semoga cocok di aku,1734388875,Lebih dari 1 tahun lalu,-,True,Anonymous,0,False,False,
X Beauty 1 Paket Isi 6 Redjelly Day Peach,1287661075,5,Terbaik,1734372372,Lebih dari 1 tahun lalu,-,True,Anonymous,0,True,False,
X Beauty 1 Paket Isi 6 Redjelly Day Peach,1287661085,5,Belum di coba nanti di sepil hasil nya,1734364139,Lebih dari 1 tahun lalu,-,True,Anonymous,0,False,False,
X Beauty 1 Paket Isi 6 Redjelly Day Peach,1287661089,5,Aku SD dua kali pesan SD ada perubahan produknya SGT baik trgantung dr kecocokan,1734364073,Lebih dari 1 tahun lalu,-,True,Anonymous,0,False,False,
X Beauty 1 Paket Isi 6 Redjelly Day Peach,1287661081,4,"Bagus tpi blum d coba smoga  cocok
..... Ada krim boster nya 
Mkasihh",1734354526,Lebih dari 1 tahun lalu,-,True,Anonymous,0,False,False,
X Beauty 1 Paket Isi 6 Redjelly Day Peach,1287661062,5,Kok agak beda sekarang serumnya apa udh ganti yg baru ya?,1734348679,Lebih dari 1 tahun lalu,-,True,Anonymous,0,True,False,
X Beauty 1 Paket Isi 6 Redjelly Day Peach,1287661071,5,"Alhamdulillah pesanan sdh diterima, barang sesuai dn terimakasih free tasnya🥰 smoga sukses terus buat toko yg amanah ini. 😍",1734339441,Lebih dari 1 tahun lalu,-,True,Anonymous,0,True,False,
X Beauty 1 Paket Isi 6 Redjelly Day Peach,1287661208,4,"Sabunnya pecah 🥺 pliss pakai in bublewarp, untung belum tumpah banyak, huhu🫠, smoga aja cocok",1734302470,Lebih dari 1 tahun lalu,-,True,Anonymous,0,True,False,
X Beauty 1 Paket Isi 6 Redjelly Day Peach,1287661210,4,baru mau nyoba mudhan ccok🥰,1734287813,Lebih dari 1 tahun lalu,-,True,Anonymous,0,True,False,
X Beauty 1 Paket Isi 6 Redjelly Day Peach,1287661244,5,"Bismillah smg cocok, capek gonta ganti skincare, serumnya dapet yg gede😍",1734287564,Lebih dari 1 tahun lalu,-,True,Anonymous,0,True,False,
X Beauty 1 Paket Isi 6 Redjelly Day Peach,1287661263,5,"Alhamdulillah paket udah sampai,,semoga cocok d wajah ku🤲",1734279640,Lebih dari 1 tahun lalu,-,True,Anonymous,0,False,False,
X Beauty 1 Paket Isi 6 Redjelly Day Peach,1287661233,5,Mantul,1734277404,Lebih dari 1 tahun lalu,-,True,Anonymous,0,False,False,
X Beauty 1 Paket Isi 6 Redjelly Day Peach,1287661260,5,"Pajet sudah sanpai semoga cocok , reseller nya amanah bangett makasihhh",1734270844,Lebih dari 1 tahun lalu,-,True,Anonymous,0,False,False,
X Beauty 1 Paket Isi 6 Redjelly Day Peach,1287661243,5,"Baru pertama kali pake, semoga cocok, next order lagi",1734269025,Lebih dari 1 tahun lalu,-,True,Anonymous,0,False,False,
X Beauty 1 Paket Isi 6 Redjelly Day Peach,1287661215,5,Alhamdulillah udah cocok dan sudah BPOM jga pastinya makanya berani CO,1734253565,Lebih dari 1 tahun lalu,-,True,Anonymous,0,False,False,
X Beauty 1 Paket Isi 6 Redjelly Day Peach,1287661211,5,"Ttip before nya dlu ya 1 minggu lgi nunggu hasilnya,
  Udah 1 minggu pemakaian pelan2 ad perubahan harus sabar",1734253503,Lebih dari 1 tahun lalu,-,True,Anonymous,0,True,False,
X Beauty 1 Paket Isi 6 Redjelly Day Peach,1287661228,5,"Baru mau nyoba produk nya original semoga cocok d kulit aku , ini sih wow banget bnyak tapi harga ramah d kantong udah capek gunta ganti skincare",1734243664,Lebih dari 1 tahun lalu,-,True,Anonymous,0,True,False,
X Beauty 1 Paket Isi 6 Redjelly Day Peach,1287661235,5,Pengiriman cepat,1734174325,Lebih dari 1 tahun lalu,-,True,Anonymous,0,False,False,
X Beauty 1 Paket Isi 6 Redjelly Day Peach,1287661265,4,Semoga cocok,1734166786,Lebih dari 1 tahun lalu,-,True,Anonymous,0,True,False,
X Beauty 1 Paket Isi 6 Redjelly Day Peach,1287661222,5,"Skincare nya bagus, pada saat pemakaian ke 4 kulit udah mulai mengelupas, tapi sekarang udah cerahan. Intinya rutin kalok mau hasilnya maksimal",1734156053,Lebih dari 1 tahun lalu,-,True,Anonymous,0,False,False,
X Beauty 1 Paket Isi 6 Redjelly Day Peach,1287661229,5,Nyoba yg mahal3 gak ada perubahan tpi nyoba yg ini mudah2an ada perubahan,1734119821,Lebih dari 1 tahun lalu,-,True,Anonymous,0,False,False,
X Beauty 1 Paket Isi 6 Redjelly Day Peach,1287661214,5,Alhamdulillah orderan yg ke 5 paket..tinggal nunggu 1 LG blom smpe..nnti klw order LG kasih bonus dong owner 🥰 trimakasih seller 🙏🏻,1734103648,Lebih dari 1 tahun lalu,-,True,Anonymous,0,True,False,
X Beauty 1 Paket Isi 6 Redjelly Day Peach,1287661234,5,𝐵𝑎𝑟𝑢 𝑚𝑎𝑢 𝑛𝑦𝑜𝑏 𝑠𝑒𝑚𝑜𝑔𝑎 𝑐𝑜𝑐𝑜𝑘,1734099337,Lebih dari 1 tahun lalu,-,True,Anonymous,0,False,False,
X Beauty 1 Paket Isi 6 Redjelly Day Peach,1287661261,5,"Bahan: Bagus udh pemesanan yg ke 2
Manfaat produk: Glowing
Jenis kulit: Berjarawat",1734098190,Lebih dari 1 tahun lalu,-,True,Anonymous,0,False,False,
X Beauty 1 Paket Isi 6 Redjelly Day Peach,1287661230,5,👍👍👍👍👍👍👍,1734094323,Lebih dari 1 tahun lalu,-,True,Anonymous,0,False,False,
X Beauty 1 Paket Isi 6 Redjelly Day Peach,1287661242,5,cocok bgt di aku,1734073542,Lebih dari 1 tahun lalu,-,True,Anonymous,0,False,False,
X Beauty 1 Paket Isi 6 Redjelly Day Peach,1287661226,2,Kecewa sih red jelly nya gk di kirimmmm,1734036256,Lebih dari 1 tahun lalu,-,True,Anonymous,0,False,False,
X Beauty 1 Paket Isi 6 Redjelly Day Peach,1287661217,5,Muda2an cocok di muka aku,1734031458,Lebih dari 1 tahun lalu,-,True,Anonymous,0,False,False,
X Beauty 1 Paket Isi 6 Redjelly Day Peach,1287661266,5,Alhamdulillah paketnya udh dtang dan isinya kayaknya aman deh klu bagus kita beli lagi Oky😁,1734015816,Lebih dari 1 tahun lalu,-,True,Anonymous,0,True,False,
X Beauty 1 Paket Isi 6 Redjelly Day Peach,1287661219,5,"Alhamdulillah pesanannya udh tiba dan produkx bagus banget bru 2 hri pemakain udh trasa ada perubahan, next order🥰",1734014358,Lebih dari 1 tahun lalu,-,True,Anonymous,0,False,False,
X Beauty 1 Paket Isi 6 Redjelly Day Peach,1287661613,5,Bagus,1734001385,Lebih dari 1 tahun lalu,-,True,Anonymous,0,False,False,
X Beauty 1 Paket Isi 6 Redjelly Day Peach,1287661602,5,Bagus,1734001353,Lebih dari 1 tahun lalu,-,True,Anonymous,0,False,False,
X Beauty 1 Paket Isi 6 Redjelly Day Peach,1287661606,5,"Alhamdulillah pesananx udah sampe cuma segelx terbuka sebelah TPI ngk apapalah isinya aman n Ine pembelian aku yg ke 2 kalix,,",1733942565,Lebih dari 1 tahun lalu,-,True,Anonymous,0,False,False,
X Beauty 1 Paket Isi 6 Redjelly Day Peach,1287661639,5,Mantul Skincare nya murah BPOM..,1733935107,Lebih dari 1 tahun lalu,-,True,Anonymous,0,False,False,
X Beauty 1 Paket Isi 6 Redjelly Day Peach,1287661611,5,Baru pertama nyobaa.. bismillah semoga cocok 👍👍,1733934242,Lebih dari 1 tahun lalu,-,True,Anonymous,0,False,False,
X Beauty 1 Paket Isi 6 Redjelly Day Peach,1287661623,5,"Baru pertama kali pake semoga cocok, suka sama face wash nya wangi rose☺️
Bahan: Wangi
Manfaat produk: Mencerahkan
Jenis kulit: Berminyak",1733926348,Lebih dari 1 tahun lalu,-,True,Anonymous,0,False,True,
X Beauty 1 Paket Isi 6 Redjelly Day Peach,1287661596,5,"Baru mau coba semoga cocok..
Next langganan klo cocok",1733805394,Lebih dari 1 tahun lalu,-,True,Anonymous,0,False,False,
X Beauty 1 Paket Isi 6 Redjelly Day Peach,1287661619,4,Pertama kali coba semoga cocok,1733775551,Lebih dari 1 tahun lalu,-,True,Anonymous,0,False,False,
X Beauty 1 Paket Isi 6 Redjelly Day Peach,1287661622,5,Semoga cocok ya 👍,1733716928,Lebih dari 1 tahun lalu,-,True,Anonymous,0,False,False,
X Beauty 1 Paket Isi 6 Redjelly Day Peach,1287661640,5,produk bagus semoga cocok baru mau coba,1733694382,Lebih dari 1 tahun lalu,-,True,Anonymous,0,False,False,
X Beauty 1 Paket Isi 6 Redjelly Day Peach,1287661599,3,"Paket baru tiba   , aku kasih bintang 3 dulu ya nex klu cocok pasti bkln aku order lag di sini",1733683314,Lebih dari 1 tahun lalu,-,True,Anonymous,0,True,False,
X Beauty 1 Paket Isi 6 Redjelly Day Peach,1287661637,5,"bagus bangettt, rekomen bgt buat mencerahkan 😭💗",1733651950,Lebih dari 1 tahun lalu,-,True,Anonymous,0,False,False,
X Beauty 1 Paket Isi 6 Redjelly Day Peach,1287661617,5,semoga cocok,1733649924,Lebih dari 1 tahun lalu,-,True,Anonymous,0,True,False,
X Beauty 1 Paket Isi 6 Redjelly Day Peach,1287661634,5,Cream nya bagus saya suka,1733634911,Lebih dari 1 tahun lalu,-,True,Anonymous,0,False,False,
X Beauty 1 Paket Isi 6 Redjelly Day Peach,1287661626,5,Gara&#34; produk ini d kira pakai minyak d muka😭😭😹,1733600108,Lebih dari 1 tahun lalu,-,True,Anonymous,0,False,False,
X Beauty 1 Paket Isi 6 Redjelly Day Peach,1287661601,5,"Toko amanah banget ada kerusakanlangsung tanggung jawab yang terpenting ada video amboxing paketnya sukses teruss buat toko ini,wajib di beli gaes produk produk disini",1733584696,Lebih dari 1 tahun lalu,-,True,Anonymous,0,False,False,
X Beauty 1 Paket Isi 6 Redjelly Day Peach,1287661638,5,Cocok dan bagus bngtt,1733581572,Lebih dari 1 tahun lalu,-,True,Anonymous,0,False,False,
X Beauty 1 Paket Isi 6 Redjelly Day Peach,1287661897,5,Mantull gak perlu banyak komen karna emang sebagus itu 🥰,1733529167,Lebih dari 1 tahun lalu,-,True,Anonymous,0,False,False,
X Beauty 1 Paket Isi 6 Redjelly Day Peach,1287661891,5,Sesuai pesanan kurir juga ramah langganan,1733505881,Lebih dari 1 tahun lalu,-,True,Anonymous,0,False,False,
X Beauty 1 Paket Isi 6 Redjelly Day Peach,1287661899,5,Paketnya orang.jadi tidak dibuka..semoga aja isinya lengkap.cepat sampainya,1733492218,Lebih dari 1 tahun lalu,-,True,Anonymous,0,False,False,
X Beauty 1 Paket Isi 6 Redjelly Day Peach,1287661945,4,"Pengiriman cepat, creamnya lembut mudah menyerap semoga cocok",1733427619,Lebih dari 1 tahun lalu,-,True,Anonymous,0,True,False,
X Beauty 1 Paket Isi 6 Redjelly Day Peach,1287661950,5,Semogah cocok,1733411392,Lebih dari 1 tahun lalu,-,True,Anonymous,0,False,False,
X Beauty 1 Paket Isi 6 Redjelly Day Peach,1287661913,1,Ini  gimana ka aku pesen 2 paket yg datang cuma satu paket,1733398120,Lebih dari 1 tahun lalu,-,True,Anonymous,0,True,True,
X Beauty 1 Paket Isi 6 Redjelly Day Peach,1287661911,3,"Maafya tapi ini review jujur dari aku, aku udah jalan seminggu lebih pakainya tapi belum ada perubahan sama sekali biasanya kalau udah pemakaian seminggu itu minimal cerahan dikit lah tapi sama sekali ga ada perubahan di aku dan malah kelihatan kusam, takutnya produknya ga ori maaf banget🙏🙏",1733353110,Lebih dari 1 tahun lalu,-,True,Anonymous,0,False,True,
X Beauty 1 Paket Isi 6 Redjelly Day Peach,1287661919,5,Baru mau pakai semoga cocock,1733329174,Lebih dari 1 tahun lalu,-,True,Anonymous,0,True,False,
X Beauty 1 Paket Isi 6 Redjelly Day Peach,1287661916,5,Pesanan sudah sampai Semoga ajj cocok di wajah saya,1733327310,Lebih dari 1 tahun lalu,-,True,Anonymous,0,True,False,
X Beauty 1 Paket Isi 6 Redjelly Day Peach,1287661939,5,"Bru mo cb dl semoga cocok,biar trus langganan pke scincare x beauty cmn pngirmny agk lmbt tp ya alhmdulillh tokonya amanah dpt pouch tas mksi ya buat tokonya semoga murah Rizki semoga cocok aminn",1733324797,Lebih dari 1 tahun lalu,-,True,Anonymous,0,True,False,
X Beauty 1 Paket Isi 6 Redjelly Day Peach,1287661903,5,"Paket sudah sampai, cream malam nya wangi banget.
Mudah&#34;an cocok di aku",1733321784,Lebih dari 1 tahun lalu,-,True,Anonymous,0,True,False,
X Beauty 1 Paket Isi 6 Redjelly Day Peach,1287661910,5,Mantull banget x Beauty 2hari pakai suda ada hasilnya,1733318421,Lebih dari 1 tahun lalu,-,True,Anonymous,0,False,False,
X Beauty 1 Paket Isi 6 Redjelly Day Peach,1287661951,2,Kak kok aku gatel gatel ya pake krim ini,1733300169,Lebih dari 1 tahun lalu,-,True,Anonymous,0,False,False,
X Beauty 1 Paket Isi 6 Redjelly Day Peach,1287661948,4,Baru seminggu pakai tapi muka ngelupas+merah,1733167527,Lebih dari 1 tahun lalu,-,True,Anonymous,0,True,False,
X Beauty 1 Paket Isi 6 Redjelly Day Peach,1287661944,4,"Sudah pembelian yg kedua Alhamdulillah cocok, cape bgt sama kurirnya klo antar ke rumah tetanggaku bukan kerumahku tolong kurirnya diperhatikan lagi",1733161202,Lebih dari 1 tahun lalu,-,True,Anonymous,0,False,False,
X Beauty 1 Paket Isi 6 Redjelly Day Peach,1287661912,5,"Beli ke 2kalinya di sini emng sebagus itu sih cream nya,,s3minggu gk pke krim karna abis jerawat yg muncul satu atau dua ,,sebelum pke cream ini klo udh pke cream merek lain semingguan gk pke cream 3h jerawat timbul banyak bruntusan lagi,,berari aku cocok pke cream ini",1733139871,Lebih dari 1 tahun lalu,-,True,Anonymous,0,True,True,
X Beauty 1 Paket Isi 6 Redjelly Day Peach,1287662356,5,"Wangi semua dari sabun sampai cream,semoga aja aku cocok,baru pertama x coba nih,kalau cocok order lagi🥰",1733053267,Lebih dari 1 tahun lalu,-,True,Anonymous,0,True,False,
X Beauty 1 Paket Isi 6 Redjelly Day Peach,1287662359,5,Belum dicoba semoga cocok,1733049616,Lebih dari 1 tahun lalu,-,True,Anonymous,0,True,False,
X Beauty 1 Paket Isi 6 Redjelly Day Peach,1287662332,3,Kok cekout 2kali nya gak dapat bonus kak..pas serum.nya kok gak sama ..sama yang kemaren kak,1732990090,Lebih dari 1 tahun lalu,-,True,Anonymous,0,True,False,
X Beauty 1 Paket Isi 6 Redjelly Day Peach,1287662322,5,Baru mau coba. Semoga cocok,1732977272,Lebih dari 1 tahun lalu,-,True,Anonymous,0,True,False,
X Beauty 1 Paket Isi 6 Redjelly Day Peach,1287662373,4,"isinya tidak lengkap,,serumnya kemana yaa kok gak ada",1732905490,Lebih dari 1 tahun lalu,-,True,Anonymous,0,True,False,
X Beauty 1 Paket Isi 6 Redjelly Day Peach,1287662304,5,"packing rapi, skincare msi segel👍👍👍",1732891994,Lebih dari 1 tahun lalu,-,True,Anonymous,0,True,False,
X Beauty 1 Paket Isi 6 Redjelly Day Peach,1287662349,4,Bagus sesuai lah,1732870204,Lebih dari 1 tahun lalu,-,True,Anonymous,0,False,False,
X Beauty 1 Paket Isi 6 Redjelly Day Peach,1287662383,4,Bahan: Bguss,1732825630,Lebih dari 1 tahun lalu,-,True,Anonymous,0,False,False,
X Beauty 1 Paket Isi 6 Redjelly Day Peach,1287662381,5,"Baru dicoba beberapa hari jd blm tau hasil maksimalnya, ad sedikit pengelupasan, semoga cck dan gak gonta ganti skincare lagi amiiinnnn... 😍",1732823002,Lebih dari 1 tahun lalu,-,True,Anonymous,0,False,False,
X Beauty 1 Paket Isi 6 Redjelly Day Peach,1287662327,5,Belum coba semoga cocok,1732809398,Lebih dari 1 tahun lalu,-,True,Anonymous,0,False,False,
X Beauty 1 Paket Isi 6 Redjelly Day Peach,1287662316,5,"bgs pengirimanny cpt produkny sesuai dan kurirny jga baik, jngn ragu beli d.toko ini, klo cocok kita gas lagi 👍",1732754218,Lebih dari 1 tahun lalu,-,True,Anonymous,0,True,False,
X Beauty 1 Paket Isi 6 Redjelly Day Peach,1287662351,5,"Baru dicoba, semoga cocok di muka akuuu🥰",1732737224,Lebih dari 1 tahun lalu,-,True,Anonymous,0,False,False,
X Beauty 1 Paket Isi 6 Redjelly Day Peach,1287662300,5,"Packing nya bagus,baru pertama kali coba semoga cocok☺️🙏🙏",1732714931,Lebih dari 1 tahun lalu,-,True,Anonymous,0,True,False,
X Beauty 1 Paket Isi 6 Redjelly Day Peach,1287662301,4,"Barang datang ok kemasan ok kurir ramah, bintang 4 dlu y kk soalya baru pertama makai smoga cocok diwajah un ka ae🥰 biar nanti jadi langganan lah🙏",1732633406,Lebih dari 1 tahun lalu,-,True,Anonymous,0,False,False,
X Beauty 1 Paket Isi 6 Redjelly Day Peach,1287662494,5,Paketnya udah sampai dan semoga cocok😊,1732612756,Lebih dari 1 tahun lalu,-,True,Anonymous,0,True,False,
X Beauty 1 Paket Isi 6 Redjelly Day Peach,1287662524,5,Maaf baru kasi ulasang sengaja mo liat hasilnya dulubdn Alhamdulilla bgus bgt Bru  beberapa HR SD ada perubahan dn insya Alla akan JD langganan,1732598390,Lebih dari 1 tahun lalu,-,True,Anonymous,0,False,False,
X Beauty 1 Paket Isi 6 Redjelly Day Peach,1287662457,4,"Belum pernah pakai, semoga cocok",1732560064,Lebih dari 1 tahun lalu,-,True,Anonymous,0,True,False,
X Beauty 1 Paket Isi 6 Redjelly Day Peach,1287662509,4,Belum dicoba..semoga aja cocok yaa..udah pusing gunta ganti skincare mulu.,1732547365,Lebih dari 1 tahun lalu,-,True,Anonymous,0,True,False,
X Beauty 1 Paket Isi 6 Redjelly Day Peach,1287662483,4,"Aku ksih nilai 4 dulu,smoga cocok untuk wangi cream MLM nya sama red jellynya aku suka wangi bgt trus testurnya gak lengket sama Skali 
Kalo cocok aku bkal order trs",1732545776,Lebih dari 1 tahun lalu,-,True,Anonymous,0,False,False,
X Beauty 1 Paket Isi 6 Redjelly Day Peach,1287662495,5,bgs,1732476485,Lebih dari 1 tahun lalu,-,True,Anonymous,0,False,False,
X Beauty 1 Paket Isi 6 Redjelly Day Peach,1287662490,5,Pengiriman cepat,1732472673,Lebih dari 1 tahun lalu,-,True,Anonymous,0,True,False,
X Beauty 1 Paket Isi 6 Redjelly Day Peach,1287662459,4,okee,1732447120,Lebih dari 1 tahun lalu,-,True,Anonymous,0,True,False,
X Beauty 1 Paket Isi 6 Redjelly Day Peach,1287662522,5,"Maaf ya telat kasih ulasan 
Barang udah nyampe lengkap 🥰👍👍👍👍",1732445023,Lebih dari 1 tahun lalu,-,True,Anonymous,0,True,False,
X Beauty 1 Paket Isi 6 Redjelly Day Peach,1287662493,5,Sesuai pesanan😘,1732439602,Lebih dari 1 tahun lalu,-,True,Anonymous,0,False,False,
X Beauty 1 Paket Isi 6 Redjelly Day Peach,1287662508,4,"besok dikirim setelah habis 1 paket semoga ada perubahan dan semoga cocok, kalo cocok ada perubahan bakal order lagi",1732395037,Lebih dari 1 tahun lalu,-,True,Anonymous,0,False,False,
X Beauty 1 Paket Isi 6 Redjelly Day Peach,1287662454,4,semoga cocok,1732393881,Lebih dari 1 tahun lalu,-,True,Anonymous,0,False,False,
X Beauty 1 Paket Isi 6 Redjelly Day Peach,1287662532,5,"Barang nya udah nyampe ,pesen kemaren hari ini nyampe cepet bnget 🥰🥰🥰
Puas deh pokoknya, semoga cocok, kalo cocok next order lgi ☺☺",1732383326,Lebih dari 1 tahun lalu,-,True,Anonymous,0,True,False,
X Beauty 1 Paket Isi 6 Redjelly Day Peach,1287662527,5,Sip,1732298345,Lebih dari 1 tahun lalu,-,True,Anonymous,0,False,False,
X Beauty 1 Paket Isi 6 Redjelly Day Peach,1287662487,5,Skincer nya bagus....nanti bli lagi klau dah habis,1732282863,Lebih dari 1 tahun lalu,-,True,Anonymous,0,False,False,
X Beauty 1 Paket Isi 6 Redjelly Day Peach,1287662486,5,Sesuai di foto makasih kurirnya juga ramah pemakaian pertama semoga cocok,1732273211,Lebih dari 1 tahun lalu,-,True,Anonymous,0,False,False,
X Beauty 1 Paket Isi 6 Redjelly Day Peach,1287662521,5,Pemakayan yg 3 paket tdk bikin panas d muka dn tidk membuat muka merah terkena panas matahari.,1732260743,Lebih dari 1 tahun lalu,-,True,Anonymous,0,False,False,
X Beauty 1 Paket Isi 6 Redjelly Day Peach,1287662520,5,semoga cocok yaa klo cockk mau co lagiii😍,1732202152,Lebih dari 1 tahun lalu,-,True,Anonymous,0,True,False,
X Beauty 1 Paket Isi 6 Redjelly Day Peach,1287662497,5,Alhamdulillah paketnya udah sampai semoga saja cocok terima tokohnya sudah amanah,1732200100,Lebih dari 1 tahun lalu,-,True,Anonymous,0,True,False,
X Beauty 1 Paket Isi 6 Redjelly Day Peach,1287662530,5,Cocok bagus,1732179809,Lebih dari 1 tahun lalu,-,True,Anonymous,0,False,False,
X Beauty 1 Paket Isi 6 Redjelly Day Peach,1287662804,3,Kadang suka bingung knpa crem mlm nyah suka beda beda ada yg pucet ada yang  kuning jadi bjngung,1732118988,Lebih dari 1 tahun lalu,-,True,Anonymous,0,True,False,
X Beauty 1 Paket Isi 6 Redjelly Day Peach,1287662812,5,Paketx udh sampai dn smga cck diqux bru mau coba,1732103641,Lebih dari 1 tahun lalu,-,True,Anonymous,0,True,False,
X Beauty 1 Paket Isi 6 Redjelly Day Peach,1287662806,5,"Pesanan yang ke2 kalinya mudahan berlangganan terus yakk,pokoknya jngn ragu belli ditoko ini😍😍",1732094415,Lebih dari 1 tahun lalu,-,True,Anonymous,0,False,False,
X Beauty 1 Paket Isi 6 Redjelly Day Peach,1287662813,3,"Baru pertama x coba mudah2n cocok sama yg dtg day cream ada 2, night cream’y g ada",1732086091,Lebih dari 1 tahun lalu,-,True,Anonymous,0,False,False,
X Beauty 1 Paket Isi 6 Redjelly Day Peach,1287662833,3,Di coba dl nanti Bru di ksih bintang Krn Bru pertma pke in,1732045746,Lebih dari 1 tahun lalu,-,True,Anonymous,0,False,False,
X Beauty 1 Paket Isi 6 Redjelly Day Peach,1287662840,4,cream nya bagus kk aman di pakai wajahku bikin glowing di muka 🥰,1731963865,Lebih dari 1 tahun lalu,-,True,Anonymous,0,True,False,
X Beauty 1 Paket Isi 6 Redjelly Day Peach,1287662810,4,"Kok gak sama red jelly nya sama yang lain punyakunping yg di gmbar merahh  harum baunyaa 
Kok harum banget ya baunya semoga cocok aja sihhh",1731948038,Lebih dari 1 tahun lalu,-,True,Anonymous,0,True,False,
X Beauty 1 Paket Isi 6 Redjelly Day Peach,1287662849,4,Bgus cma belum sya pakek,1731876300,Lebih dari 1 tahun lalu,-,True,Anonymous,0,False,False,
X Beauty 1 Paket Isi 6 Redjelly Day Peach,1287662824,5,"Paketannya udh sampai semoga cocok di muka ku, ini pemakaian pertamaku KLO cocok nanti bakalan lanjut LG soalnya creamnya lembut banget trus wangi lagi🥰",1731848799,Lebih dari 1 tahun lalu,-,True,Anonymous,0,True,False,
X Beauty 1 Paket Isi 6 Redjelly Day Peach,1287662822,5,Baru mau nyoba,1731793606,Lebih dari 1 tahun lalu,-,True,Anonymous,0,False,False,
X Beauty 1 Paket Isi 6 Redjelly Day Peach,1287662838,5,"Order yg ke 2x ,krna langsung cocok😍😍 klo hbis next order lagi ....",1731786768,Lebih dari 1 tahun lalu,-,True,Anonymous,0,True,False,
X Beauty 1 Paket Isi 6 Redjelly Day Peach,1287662855,5,Bismillah semoga cocok sma yg in mantulll barangnya lengkap kalau cocok neks order lagii di sini,1731768393,Lebih dari 1 tahun lalu,-,True,Anonymous,0,True,True,
X Beauty 1 Paket Isi 6 Redjelly Day Peach,1287662816,5,Alhamdulillah sudah 2x ini order cocok di muka,1731680610,Lebih dari 1 tahun lalu,-,True,Anonymous,0,False,False,
X Beauty 1 Paket Isi 6 Redjelly Day Peach,1287662830,5,Barang sesuai tidak ada yang kurang kulir juga dah langganan,1731656975,Lebih dari 1 tahun lalu,-,True,Anonymous,0,False,False,
X Beauty 1 Paket Isi 6 Redjelly Day Peach,1287662829,5,Mantap sesuai pesanan👍👍👍👍,1731627476,Lebih dari 1 tahun lalu,-,True,Anonymous,0,True,False,
X Beauty 1 Paket Isi 6 Redjelly Day Peach,1287662854,4,semoga cocok,1731613762,Lebih dari 1 tahun lalu,-,True,Anonymous,0,True,False,
X Beauty 1 Paket Isi 6 Redjelly Day Peach,1287662841,5,Moga cocok biar pesen lg🥰,1731605131,Lebih dari 1 tahun lalu,-,True,Anonymous,0,False,False,
X Beauty 1 Paket Isi 6 Redjelly Day Peach,1287662851,5,Paket nya SDH datang belum di coba semoga cocok,1731586184,Lebih dari 1 tahun lalu,-,True,Anonymous,0,True,False,
X Beauty 1 Paket Isi 6 Redjelly Day Peach,1287663106,5,Alhamdulillah paket tiba 😍,1731478069,Lebih dari 1 tahun lalu,-,True,Anonymous,0,False,False,
X Beauty 1 Paket Isi 6 Redjelly Day Peach,1287663099,5,Semoga cocok,1731428254,Lebih dari 1 tahun lalu,-,True,Anonymous,0,True,False,
X Beauty 1 Paket Isi 6 Redjelly Day Peach,1287663140,1,kecewaa bgt krim malam ny kaya bau udaa lama kaya ga layak pakai sii,1731401106,Lebih dari 1 tahun lalu,-,True,Anonymous,0,False,False,
X Beauty 1 Paket Isi 6 Redjelly Day Peach,1287663084,5,Bgus,1731358994,Lebih dari 1 tahun lalu,-,True,Anonymous,0,False,False,
X Beauty 1 Paket Isi 6 Redjelly Day Peach,1287663092,5,"Alhamdulillah paket nya sudah smpe,perdana Ake malam ini,semoga cocok biar langganan disini aja🥰",1731351543,Lebih dari 1 tahun lalu,-,True,Anonymous,0,False,False,
X Beauty 1 Paket Isi 6 Redjelly Day Peach,1287663147,5,"Paket Komplit, ,  Semoga cocok",1731320220,Lebih dari 1 tahun lalu,-,True,Anonymous,0,True,False,
X Beauty 1 Paket Isi 6 Redjelly Day Peach,1287663090,4,"Paketnya udsh sampai 3 hri lalu. Sejauh ini cocok&#34; aja diwajahku, cuma belum terlihat perubahanya. Semoga cocok&#34; aja
Dan hasilnya mantul. Saya titip before nya dlu",1731309637,Lebih dari 1 tahun lalu,-,True,Anonymous,0,True,True,
X Beauty 1 Paket Isi 6 Redjelly Day Peach,1287663101,5,Beda sama yang dulu,1731304180,Lebih dari 1 tahun lalu,-,True,Anonymous,0,True,False,
X Beauty 1 Paket Isi 6 Redjelly Day Peach,1287663150,5,"Bakal beli lagi deh, pemakaian 1 Minggu udah ada hasilnya",1731267992,Lebih dari 1 tahun lalu,-,True,Anonymous,0,False,False,
X Beauty 1 Paket Isi 6 Redjelly Day Peach,1287663146,5,"Alhamdulillah barangx udah datang,pekinganx rapih",1731263725,Lebih dari 1 tahun lalu,-,True,Anonymous,0,False,False,
X Beauty 1 Paket Isi 6 Redjelly Day Peach,1287663126,5,"Sempurna, semoga cocok.",1731244818,Lebih dari 1 tahun lalu,-,True,Anonymous,0,True,False,
X Beauty 1 Paket Isi 6 Redjelly Day Peach,1287663083,4,Paketnya sampai semoga cocok dengan produk ini 😇,1731244254,Lebih dari 1 tahun lalu,-,True,Anonymous,0,True,False,
X Beauty 1 Paket Isi 6 Redjelly Day Peach,1287663134,5,"Pakett Udah Sampe, Lumayan Lama Yah Tapi Gpp Pakett Mendarat Dengan Selamat, Kurir Nya Ramah Udah Langganan, Semoga Cocok Yah Baru Pertama Soalnya",1731177068,Lebih dari 1 tahun lalu,-,True,Anonymous,0,False,False,
X Beauty 1 Paket Isi 6 Redjelly Day Peach,1287663109,5,"Bersih dimuka aku JD gak kusam .
Belum putih sekali sih.karna Masi pake satu paket, ni jalan dua paket.",1731172658,Lebih dari 1 tahun lalu,-,True,Anonymous,0,True,False,
X Beauty 1 Paket Isi 6 Redjelly Day Peach,1287663139,5,Cocok udah satu paket ada hasilnya gak nyesel beli disini🤩🤩,1731152678,Lebih dari 1 tahun lalu,-,True,Anonymous,0,True,False,
X Beauty 1 Paket Isi 6 Redjelly Day Peach,1287663145,4,"Alhamdulillah paket cepat datang,
Semoga cocok sama cream ini karena baru pertama coba",1731149718,Lebih dari 1 tahun lalu,-,True,Anonymous,0,False,False,
X Beauty 1 Paket Isi 6 Redjelly Day Peach,1287663105,5,Bagus bangettt,1731147594,Lebih dari 1 tahun lalu,-,True,Anonymous,0,False,False,
X Beauty 1 Paket Isi 6 Redjelly Day Peach,1287663428,5,Krim siang malam serum Redy jely ny bagus bngt di kulit muka ku suka bngt dengan tekstur nya GK lengket mudah menyerap baru pemakaian seminggu udah ngaruh bngt di muka ku jadi glowing kenceng dan lembab bngt👍,1731060858,Lebih dari 1 tahun lalu,-,True,Anonymous,0,False,True,
X Beauty 1 Paket Isi 6 Redjelly Day Peach,1287663435,1,Produknya crem malam sama toner beda awal aku beli kayaknya ga ori,1731011282,Lebih dari 1 tahun lalu,-,True,Anonymous,0,False,False,
X Beauty 1 Paket Isi 6 Redjelly Day Peach,1287663432,5,"Mau di lihat hasilnya dulu kedepannya ,kalo cocok nanti beli lagi",1731003484,Lebih dari 1 tahun lalu,-,True,Anonymous,0,False,False,
X Beauty 1 Paket Isi 6 Redjelly Day Peach,1287663467,5,"Semoga cocok langganan ya kak,",1731001253,Lebih dari 1 tahun lalu,-,True,Anonymous,0,True,False,
X Beauty 1 Paket Isi 6 Redjelly Day Peach,1287663470,4,Semoga cocok tekstur lembut wangi tidak bau menyengat,1730955532,Lebih dari 1 tahun lalu,-,True,Anonymous,0,False,False,
X Beauty 1 Paket Isi 6 Redjelly Day Peach,1287663461,5,"aku udah habis satu paket dan hasilnya lumayan gaiss dan skrng jalan 2 paket huhuu, cinta bngtt sama produk ini🫰🏻🤩",1730899129,Lebih dari 1 tahun lalu,-,True,Anonymous,1,True,True,
X Beauty 1 Paket Isi 6 Redjelly Day Peach,1287663484,5,"Alhamdulillah barangnya sudah datang semoga cocok baru mau nyoba pertama kalinya pakai produk ini
Nitip foto before nya 
Untuk after nya ditunggu ☺",1730891148,Lebih dari 1 tahun lalu,-,True,Anonymous,0,True,False,
X Beauty 1 Paket Isi 6 Redjelly Day Peach,1287663437,5,Paket Nyh sudah mendarat dengan selamat 😁 Percobaan pertama smoga ajh cocok di muka ku,1730890568,Lebih dari 1 tahun lalu,-,True,Anonymous,0,True,False,
X Beauty 1 Paket Isi 6 Redjelly Day Peach,1287663469,5,Semoga cocok biar langganan,1730888127,Lebih dari 1 tahun lalu,-,True,Anonymous,0,True,False,
X Beauty 1 Paket Isi 6 Redjelly Day Peach,1287663438,5,"Baru d coba, klo cocok kesini lg",1730884084,Lebih dari 1 tahun lalu,-,True,Anonymous,0,False,False,
X Beauty 1 Paket Isi 6 Redjelly Day Peach,1287663430,5,Bagus dan cocok,1730854756,Lebih dari 1 tahun lalu,-,True,Anonymous,0,False,False,
X Beauty 1 Paket Isi 6 Redjelly Day Peach,1287663468,5,Semoga cocok.krn baru pertama make,1730748460,Lebih dari 1 tahun lalu,-,True,Anonymous,0,False,False,
X Beauty 1 Paket Isi 6 Redjelly Day Peach,1287663495,1,Maaf ya min mau tester jujur🥹gaada perubahan malah makin kusam pemakaian baru 3hari malah makin abu”😫😫😫🙏🏻🙏🏻kulit udh kya uler pada ngelupas semua🥹,1730733042,Lebih dari 1 tahun lalu,-,True,Anonymous,0,True,False,
X Beauty 1 Paket Isi 6 Redjelly Day Peach,1287663498,5,"Bagus , cuma wadah red jelly ku gak ada isinya , kosong kek wadah baru .. mau komplain tapi gak ada video unboxing .. jadi yaudah .. semoga lain kali di cek lagi ya kak untuk kelengkapannya dan lebih hati2 .. maaf bru kasih ulasan karna punya newborn .. terimakasih",1730718603,Lebih dari 1 tahun lalu,-,True,Anonymous,0,False,False,
X Beauty 1 Paket Isi 6 Redjelly Day Peach,1287663443,4,udah sampe baru mau mencoba.? semoga cocok.klw cocok kasih bintang 5,1730715511,Lebih dari 1 tahun lalu,-,True,Anonymous,0,False,False,
X Beauty 1 Paket Isi 6 Redjelly Day Peach,1287663478,5,Baru coba mudahan cocok terima kasih bunus retjeli nya😘,1730640964,Lebih dari 1 tahun lalu,-,True,Anonymous,0,True,False,
X Beauty 1 Paket Isi 6 Redjelly Day Peach,1287663459,5,Goodlah 3 hari smpe klo cocok nanti order lgi,1730638260,Lebih dari 1 tahun lalu,-,True,Anonymous,0,True,False,
X Beauty 1 Paket Isi 6 Redjelly Day Peach,1287663462,5,"Paket sudah sampai,,mudah mudahan cocok,, 🥰",1730631300,Lebih dari 1 tahun lalu,-,True,Anonymous,0,False,False,
X Beauty 1 Paket Isi 6 Redjelly Day Peach,1287663455,5,"wangi, lengkap kalo masalah cocok atau engganya belum tau soalnya baru pake paket yang ini😅🙏🏻",1730552980,Lebih dari 1 tahun lalu,-,True,Anonymous,0,False,False,
X Beauty 1 Paket Isi 6 Redjelly Day Peach,1287663693,5,Datang dngan selamat makasih kak,1730549405,Lebih dari 1 tahun lalu,-,True,Anonymous,0,False,False,
X Beauty 1 Paket Isi 6 Redjelly Day Peach,1287663729,5,sesuai lengkap,1730530292,Lebih dari 1 tahun lalu,-,True,Anonymous,0,False,False,
X Beauty 1 Paket Isi 6 Redjelly Day Peach,1287663695,4,Semoga cocok,1730490293,Lebih dari 1 tahun lalu,-,True,Anonymous,0,True,True,
X Beauty 1 Paket Isi 6 Redjelly Day Peach,1287663733,5,"Harum,teksturnya lembut",1730483039,Lebih dari 1 tahun lalu,-,True,Anonymous,0,True,False,
X Beauty 1 Paket Isi 6 Redjelly Day Peach,1287663699,5,Baru nyampe aku lagi hamil 6 bulan mudah² n cocok kalo cocok nanti pesen lagi,1730475576,Lebih dari 1 tahun lalu,-,True,Anonymous,0,True,False,
X Beauty 1 Paket Isi 6 Redjelly Day Peach,1287663747,5,Smnga cocok,1730463954,Lebih dari 1 tahun lalu,-,True,Anonymous,0,True,False,
X Beauty 1 Paket Isi 6 Redjelly Day Peach,1287663721,5,"Aku pake baru sepaket TPI SDH ad hasilnya ,dan aku order lagi untuk kedua kalinya malah dapat bonus satu ,red jelly makasih untuk tokohnya 👍👍👍",1730451563,Lebih dari 1 tahun lalu,-,True,Anonymous,0,True,False,
X Beauty 1 Paket Isi 6 Redjelly Day Peach,1287663739,5,ok sangat bagus realpic 👍👍👍,1730386760,Lebih dari 1 tahun lalu,-,True,Anonymous,0,False,True,
X Beauty 1 Paket Isi 6 Redjelly Day Peach,1287663725,5,"Sudah langganan ,selalu puass top markotop",1730373175,Lebih dari 1 tahun lalu,-,True,Anonymous,0,False,False,
X Beauty 1 Paket Isi 6 Redjelly Day Peach,1287663748,3,"tidak dikasi hadiah random, pdhl udah ngetik dipesan",1730357327,Lebih dari 1 tahun lalu,-,True,Anonymous,0,False,False,
X Beauty 1 Paket Isi 6 Redjelly Day Peach,1287663761,5,Bagus bgtttt produk yahhh pas datang alhamdulillah sesuai semoga di muka cocok klo cocok bisa cekuot lagi😍😍😍😍,1730321220,Lebih dari 1 tahun lalu,-,True,Anonymous,0,False,False,
X Beauty 1 Paket Isi 6 Redjelly Day Peach,1287663740,1,Merasa tidak memesan bareng,1730311020,Lebih dari 1 tahun lalu,-,True,Anonymous,0,False,False,
X Beauty 1 Paket Isi 6 Redjelly Day Peach,1287663698,5,Bissmillah Smg cocok,1730296279,Lebih dari 1 tahun lalu,-,True,Anonymous,0,False,False,
X Beauty 1 Paket Isi 6 Redjelly Day Peach,1287663720,5,"Saking suka nya sama cream ini aku ga nanggung² co 2paket dan lebih kaget nya lagi di kasih bonus 1 red jelly nya dong,,gimana ga makin love love sama produk ini dan makasih ya buat bonus nya",1730200022,Lebih dari 1 tahun lalu,-,True,Anonymous,0,True,False,
X Beauty 1 Paket Isi 6 Redjelly Day Peach,1287663758,5,Kualitas bagus Dan semoga cocok,1730196200,Lebih dari 1 tahun lalu,-,True,Anonymous,0,True,False,
X Beauty 1 Paket Isi 6 Redjelly Day Peach,1287663736,5,"Paketnya sudah sampai dengan aman, semoga cocok krn batu pertama kali mai pakai",1730136357,Lebih dari 1 tahun lalu,-,True,Anonymous,0,False,False,
X Beauty 1 Paket Isi 6 Redjelly Day Peach,1287663722,5,"Hasil dari satu paket🤗dan yg ini paketan yg kedua, Alhamdulillah Nemu yg cocok jga😘🥰",1730135433,Lebih dari 1 tahun lalu,-,True,Anonymous,0,True,False,
X Beauty 1 Paket Isi 6 Redjelly Day Peach,1287663735,5,Barang baik.,1730135190,Lebih dari 1 tahun lalu,-,True,Anonymous,0,False,False,
X Beauty 1 Paket Isi 6 Redjelly Day Peach,1287663716,3,Bau aneh krim malemnya,1730122883,Lebih dari 1 tahun lalu,-,True,Anonymous,0,False,False,
X Beauty 1 Paket Isi 6 Redjelly Day Peach,1287663745,5,Sangatt luar biasa maksih kak,1730118782,Lebih dari 1 tahun lalu,-,True,Anonymous,0,False,False,
X Beauty 1 Paket Isi 6 Redjelly Day Peach,1287663742,5,Baru pertama kali coba semogq cocok,1730115012,Lebih dari 1 tahun lalu,-,True,Anonymous,0,False,False,
X Beauty 1 Paket Isi 6 Redjelly Day Peach,1287663898,4,"Baru nyampe
Belum tau hasilnya
Nitip beforenya dulu deh
Jenis kulit: Semua jenis kulit",1730034583,Lebih dari 1 tahun lalu,-,True,Anonymous,0,True,False,
X Beauty 1 Paket Isi 6 Redjelly Day Peach,1287663924,5,"Produknya wangi ,mudahan&#34; cocok di kulit aku",1730027959,Lebih dari 1 tahun lalu,-,True,Anonymous,0,True,False,
X Beauty 1 Paket Isi 6 Redjelly Day Peach,1287663911,5,Bagus pollll😚,1729982425,Lebih dari 1 tahun lalu,-,True,Anonymous,0,True,False,
X Beauty 1 Paket Isi 6 Redjelly Day Peach,1287663884,5,👍,1729978290,Lebih dari 1 tahun lalu,-,True,Anonymous,0,False,False,
X Beauty 1 Paket Isi 6 Redjelly Day Peach,1287663920,5,Baru pemakaian 1minggu udah ada perubahan Alhamdulillah,1729972396,Lebih dari 1 tahun lalu,-,True,Anonymous,0,True,False,
X Beauty 1 Paket Isi 6 Redjelly Day Peach,1287663883,4,"Paket sudah datang, baru pertama kali mau coba mudah2an cocok, kalau cocok next order lagi, dan kurir sudah menjadi langganan..",1729964916,Lebih dari 1 tahun lalu,-,True,Anonymous,0,True,False,
X Beauty 1 Paket Isi 6 Redjelly Day Peach,1287663952,5,"Barang diterima
Terimakasih, kalo udah ada hasil nnti tk tulis lagi ulasanya",1729963577,Lebih dari 1 tahun lalu,-,True,Anonymous,0,False,False,
X Beauty 1 Paket Isi 6 Redjelly Day Peach,1287663930,5,Alhamdulillah pesanan ke 3x y,1729949821,Lebih dari 1 tahun lalu,-,True,Anonymous,0,True,False,
X Beauty 1 Paket Isi 6 Redjelly Day Peach,1287663889,5,PKT nyh sudh sampe mudah&#34;n cocok,1729932469,Lebih dari 1 tahun lalu,-,True,Anonymous,0,False,False,
X Beauty 1 Paket Isi 6 Redjelly Day Peach,1287663941,5,Bagus,1729783149,Lebih dari 1 tahun lalu,-,True,Anonymous,0,False,False,
X Beauty 1 Paket Isi 6 Redjelly Day Peach,1287663897,5,Assalamualaikum maaf kk boleh enggak saya jadi member,1729775740,Lebih dari 1 tahun lalu,-,True,Anonymous,0,False,False,
X Beauty 1 Paket Isi 6 Redjelly Day Peach,1287663880,5,Mudah2an cocok🤲,1729764566,Lebih dari 1 tahun lalu,-,True,Anonymous,0,False,False,
X Beauty 1 Paket Isi 6 Redjelly Day Peach,1287663895,5,"Sgt snang blnja di sini ,pengiriman cpt , dn kurirnya jga ramah ,terima kasih byk",1729622993,Lebih dari 1 tahun lalu,-,True,Anonymous,0,True,False,
X Beauty 1 Paket Isi 6 Redjelly Day Peach,1287663935,5,Sesuai pesanan ga mengecewakan,1729617257,Lebih dari 1 tahun lalu,-,True,Anonymous,0,False,False,
X Beauty 1 Paket Isi 6 Redjelly Day Peach,1287663942,5,Bagus,1729534895,Lebih dari 1 tahun lalu,-,True,Anonymous,0,False,False,
X Beauty 1 Paket Isi 6 Redjelly Day Peach,1287663910,5,Produk sesuai pesanan keren,1729534516,Lebih dari 1 tahun lalu,-,True,Anonymous,0,False,False,
X Beauty 1 Paket Isi 6 Redjelly Day Peach,1287663887,3,"punten ,, min bintang y sya ubah soal y 
pgn ngasih tau klo di saya gk cocok padahl udh mau abis tpi ga ada prubahan yg ada kulit kering dan kya gradakan trs muka sya nambh kusem 
 pdhl mh pgn langanan ,, tpi klo di muka gk cocok mh y gmna lgi .",1729531913,Lebih dari 1 tahun lalu,-,True,Anonymous,0,False,False,
X Beauty 1 Paket Isi 6 Redjelly Day Peach,1287663882,4,Baru pertama nyoba semoga cocok,1729529003,Lebih dari 1 tahun lalu,-,True,Anonymous,0,False,False,
X Beauty 1 Paket Isi 6 Redjelly Day Peach,1287663946,4,Baru sampai paket nya,1729440772,Lebih dari 1 tahun lalu,-,True,Anonymous,0,False,False,
X Beauty 1 Paket Isi 6 Redjelly Day Peach,1287664129,4,Bismillah semoga cocok ya kak,1729413739,Lebih dari 1 tahun lalu,-,True,Anonymous,0,True,False,
X Beauty 1 Paket Isi 6 Redjelly Day Peach,1287664195,5,Semoga cocok bisa order lgi disini....alhamdulillah kemasannya gk ad yg bocor rapi semua..👍,1729407272,Lebih dari 1 tahun lalu,-,True,Anonymous,0,True,False,
X Beauty 1 Paket Isi 6 Redjelly Day Peach,1287664150,5,"Br mau coba smoga cocok n jadi langganan
Jenis kulit: Sensitif, tp ga berjerawat",1729361106,Lebih dari 1 tahun lalu,-,True,Anonymous,0,True,False,
X Beauty 1 Paket Isi 6 Redjelly Day Peach,1287664282,5,Puas,1729357810,Lebih dari 1 tahun lalu,-,True,Anonymous,0,False,False,
X Beauty 1 Paket Isi 6 Redjelly Day Peach,1287664237,5,2minggu pemakaian,1729354753,Lebih dari 1 tahun lalu,-,True,Anonymous,0,False,False,
X Beauty 1 Paket Isi 6 Redjelly Day Peach,1287664135,5,"Cream lembut .sabun muka wangi .pertama kali pake cream ini, mudah mudahan cocok 
Nex order LG .cream nya aku suka 😘😘",1729309478,Lebih dari 1 tahun lalu,-,True,Anonymous,0,False,False,
X Beauty 1 Paket Isi 6 Redjelly Day Peach,1287664264,5,Semoga cocok bakal jadi langganan,1729268907,Lebih dari 1 tahun lalu,-,True,Anonymous,0,False,False,
X Beauty 1 Paket Isi 6 Redjelly Day Peach,1287664236,5,"Alhamdulillah udh Dateng paket ku, sesuai pesanan, thanks ya real pic 🙂moga cocok",1729248861,Lebih dari 1 tahun lalu,-,True,Anonymous,0,True,False,
X Beauty 1 Paket Isi 6 Redjelly Day Peach,1287664189,5,Alhmdulillah produknya aman ...aku suka sama krim siangnya .. bikin glow up... trs alhndulillha nemu produk yg kalo di pake g bikin muka berminyak...g jerawatan... malah bikin halus  mukaku... moga skincare nya tmbah maju tambah larisss.. dan harganya jgn di naikin ya.. 🙏🏽😊,1729216170,Lebih dari 1 tahun lalu,-,True,Anonymous,0,True,False,
X Beauty 1 Paket Isi 6 Redjelly Day Peach,1287664202,5,Bru pertama kali cba semoga cocok,1729180559,Lebih dari 1 tahun lalu,-,True,Anonymous,0,False,False,
X Beauty 1 Paket Isi 6 Redjelly Day Peach,1287664227,2,Semoga cocok..  aku kasih 2 bintang dulu deh soalnya packingnya kurang maksimal 🙏🏻🙏🏻🙏🏻 soalx perjalanan jauh lewati pulau untung barangx g&#39; rusak tp makasih banyak sama bonus boosterx❤️,1729169521,Lebih dari 1 tahun lalu,-,True,Anonymous,0,True,False,
X Beauty 1 Paket Isi 6 Redjelly Day Peach,1287664253,5,Paket ke 2 secandu ini dan sebagian itu sama produk nya pokoknya thebest 🥰,1729162704,Lebih dari 1 tahun lalu,-,True,Anonymous,0,True,False,
X Beauty 1 Paket Isi 6 Redjelly Day Peach,1287664198,5,baru pertama x coba... semoga cocok,1729140820,Lebih dari 1 tahun lalu,-,True,Anonymous,0,False,False,
X Beauty 1 Paket Isi 6 Redjelly Day Peach,1287664134,4,Belum coba moga bisa membantu kulit kusam btw isinya dikit,1729096604,Lebih dari 1 tahun lalu,-,True,Anonymous,0,False,False,
X Beauty 1 Paket Isi 6 Redjelly Day Peach,1287664254,3,Next ak kasih review trbaik ya. Ini baru pemakaian pertama,1729070838,Lebih dari 1 tahun lalu,-,True,Anonymous,0,False,False,
X Beauty 1 Paket Isi 6 Redjelly Day Peach,1287664286,5,Pesen k2xl alhamdulilah cocok belum abis satu paket udh ada perubahan🫰,1728992932,Lebih dari 1 tahun lalu,-,True,Anonymous,0,True,False,
X Beauty 1 Paket Isi 6 Redjelly Day Peach,1287664238,5,"paketnya lengkap, kurirnya ramah, pengiriman nya jga cepat, cuman ongkir nya mahal banget😌",1728992756,Lebih dari 1 tahun lalu,-,True,Anonymous,0,False,False,
X Beauty 1 Paket Isi 6 Redjelly Day Peach,1287664576,4,"Paket nya udah nyampe mkasih ,bismillah semoga cocok baru mau nyoba kalau cocok next beli lagi ..
Manfaat produk: Untuk mencerah kan",1728925609,Lebih dari 1 tahun lalu,-,True,Anonymous,0,True,False,
X Beauty 1 Paket Isi 6 Redjelly Day Peach,1287664522,5,Alhamdulillah 1paket sudahngerasain perubahannya,1728919303,Lebih dari 1 tahun lalu,-,True,Anonymous,0,False,False,
X Beauty 1 Paket Isi 6 Redjelly Day Peach,1287664530,5,Udah ke dua kali nyaa pessen ini produk hasil nya benner benner bagus suka sekali sama produk ini🥰,1728909644,Lebih dari 1 tahun lalu,-,True,Anonymous,0,True,True,
X Beauty 1 Paket Isi 6 Redjelly Day Peach,1287664531,5,terima kasih krim nya sudah sampai sangat seauai debes banget deh👍👍,1728849095,Lebih dari 1 tahun lalu,-,True,Anonymous,0,False,False,
X Beauty 1 Paket Isi 6 Redjelly Day Peach,1287664541,5,Mudahan coco yah😙,1728840338,Lebih dari 1 tahun lalu,-,True,Anonymous,0,True,False,
X Beauty 1 Paket Isi 6 Redjelly Day Peach,1287664577,5,Bagus banget aku uda paket ke 2 ini,1728822744,Lebih dari 1 tahun lalu,-,True,Anonymous,0,False,False,
X Beauty 1 Paket Isi 6 Redjelly Day Peach,1287664574,5,Lengkap baru pertama mau coba s&#39;moga cocok,1728758096,Lebih dari 1 tahun lalu,-,True,Anonymous,0,False,False,
X Beauty 1 Paket Isi 6 Redjelly Day Peach,1287664540,5,"Alhamdulillah paketnya sudah datang,Dan Amanah,ini pertama kali saya pkek skincare semoga cocok ya kk Next time bakalan order lagi",1728756981,Lebih dari 1 tahun lalu,-,True,Anonymous,0,True,False,
X Beauty 1 Paket Isi 6 Redjelly Day Peach,1287664571,5,"Bakal jadi favorit aku,sekian lama gunta ganti skincare ga ada yg cocok ini baru cocok sungkem X_beauty😍😍🙏
Baru juga make bagus banget ya Allah tangan sama muka beda terus muka glowing 😭😍🙏",1728756586,Lebih dari 1 tahun lalu,-,True,Anonymous,0,True,False,
X Beauty 1 Paket Isi 6 Redjelly Day Peach,1287664536,3,"Alhamdulillah paket udh datang, semoga cocok, klw cocok akan JD langganan👍👍",1728754154,Lebih dari 1 tahun lalu,-,True,Anonymous,0,False,False,
X Beauty 1 Paket Isi 6 Redjelly Day Peach,1287664594,5,Biar bintang yg menjelas kan ✨✨✨✨✨✨✨✨✨✨✨✨,1728746786,Lebih dari 1 tahun lalu,-,True,Anonymous,0,False,False,
X Beauty 1 Paket Isi 6 Redjelly Day Peach,1287664569,2,Awalny bagus pas pakai tp knp stlh hari k2 mukanya panas perih gatal skrg JD merah2 😭,1728684945,Lebih dari 1 tahun lalu,-,True,Anonymous,0,False,False,
X Beauty 1 Paket Isi 6 Redjelly Day Peach,1287664534,5,Sesuai dgn pesanan,1728672575,Lebih dari 1 tahun lalu,-,True,Anonymous,0,False,False,
X Beauty 1 Paket Isi 6 Redjelly Day Peach,1287664799,5,Titip before nya ini bru 1hri pemakaian smoga ccok dmuka aku biar bisa langganan🥰,1728642744,Lebih dari 1 tahun lalu,-,True,Anonymous,0,True,False,
X Beauty 1 Paket Isi 6 Redjelly Day Peach,1287664821,5,mantul 🥰😍 semoga cocok deh udh check out ke tiga kalinya,1728641725,Lebih dari 1 tahun lalu,-,True,Anonymous,0,True,True,
X Beauty 1 Paket Isi 6 Redjelly Day Peach,1287664807,5,"Alhamdulillah sangat memuaskan kak aku Bru pakai 5hari hasil nyh bagus bngt bnr&#34; top abis pokok nyh deh, terimakasih y kak dan abng&#39;kurir yg sangat ramah,akan jd langganan terus ditoko ini,jngn dirubah LG y kak 👍🥰🥰😘💯",1728635745,Lebih dari 1 tahun lalu,-,True,Anonymous,0,True,False,
X Beauty 1 Paket Isi 6 Redjelly Day Peach,1287664858,5,"Biar bintang yg bicara.produknya asli..smoga mkin sukses,..Shat sllu utk bang kurirnya juga..🙏",1728629750,Lebih dari 1 tahun lalu,-,True,Anonymous,0,False,False,
X Beauty 1 Paket Isi 6 Redjelly Day Peach,1287664797,4,Alhamdulillah barangnya sesusai,1728595969,Lebih dari 1 tahun lalu,-,True,Anonymous,0,False,False,
X Beauty 1 Paket Isi 6 Redjelly Day Peach,1287664817,4,Terima kasih paketnya baru nyampek....semoga cocok,1728581663,Lebih dari 1 tahun lalu,-,True,Anonymous,0,False,False,
X Beauty 1 Paket Isi 6 Redjelly Day Peach,1287664808,5,Bari pertama kali coba semoga cocok😁,1728573541,Lebih dari 1 tahun lalu,-,True,Anonymous,0,False,True,
X Beauty 1 Paket Isi 6 Redjelly Day Peach,1287664806,5,Pemgiriman cepat dan udah menuju 2 pket wajah semakin glow up doonk😍,1728573321,Lebih dari 1 tahun lalu,-,True,Anonymous,0,False,False,
X Beauty 1 Paket Isi 6 Redjelly Day Peach,1287664838,5,"Alhamdulillah sudah sampai produk kosmetik x_beauty whitening plus Red Jelly semoga manfaat dan membuat wajah glowing dan kinclong kalau sudah pemakaian, terima kasih produk nya.",1728571126,Lebih dari 1 tahun lalu,-,True,Anonymous,0,True,False,
X Beauty 1 Paket Isi 6 Redjelly Day Peach,1287664866,5,"baru pertama coba..bnyak testi yg cocok.,semoga cocok,udah capek sama skincare lainnya,
Jenis kulit: kusam berjerawar sedikit.,bopeng
Manfaat produk: mencerahkan",1728552257,Lebih dari 1 tahun lalu,-,True,Anonymous,0,False,False,
X Beauty 1 Paket Isi 6 Redjelly Day Peach,1287664855,5,Good trimakasih kak semoga cocok di kulitku,1728534264,Lebih dari 1 tahun lalu,-,True,Anonymous,0,False,False,
X Beauty 1 Paket Isi 6 Redjelly Day Peach,1287664854,5,Produk bagus pokonya,1728525014,Lebih dari 1 tahun lalu,-,True,Anonymous,0,False,False,
X Beauty 1 Paket Isi 6 Redjelly Day Peach,1287664859,5,"Paket udah datang,realcpick baru pertama beli,smoga cocok yaa.",1728499473,Lebih dari 1 tahun lalu,-,True,Anonymous,0,False,False,
X Beauty 1 Paket Isi 6 Redjelly Day Peach,1287664863,4,Baru mai Coba semoga cocok dimuka aku,1728497049,Lebih dari 1 tahun lalu,-,True,Anonymous,0,False,False,
X Beauty 1 Paket Isi 6 Redjelly Day Peach,1287664837,5,"Sumpahh gercep banget, pdahal kmaren order skrang udah nyampek.  Bismillah semoga cocok, baru prtama kali coba, semoga hasilny glow up.
Trimaksih banyak seller, amanah sekali.
 Ini foto wajah tidak memakai skincare apapun,  nitip disini dlu ya, Nanti aq up before afterny.😋🥰🥰",1728493063,Lebih dari 1 tahun lalu,-,True,Anonymous,0,True,False,
X Beauty 1 Paket Isi 6 Redjelly Day Peach,1287664842,5,Baguss,1728489000,Lebih dari 1 tahun lalu,-,True,Anonymous,0,False,False,
X Beauty 1 Paket Isi 6 Redjelly Day Peach,1287664853,3,"penjualan emang baik fast respon, tapi kurirnya sumpah lelet bgt sy pesan dari tgl 26 datang tgl 7 pdhl paket sy udh nyampe lokasi pada tgl 30 tapi saya terima tgl 7",1728486928,Lebih dari 1 tahun lalu,-,True,Anonymous,0,False,False,
X Beauty 1 Paket Isi 6 Redjelly Day Peach,1287664804,5,Alhamdulillah paketnya sudah sampe sesuai pesanan dan kemasannya rapi baru nyoba semoga cocok,1728484596,Lebih dari 1 tahun lalu,-,True,Anonymous,0,True,False,
X Beauty 1 Paket Isi 6 Redjelly Day Peach,1287665072,5,υdaн 2 ĸlι вelι d тoĸo ιnι amanah,1728483392,Lebih dari 1 tahun lalu,-,True,Anonymous,0,False,False,
X Beauty 1 Paket Isi 6 Redjelly Day Peach,1287665114,5,"Insyaallah  kalau saya cocok bakal lanjut dan bakal beli lg deh ,ga nysell beli dsnh yakin  terimkasihh 🙏🏼😭orang yang jualan ya baik ramah dan kurinya cepet dan dikasih cepet pdhl masih promo .",1728482647,Lebih dari 1 tahun lalu,-,True,Anonymous,0,False,False,
X Beauty 1 Paket Isi 6 Redjelly Day Peach,1287665077,5,Sangat memuaskan kan,1728478973,Lebih dari 1 tahun lalu,-,True,Anonymous,0,False,False,
X Beauty 1 Paket Isi 6 Redjelly Day Peach,1287665071,4,"Maaf Bru ksih ulasan X beauty whitening y udh smpe, Alhamdulillah jerawat udh mulai kempes, Bru pemakaian 3hri smga BNR bikin glowing wajah q yg agak sensitif klw BNR BKN glowing q pesen lg",1728469699,Lebih dari 1 tahun lalu,-,True,Anonymous,0,False,False,
X Beauty 1 Paket Isi 6 Redjelly Day Peach,1287665093,5,"Baru pertama beli, lihat komen hasilnya pada bagus smua.. Klau cocok nti beli lagi
Terima kasiihhh🙏🏻",1728465772,Lebih dari 1 tahun lalu,-,True,Anonymous,0,True,False,
X Beauty 1 Paket Isi 6 Redjelly Day Peach,1287665085,5,Semogaa cocok di aku,1728422225,Lebih dari 1 tahun lalu,-,True,Anonymous,0,False,False,
X Beauty 1 Paket Isi 6 Redjelly Day Peach,1287665087,5,Semoga cocok baru pertama kali pakek,1728415127,Lebih dari 1 tahun lalu,-,True,Anonymous,0,False,False,
X Beauty 1 Paket Isi 6 Redjelly Day Peach,1287665109,5,"Selalu puas ,sukses selalu ya,kurir langganan",1728405461,Lebih dari 1 tahun lalu,-,True,Anonymous,0,False,False,
X Beauty 1 Paket Isi 6 Redjelly Day Peach,1287665083,5,"Bismillah paket pertama semoga hasil nya cocok di kulit aku☺️🎀 

Untuk koreksi nya 
Tolong packingan nya yang lebih aman lagi yaa",1728404241,Lebih dari 1 tahun lalu,-,True,Anonymous,0,True,True,
X Beauty 1 Paket Isi 6 Redjelly Day Peach,1287665110,5,Pemula pakai ini semoga cocok diwajah saya,1728363032,Lebih dari 1 tahun lalu,-,True,Anonymous,0,False,False,
X Beauty 1 Paket Isi 6 Redjelly Day Peach,1287665081,5,Baru mau nyoba ..mudah⅔ an cocok,1728318442,Lebih dari 1 tahun lalu,-,True,Anonymous,0,False,False,
X Beauty 1 Paket Isi 6 Redjelly Day Peach,1287665111,5,"Paket sudah datang sesuai pesanan packing aman,baru pertama nyobak semoga cocok",1728310504,Lebih dari 1 tahun lalu,-,True,Anonymous,0,False,False,
X Beauty 1 Paket Isi 6 Redjelly Day Peach,1287665116,5,Krim nya lembut wangi tidak lengket . Baru pertama beli semoga cocok . 🙂,1728303101,Lebih dari 1 tahun lalu,-,True,Anonymous,0,True,False,
X Beauty 1 Paket Isi 6 Redjelly Day Peach,1287665073,5,"Cocok banget di aku 
Untuk ukurannya sih pas ya dengan harga segitu",1728293534,Lebih dari 1 tahun lalu,-,True,Anonymous,0,True,False,
X Beauty 1 Paket Isi 6 Redjelly Day Peach,1287665104,5,Bgus semoga ccok,1728278314,Lebih dari 1 tahun lalu,-,True,Anonymous,0,False,False,
X Beauty 1 Paket Isi 6 Redjelly Day Peach,1287665088,5,Sesuai,1728250836,Lebih dari 1 tahun lalu,-,True,Anonymous,0,False,False,
X Beauty 1 Paket Isi 6 Redjelly Day Peach,1287665091,5,Jenis kulit: Kak udh di pake bbrpa hari koq  berasa parih ya,1728249645,Lebih dari 1 tahun lalu,-,True,Anonymous,0,False,False,
X Beauty 1 Paket Isi 6 Redjelly Day Peach,1287665100,5,"bagus,kualitas aman",1728224240,Lebih dari 1 tahun lalu,-,True,Anonymous,0,False,False,
X Beauty 1 Paket Isi 6 Redjelly Day Peach,1287665090,4,Sip,1728221828,Lebih dari 1 tahun lalu,-,True,Anonymous,0,False,False,
X Beauty 1 Paket Isi 6 Redjelly Day Peach,1287665078,5,"Bgus bgtt,jalann 3 pakettt😁",1728220517,Lebih dari 1 tahun lalu,-,True,Anonymous,0,False,False,
X Beauty 1 Paket Isi 6 Redjelly Day Peach,1287665459,5,Kalo cocok nanti insyaallah akan langganan di sini,1728187712,Lebih dari 1 tahun lalu,-,True,Anonymous,0,False,False,
X Beauty 1 Paket Isi 6 Redjelly Day Peach,1287665466,2,"Udh hampir 2 Minggu di pakai tpi blm ada menunjukan tanda² perubahan,
Dikulit rasanya panas nyelekit²,
Apakah aman jika di lanjutkan.?",1728132895,Lebih dari 1 tahun lalu,-,True,Anonymous,0,True,False,
X Beauty 1 Paket Isi 6 Redjelly Day Peach,1287665455,4,"Biyasa nya dapat kaca kak.
Kok sekarang gak ada ?",1728128592,Lebih dari 1 tahun lalu,-,True,Anonymous,0,False,False,
X Beauty 1 Paket Isi 6 Redjelly Day Peach,1287665417,5,Yg ini mah lengkap,1728125311,Lebih dari 1 tahun lalu,-,True,Anonymous,0,False,False,
X Beauty 1 Paket Isi 6 Redjelly Day Peach,1287665478,5,"Alhamdulillah barang sudah sampai
Baru mau nyoba semoga ajah cocok ☺️",1728085531,Lebih dari 1 tahun lalu,-,True,Anonymous,0,True,False,
X Beauty 1 Paket Isi 6 Redjelly Day Peach,1287665474,5,perтaмa ĸalι вelι ѕeмυga cocoĸ вιar langganan d тoĸo ιnι😍,1728065857,Lebih dari 1 tahun lalu,-,True,Anonymous,0,False,False,
X Beauty 1 Paket Isi 6 Redjelly Day Peach,1287665530,5,Terimakasih paketnya sudah sampai mudah&#34;an cocok dimuka istri ana. Sukses selalu,1728059012,Lebih dari 1 tahun lalu,-,True,Anonymous,0,True,False,
X Beauty 1 Paket Isi 6 Redjelly Day Peach,1287665463,5,"Akhirnya sampai jg saking penasaran semoga sesuai expetasi ya, sesuai dgn deskripsi bener² dapet kumplit semoga cocok di aq🥰",1728058608,Lebih dari 1 tahun lalu,-,True,Anonymous,0,True,False,
X Beauty 1 Paket Isi 6 Redjelly Day Peach,1287665521,5,"First time pake produk ini, semoga ccok🥰",1728044401,Lebih dari 1 tahun lalu,-,True,Anonymous,0,True,False,
X Beauty 1 Paket Isi 6 Redjelly Day Peach,1287665520,5,Bagus pekingnya rapi dan ditambah bonusnya satu penjepit rambut👍👍👍 maaf sabun mukanya ga kefoto solnya di wc,1728037545,Lebih dari 1 tahun lalu,-,True,Anonymous,0,True,False,
X Beauty 1 Paket Isi 6 Redjelly Day Peach,1287665461,5,Skincare yg ke sekian sekian sekian mantulll memang alhamdulillah cocok sama xbeautyskin,1728033822,Lebih dari 1 tahun lalu,-,True,Anonymous,0,True,False,
X Beauty 1 Paket Isi 6 Redjelly Day Peach,1287665472,5,"Manfaat produk: Mencerahkan
Jenis kulit: Q sensitif",1728005860,Lebih dari 1 tahun lalu,-,True,Anonymous,0,False,False,
X Beauty 1 Paket Isi 6 Redjelly Day Peach,1287665505,5,Cocok banget,1727991212,Lebih dari 1 tahun lalu,-,True,Anonymous,0,False,False,
X Beauty 1 Paket Isi 6 Redjelly Day Peach,1287665529,1,"Sdh beli 2 paket. Tp syg nya pertama pakai.muka lgsg merah,panas dn gatal2.🥲🥵Mau d buang syg.. D kasih ke org takut ga cocok juga",1727980753,Lebih dari 1 tahun lalu,-,True,Anonymous,0,True,False,
X Beauty 1 Paket Isi 6 Redjelly Day Peach,1287665464,5,"Beli lg Karena ccok apalagi pas beli dilive dpet harga 70 sepaket beli 2 Mlah dpet harga 137 auto co dong🥰kpan lagi dpet harga murce,pas Dateng udh snng bgt mau buka eh taunya ga nyadar KLO gda serumnya dua&#34;nya trus chat ownernya mau dikirimin kuranganya ga nyangka bgt ramah bgt next order LG🥳",1727979400,Lebih dari 1 tahun lalu,-,True,Anonymous,0,True,False,
X Beauty 1 Paket Isi 6 Redjelly Day Peach,1287665479,5,bagus banget produknya,1727979030,Lebih dari 1 tahun lalu,-,True,Anonymous,0,False,False,
X Beauty 1 Paket Isi 6 Redjelly Day Peach,1287665429,5,Pengiriman cpt kurir ny baik sopan semoga cocok sy pke bedak ny bsa beli lagi amiin,1727977007,Lebih dari 1 tahun lalu,-,True,Anonymous,0,False,False,
X Beauty 1 Paket Isi 6 Redjelly Day Peach,1287665539,5,Lengkap isinya smoga cocok next order lagi kalau cocok,1727957671,Lebih dari 1 tahun lalu,-,True,Anonymous,0,True,False,
X Beauty 1 Paket Isi 6 Redjelly Day Peach,1287665538,5,Terima kasih ka....tokonya amanah banget👍👍👍👍👍👍,1727953406,Lebih dari 1 tahun lalu,-,True,Anonymous,0,False,False,
X Beauty 1 Paket Isi 6 Redjelly Day Peach,1287665482,1,Tutup krimnya retak dan toner sama facial wishnya tumpah basah semuaa,1727899702,Lebih dari 1 tahun lalu,-,True,Anonymous,0,True,False,
X Beauty 1 Paket Isi 6 Redjelly Day Peach,1287665460,5,"Udah hbs 2 paket... Bner2 mantul banget, aku udh gonta ganti skincare ga ada yg cocok baru kali ini pke xbeauty cocok di muka jdi mulus yg tadi muka aku berjerawat 🥰 makin ❤",1727898240,Lebih dari 1 tahun lalu,-,True,Anonymous,0,True,False,
X Beauty 1 Paket Isi 6 Redjelly Day Peach,1287665535,2,"kecewa, Tidak sesuai krim malamnya gak ada yg datang cuma 5 pcs etalase 1",1727897778,Lebih dari 1 tahun lalu,-,True,Anonymous,0,True,True,
X Beauty 1 Paket Isi 6 Redjelly Day Peach,1287665432,4,Baru coba semoga hasilnya cocok tengkyuu di kasih bonus red jelly nya 🥰,1727891744,Lebih dari 1 tahun lalu,-,True,Anonymous,0,True,False,
X Beauty 1 Paket Isi 6 Redjelly Day Peach,1287665758,1,Tiga hari pemakaian muka saya langsung hancur ya Allah😭🙏tobat aku pakai cream”🙏,1727875900,Lebih dari 1 tahun lalu,-,True,Anonymous,0,False,False,
X Beauty 1 Paket Isi 6 Redjelly Day Peach,1287665824,4,"baguss ya semoga cocok , red jelly nya agak beda dri yang lain punya mreka kemasan merah punya saya putih",1727870865,Lebih dari 1 tahun lalu,-,True,Anonymous,0,True,False,
X Beauty 1 Paket Isi 6 Redjelly Day Peach,1287665814,5,"Alhamdulillah, paket nya Dateng dengan aman masih rapi, free cermin juga😊",1727863926,Lebih dari 1 tahun lalu,-,True,Anonymous,0,True,False,
X Beauty 1 Paket Isi 6 Redjelly Day Peach,1287665809,5,Paket ke 3🥰,1727798665,Lebih dari 1 tahun lalu,-,True,Anonymous,0,False,False,
X Beauty 1 Paket Isi 6 Redjelly Day Peach,1287665817,5,"Terimakasih,paket nya lengkap dan aman.tidak ada yang bocor . Semoga cocok",1727779462,Lebih dari 1 tahun lalu,-,True,Anonymous,0,False,False,
X Beauty 1 Paket Isi 6 Redjelly Day Peach,1287665825,5,"Alhamdulillah barang ny sesuai pesenan sy suka produk ini..penasaran pengen dapat hasil yg lebih bagus lagi ..ini pesen yg ke dua x semoga cocok untuk slama ny..trmksh tuk tiktok shop...trmksh juga tuk seller ny udh amanah..
Sy kan dapat hadiah kaca lucu..tapi sayang kaca ny retak😫😫",1727731117,Lebih dari 1 tahun lalu,-,True,Anonymous,0,True,False,
X Beauty 1 Paket Isi 6 Redjelly Day Peach,1287665759,2,Kecewa banget night cream nya gak ada,1727726906,Lebih dari 1 tahun lalu,-,True,Anonymous,0,True,False,
X Beauty 1 Paket Isi 6 Redjelly Day Peach,1287665804,5,"Makin menyala wajah q karena cream ini , makasih bonus kacamatanya 😘",1727723790,Lebih dari 1 tahun lalu,-,True,Anonymous,0,True,False,
X Beauty 1 Paket Isi 6 Redjelly Day Peach,1287665811,2,Klu blh no kurir standar di pengantaran supaya org jga bisa hubungi ini no kurir no kurir gk tertera di pengantaran kurang bagus kurir ninjavan,1727704017,Lebih dari 1 tahun lalu,-,True,Anonymous,0,False,False,
X Beauty 1 Paket Isi 6 Redjelly Day Peach,1287665760,5,Alhmdlh cocok dengan produknya. Pengiriman cepat. Kurirnya ramah. Pokoknya mantul 👍👍 krim malamnya ngk ada. Tp mau di ganti. Saya tunggu ya kak kream malamnya.,1727688139,Lebih dari 1 tahun lalu,-,True,Anonymous,0,True,False,
X Beauty 1 Paket Isi 6 Redjelly Day Peach,1287665761,5,"Terimakasih barang nya sudah sampai,packingnya rapih dan amanah banget seler nya, sukses slalu ya ka.",1727634781,Lebih dari 1 tahun lalu,-,True,Anonymous,0,True,False,
X Beauty 1 Paket Isi 6 Redjelly Day Peach,1287665762,5,"Jenis kulit: Semua
Manfaat produk: Mencerahkan
Bahan: Wangi dan lembut
Semoga cocok ya",1727623767,Lebih dari 1 tahun lalu,-,True,Anonymous,0,True,False,
X Beauty 1 Paket Isi 6 Redjelly Day Peach,1287665765,5,Baru beli dan barang juga baru nyampek semoga cocok,1727618847,Lebih dari 1 tahun lalu,-,True,Anonymous,0,False,False,
X Beauty 1 Paket Isi 6 Redjelly Day Peach,1287665786,5,Puasa bangett,1727609600,Lebih dari 1 tahun lalu,-,True,Anonymous,0,True,False,
X Beauty 1 Paket Isi 6 Redjelly Day Peach,1287665810,4,Alhamdulillah barang sudah sampai di tujuan kemasan sedikit bonyok di kasih banus kaca kecil lucu banget🥰baru mau coba semoga cocok  di wajah aku,1727607860,Lebih dari 1 tahun lalu,-,True,Anonymous,0,True,False,
X Beauty 1 Paket Isi 6 Redjelly Day Peach,1287665818,5,Baru mau coba semoga cocok,1727604917,Lebih dari 1 tahun lalu,-,True,Anonymous,0,True,False,
X Beauty 1 Paket Isi 6 Redjelly Day Peach,1287665778,5,udh co lg yg kmren aja blom abis..next yg ke 2 kali ya mantul krim ya aku cocok 🥰👍🏻🫰🏻,1727570235,Lebih dari 1 tahun lalu,-,True,Anonymous,0,False,False,
X Beauty 1 Paket Isi 6 Redjelly Day Peach,1287665769,5,Semoga cocok ok barangnya lengkap,1727548159,Lebih dari 1 tahun lalu,-,True,Anonymous,0,False,False,
X Beauty 1 Paket Isi 6 Redjelly Day Peach,1287665801,4,Saya beli yg ke 2x nya tapi kemasan kok agak beda ya dan exp 2026 ada logonya x beauty di tengah untuk day dan night cream  . Yang pertama beli exp 2027 dan gak ada logonya untuk day dan night cream .,1727547967,Lebih dari 1 tahun lalu,-,True,Anonymous,0,True,False,
X Beauty 1 Paket Isi 6 Redjelly Day Peach,1287665802,4,Baru pertama kali nyobain semoga cocok,1727526581,Lebih dari 1 tahun lalu,-,True,Anonymous,0,False,False,
X Beauty 1 Paket Isi 6 Redjelly Day Peach,1287665773,5,"udah dateng paketnya, dan alhamdulilah sesuai dengan tanggal pengiriman, semoga cocok di kulit aku, insyaallah klo cocok bakalan langganan sih ya, terimakasih.",1727525292,Lebih dari 1 tahun lalu,-,True,Anonymous,0,True,False,
X Beauty 1 Paket Isi 6 Redjelly Day Peach,1287665813,5,Alhamdulillah paketan nya udh sampe semoga cocok,1727466391,Lebih dari 1 tahun lalu,-,True,Anonymous,0,False,False,
X Beauty 1 Paket Isi 6 Redjelly Day Peach,1287666111,5,Langganan Di Sini,1727435299,Lebih dari 1 tahun lalu,-,True,Anonymous,0,False,False,
X Beauty 1 Paket Isi 6 Redjelly Day Peach,1287666115,4,"Brangnya bagus, semoga cocok",1727433415,Lebih dari 1 tahun lalu,-,True,Anonymous,0,True,False,
X Beauty 1 Paket Isi 6 Redjelly Day Peach,1287666257,5,"Semoga cocok, btw gk dapet gift tpi dapet gratisan red jelly 😋 mksih Leseler",1727420924,Lebih dari 1 tahun lalu,-,True,Anonymous,0,False,False,
X Beauty 1 Paket Isi 6 Redjelly Day Peach,1287666265,5,Semoga cocok🥰🥰,1727404720,Lebih dari 1 tahun lalu,-,True,Anonymous,0,False,False,
X Beauty 1 Paket Isi 6 Redjelly Day Peach,1287666106,5,Maaf kak baru kasih penilaian sekarang.dapat bonus kaca sama pouch semoga cocok skincare nya diaku ya kak,1727387442,Lebih dari 1 tahun lalu,-,True,Anonymous,0,False,False,
X Beauty 1 Paket Isi 6 Redjelly Day Peach,1287666108,5,Maaf gk aku poto barangnya aku pake skincare ini udah habis berapa faket ya skincare mantull bagus,1727357102,Lebih dari 1 tahun lalu,-,True,Anonymous,0,False,False,
X Beauty 1 Paket Isi 6 Redjelly Day Peach,1287666256,5,alhamdulilah... toko nya amanah ... semua nya bagus,1727301477,Lebih dari 1 tahun lalu,-,True,Anonymous,0,False,False,
X Beauty 1 Paket Isi 6 Redjelly Day Peach,1287666260,5,alhamdulilah paketnya sudah di terima semoga ccok di wajah saya soalnya baru pertama kali mencoba mudah mudahan cocok,1727280107,Lebih dari 1 tahun lalu,-,True,Anonymous,0,True,False,
X Beauty 1 Paket Isi 6 Redjelly Day Peach,1287666286,5,"Terima kasih kak paketnya udah nyampek,dapet bonus cermin,mudah2 cocok oke cream ini",1727278676,Lebih dari 1 tahun lalu,-,True,Anonymous,0,False,False,
X Beauty 1 Paket Isi 6 Redjelly Day Peach,1287666259,4,"Sdh smpe,
Cmn ad yang slh dalam pengiriman nya
Red jelly nya dpt 3 
Serum nya cmn 1",1727261191,Lebih dari 1 tahun lalu,-,True,Anonymous,0,True,False,
X Beauty 1 Paket Isi 6 Redjelly Day Peach,1287666247,5,Di kulit ada pengelupasan aku pake yg paket biasa,1727249819,Lebih dari 1 tahun lalu,-,True,Anonymous,0,False,False,
X Beauty 1 Paket Isi 6 Redjelly Day Peach,1287666295,5,"Beli 2 paket skincare....baru mau coba,semoga aja cocok di muka aku",1727167640,Lebih dari 1 tahun lalu,-,True,Anonymous,0,True,False,
X Beauty 1 Paket Isi 6 Redjelly Day Peach,1287666261,5,Belum di coba sih.. Semoga cocok dan next bakal beli lagi kalo cocok.. Lihat review nya bagus2 semoga di q jg hasilnya bagus.,1727113878,Lebih dari 1 tahun lalu,-,True,Anonymous,0,False,False,
X Beauty 1 Paket Isi 6 Redjelly Day Peach,1287666262,5,"Belum coba semoga aja cocok, dan makasih gift nyaa!",1727108613,Lebih dari 1 tahun lalu,-,True,Anonymous,0,True,False,
X Beauty 1 Paket Isi 6 Redjelly Day Peach,1287666287,5,smoga cocok,1727086668,Lebih dari 1 tahun lalu,-,True,Anonymous,0,True,False,
X Beauty 1 Paket Isi 6 Redjelly Day Peach,1287666277,4,Bagus di aku tapi sayang aku g cocok krim MLM nya soalnya bikin muka kering kusam g berenti&#34;pengelupasan nya jadi g aku pke krim MLM nya krim MLM nya ku ganti jdi yg jelly Alhamdulillah bagus 👍🏻,1727058996,Lebih dari 1 tahun lalu,-,True,Anonymous,0,False,False,
X Beauty 1 Paket Isi 6 Redjelly Day Peach,1287666303,5,Semoga cocok yaa diwajah akuu,1727011057,Lebih dari 1 tahun lalu,-,True,Anonymous,0,True,False,
X Beauty 1 Paket Isi 6 Redjelly Day Peach,1287666519,5,"Sya pemakaian dri tgl 14-smpai 21, sejauh in muka saya udah keliatan emng bner&#34;mantul nih prduk",1726955381,Lebih dari 1 tahun lalu,-,True,Anonymous,0,False,False,
X Beauty 1 Paket Isi 6 Redjelly Day Peach,1287666516,5,Produk crem yg mantulll 👍👍👍,1726933287,Lebih dari 1 tahun lalu,-,True,Anonymous,0,False,False,
X Beauty 1 Paket Isi 6 Redjelly Day Peach,1287666579,5,Hasil x sangat memuaskan aku suka muka ku makin putih....👍👍👍👍👍👍👍👍👍👍👍👍👍,1726837890,Lebih dari 1 tahun lalu,-,True,Anonymous,0,False,False,
X Beauty 1 Paket Isi 6 Redjelly Day Peach,1287666513,2,"Barang sudah diterima semoga cocok
Kurir nya ramah",1726837428,Lebih dari 1 tahun lalu,-,True,Anonymous,0,False,False,
X Beauty 1 Paket Isi 6 Redjelly Day Peach,1287666578,5,Bagus bnget skincarenya smoga cocok di aku nya🙏👍,1726823573,Lebih dari 1 tahun lalu,-,True,Anonymous,0,True,False,
X Beauty 1 Paket Isi 6 Redjelly Day Peach,1287666522,4,Semoga cocok,1726773304,Lebih dari 1 tahun lalu,-,True,Anonymous,0,False,False,
X Beauty 1 Paket Isi 6 Redjelly Day Peach,1287666540,1,jelek di akh gk cocok,1726757870,Lebih dari 1 tahun lalu,-,True,Anonymous,0,False,False,
X Beauty 1 Paket Isi 6 Redjelly Day Peach,1287666565,5,Barang bagus sesuai pesanan terimakasi,1726675703,Lebih dari 1 tahun lalu,-,True,Anonymous,0,True,False,
X Beauty 1 Paket Isi 6 Redjelly Day Peach,1287666581,5,Alhamdulillah cocok,1726655550,Lebih dari 1 tahun lalu,-,True,Anonymous,0,False,False,
X Beauty 1 Paket Isi 6 Redjelly Day Peach,1287666533,1,*HATI GYS JNGN ADA KORBAN KYA GUA*Jadi gini muka gua baru juga sebentar panas jdi nelupas trs jdi gini.,1726609684,Lebih dari 1 tahun lalu,-,True,Anonymous,0,True,False,
X Beauty 1 Paket Isi 6 Redjelly Day Peach,1287666520,5,"Smoga cocok,, thanks bonus nya💙",1726516278,Lebih dari 1 tahun lalu,-,True,Anonymous,0,True,False,
X Beauty 1 Paket Isi 6 Redjelly Day Peach,1287666539,5,"semoga cocok aja di akuu, lucu bgt dpt free gift bgtu hhe",1726473992,Lebih dari 1 tahun lalu,-,True,Anonymous,0,True,False,
X Beauty 1 Paket Isi 6 Redjelly Day Peach,1287666567,5,Setelah gonta ganti skincare semoga cocok ajh capek gonta ganti,1726452083,Lebih dari 1 tahun lalu,-,True,Anonymous,0,False,False,
X Beauty 1 Paket Isi 6 Redjelly Day Peach,1287666538,5,Paket nya sudah sampei. Sesuai dengan pesanan. Semoga cream nya cocok kalau cocok order lagi biarr jd lngganaan di toko ini,1726427089,Lebih dari 1 tahun lalu,-,True,Anonymous,0,True,False,
X Beauty 1 Paket Isi 6 Redjelly Day Peach,1287666895,3,"knp punya aku yg ddikirim faciall wash dua²nya kak
bukan skin toner nya🤦‍♀️",1726407129,Lebih dari 1 tahun lalu,-,True,Anonymous,0,True,False,
X Beauty 1 Paket Isi 6 Redjelly Day Peach,1287666896,5,"Pesanan yg ke2nya, sering ke mkan iklan skincare cuma ini doang sii menurutku yg lumayan nyata hasilnya di aku 😊 mkasi next ordr lgi kalo emg bnr² cocok😁🍒",1726403463,Lebih dari 1 tahun lalu,-,True,Anonymous,0,True,False,
X Beauty 1 Paket Isi 6 Redjelly Day Peach,1287666969,1,d aku malah ada flek hitam banyak bgt padahal awal&#34; baguss uda chat tapi ga d respon jlek bgt muka ku jadi hancur,1726337805,Lebih dari 1 tahun lalu,-,True,Anonymous,0,False,False,
X Beauty 1 Paket Isi 6 Redjelly Day Peach,1287666926,5,baru pakai mudah&#34;&#34;n cocok ..next order lg trimakasih 🙏🏻,1726336675,Lebih dari 1 tahun lalu,-,True,Anonymous,0,True,False,
X Beauty 1 Paket Isi 6 Redjelly Day Peach,1287666916,5,"Barang baru datang. .. kemasan rapi.
Semoga ccok",1726331990,Lebih dari 1 tahun lalu,-,True,Anonymous,0,True,False,
X Beauty 1 Paket Isi 6 Redjelly Day Peach,1287666968,5,"Ismillah semoga cocok pke krim ini,soalnya baru pertama kali pake skincare xbeauty",1726319849,Lebih dari 1 tahun lalu,-,True,Anonymous,0,True,False,
X Beauty 1 Paket Isi 6 Redjelly Day Peach,1287666892,5,Puas banget terimakasih bonuss kaca kecill juga semoga slalu amanah tokonya🙏,1726311926,Lebih dari 1 tahun lalu,-,True,Anonymous,0,True,False,
X Beauty 1 Paket Isi 6 Redjelly Day Peach,1287666894,5,"Alhamdulillah paketx udah nyampe,sesuai pesanan,ini pertama pakai in syaa Allah cocok,kurir ramah,ut tokox/penjual Alhamdulillah juga Amannah,moga rejekix bertambah berkhaa Aamiin",1726309530,Lebih dari 1 tahun lalu,-,True,Anonymous,0,False,False,
X Beauty 1 Paket Isi 6 Redjelly Day Peach,1287666972,5,Fix bagus.  Baru 2hari pake udh keliatan perubahannya🥰,1726300422,Lebih dari 1 tahun lalu,-,True,Anonymous,0,True,False,
X Beauty 1 Paket Isi 6 Redjelly Day Peach,1287666963,5,Sesuai dengan pesanan ...cuma pengirimannya laaaama bgt...,1726296561,Lebih dari 1 tahun lalu,-,True,Anonymous,0,False,False,
X Beauty 1 Paket Isi 6 Redjelly Day Peach,1287666970,5,Mudah mudahan cocok,1726251139,Lebih dari 1 tahun lalu,-,True,Anonymous,0,True,False,
X Beauty 1 Paket Isi 6 Redjelly Day Peach,1287666954,5,Emang bolee sebagus inii? Bolee dongg😝,1726246342,Lebih dari 1 tahun lalu,-,True,Anonymous,0,True,False,
X Beauty 1 Paket Isi 6 Redjelly Day Peach,1287666979,5,Mogak cucok,1726242394,Lebih dari 1 tahun lalu,-,True,Anonymous,0,False,False,
X Beauty 1 Paket Isi 6 Redjelly Day Peach,1287666898,3,"Alhamdulillah paketnya sudah datang
mudah mudahan cocok karna ini baru pertama dan mau nyoba,buat Abang kurirnya udah langganan, terimakasih",1726228971,Lebih dari 1 tahun lalu,-,True,Anonymous,0,True,False,
X Beauty 1 Paket Isi 6 Redjelly Day Peach,1287666902,5,ini paket yg keduaaaa omggg abgus begete kalian hrus cobain sihhh mana dapet free kaca sama pouchh lovee banyak banyak buat x beautyyyyy🫶🏻🫶🏻🫶🏻🫶🏻,1726224594,Lebih dari 1 tahun lalu,-,True,Anonymous,0,False,False,
X Beauty 1 Paket Isi 6 Redjelly Day Peach,1287666953,5,Bismillah pertama pake semoga cocok,1726220998,Lebih dari 1 tahun lalu,-,True,Anonymous,0,True,False,
X Beauty 1 Paket Isi 6 Redjelly Day Peach,1287666980,5,Baru datang semoga aja bisa bikin glowing pengiriman cepet banget,1726171405,Lebih dari 1 tahun lalu,-,True,Anonymous,0,True,False,
X Beauty 1 Paket Isi 6 Redjelly Day Peach,1287666921,5,Bagus tapi aku gak yakin ya..,1726164248,Lebih dari 1 tahun lalu,-,True,Anonymous,0,False,False,
X Beauty 1 Paket Isi 6 Redjelly Day Peach,1287666978,3,aku pake ini kenapa engga ada pengelupasan ya?pdhl udh mke smnggu lebih,1726117139,Lebih dari 1 tahun lalu,-,True,Anonymous,0,False,False,
X Beauty 1 Paket Isi 6 Redjelly Day Peach,1287666959,5,Sudah yg ke 3 kalinya ini dan biarkan bintang yg berbicara,1726102916,Lebih dari 1 tahun lalu,-,True,Anonymous,0,False,False,
X Beauty 1 Paket Isi 6 Redjelly Day Peach,1287666920,5,"Bagus semua
GK ada yg lecet",1726090712,Lebih dari 1 tahun lalu,-,True,Anonymous,0,False,False,
X Beauty 1 Paket Isi 6 Redjelly Day Peach,1287666977,5,Paket dah nyampek semoga cocok,1726080621,Lebih dari 1 tahun lalu,-,True,Anonymous,0,True,False,
X Beauty 1 Paket Isi 6 Redjelly Day Peach,1287666927,5,"Alhamdulillah cocok, ini paket kedua aku pakai x beauty, kali ini lengkap ada tasnya juga + free kaca kecil, kmrin ngga ada tasnya",1726074161,Lebih dari 1 tahun lalu,-,True,Anonymous,0,True,False,
X Beauty 1 Paket Isi 6 Redjelly Day Peach,1287667382,5,"Alhamdulillah paket yg kutunggu tunggu akhirnya datang juga😍, bau nya wangi bngtt maniss kayak sirup😭 agak lama btw makasihh seler &amp; kurir nya, aku taroh dulu before nya nantii aku rubah lagi pas udh ada after nya☺️ semoga cocok aminn, tar klo cocok bli lagii",1726074076,Lebih dari 1 tahun lalu,-,True,Anonymous,0,True,False,
X Beauty 1 Paket Isi 6 Redjelly Day Peach,1287667379,5,Bagus sesuai pesanan,1726071791,Lebih dari 1 tahun lalu,-,True,Anonymous,0,True,False,
X Beauty 1 Paket Isi 6 Redjelly Day Peach,1287667373,5,"terima kasih ya barang nya sudah saya terima semoga cocok bisa order lgi
Barangnya bagus oke",1726056531,Lebih dari 1 tahun lalu,-,True,Anonymous,0,True,False,
X Beauty 1 Paket Isi 6 Redjelly Day Peach,1287667331,5,👍🏻👍🏻,1726051642,Lebih dari 1 tahun lalu,-,True,Anonymous,0,True,False,
X Beauty 1 Paket Isi 6 Redjelly Day Peach,1287667356,5,Baru coba semoga cocok yaaa,1726036251,Lebih dari 1 tahun lalu,-,True,Anonymous,0,True,False,
X Beauty 1 Paket Isi 6 Redjelly Day Peach,1287667364,4,"pengirimannya cepatt, free kaca jugaa trimakasii",1725910194,Lebih dari 1 tahun lalu,-,True,Anonymous,0,True,False,
X Beauty 1 Paket Isi 6 Redjelly Day Peach,1287667338,5,Klo cocok nanti pesen lagi di coba dulu,1725909279,Lebih dari 1 tahun lalu,-,True,Anonymous,0,False,False,
X Beauty 1 Paket Isi 6 Redjelly Day Peach,1287667327,5,Semoga cocok biar jadi langganan ada hadiahnya dapet kaca SMA tas amanah terus ya,1725885527,Lebih dari 1 tahun lalu,-,True,Anonymous,0,False,False,
X Beauty 1 Paket Isi 6 Redjelly Day Peach,1287667352,5,Barangnya sesuai masih free kaca pokoknya g kecewa🤗,1725877557,Lebih dari 1 tahun lalu,-,True,Anonymous,0,True,False,
X Beauty 1 Paket Isi 6 Redjelly Day Peach,1287667349,3,Huhu di kasih gift kaca thankz youu xbeauty ini baru nyoba siii semoga aja cocok😍,1725871893,Lebih dari 1 tahun lalu,-,True,Anonymous,0,True,False,
X Beauty 1 Paket Isi 6 Redjelly Day Peach,1287667383,5,Semoga cocok,1725818601,Lebih dari 1 tahun lalu,-,True,Anonymous,0,False,False,
X Beauty 1 Paket Isi 6 Redjelly Day Peach,1287667333,4,"Saya kasih bintang 4 dulu yha kak,,, soalnya baru pertama kali nyoba
Mudah²an cocok biar CO disini lgi
Harganya murah soalnya CO pas live❤",1725807642,Lebih dari 1 tahun lalu,-,True,Anonymous,0,True,False,
X Beauty 1 Paket Isi 6 Redjelly Day Peach,1287667372,5,"Alhamdulillah paket kedua🤩
Secepatttt itu putihnyaaa😻🫶❤️",1725806702,Lebih dari 1 tahun lalu,-,True,Anonymous,0,False,True,
X Beauty 1 Paket Isi 6 Redjelly Day Peach,1287667370,5,Semoga cocok belum dicoba,1725804662,Lebih dari 1 tahun lalu,-,True,Anonymous,0,False,True,
X Beauty 1 Paket Isi 6 Redjelly Day Peach,1287667371,5,Baguuss emang pemakaian 2 paket,1725797755,Lebih dari 1 tahun lalu,-,True,Anonymous,0,True,False,
X Beauty 1 Paket Isi 6 Redjelly Day Peach,1287667359,5,Bismilah semoga cocok murce+ kaca juga wk trimakasih banyak,1725794089,Lebih dari 1 tahun lalu,-,True,Anonymous,0,True,False,
X Beauty 1 Paket Isi 6 Redjelly Day Peach,1287667375,5,"Baru pertama kali order, semoga cocok..
Untuk pengiriman cepet banget.. jumat siang order sabtu sore dah nyampai..
Paking rapi bnget, ga ada yg tumpah karena di segel rapat banget....
Kurir dan penjual amah..
Btw makasih banyak ya kak bonus nya..
Udah dapet harga promo dikasih bonus lagi wkwk",1725756627,Lebih dari 1 tahun lalu,-,True,Anonymous,0,True,False,
X Beauty 1 Paket Isi 6 Redjelly Day Peach,1287667369,5,"Alhamdulillah paketx udh sampai, udh ke 2 kali nya dan sbagus ituu😍",1725746159,Lebih dari 1 tahun lalu,-,True,Anonymous,0,True,False,
X Beauty 1 Paket Isi 6 Redjelly Day Peach,1287667354,5,Belom di coba baru mau coba kalo cocok order lagi trimakasih maskernya,1725733106,Lebih dari 1 tahun lalu,-,True,Anonymous,0,True,False,
X Beauty 1 Paket Isi 6 Redjelly Day Peach,1287667367,5,"Paketan aku dah sampai semoga cocok,dan makasih kacamatanya",1725716633,Lebih dari 1 tahun lalu,-,True,Anonymous,0,True,False,
X Beauty 1 Paket Isi 6 Redjelly Day Peach,1287667351,5,Baru mau coba SMG cocok d muka aku☺️,1725617485,Lebih dari 1 tahun lalu,-,True,Anonymous,0,True,False,
X Beauty 1 Paket Isi 6 Redjelly Day Peach,1287667365,4,Mau kasih bintang 4 dulu nanti kalo bagus balik lagi semoga cocok yaa tp cream malamnya baunya kayak bau Hb dosting gtu menurutku g tau juga sih,1725578971,Lebih dari 1 tahun lalu,-,True,Anonymous,0,False,False,
X Beauty 1 Paket Isi 6 Redjelly Day Peach,1287667622,5,Produk horror bisa membasmi kulit badak aku yg susah putih,1725548353,Lebih dari 1 tahun lalu,-,True,Anonymous,0,False,False,
X Beauty 1 Paket Isi 6 Redjelly Day Peach,1287667624,5,"nyampe dengan selamat dan gada kerusakan, lucu banget aku di kasi gift notebook kecill😻😻😻😭😭",1725530222,Lebih dari 1 tahun lalu,-,True,Anonymous,0,False,False,
X Beauty 1 Paket Isi 6 Redjelly Day Peach,1287667613,5,udah langanan pokonya bagus banget dehhhhh 🥰🥰🥰🥰 sukses terus ya,1725485169,Lebih dari 1 tahun lalu,-,True,Anonymous,0,False,False,
X Beauty 1 Paket Isi 6 Redjelly Day Peach,1287667614,5,Bismillah semoga cocok 🤲🏻😇,1725452368,Lebih dari 1 tahun lalu,-,True,Anonymous,0,True,False,
X Beauty 1 Paket Isi 6 Redjelly Day Peach,1287667719,1,G ngaruh apa2 abis satu paket sepertiy saya kena korban iklan 😭😭😭😭,1725443956,Lebih dari 1 tahun lalu,-,True,Anonymous,0,False,False,
X Beauty 1 Paket Isi 6 Redjelly Day Peach,1287667619,5,Baru mau coba semoga ccok di kulit ak,1725428384,Lebih dari 1 tahun lalu,-,True,Anonymous,0,False,False,
X Beauty 1 Paket Isi 6 Redjelly Day Peach,1287667765,5,Smoga cocok.. .,1725371068,Lebih dari 1 tahun lalu,-,True,Anonymous,0,False,False,
X Beauty 1 Paket Isi 6 Redjelly Day Peach,1287667733,5,"Semoga cocok di muka aku. 
Alhamdulillah baik banget admin nya di bonusin kacamata. Makasih banyak kak Semoga semakin maju produk nya. Aamiin",1725309862,Lebih dari 1 tahun lalu,-,True,Anonymous,0,True,False,
X Beauty 1 Paket Isi 6 Redjelly Day Peach,1287667748,5,Bagus semoga cocok,1725294674,Lebih dari 1 tahun lalu,-,True,Anonymous,0,False,False,
X Beauty 1 Paket Isi 6 Redjelly Day Peach,1287667767,5,Alham dulilah pktya udh aku terima semuga ajh aku cocok,1725293167,Lebih dari 1 tahun lalu,-,True,Anonymous,0,False,False,
X Beauty 1 Paket Isi 6 Redjelly Day Peach,1287667723,4,Alhamdulillah paktnya udh dateng Bru mau coba semoga cocok pengiriman cepet.makasih kacamata nya baru pertama kli ini beli produk ada hadiahnya hehe makasih,1725277227,Lebih dari 1 tahun lalu,-,True,Anonymous,0,True,False,
X Beauty 1 Paket Isi 6 Redjelly Day Peach,1287667731,4,"ak kasi bintang 4 dulu , bagus, amanah banget tokonya, semoga cocok di aku &amp; cepet ad perubahan, amanah selalu💗❗",1725271757,Lebih dari 1 tahun lalu,-,True,Anonymous,0,False,False,
X Beauty 1 Paket Isi 6 Redjelly Day Peach,1287667628,5,"udah paket ke 2 selalu cocok lovvv bngt💕💕💕💕
dapet kecamata lagi langganang pokonyaa✨✨",1725204563,Lebih dari 1 tahun lalu,-,True,Anonymous,0,True,False,
X Beauty 1 Paket Isi 6 Redjelly Day Peach,1287667735,5,"Udh sampai,dpt free kacamata gk nyangka ..semoga cocok next order lgi",1725202018,Lebih dari 1 tahun lalu,-,True,Anonymous,0,True,False,
X Beauty 1 Paket Isi 6 Redjelly Day Peach,1287667766,5,Paket ke dua,1725148647,Lebih dari 1 tahun lalu,-,True,Anonymous,0,False,False,
X Beauty 1 Paket Isi 6 Redjelly Day Peach,1287667720,4,"Pembelian pertama, nanti syg ganti bintang stelah ada hasilny",1725102261,Lebih dari 1 tahun lalu,-,True,Anonymous,0,True,False,
X Beauty 1 Paket Isi 6 Redjelly Day Peach,1287667718,5,Semoga cocok🙏,1725024722,Lebih dari 1 tahun lalu,-,True,Anonymous,0,True,False,
X Beauty 1 Paket Isi 6 Redjelly Day Peach,1287667773,4,"Tampilan bagus
Baru pertama coba
Smoga cocok",1725017988,Lebih dari 1 tahun lalu,-,True,Anonymous,0,False,False,
X Beauty 1 Paket Isi 6 Redjelly Day Peach,1287667734,5,Waw paket nya nyampe dengan selamat terimakasih juga buat seller nya baik banget dapet bonus salep pelicin nya juga thank ya ka🥰,1724973320,Lebih dari 1 tahun lalu,-,True,Anonymous,0,False,False,
X Beauty 1 Paket Isi 6 Redjelly Day Peach,1287667737,5,Cara pakai macam mana baru pakai langsung putih,1724931383,Lebih dari 1 tahun lalu,-,True,Anonymous,0,False,False,
X Beauty 1 Paket Isi 6 Redjelly Day Peach,1287667728,5,"Barang sampai dengan aman gk ada cacat satu pun,semoga ccok dan ada hasilnya",1724870629,Lebih dari 1 tahun lalu,-,True,Anonymous,0,True,False,
X Beauty 1 Paket Isi 6 Redjelly Day Peach,1287667732,5,free masker thank u minn,1724866490,Lebih dari 1 tahun lalu,-,True,Anonymous,0,True,False,
X Beauty 1 Paket Isi 6 Redjelly Day Peach,1287667722,3,Udh smpe bru coba smoga beneran bikin cerah glowing dan cocok di wajah aku. nnti klo emg bgus hasilnya ditambah bintangnya yaa makasihh,1724865924,Lebih dari 1 tahun lalu,-,True,Anonymous,0,True,False,
X Beauty 1 Paket Isi 6 Redjelly Day Peach,1287667978,5,msyaallah seneng banget semoga cocok,1724857261,Lebih dari 1 tahun lalu,-,True,Anonymous,0,True,False,
X Beauty 1 Paket Isi 6 Redjelly Day Peach,1287667990,5,Semoga cocok,1724840452,Lebih dari 1 tahun lalu,-,True,Anonymous,0,True,False,
X Beauty 1 Paket Isi 6 Redjelly Day Peach,1287667986,5,"Bismillah semoga cocok 
Baru pertama nyobak semoga Hasilnya bagus☺️ Kurir nya juga sudah Langganan",1724835903,Lebih dari 1 tahun lalu,-,True,Anonymous,0,True,False,
X Beauty 1 Paket Isi 6 Redjelly Day Peach,1287667937,1,PAKET DITERIMA DENGAN KEADAAN TIDAK RAPIH HANYA BERALASKAN BUBBLE SATU LEMBAR DIATAS TIDAK DI PACKING DENGAN BAIK! KEMASAN TONER BASAH LENGKET SEMUA DAN SEMUA SEGEL CREAM TIDAK ADA! SAYA MINTA PENGEMBALIAN DANA SECEPATNYA KARNA TOKO INI TIDAK AMANAH!!!,1724795253,Lebih dari 1 tahun lalu,-,True,Anonymous,0,False,False,
X Beauty 1 Paket Isi 6 Redjelly Day Peach,1287667939,5,"Sudah langganan 🥰sangat puas,kurir ramah dan langganan",1724664533,Lebih dari 1 tahun lalu,-,True,Anonymous,0,False,False,
X Beauty 1 Paket Isi 6 Redjelly Day Peach,1287667980,5,"Pengiriman cepat ,semoga cocok sama produk ini soalnya capek ganti2 skincare Mulu ndak ada yg cocok 😓😓
Bismillah semoga cocok sama x beauty 🥰",1724657288,Lebih dari 1 tahun lalu,-,True,Anonymous,0,False,False,
X Beauty 1 Paket Isi 6 Redjelly Day Peach,1287667951,5,"Paket nya sampai dengan aman,semoga cocok,titip before nya",1724604952,Lebih dari 1 tahun lalu,-,True,Anonymous,0,True,False,
X Beauty 1 Paket Isi 6 Redjelly Day Peach,1287667967,5,Titip before nya dulu .. Nanti kembali lagi kalo habis sepaket🫢semoga cocok🫰,1724579060,Lebih dari 1 tahun lalu,-,True,Anonymous,0,True,False,
X Beauty 1 Paket Isi 6 Redjelly Day Peach,1287667992,4,thank youu🥰,1724524413,Lebih dari 1 tahun lalu,-,True,Anonymous,0,True,False,
X Beauty 1 Paket Isi 6 Redjelly Day Peach,1287667994,5,"Alhamdulillah paketx udah nyampek langsung aqu coba dong saking penasaranx dan ternyata emng ringan bnget 
Dan gak usah pakek mek up lagi udah bagus",1724494550,Lebih dari 1 tahun lalu,-,True,Anonymous,0,True,False,
X Beauty 1 Paket Isi 6 Redjelly Day Peach,1287667965,3,Baru pake 2hri smoga cocok ei kulitku,1724478035,Lebih dari 1 tahun lalu,-,True,Anonymous,0,False,False,
X Beauty 1 Paket Isi 6 Redjelly Day Peach,1287667983,5,"suka smga cocok deh , pengirimannya cuepattt sekaliii thank youuu",1724346562,Lebih dari 1 tahun lalu,-,True,Anonymous,0,False,False,
X Beauty 1 Paket Isi 6 Redjelly Day Peach,1287667963,5,Cream nya wangii nya enk .....,1724322690,Lebih dari 1 tahun lalu,-,True,Anonymous,0,True,False,
X Beauty 1 Paket Isi 6 Redjelly Day Peach,1287667998,5,Sangat puasss sekaliii,1724253438,Lebih dari 1 tahun lalu,-,True,Anonymous,0,False,False,
X Beauty 1 Paket Isi 6 Redjelly Day Peach,1287667941,5,Creamnya udh nyampek wajahku mkn putih glowing,1724237565,Lebih dari 1 tahun lalu,-,True,Anonymous,0,False,False,
X Beauty 1 Paket Isi 6 Redjelly Day Peach,1287667955,5,"Alhamdulillah paket sudah mendarat dengan aman, cepet banget baru kemarin chekout, hari ini udah sampai. Baru pertamaa kali , semoga cocok...",1724193817,Lebih dari 1 tahun lalu,-,True,Anonymous,0,True,False,
X Beauty 1 Paket Isi 6 Redjelly Day Peach,1287668644,5,Udah make 2 hari udh ada perubahan sdikit,1724112033,Lebih dari 1 tahun lalu,-,True,Anonymous,0,False,False,
X Beauty 1 Paket Isi 6 Redjelly Day Peach,1287668661,5,Alhamdulillah KA paket ku sudah datank dan barank ya amanah banget maksih ya KA semoga cocok di muka ku 🤲🏻🙏🏻,1724092571,Lebih dari 1 tahun lalu,-,True,Anonymous,0,True,False,
X Beauty 1 Paket Isi 6 Redjelly Day Peach,1287668672,3,Baru pertama mau nyoba tapi yg di kirim krim malam semua gk ada krim siang ya lain kali lebih teliti lagi ya soal packing,1724031879,Lebih dari 1 tahun lalu,-,True,Anonymous,0,False,False,
X Beauty 1 Paket Isi 6 Redjelly Day Peach,1287668678,2,Barang tidak lengkap yg dikirim tidak amanah tidak ada red jelly,1723999880,Lebih dari 1 tahun lalu,-,True,Anonymous,0,False,False,
X Beauty 1 Paket Isi 6 Redjelly Day Peach,1287668652,4,baru mau coba semoga cocok,1723927120,Lebih dari 1 tahun lalu,-,True,Anonymous,0,True,False,
X Beauty 1 Paket Isi 6 Redjelly Day Peach,1287668657,5,Sesuai bagus,1723913456,Lebih dari 1 tahun lalu,-,True,Anonymous,0,False,False,
X Beauty 1 Paket Isi 6 Redjelly Day Peach,1287668700,5,Mudahan cocok.. nnti lnjut pesan lagi😁,1723913339,Lebih dari 1 tahun lalu,-,True,Anonymous,0,True,False,
X Beauty 1 Paket Isi 6 Redjelly Day Peach,1287668665,1,"Produk palsu gak aman buat muka bikin rusak parah , muka saya yang awal nya gak ada jerawat,jadi jerawatan parah ,merah-merah terus ngelupas panas bgt &#34;HATI-HATI&#34; ya temen&#34;",1723897680,Lebih dari 1 tahun lalu,-,True,Anonymous,0,True,False,
X Beauty 1 Paket Isi 6 Redjelly Day Peach,1287668711,4,Alhamdulillah paket dateng dengan baik semoga aja cocok ya kak🥰,1723889782,Lebih dari 1 tahun lalu,-,True,Anonymous,0,False,False,
X Beauty 1 Paket Isi 6 Redjelly Day Peach,1287668650,4,paket nya dateng dengan selamat dan bagus,1723838996,Lebih dari 1 tahun lalu,-,True,Anonymous,0,True,False,
X Beauty 1 Paket Isi 6 Redjelly Day Peach,1287668718,5,allhamdulillah paketanya kemarin udah sampai kaka sore bgus bgt di pakai ringan untuk pemula kaya aku,1723795877,Lebih dari 1 tahun lalu,-,True,Anonymous,0,True,False,
X Beauty 1 Paket Isi 6 Redjelly Day Peach,1287668701,4,"Oke paket sudah mendarat,mati kita eksekusi",1723725358,Lebih dari 1 tahun lalu,-,True,Anonymous,0,True,False,
X Beauty 1 Paket Isi 6 Redjelly Day Peach,1287668649,5,Alkamdulilah krim nya udah sampai semoga cocok Nex pesen lagi,1723659007,Lebih dari 1 tahun lalu,-,True,Anonymous,0,False,False,
X Beauty 1 Paket Isi 6 Redjelly Day Peach,1287668708,5,Alhamdulillah cocok dimuka,1723615477,Lebih dari 1 tahun lalu,-,True,Anonymous,0,False,False,
X Beauty 1 Paket Isi 6 Redjelly Day Peach,1287668715,4,Baru mau nyoba semoga cocok,1723573454,Lebih dari 1 tahun lalu,-,True,Anonymous,0,True,False,
X Beauty 1 Paket Isi 6 Redjelly Day Peach,1287668681,5,Bagus,1723570134,Lebih dari 1 tahun lalu,-,True,Anonymous,0,False,False,
X Beauty 1 Paket Isi 6 Redjelly Day Peach,1287668697,2,"Krim malamnya kok beda kak, dari teksturnya + baunya kayak detergen.
Ini beneran ORI apa enggak?",1723484340,Lebih dari 1 tahun lalu,-,True,Anonymous,0,True,False,
X Beauty 1 Paket Isi 6 Redjelly Day Peach,1287668696,4,"Barang bagus , kurir nya juga ramah , semoga cocok",1723483448,Lebih dari 1 tahun lalu,-,True,Anonymous,0,False,False,
X Beauty 1 Paket Isi 6 Redjelly Day Peach,1287668992,5,"Masyaallah paket sdh dateng Alhmdulillah s3moga hsilnya cocok dan g gonta ganti cream lagi. Nnti setelah bbrp hr sy pakai sy ksh ulasan lagi
Bahan: Menyeram
Manfaat produk: Mencerahkan dan u bekas jerawat
Jenis kulit: Combinasi semua jenis kulit",1723462739,Lebih dari 1 tahun lalu,-,True,Anonymous,0,True,False,
X Beauty 1 Paket Isi 6 Redjelly Day Peach,1287668996,3,"Kurirnya ramah 
Pengiriman aman
Produk cukup bagus ya
Dengan harga 87.000
Bisa mendapatkan 6 pcs 
Huhuuu buruan cek out yakin gak bakal nyesel deh",1723413513,Lebih dari 1 tahun lalu,-,True,Anonymous,0,False,False,
X Beauty 1 Paket Isi 6 Redjelly Day Peach,1287668956,2,day creamnya ada 2 night creamnya gada,1723385915,Lebih dari 1 tahun lalu,-,True,Anonymous,0,False,False,
X Beauty 1 Paket Isi 6 Redjelly Day Peach,1287668967,5,Alhamdulillah ini brang yg kedua aq psan👍🏻,1723367262,Lebih dari 1 tahun lalu,-,True,Anonymous,0,True,False,
X Beauty 1 Paket Isi 6 Redjelly Day Peach,1287668951,5,Serumnya kok beda yah aromanya gak kek pertama kali gua beli tapi sesuai kok yang dipesan baru tasnya gak ada😘👍,1723308178,Lebih dari 1 tahun lalu,-,True,Anonymous,0,True,False,
X Beauty 1 Paket Isi 6 Redjelly Day Peach,1287668961,5,"Cocok banget, semenjak pake ini keluar rumah ga pake bedak lagi, tapi malah kemaren di mainin adikuu😭😭😭
memang di kulit orang beda&#34; kecocokan, tapi kalo ini mending cobain deh",1723275358,Lebih dari 1 tahun lalu,-,True,Anonymous,0,True,False,
X Beauty 1 Paket Isi 6 Redjelly Day Peach,1287668960,1,"pls bau nya ga enak bgt bikin mual, nyesel bgt beli😔",1723240374,Lebih dari 1 tahun lalu,-,True,Anonymous,0,False,False,
X Beauty 1 Paket Isi 6 Redjelly Day Peach,1287668980,4,"Kasih  bintang 4 dlu ya nanti klau hasilnya memuaskan  aku ksih bintang 5
Bahan: Lembut
Manfaat produk: crim
Jenis kulit: susah putih",1723153095,Lebih dari 1 tahun lalu,-,True,Anonymous,0,True,False,
X Beauty 1 Paket Isi 6 Redjelly Day Peach,1287668968,5,Biyar bintang yg bicara debes bngt,1723152191,Lebih dari 1 tahun lalu,-,True,Anonymous,0,False,False,
X Beauty 1 Paket Isi 6 Redjelly Day Peach,1287668953,5,Baru nemuin skincare sebagus ini,1723145391,Lebih dari 1 tahun lalu,-,True,Anonymous,0,False,False,
X Beauty 1 Paket Isi 6 Redjelly Day Peach,1287668997,5,Somoga cocok baru pertama pesan,1723140996,Lebih dari 1 tahun lalu,-,True,Anonymous,0,False,False,
X Beauty 1 Paket Isi 6 Redjelly Day Peach,1287668987,5,Mantul sih aku udh 4 hari pake dan sdh mulai keliatan hasilnya🥰,1723133820,Lebih dari 1 tahun lalu,-,True,Anonymous,0,False,False,
X Beauty 1 Paket Isi 6 Redjelly Day Peach,1287668982,5,"Selalu puass sama pesanan dan pelyanannya cepat ,kurir ramah dan langganan ,,terimkasih",1723128845,Lebih dari 1 tahun lalu,-,True,Anonymous,0,False,False,
X Beauty 1 Paket Isi 6 Redjelly Day Peach,1287668966,5,Udh dtg 😍gratis salep pelicin donggg,1723039520,Lebih dari 1 tahun lalu,-,True,Anonymous,0,False,False,
X Beauty 1 Paket Isi 6 Redjelly Day Peach,1287668993,5,Paket nya udah tiba,1723019082,Lebih dari 1 tahun lalu,-,True,Anonymous,0,False,False,
X Beauty 1 Paket Isi 6 Redjelly Day Peach,1287668964,5,Cocok🥰 ini udah mau habis satu paket mau beli lagi,1722931529,Lebih dari 1 tahun lalu,-,True,Anonymous,0,False,False,
X Beauty 1 Paket Isi 6 Redjelly Day Peach,1287668995,5,"Alhamdulillah paket udh sampai, produk ori, pngirimn crpatt",1722897345,Lebih dari 1 tahun lalu,-,True,Anonymous,0,True,False,
X Beauty 1 Paket Isi 6 Redjelly Day Peach,1287668988,4,"Paket nya udah Dateng kmaren. Baru mau coba, klo ada hasil nnti tambah Bintan 5, sayang aja GX ada pouch nya",1722870892,Lebih dari 1 tahun lalu,-,True,Anonymous,0,True,True,
X Beauty 1 Paket Isi 6 Redjelly Day Peach,1287668986,5,Baru mau coba semoga cocok di kulit aku biar jadi langganan,1722852500,Lebih dari 1 tahun lalu,-,True,Anonymous,0,False,False,
X Beauty 1 Paket Isi 6 Redjelly Day Peach,1287668981,5,belum di coba bismillahirrahmanirrahim smg cocok di muka ku klo cocok langganan di toko ini aja,1722850036,Lebih dari 1 tahun lalu,-,True,Anonymous,0,False,False,
X Beauty 1 Paket Isi 6 Redjelly Day Peach,1287669169,5,Smogaa cocok,1722782195,Lebih dari 1 tahun lalu,-,True,Anonymous,0,False,False,
X Beauty 1 Paket Isi 6 Redjelly Day Peach,1287669214,5,Bagus bangetttt rekomendasi makasi yaaa,1722773203,Lebih dari 1 tahun lalu,-,True,Anonymous,0,False,False,
X Beauty 1 Paket Isi 6 Redjelly Day Peach,1287669184,5,Sudah sampay kk semoga cocok 😘,1722722617,Lebih dari 1 tahun lalu,-,True,Anonymous,0,True,False,
X Beauty 1 Paket Isi 6 Redjelly Day Peach,1287669170,5,"Alhamdulillah cocok banget di wajah aku ❤️❤️ nih udah order yg ke2,",1722713818,Lebih dari 1 tahun lalu,-,True,Anonymous,0,False,False,
X Beauty 1 Paket Isi 6 Redjelly Day Peach,1287669195,5,"Bagusss jadi suka dehhh
Bonus salepnya dongss",1722710145,Lebih dari 1 tahun lalu,-,True,Anonymous,0,True,False,
X Beauty 1 Paket Isi 6 Redjelly Day Peach,1287669197,1,Aku pesen nya isi 6 knp datang nya cuma 3 doang krim siang sama krim malem nya nga ada serum kedingan,1722707309,Lebih dari 1 tahun lalu,-,True,Anonymous,0,True,False,
X Beauty 1 Paket Isi 6 Redjelly Day Peach,1287669181,5,Pengirimannya cepet... Mantul bnget cocok sama muka aku 🥰 bkl bli lgi di sini,1722692916,Lebih dari 1 tahun lalu,-,True,Anonymous,0,False,False,
X Beauty 1 Paket Isi 6 Redjelly Day Peach,1287669206,5,Udah pemesanan ke 3 produk emg bener2 mantul,1722684814,Lebih dari 1 tahun lalu,-,True,Anonymous,0,True,False,
X Beauty 1 Paket Isi 6 Redjelly Day Peach,1287669185,5,Bagus dan sangat wangi saya suka bau nya semoga cocok di aku,1722648638,Lebih dari 1 tahun lalu,-,True,Anonymous,0,False,False,
X Beauty 1 Paket Isi 6 Redjelly Day Peach,1287669188,5,bagus banget bru seminggu dah keliatan hasilnya,1722624602,Lebih dari 1 tahun lalu,-,True,Anonymous,0,False,False,
X Beauty 1 Paket Isi 6 Redjelly Day Peach,1287669209,4,"Kemaren baru datang krim nya,,,mudah² an cocok,klo ccok biar bisa langganan😁",1722613458,Lebih dari 1 tahun lalu,-,True,Anonymous,0,True,False,
X Beauty 1 Paket Isi 6 Redjelly Day Peach,1287669192,5,Barang bgus sesuai sama yang ada di live ..baru pertama kali nyoba semoga cocok biar jadi langganan,1722546600,Lebih dari 1 tahun lalu,-,True,Anonymous,0,True,False,
X Beauty 1 Paket Isi 6 Redjelly Day Peach,1287669207,5,Mudah²an cocok🥰,1722541990,Lebih dari 1 tahun lalu,-,True,Anonymous,0,False,False,
X Beauty 1 Paket Isi 6 Redjelly Day Peach,1287669182,5,"Order yg pertama semoga cocok dn akan order lg tentunya,,",1722528479,Lebih dari 1 tahun lalu,-,True,Anonymous,0,True,False,
X Beauty 1 Paket Isi 6 Redjelly Day Peach,1287669211,5,Makasih ya kak. Dikasih free cream pelicin juga 🥰🥰,1722523212,Lebih dari 1 tahun lalu,-,True,Anonymous,0,False,False,
X Beauty 1 Paket Isi 6 Redjelly Day Peach,1287669202,5,"Pkt nya udah saya terima ya kk semoga saya cocok 
Kalo cocok nex saya order lagi...",1722521003,Lebih dari 1 tahun lalu,-,True,Anonymous,0,True,False,
X Beauty 1 Paket Isi 6 Redjelly Day Peach,1287669208,3,Maaf baru kasih ulasan. BTW KOK Day cream nya aroma hanbody Citra yasumpah bau hb citra bngt .,1722499436,Lebih dari 1 tahun lalu,-,True,Anonymous,0,False,False,
X Beauty 1 Paket Isi 6 Redjelly Day Peach,1287669215,5,Sangat bagus,1722495580,Lebih dari 1 tahun lalu,-,True,Anonymous,0,False,False,
X Beauty 1 Paket Isi 6 Redjelly Day Peach,1287669183,4,"Manfaat produk: Blm tau
Jenis kulit: Sensitif",1722455309,Lebih dari 1 tahun lalu,-,True,Anonymous,0,False,False,
X Beauty 1 Paket Isi 6 Redjelly Day Peach,1287669200,5,Semoga cocok,1722449279,Lebih dari 1 tahun lalu,-,True,Anonymous,0,True,False,
X Beauty 1 Paket Isi 6 Redjelly Day Peach,1287669179,4,Semoga cocok .. 🙏🙏,1722431509,Lebih dari 1 tahun lalu,-,True,Anonymous,0,True,False,
X Beauty 1 Paket Isi 6 Redjelly Day Peach,1287669315,5,Tinggal menunggu hasil😍,1722323680,Lebih dari 1 tahun lalu,-,True,Anonymous,0,False,False,
X Beauty 1 Paket Isi 6 Redjelly Day Peach,1287669333,4,Aku baru mau coba semoga aja cocok makasih seler nya ramah banget semoga aja cocok d muka ku ini,1722280305,Lebih dari 1 tahun lalu,-,True,Anonymous,0,True,False,
X Beauty 1 Paket Isi 6 Redjelly Day Peach,1287669331,5,paket saya udah sampai,1722273016,Lebih dari 1 tahun lalu,-,True,Anonymous,0,False,False,
X Beauty 1 Paket Isi 6 Redjelly Day Peach,1287669338,5,"Ret jeli nya bagus enak di pake di muka jd kencang n kenyal. Tiner nya juga bagus,  cream nya aqa kurang suka",1722214039,Lebih dari 1 tahun lalu,-,True,Anonymous,0,False,False,
X Beauty 1 Paket Isi 6 Redjelly Day Peach,1287669335,5,sumpah aku pake 2 mg udah keliatan perubahanya😖 sukaaaaaa bangettt 💗💗💗💗💗💗💗,1722181751,Lebih dari 1 tahun lalu,-,True,Anonymous,0,False,False,
X Beauty 1 Paket Isi 6 Redjelly Day Peach,1287669344,5,Udah sampai kak semoga cocok terimakasih reseller,1722116823,Lebih dari 1 tahun lalu,-,True,Anonymous,0,True,False,
X Beauty 1 Paket Isi 6 Redjelly Day Peach,1287669317,5,"Sesuai 
Dengan yg di foto, packing nya rapi semoga cocok di wajah aku",1722100609,Lebih dari 1 tahun lalu,-,True,Anonymous,0,True,False,
X Beauty 1 Paket Isi 6 Redjelly Day Peach,1287669329,1,Gara² pake ini wajahku jadi rusakkk 😭😭😭😭😭,1722089271,Lebih dari 1 tahun lalu,-,True,Anonymous,0,True,False,
X Beauty 1 Paket Isi 6 Redjelly Day Peach,1287669359,1,"Tidak sesuai..
Ngga ada red jelly nya..
Padahal dari awal udah chat toko,",1722032918,Lebih dari 1 tahun lalu,-,True,Anonymous,0,False,False,
X Beauty 1 Paket Isi 6 Redjelly Day Peach,1287669346,4,"Baru nyoba sekali sangat memuaskan, semoga cocok🥰",1722027571,Lebih dari 1 tahun lalu,-,True,Anonymous,0,False,False,
X Beauty 1 Paket Isi 6 Redjelly Day Peach,1287669328,5,Bagus bngt,1722008748,Lebih dari 1 tahun lalu,-,True,Anonymous,0,False,False,
X Beauty 1 Paket Isi 6 Redjelly Day Peach,1287669354,5,Barang mendarat dengan selamat😊,1722008569,Lebih dari 1 tahun lalu,-,True,Anonymous,0,False,False,
X Beauty 1 Paket Isi 6 Redjelly Day Peach,1287669323,5,Alhamdulillah paketan Uda datang semoga cocok..ini mau dicoba barang lengkap dpat 6.satunya Uda dipakai. taruh kamar mandi😁🙏🏻,1722002957,Lebih dari 1 tahun lalu,-,True,Anonymous,0,True,False,
X Beauty 1 Paket Isi 6 Redjelly Day Peach,1287669353,4,"Paket udh smpai sesuai pesanan belum mencoba.smoga aj cocok.maaf ya aku ksi bintang 4 dlu.kalau sudh ad hsilnya Bru kasi bintang5.untuk kurir amanah,ramah.untk tokonya amanah🙏😊",1721999256,Lebih dari 1 tahun lalu,-,True,Anonymous,0,False,False,
X Beauty 1 Paket Isi 6 Redjelly Day Peach,1287669340,5,Mantap,1721998893,Lebih dari 1 tahun lalu,-,True,Anonymous,0,False,False,
X Beauty 1 Paket Isi 6 Redjelly Day Peach,1287669319,4,Baguss siih.ini order yg ke 3 kalinya tapi tas nya gak ada yg masuk satupun kak.tolong lebih teliti lagi kak.terpaksa saya kemas pakai tas kresek,1721910992,Lebih dari 1 tahun lalu,-,True,Anonymous,0,False,False,
X Beauty 1 Paket Isi 6 Redjelly Day Peach,1287669361,4,Barang sudah sampai cepet dan aman,1721903856,Lebih dari 1 tahun lalu,-,True,Anonymous,0,False,False,
X Beauty 1 Paket Isi 6 Redjelly Day Peach,1287669352,5,"bakal jd langganan, uda 2kali pesen yg kedua emg ada kesalahan pengiriman, langsung gercep kurangnya dikirim. terimakasih❤",1721903384,Lebih dari 1 tahun lalu,-,True,Anonymous,0,False,False,
X Beauty 1 Paket Isi 6 Redjelly Day Peach,1287669322,5,Baru nyoba semoga ccok,1721812661,Lebih dari 1 tahun lalu,-,True,Anonymous,0,False,False,
X Beauty 1 Paket Isi 6 Redjelly Day Peach,1287669345,5,Paketan nya dah dtng ya pekingan nya rapih bru mw coba smoga cocok trimakasih sudah amanah kk🙏😊,1721773534,Lebih dari 1 tahun lalu,-,True,Anonymous,0,False,False,
X Beauty 1 Paket Isi 6 Redjelly Day Peach,1287669348,5,"Top mantaf is the best
Baru MLM di pake, siangnya udh keliatan ada perubahan.",1721725950,Lebih dari 1 tahun lalu,-,True,Anonymous,0,False,False,
X Beauty 1 Paket Isi 6 Redjelly Day Peach,1287669682,5,Terimakasih pak kurir paket mendarat dengan selamat,1721662051,Lebih dari 1 tahun lalu,-,True,Anonymous,0,False,False,
X Beauty 1 Paket Isi 6 Redjelly Day Peach,1287669644,4,Ok,1721658338,Lebih dari 1 tahun lalu,-,True,Anonymous,0,False,False,
X Beauty 1 Paket Isi 6 Redjelly Day Peach,1287669681,4,Baru datang .. belum dicoba semoga cocok next kalo cocok bakal jadi langganan..,1721648762,Lebih dari 1 tahun lalu,-,True,Anonymous,0,True,False,
X Beauty 1 Paket Isi 6 Redjelly Day Peach,1287669665,4,"smg cocok.. 
biar bs langganan",1721598888,Lebih dari 1 tahun lalu,-,True,Anonymous,0,False,False,
X Beauty 1 Paket Isi 6 Redjelly Day Peach,1287669661,5,bgaus,1721598318,Lebih dari 1 tahun lalu,-,True,Anonymous,0,False,False,
X Beauty 1 Paket Isi 6 Redjelly Day Peach,1287669684,5,Suka sam day cream y bkin glow up mg cocok dan bisa order lg,1721589946,Lebih dari 1 tahun lalu,-,True,Anonymous,0,False,False,
X Beauty 1 Paket Isi 6 Redjelly Day Peach,1287669679,5,Baru d cobk smga cocok,1721559497,Lebih dari 1 tahun lalu,-,True,Anonymous,0,False,False,
X Beauty 1 Paket Isi 6 Redjelly Day Peach,1287669675,5,oke,1721559216,Lebih dari 1 tahun lalu,-,True,Anonymous,0,False,False,
X Beauty 1 Paket Isi 6 Redjelly Day Peach,1287669670,5,👍🏻,1721557896,Lebih dari 1 tahun lalu,-,True,Anonymous,0,False,False,
X Beauty 1 Paket Isi 6 Redjelly Day Peach,1287669658,5,"Baru Nemu skincare yang mmng betul efeknya kebukti bnget mulus dng glowing nya dari sekian bnyak skincare seperti ms glow, nuface dll baru ini kebukti bnget 3 hari udah nampak berubah nya the best sih next pemesan ke 2🥰🥰",1721510408,Lebih dari 1 tahun lalu,-,True,Anonymous,1,True,False,
X Beauty 1 Paket Isi 6 Redjelly Day Peach,1287669673,1,Ini gmna ya gda cream malem nya gini si,1721506937,Lebih dari 1 tahun lalu,-,True,Anonymous,0,True,False,
X Beauty 1 Paket Isi 6 Redjelly Day Peach,1287669653,5,Awal pemakaiann Semoga cocok di muka aku🙏🙂🙂🙂🙂,1721500674,Lebih dari 1 tahun lalu,-,True,Anonymous,0,False,False,
X Beauty 1 Paket Isi 6 Redjelly Day Peach,1287669618,2,"Ka mau tanya kok setelah pakai cream ini muka ku kaya kaku kering gitu ya ? 
Apa karna baru pakai ?",1721419467,Lebih dari 1 tahun lalu,-,True,Anonymous,0,False,False,
X Beauty 1 Paket Isi 6 Redjelly Day Peach,1287669612,5,Brang nya ok mntul smga cream nya cocok 👌🏻,1721415698,Lebih dari 1 tahun lalu,-,True,Anonymous,0,True,False,
X Beauty 1 Paket Isi 6 Redjelly Day Peach,1287669649,5,"bagusss,reall pict semua,baunya juga wangi&#34;,free totebag kecil juga,tapi saran aja si, pengemasan nya dikasih bubble wrap biar aman,tqu✨❤️",1721389851,Lebih dari 1 tahun lalu,-,True,Anonymous,0,True,False,
X Beauty 1 Paket Isi 6 Redjelly Day Peach,1287669667,5,Barang ny sesuai hasil ny pon nyata pemakaian 2 minggu udh ad perubahan sukak banget neks order lagi,1721376496,Lebih dari 1 tahun lalu,-,True,Anonymous,0,False,False,
X Beauty 1 Paket Isi 6 Redjelly Day Peach,1287669646,5,"Gak usah di ragukan lagi, bener&#34; bagus dan bikin flek cepet pudar, tadinya iseng eh malah jadi ketagihan😍",1721313379,Lebih dari 1 tahun lalu,-,True,Anonymous,0,True,True,
X Beauty 1 Paket Isi 6 Redjelly Day Peach,1287669669,5,Sampe mudah mudahan cocok,1721296193,Lebih dari 1 tahun lalu,-,True,Anonymous,0,False,False,
X Beauty 1 Paket Isi 6 Redjelly Day Peach,1287669651,5,Semoga cocok,1721237250,Lebih dari 1 tahun lalu,-,True,Anonymous,0,True,False,
X Beauty 1 Paket Isi 6 Redjelly Day Peach,1287669645,5,"Maaf  ya baru ngasih ulasan soalnya pengen liat dlu hasil nya, alhamdulillah ini sih bagus bnget bekas jerawat memudar, emg sih sempet gak pede keluar rumah karna muka ngelupas kulit nya tapi hasilnya bersih setelah pengelupasan, nex bakalan order lgi",1721207414,Lebih dari 1 tahun lalu,-,True,Anonymous,0,False,False,
X Beauty 1 Paket Isi 6 Redjelly Day Peach,1287669623,5,Bagus packing aman.amanah toko nya,1721142869,Lebih dari 1 tahun lalu,-,True,Anonymous,0,False,False,
X Beauty 1 Paket Isi 6 Redjelly Day Peach,1287669622,4,Aku coba 2x pemakaian muka kering.. Alhasil aku stop dulu,1721126364,Lebih dari 1 tahun lalu,-,True,Anonymous,0,False,False,
X Beauty 1 Paket Isi 6 Redjelly Day Peach,1287669680,5,"Packing aman,
 baru pertama coba semoga cocok dan bisa langganan 😍😍",1721112355,Lebih dari 1 tahun lalu,-,True,Anonymous,0,True,False,
X Beauty 1 Paket Isi 6 Redjelly Day Peach,1287669828,5,Packing nya rapi dan baru pertama kali mau coba skincare ini semoga cocok,1720988924,Lebih dari 1 tahun lalu,-,True,Anonymous,0,False,False,
X Beauty 1 Paket Isi 6 Redjelly Day Peach,1287669804,5,"Alhamdulillah belum abis 1 paket udah kelihatan hasil y ....td y kusem banyak bekas jerawat....mantul pokoke y
Jenis kulit: Sensitif dan banyak bekas jerawat
Bahan: Day cream y ringan dipakai gak lengket
Manfaat produk: Tambah makin cerah gak kusam lagi",1720968450,Lebih dari 1 tahun lalu,-,True,Anonymous,0,True,False,
X Beauty 1 Paket Isi 6 Redjelly Day Peach,1287669860,5,Baru mau coba semoga cocok,1720917340,Lebih dari 1 tahun lalu,-,True,Anonymous,0,False,False,
X Beauty 1 Paket Isi 6 Redjelly Day Peach,1287669826,5,Harga segitu dpat bnyakk..enak d paki tdak lengket..klo bgus nanti order lg kk👍👍,1720896967,Lebih dari 1 tahun lalu,-,True,Anonymous,0,False,False,
X Beauty 1 Paket Isi 6 Redjelly Day Peach,1287669822,5,Semoga cocok,1720891886,Lebih dari 1 tahun lalu,-,True,Anonymous,0,True,False,
X Beauty 1 Paket Isi 6 Redjelly Day Peach,1287669807,5,"Allhmdulillah cream q udah dateng emang bagus banget reallpict q udah habis 3 paket,",1720878183,Lebih dari 1 tahun lalu,-,True,Anonymous,0,True,False,
X Beauty 1 Paket Isi 6 Redjelly Day Peach,1287669845,5,Sebagus itu dimuka aku sumpah...,1720869302,Lebih dari 1 tahun lalu,-,True,Anonymous,0,False,False,
X Beauty 1 Paket Isi 6 Redjelly Day Peach,1287669805,5,bismillahirrahmanirrahim semoga cocok,1720814466,Lebih dari 1 tahun lalu,-,True,Anonymous,0,True,False,
X Beauty 1 Paket Isi 6 Redjelly Day Peach,1287669820,5,"Paket sudh di terima mksh ,cream y lembut wajah jdi putih glowing",1720802528,Lebih dari 1 tahun lalu,-,True,Anonymous,0,True,False,
X Beauty 1 Paket Isi 6 Redjelly Day Peach,1287669850,5,Mantul,1720781196,Lebih dari 1 tahun lalu,-,True,Anonymous,0,True,False,
X Beauty 1 Paket Isi 6 Redjelly Day Peach,1287669803,3,Serumnya kok beda ya tekstur SMA baunya yg pertama beli agak encer SMA baunya ga trllu nyengat lah ini tekstur lebih kental baunya jg nyengat bnget Uda gtu serumnya dipake perih LG jadi agak ragu ini palsu apa bukan ya 🤧😭,1720767417,Lebih dari 1 tahun lalu,-,True,Anonymous,0,False,False,
X Beauty 1 Paket Isi 6 Redjelly Day Peach,1287669780,1,"Saya kn pesan yg paket whitening plus juga tpi kok nggk ada di kirim ya,,yang dikirim cuma salep pelicin sama day platinum aja..",1720765081,Lebih dari 1 tahun lalu,-,True,Anonymous,0,False,False,
X Beauty 1 Paket Isi 6 Redjelly Day Peach,1287669836,1,"ini gimana sih kok gada serum nya trs red jelly nya ttupnya bedaa, nyesel bgt gua beli disini anjing",1720710606,Lebih dari 1 tahun lalu,-,True,Anonymous,0,True,False,
X Beauty 1 Paket Isi 6 Redjelly Day Peach,1287669851,5,"ru nyoba klo cocok order lg,nympe dngan utuh tanpa kekurangan apapun.",1720697831,Lebih dari 1 tahun lalu,-,True,Anonymous,0,True,False,
X Beauty 1 Paket Isi 6 Redjelly Day Peach,1287669823,4,"Pengiriman nya lama si 4 hari, harganya murce bgt deh, belum nyoba kalau cocok next beli lagi disini",1720695521,Lebih dari 1 tahun lalu,-,True,Anonymous,0,True,False,
X Beauty 1 Paket Isi 6 Redjelly Day Peach,1287670086,4,"Br mo coba mudah2n bagus,dan cocok",1720690995,Lebih dari 1 tahun lalu,-,True,Anonymous,0,True,False,
X Beauty 1 Paket Isi 6 Redjelly Day Peach,1287670090,4,Belum dicoba semoga cocok sama kulit aku☺😍😍😍😍,1720617942,Lebih dari 1 tahun lalu,-,True,Anonymous,0,False,False,
X Beauty 1 Paket Isi 6 Redjelly Day Peach,1287670097,3,"Baru pertma x mesan ,2pcs .cman tinggal 1 pakt blum dkrim",1720550423,Lebih dari 1 tahun lalu,-,True,Anonymous,0,True,False,
X Beauty 1 Paket Isi 6 Redjelly Day Peach,1287670124,3,Awal coba sih gpp tpi ko lama kelamaan perih trus kulitnya jadi mengelupass pdhl baru 6 hari,1720527102,Lebih dari 1 tahun lalu,-,True,Anonymous,0,False,False,
X Beauty 1 Paket Isi 6 Redjelly Day Peach,1287670099,5,paket aku dah sampai,1720526652,Lebih dari 1 tahun lalu,-,True,Anonymous,0,False,False,
X Beauty 1 Paket Isi 6 Redjelly Day Peach,1287670127,4,"Bagus ini yg ke 2 x nya sabunya beda wanginya,.",1720524764,Lebih dari 1 tahun lalu,-,True,Anonymous,0,True,False,
X Beauty 1 Paket Isi 6 Redjelly Day Peach,1287670095,5,Ini baru coba pertama kali yaa mudahan cocok,1720519170,Lebih dari 1 tahun lalu,-,True,Anonymous,0,False,False,
X Beauty 1 Paket Isi 6 Redjelly Day Peach,1287670083,3,Moga cocok,1720517913,Lebih dari 1 tahun lalu,-,True,Anonymous,0,False,False,
X Beauty 1 Paket Isi 6 Redjelly Day Peach,1287670093,5,"Bru kasih ulasan, pngen liat dulu hasil ny dan ternyata bagus bnget dong cocok bnget di muka aku ini hasil udh hbis 1 paket. Dan aku beli lagi 🥰",1720468470,Lebih dari 1 tahun lalu,-,True,Anonymous,0,True,False,
X Beauty 1 Paket Isi 6 Redjelly Day Peach,1287670129,5,Barang di terima,1720458876,Lebih dari 1 tahun lalu,-,True,Anonymous,0,False,False,
X Beauty 1 Paket Isi 6 Redjelly Day Peach,1287670081,4,ga ada serumnya.,1720455904,Lebih dari 1 tahun lalu,-,True,Anonymous,0,True,False,
X Beauty 1 Paket Isi 6 Redjelly Day Peach,1287670116,5,Bagussss cocok,1720436691,Lebih dari 1 tahun lalu,-,True,Anonymous,0,False,False,
X Beauty 1 Paket Isi 6 Redjelly Day Peach,1287670089,4,"barang udh nyampe,pertama kali nyoba smoga cocok☺️",1720376955,Lebih dari 1 tahun lalu,-,True,Anonymous,0,False,False,
X Beauty 1 Paket Isi 6 Redjelly Day Peach,1287670110,3,Tolong ini lanjut apa trus kalau kulit ky gin?,1720344428,Lebih dari 1 tahun lalu,-,True,Anonymous,0,True,False,
X Beauty 1 Paket Isi 6 Redjelly Day Peach,1287670114,3,Semoga cocok,1720296751,Lebih dari 1 tahun lalu,-,True,Anonymous,0,True,False,
X Beauty 1 Paket Isi 6 Redjelly Day Peach,1287670088,5,"Alhamdulillah paket aku udah sampe dengan selamat, engga ada yang kurang, next order lagi 🥰",1720290760,Lebih dari 1 tahun lalu,-,True,Anonymous,0,True,False,
X Beauty 1 Paket Isi 6 Redjelly Day Peach,1287670079,5,Bgus,1720290287,Lebih dari 1 tahun lalu,-,True,Anonymous,0,False,False,
X Beauty 1 Paket Isi 6 Redjelly Day Peach,1287670120,5,Alhamdulillah sudah nyampek semoga cocok,1720289614,Lebih dari 1 tahun lalu,-,True,Anonymous,0,True,False,
X Beauty 1 Paket Isi 6 Redjelly Day Peach,1287670100,4,Semoga cocok ya 😊,1720270987,Lebih dari 1 tahun lalu,-,True,Anonymous,0,True,False,
X Beauty 1 Paket Isi 6 Redjelly Day Peach,1287670105,4,Semoga cocok baru pertama kali,1720269813,Lebih dari 1 tahun lalu,-,True,Anonymous,0,True,False,
X Beauty 1 Paket Isi 6 Redjelly Day Peach,1287670101,5,Semoga cocok dimuka aku,1720256450,Lebih dari 1 tahun lalu,-,True,Anonymous,0,False,False,
X Beauty 1 Paket Isi 6 Redjelly Day Peach,1287670111,5,makasih kak udah dateng ...,1720183810,Lebih dari 1 tahun lalu,-,True,Anonymous,0,True,False,
X Beauty 1 Paket Isi 6 Redjelly Day Peach,1287670082,5,Coba duluu sapa tau cocok 😌,1720127774,Lebih dari 1 tahun lalu,-,True,Anonymous,0,False,False,
X Beauty 1 Paket Isi 6 Redjelly Day Peach,1287670078,5,"Bagus,sesuai",1720125194,Lebih dari 1 tahun lalu,-,True,Anonymous,0,True,False,
X Beauty 1 Paket Isi 6 Redjelly Day Peach,1287670277,5,Cocok,1720121369,Lebih dari 1 tahun lalu,-,True,Anonymous,0,False,False,
X Beauty 1 Paket Isi 6 Redjelly Day Peach,1287670273,5,Paketnya bener2 realpict banget mudah2an cocok d muka aku yaa pengirimanya cuman agak lama doang tapi gapapa yg penting paketnya datang gada kekurangan apapun next pasti bakalan order dan bakalan jadi langganan nih..,1720113959,Lebih dari 1 tahun lalu,-,True,Anonymous,0,True,False,
X Beauty 1 Paket Isi 6 Redjelly Day Peach,1287670357,5,Sumpah kaget banget pas dateng kemasannya ternyata lumayan besar. Bismillah cocok sama skincare ini nanti bakalan order terus,1720029148,Lebih dari 1 tahun lalu,-,True,Anonymous,0,False,False,
X Beauty 1 Paket Isi 6 Redjelly Day Peach,1287670358,4,Bintang 4 dlu klo ada perubahan bru bintang 5,1720016258,Lebih dari 1 tahun lalu,-,True,Anonymous,0,False,False,
X Beauty 1 Paket Isi 6 Redjelly Day Peach,1287670355,5,"Bagus , cream nya g gerah ,, mudah2 Han cocok trus",1720003524,Lebih dari 1 tahun lalu,-,True,Anonymous,0,False,False,
X Beauty 1 Paket Isi 6 Redjelly Day Peach,1287670340,4,Ini ada vidio unboxing nya tapi durasi nya kepanjangan jadi saya kirim dari inbox aja ya kak:),1719957760,Lebih dari 1 tahun lalu,-,True,Anonymous,0,False,False,
X Beauty 1 Paket Isi 6 Redjelly Day Peach,1287670323,5,Masih di coba semoga cocok,1719948094,Lebih dari 1 tahun lalu,-,True,Anonymous,0,True,False,
X Beauty 1 Paket Isi 6 Redjelly Day Peach,1287670371,3,Aku suka bgus bnget,1719944918,Lebih dari 1 tahun lalu,-,True,Anonymous,0,False,False,
X Beauty 1 Paket Isi 6 Redjelly Day Peach,1287670361,5,Mudah2an cocok di aku,1719942645,Lebih dari 1 tahun lalu,-,True,Anonymous,0,True,False,
X Beauty 1 Paket Isi 6 Redjelly Day Peach,1287670370,5,Alhamdulillah sudah sampai semoga cocok,1719926757,Lebih dari 1 tahun lalu,-,True,Anonymous,0,True,False,
X Beauty 1 Paket Isi 6 Redjelly Day Peach,1287670356,5,"Barang tidak ad yg lecet 
Semuanya bagus👍👍",1719881184,Lebih dari 1 tahun lalu,-,True,Anonymous,0,False,False,
X Beauty 1 Paket Isi 6 Redjelly Day Peach,1287670352,5,Blom dicoba smoga cocok 🤲,1719865019,Lebih dari 1 tahun lalu,-,True,Anonymous,0,False,False,
X Beauty 1 Paket Isi 6 Redjelly Day Peach,1287670349,5,Sesuai Dengan Pesanan,1719828656,Lebih dari 1 tahun lalu,-,True,Anonymous,0,True,False,
X Beauty 1 Paket Isi 6 Redjelly Day Peach,1287670374,5,Alhamdulillah paket sudah sampe smga cocok Aamiin ya rabbal alamin 🤲🏻,1719792107,Lebih dari 1 tahun lalu,-,True,Anonymous,0,False,False,
X Beauty 1 Paket Isi 6 Redjelly Day Peach,1287670343,5,"Barang sudah sampai, semoga cocok ya dimuka aku",1719786194,Lebih dari 1 tahun lalu,-,True,Anonymous,0,False,False,
X Beauty 1 Paket Isi 6 Redjelly Day Peach,1287670364,5,"Haruuumm, ngeblandnya enak pol. Semoga aku cocok. Mukaku sah putih pol soalnya. Pengen punya muka glowing licin putih kek orang2",1719769291,Lebih dari 1 tahun lalu,-,True,Anonymous,0,False,False,
X Beauty 1 Paket Isi 6 Redjelly Day Peach,1287670347,4,Baru mau coba semoga cocok dimuka aku,1719690895,Lebih dari 1 tahun lalu,-,True,Anonymous,0,False,False,
X Beauty 1 Paket Isi 6 Redjelly Day Peach,1287670321,5,"Kemasan rapi ,,produknya pun juga lengkap,,,SMG cocok di wajah aku biar bisa tetap berlangganan",1719690719,Lebih dari 1 tahun lalu,-,True,Anonymous,0,False,False,
X Beauty 1 Paket Isi 6 Redjelly Day Peach,1287670373,5,Semoga cocok,1719590082,Lebih dari 1 tahun lalu,-,True,Anonymous,0,True,False,
X Beauty 1 Paket Isi 6 Redjelly Day Peach,1287670366,5,"Bagus ngelupas d kulit angkat sel mati , jadi lbh bersih d wajahku, ni mau bli lg krn sdh mau hbs 1 pdkt🩷",1719576799,Lebih dari 1 tahun lalu,-,True,Anonymous,0,False,False,
X Beauty 1 Paket Isi 6 Redjelly Day Peach,1287670723,4,"Baru mau coba semoga cocok,kemasan bagus rapi",1719505932,Lebih dari 1 tahun lalu,-,True,Anonymous,0,False,False,
X Beauty 1 Paket Isi 6 Redjelly Day Peach,1287670717,4,"Maaf d kasih bintang 4 dulu ya nanti kalo cocok q pesen lagi dan q kasih bintang 5 heheheh 
Bismillah semoga cocok",1719466170,Lebih dari 1 tahun lalu,-,True,Anonymous,0,True,False,
X Beauty 1 Paket Isi 6 Redjelly Day Peach,1287670732,5,"Semoga cocok 🤲🤲
Cuci mukanya udah dikm Ndak ikut ke fto hehe",1719446556,Lebih dari 1 tahun lalu,-,True,Anonymous,0,True,False,
X Beauty 1 Paket Isi 6 Redjelly Day Peach,1287670751,5,Kemasannya bgus aman mudah2han aku coock deh,1719404816,Lebih dari 1 tahun lalu,-,True,Anonymous,0,False,False,
X Beauty 1 Paket Isi 6 Redjelly Day Peach,1287670748,5,Masya Allah Kaka .  Produknya bagus bngtt ❤️,1719244106,Lebih dari 1 tahun lalu,-,True,Anonymous,0,True,False,
X Beauty 1 Paket Isi 6 Redjelly Day Peach,1287670734,5,"Masyah Allah paketnya udah nyampe,,,semoga cocok di wajahku karna ini pertama mau nyoba😘🤗",1719243048,Lebih dari 1 tahun lalu,-,True,Anonymous,0,True,False,
X Beauty 1 Paket Isi 6 Redjelly Day Peach,1287670735,5,Alhmdulillah paketnya dh nympek semoga ccok di muka aku,1719240193,Lebih dari 1 tahun lalu,-,True,Anonymous,0,False,False,
X Beauty 1 Paket Isi 6 Redjelly Day Peach,1287670700,5,Sangat rekomen bgt bagus untuk kulit wajah padahal baru 1 x pemakaian... Suka bgt😍🥰,1719221208,Lebih dari 1 tahun lalu,-,True,Anonymous,0,False,False,
X Beauty 1 Paket Isi 6 Redjelly Day Peach,1287670728,5,pemakaian blom ad seminggu udh secerah dan seglowing ini .btw sabun cuci muka ny ad tpi mls ambilnya,1719155840,Lebih dari 1 tahun lalu,-,True,Anonymous,0,True,False,
X Beauty 1 Paket Isi 6 Redjelly Day Peach,1287670709,5,sebenarnya sih belum nyoba cocok ngak nya tp mudah*an aja cocok sih biar bisa langanan aku dari ABC pindah ke cream ini,1719059580,Lebih dari 1 tahun lalu,-,True,Anonymous,0,False,False,
X Beauty 1 Paket Isi 6 Redjelly Day Peach,1287670699,3,Creamny bagus tpi baju gk enak,1719014678,Lebih dari 1 tahun lalu,-,True,Anonymous,0,False,False,
X Beauty 1 Paket Isi 6 Redjelly Day Peach,1287670736,5,paket saya dah sampai,1718996167,Lebih dari 1 tahun lalu,-,True,Anonymous,0,False,False,
X Beauty 1 Paket Isi 6 Redjelly Day Peach,1287670715,5,"Sempet ada kendala, tapi ownernya baik lgsg gercep respon. sudah jadi langganan disini dan aplikasi orange karna produknya bagusss 😍😍😍",1718972249,Lebih dari 1 tahun lalu,-,True,Anonymous,0,True,False,
X Beauty 1 Paket Isi 6 Redjelly Day Peach,1287670710,3,Smntra TK ksih bintang 3 dlu ya kk...soalny baru mau pakek nti kalo dh liat hasilnya TK tmbahin bntng ny...mksih barang mndrt dengan slamat 🥰🥳,1718916291,Lebih dari 1 tahun lalu,-,True,Anonymous,0,True,False,
X Beauty 1 Paket Isi 6 Redjelly Day Peach,1287670713,3,Paket whitening plus read jelly nya lengkap.. Cuma kurang salep pelicinya gk ada kak,1718716036,Lebih dari 1 tahun lalu,-,True,Anonymous,0,True,True,
X Beauty 1 Paket Isi 6 Redjelly Day Peach,1287670712,1,Pas saya pake lngsng muka saya jadi breakout bnyak bintik&#34; rill,1718699570,Lebih dari 1 tahun lalu,-,True,Anonymous,0,False,False,
X Beauty 1 Paket Isi 6 Redjelly Day Peach,1287670706,5,Kualitas sangat baik,1718658124,Lebih dari 1 tahun lalu,-,True,Anonymous,0,False,False,
X Beauty 1 Paket Isi 6 Redjelly Day Peach,1287670704,5,Baru pertama nyobak semoga cocok,1718655106,Lebih dari 1 tahun lalu,-,True,Anonymous,0,True,False,
X Beauty 1 Paket Isi 6 Redjelly Day Peach,1287670947,5,"Nitip before dulu ya ges yak 
Ini langsung aku pake krim paginya
Tekstur bagus cepat meresap gampang di ratain
Semoga cocok biar bisa langganan
Capek gonta ganti skincare",1718466145,Lebih dari 1 tahun lalu,-,True,Anonymous,0,False,False,
X Beauty 1 Paket Isi 6 Redjelly Day Peach,1287670982,5,👍🏻,1718385418,Lebih dari 1 tahun lalu,-,True,Anonymous,0,False,False,
X Beauty 1 Paket Isi 6 Redjelly Day Peach,1287670972,5,wahhh the best sekales.. tp po nya lama ya tp gpp semoga ccok.. nanti nex beli lagi😘,1718381298,Lebih dari 1 tahun lalu,-,True,Anonymous,0,True,False,
X Beauty 1 Paket Isi 6 Redjelly Day Peach,1287670964,5,Semoga cocok,1718303802,Lebih dari 1 tahun lalu,-,True,Anonymous,0,True,False,
X Beauty 1 Paket Isi 6 Redjelly Day Peach,1287670987,5,Baru mau nyoba tapi cakep banget baru pake sekali udh keliahan hasilnya,1718212340,Lebih dari 1 tahun lalu,-,True,Anonymous,0,True,False,
X Beauty 1 Paket Isi 6 Redjelly Day Peach,1287670974,4,baru mau coba semoga cocok,1718179895,Lebih dari 1 tahun lalu,-,True,Anonymous,0,True,False,
X Beauty 1 Paket Isi 6 Redjelly Day Peach,1287670973,4,Kasi bintang 4 dulu..belum di coba soalnya,1718116136,Lebih dari 1 tahun lalu,-,True,Anonymous,0,False,False,
X Beauty 1 Paket Isi 6 Redjelly Day Peach,1287670978,5,Semoga cocok yaa,1718103445,Lebih dari 1 tahun lalu,-,True,Anonymous,0,True,False,
X Beauty 1 Paket Isi 6 Redjelly Day Peach,1287670985,5,Cepet nyampe nya mudah2 Han cocok,1718053738,Lebih dari 1 tahun lalu,-,True,Anonymous,0,True,False,
X Beauty 1 Paket Isi 6 Redjelly Day Peach,1287670943,5,"Awal&#34; kaget pada kelupas. 
Kulit ya. 

Alhamdulillah skrng udh aga putih bekas &#34; jerawat mulai hilang 
Semoga cocok!!",1718043110,Lebih dari 1 tahun lalu,-,True,Anonymous,0,False,False,
X Beauty 1 Paket Isi 6 Redjelly Day Peach,1287670983,5,"Gk ke itung lagi keberapa kali nya order, cocok banget pake x beauty ini gk bikin ketergantungan pas berenti makenya",1717974443,Lebih dari 1 tahun lalu,-,True,Anonymous,0,False,False,
X Beauty 1 Paket Isi 6 Redjelly Day Peach,1287670961,1,"Plisss, sedikit kecewa paket yang ditunggu tunggu pas dateng yang d kirim, cream selang semua 😭 ,",1717884523,Lebih dari 1 tahun lalu,-,True,Anonymous,0,True,False,
X Beauty 1 Paket Isi 6 Redjelly Day Peach,1287670957,4,"Alhamdulillah paket nya baru aja sampe, baru pertama kali coba mudah2an aja cocok,paket nya aman dan enggak ada yang kurang, next order lagi makasih seller dan Abang kurir nya ramah udah langganan juga 🥰",1717846624,Lebih dari 1 tahun lalu,-,True,Anonymous,0,True,False,
X Beauty 1 Paket Isi 6 Redjelly Day Peach,1287670971,5,Baru mau coba smoga cocok,1717712198,Lebih dari 1 tahun lalu,-,True,Anonymous,0,False,False,
X Beauty 1 Paket Isi 6 Redjelly Day Peach,1287671161,5,Baik,1717618573,Lebih dari 1 tahun lalu,-,True,Anonymous,0,False,False,
X Beauty 1 Paket Isi 6 Redjelly Day Peach,1287671157,5,Mantull 👌,1717609631,Lebih dari 1 tahun lalu,-,True,Anonymous,0,False,False,
X Beauty 1 Paket Isi 6 Redjelly Day Peach,1287671165,5,Seneng di bikin puas,1717568736,Lebih dari 1 tahun lalu,-,True,Anonymous,0,False,False,
X Beauty 1 Paket Isi 6 Redjelly Day Peach,1287671184,5,Semoga cocok pemakaian pertama,1717537554,Lebih dari 1 tahun lalu,-,True,Anonymous,0,False,False,
X Beauty 1 Paket Isi 6 Redjelly Day Peach,1287671179,5,Baru d coba,1717531049,Lebih dari 1 tahun lalu,-,True,Anonymous,0,True,False,
X Beauty 1 Paket Isi 6 Redjelly Day Peach,1287671183,4,Baru nyoba sih semoga cocok,1717493720,Lebih dari 1 tahun lalu,-,True,Anonymous,0,False,False,
X Beauty 1 Paket Isi 6 Redjelly Day Peach,1287671197,5,"kemasan oke,baru pertama mau pakai semoga cocok di aku yg kulitnya susah bgt putih😌",1717413452,Lebih dari 1 tahun lalu,-,True,Anonymous,0,False,False,
X Beauty 1 Paket Isi 6 Redjelly Day Peach,1287671156,4,"Baru mau coba 
Semoga cocok yaa kak
Creamnya wangi",1717409565,Lebih dari 1 tahun lalu,-,True,Anonymous,0,False,True,
X Beauty 1 Paket Isi 6 Redjelly Day Peach,1287671202,5,Smogh cck,1717241330,Lebih dari 1 tahun lalu,-,True,Anonymous,0,False,False,
X Beauty 1 Paket Isi 6 Redjelly Day Peach,1287671166,1,Red jelly nya kaya sepuan warna nya g ilg d tngan,1717204303,Lebih dari 1 tahun lalu,-,True,Anonymous,0,False,False,
X Beauty 1 Paket Isi 6 Redjelly Day Peach,1287671169,4,Blm seminggu hasil y lumayan cmn cream mlm y agak perih,1717112862,Lebih dari 1 tahun lalu,-,True,Anonymous,0,True,False,
X Beauty 1 Paket Isi 6 Redjelly Day Peach,1287671173,5,"Bahan: Aman
Manfaat produk: Menghaluskan tekstur kulit
Jenis kulit: Normal",1716666343,Lebih dari 1 tahun lalu,-,True,Anonymous,0,False,False,
X Beauty 1 Paket Isi 6 Redjelly Day Peach,1287671408,5,yeyyy masyallah aku finally bisa fto tanpa efek bner&#34; mantul pokoke ga nysel😍pdhal bru satu paket tapi hasil nya mantul🥹🌷🌷🌷🌷,1716657179,Lebih dari 1 tahun lalu,-,True,Anonymous,0,False,False,
X Beauty 1 Paket Isi 6 Redjelly Day Peach,1287671414,5,udaa sampee semoga cocok dehhh,1716634472,Lebih dari 1 tahun lalu,-,True,Anonymous,0,True,False,
X Beauty 1 Paket Isi 6 Redjelly Day Peach,1287671405,1,"Baru dua kalau pakai
Malah kulit wajahku kelupas semua, di tambah perih, kemerahan lagi
Ini pelajaran yahh
Lain kali jangan cepat tergoda 👺",1716634150,Lebih dari 1 tahun lalu,-,True,Anonymous,0,True,False,
X Beauty 1 Paket Isi 6 Redjelly Day Peach,1287671452,4,"Belum di coba 
Semoga cocok",1716486261,Lebih dari 1 tahun lalu,-,True,Anonymous,0,False,False,
X Beauty 1 Paket Isi 6 Redjelly Day Peach,1287671422,4,"barang dah sampai,mudah”an cocok🥰",1716482075,Lebih dari 1 tahun lalu,-,True,Anonymous,0,True,False,
X Beauty 1 Paket Isi 6 Redjelly Day Peach,1287671404,5,Skincare mendarat dgn aman .. makasih puas banget semoga jadi langganan kurir nya juga baik semoga cocok ya biar terus pake skincare ini,1716457521,Lebih dari 1 tahun lalu,-,True,Anonymous,0,False,True,
X Beauty 1 Paket Isi 6 Redjelly Day Peach,1287671412,5,bagus barang nyh semiga cocok di muka aku ko aku gk dapet tas nyh si,1716452732,Lebih dari 1 tahun lalu,-,True,Anonymous,0,False,False,
X Beauty 1 Paket Isi 6 Redjelly Day Peach,1287671418,4,Kecewa paketan nya kurang serum nya ...,1716383783,Lebih dari 1 tahun lalu,-,True,Anonymous,0,False,False,
X Beauty 1 Paket Isi 6 Redjelly Day Peach,1287671416,5,"Paket udah sampai tpi pengemasannya gk rapi,masa pake dus aja polos gak pake plastik/ bublewrap lgi,trus gk dapet free tasnya juga,untuk barangnya sih sesuai yg di pesan gak ada yg kurang satupun,di sayangkan dri pengemesannya aja,lain kali lebih rapih yaa.",1716282778,Lebih dari 1 tahun lalu,-,True,Anonymous,0,True,True,
X Beauty 1 Paket Isi 6 Redjelly Day Peach,1287671430,4,"packing rapi kemasan produk bagus
baru pertama coba moga cocok sm kulir wajah aq
pgiriman jg cepat
thax seller next kalau aq order lg aq kasih bintang 5",1716203877,Lebih dari 1 tahun lalu,-,True,Anonymous,0,True,False,
X Beauty 1 Paket Isi 6 Redjelly Day Peach,1287671461,5,"Sesuai pesanan,lengkap,semoga cocok",1716149717,Lebih dari 1 tahun lalu,-,True,Anonymous,0,False,False,
X Beauty 1 Paket Isi 6 Redjelly Day Peach,1287671431,5,Aku pake pertama kali bagussss bgtttt bakal jadi toko langganan❤️😭 di foto kurang 1 fw karna udh aku pake taro ke kmr mandi,1716118969,Lebih dari 1 tahun lalu,-,True,Anonymous,0,True,False,
X Beauty 1 Paket Isi 6 Redjelly Day Peach,1287671409,5,Gak nyeselllll awalnya ragu gitu ternyata cocok di muka aku baru kali ini beli skincare langsung cocok ke aku😭 sengaja baru ngasih usulan ini aku pemakaian 1minggu lebih ya kak belum sebulan loh udh sebagus ini cuma awal awal kering aja muka sekarang udh cerah pol♥️ini no efek ya sm² bangun tidur😍,1715979981,Lebih dari 1 tahun lalu,-,True,Anonymous,0,True,False,
X Beauty 1 Paket Isi 6 Redjelly Day Peach,1287671425,5,Semoga cocok 🙏,1715964614,Lebih dari 1 tahun lalu,-,True,Anonymous,0,False,False,
X Beauty 1 Paket Isi 6 Redjelly Day Peach,1287671455,4,"Alhamdulillah mendarat dengan selamat tidak ada yang lecet sedikitpun, dan saya cek juga semuanya sudah BPOM🥰 semoga cocok. 
Ttip Poto Before nya😁",1715959194,Lebih dari 1 tahun lalu,-,True,Anonymous,0,True,False,
X Beauty 1 Paket Isi 6 Redjelly Day Peach,1287671459,5,Paketnya udh sampai semoga cocok di wajah aku,1715937148,Lebih dari 1 tahun lalu,-,True,Anonymous,0,False,False,
X Beauty 1 Paket Isi 6 Redjelly Day Peach,1287671403,5,"Baru pemakaian 4 hari udh keliatan hasilnya ga nyesel si beli di toko ini🥰
Next bakalan order lgi si🥰",1715899103,Lebih dari 1 tahun lalu,-,True,Anonymous,0,True,False,
X Beauty 1 Paket Isi 6 Redjelly Day Peach,1287671569,5,Semoga cocok dan langsung glowing pengemasan rapih 👍 klo cocok nnti dijadiin langganan,1715860222,Lebih dari 1 tahun lalu,-,True,Anonymous,0,True,False,
X Beauty 1 Paket Isi 6 Redjelly Day Peach,1287671558,5,Bagus bgt hasile,1715859946,Lebih dari 1 tahun lalu,-,True,Anonymous,0,False,False,
X Beauty 1 Paket Isi 6 Redjelly Day Peach,1287671554,5,"Bismillah semoga cocok , Alhamdulillah toko amanah terima kasih seller🙏🙏😇😇",1715855365,Lebih dari 1 tahun lalu,-,True,Anonymous,0,False,False,
X Beauty 1 Paket Isi 6 Redjelly Day Peach,1287671557,5,"Baru prtma kali pke, semoga aj cocok d kulitku yg susah glowing 🙏 trnyta day cream nya mantul bgt aku suka. Dan buat kak ayu mksih udh d ksih tau step by stepnya dn juga cara bikin glowing ya 🙏😍",1715841427,Lebih dari 1 tahun lalu,-,True,Anonymous,0,True,False,
X Beauty 1 Paket Isi 6 Redjelly Day Peach,1287671550,3,"Paketnya udh dateng, realpict isi 6. Semoga cocok di muka ku dan bisa mencerahkan. Kasih bintang 3 dulu karna belum d pake",1715712854,Lebih dari 1 tahun lalu,-,True,Anonymous,0,True,False,
X Beauty 1 Paket Isi 6 Redjelly Day Peach,1287671624,5,"Baru pertama kali coba, mudah²an cocok di aku, biar bisa langganan ditoko ini👍",1715680565,Lebih dari 1 tahun lalu,-,True,Anonymous,0,False,False,
X Beauty 1 Paket Isi 6 Redjelly Day Peach,1287671617,5,Bismillah semoga cocok baru coba krim in,1715530614,Lebih dari 1 tahun lalu,-,True,Anonymous,0,False,True,
X Beauty 1 Paket Isi 6 Redjelly Day Peach,1287671579,5,Bismilaaaahhhh...cocok🤩,1715459513,Lebih dari 1 tahun lalu,-,True,Anonymous,0,False,True,
X Beauty 1 Paket Isi 6 Redjelly Day Peach,1287671565,3,Semprotan tonner nya ga berfungsi . Smoga cocok ya,1715423543,Lebih dari 1 tahun lalu,-,True,Anonymous,0,False,False,
X Beauty 1 Paket Isi 6 Redjelly Day Peach,1287671574,5,"Sudh sampe,bgus mudh2n cocok",1715378330,Lebih dari 1 tahun lalu,-,True,Anonymous,0,False,False,
X Beauty 1 Paket Isi 6 Redjelly Day Peach,1287671563,5,Semoga cocok 🫶,1715120901,Lebih dari 1 tahun lalu,-,True,Anonymous,0,True,False,
X Beauty 1 Paket Isi 6 Redjelly Day Peach,1287671566,5,Asli sih suka banget sama produk ini insya Allah nanti order lagi,1715011294,Lebih dari 1 tahun lalu,-,True,Anonymous,0,False,False,
X Beauty 1 Paket Isi 6 Redjelly Day Peach,1287671622,4,"4 hari pemakaian kulitku cekit² panas apa emg spt itu ya, terus 
Pesan 2 paket plus red jely dikirim 1 paket, tp dikirim lg sama si kk nya, dan sangat di sayangkan red jely ga ada mungkin ga fokus lain kali teliti ya",1714827867,Lebih dari 1 tahun lalu,-,True,Anonymous,0,True,False,
X Beauty 1 Paket Isi 6 Redjelly Day Peach,1287671580,5,Puassss,1714770409,Lebih dari 1 tahun lalu,-,True,Anonymous,0,False,False,
X Beauty 1 Paket Isi 6 Redjelly Day Peach,1287671578,5,Barang sudah sampai terimakasih kak 🤗🤗👍👍👍👍👍,1714757721,Lebih dari 1 tahun lalu,-,True,Anonymous,0,True,False,
X Beauty 1 Paket Isi 6 Redjelly Day Peach,1287671716,5,"Bagus ,amanah juga datang sesuai di poto nya 6 item pertahankan y kak",1714751341,Lebih dari 1 tahun lalu,-,True,Anonymous,0,True,False,
X Beauty 1 Paket Isi 6 Redjelly Day Peach,1287671808,5,"Barang sesuai GK mengecewakan,,semoga cocok y capek Gonta ganti skincare Mulu😪",1714744800,Lebih dari 1 tahun lalu,-,True,Anonymous,0,False,False,
X Beauty 1 Paket Isi 6 Redjelly Day Peach,1287671724,5,Barangnya sudah sampai maksih,1714677698,Lebih dari 1 tahun lalu,-,True,Anonymous,0,False,False,
X Beauty 1 Paket Isi 6 Redjelly Day Peach,1287671824,3,"Serum sm red jellynya beda, semoga cocok deh.",1714671716,Lebih dari 1 tahun lalu,-,True,Anonymous,0,True,False,
X Beauty 1 Paket Isi 6 Redjelly Day Peach,1287671798,5,Paket uda smpai barng nya lengkap tnpa kurang 1 pun smoga bisa jd langganan,1714482726,Lebih dari 1 tahun lalu,-,True,Anonymous,0,False,False,
X Beauty 1 Paket Isi 6 Redjelly Day Peach,1287671775,3,"Paket bru dtg blm bru di cobaa,,prtma cra pakai nya gmna yah ini ada 5 item",1714224502,Lebih dari 1 tahun lalu,-,True,Anonymous,0,True,False,
X Beauty 1 Paket Isi 6 Redjelly Day Peach,1287671723,5,"Manfaat produk: Buat mencerahkan
Barang sesuai semoga cocok baru mencoba",1714125158,Lebih dari 1 tahun lalu,-,True,Anonymous,0,True,False,
X Beauty 1 Paket Isi 6 Redjelly Day Peach,1287671715,5,"Jenis kulit: Berminyak
Manfaat produk: Mencerahkan
Cuma nunggu 1 hari lngsung datang duh apa lagi skincarenya lembut bgt lovv bgt pokok",1714066172,Lebih dari 1 tahun lalu,-,True,Anonymous,0,True,False,
X Beauty 1 Paket Isi 6 Redjelly Day Peach,1287671790,5,Bagus,1713806894,Lebih dari 1 tahun lalu,-,True,Anonymous,0,False,False,
X Beauty 1 Paket Isi 6 Redjelly Day Peach,1287671813,5,Paket nya Uda sampek dengan slamat terima kasih ya semuga cocok di muka aku.🫰🥰🥰,1713794460,Lebih dari 1 tahun lalu,-,True,Anonymous,0,True,False,
X Beauty 1 Paket Isi 6 Redjelly Day Peach,1287671720,4,"Alhamdulillah paket udah nyampe, mdah&#34;n cocok d kulit bdak aku😁",1713723876,Lebih dari 1 tahun lalu,-,True,Anonymous,0,False,False,
X Beauty 1 Paket Isi 6 Redjelly Day Peach,1287671722,4,Cream nya enakeun semuanya. Mudah2an cocok,1713719631,Lebih dari 1 tahun lalu,-,True,Anonymous,0,False,False,
X Beauty 1 Paket Isi 6 Redjelly Day Peach,1287671816,5,Belum nyobain sih... Cuman suka liat nya mewah gtuuu😁,1713563229,Lebih dari 1 tahun lalu,-,True,Anonymous,0,True,False,
X Beauty 1 Paket Isi 6 Redjelly Day Peach,1287671823,4,Baru pertama kali coba,1713556302,Lebih dari 1 tahun lalu,-,True,Anonymous,0,False,False,
X Beauty 1 Paket Isi 6 Redjelly Day Peach,1287671794,5,"Udah ada perubahan, tapi krim malamnya bau obat.",1713034616,Lebih dari 1 tahun lalu,-,True,Anonymous,0,False,False,
X Beauty 1 Paket Isi 6 Redjelly Day Peach,1287671991,5,"Alhmdllh yg d tunggu datang juga,boga aja cocok kalau cocok mau pesen lagi",1712637524,Lebih dari 1 tahun lalu,-,True,Anonymous,0,False,False,
X Beauty 1 Paket Isi 6 Redjelly Day Peach,1287671983,5,"Manfaat produk: Mencerahkan kulit
Jenis kulit: Kulit hitam",1712348211,Lebih dari 1 tahun lalu,-,True,Anonymous,0,False,False,
X Beauty 1 Paket Isi 6 Redjelly Day Peach,1287671972,4,"buat semuanya okee , cuma mungkin kedepan nya saran aja lebih teliti sama pesanan nya ya kk takutnya ada yg tdak kemasukan",1712082374,Lebih dari 1 tahun lalu,-,True,Anonymous,0,True,False,
X Beauty 1 Paket Isi 6 Redjelly Day Peach,1287671980,5,"Bahan: Bpom
Manfaat produk: Kecantikan wajah
Jenis kulit: Jerawatan",1711986072,Lebih dari 1 tahun lalu,-,True,Anonymous,0,True,False,
X Beauty 1 Paket Isi 6 Redjelly Day Peach,1287671984,3,"nggak tau tiba&#34; wajah sering bruntusan banyakk banget suka gatel,biasanya pake krim apa pun cocok,semoga cepet membaik",1711924911,Lebih dari 1 tahun lalu,-,True,Anonymous,0,False,False,
X Beauty 1 Paket Isi 6 Redjelly Day Peach,1287672040,5,Alhamdulillah Pembelian Yg Ke 2x Nya,1711912182,Lebih dari 1 tahun lalu,-,True,Anonymous,0,True,False,
X Beauty 1 Paket Isi 6 Redjelly Day Peach,1287672000,4,Kurang serumnya aja,1711824950,Lebih dari 1 tahun lalu,-,True,Anonymous,0,True,False,
X Beauty 1 Paket Isi 6 Redjelly Day Peach,1287672031,5,"Maff baru kasih ulasan, cream&#39;y bagus. Baru bbrapa hari sudah glowing,, harga murah tpi tidak murahan bpom pula😍🥰maksih.. Insyallah next order lagi.. Biar bintang yg bicara ya..",1711805252,Lebih dari 1 tahun lalu,-,True,Anonymous,0,True,False,
X Beauty 1 Paket Isi 6 Redjelly Day Peach,1287672014,5,Smoga cocok dan glowing kaya KK q,1711706608,Lebih dari 1 tahun lalu,-,True,Anonymous,0,False,False,
X Beauty 1 Paket Isi 6 Redjelly Day Peach,1287671970,5,Stok gasss ken,1711487083,Lebih dari 1 tahun lalu,-,True,Anonymous,0,True,False,
X Beauty 1 Paket Isi 6 Redjelly Day Peach,1287671994,5,Semoga ccok pke skincare ini baru mau coba,1711133236,Lebih dari 1 tahun lalu,-,True,Anonymous,0,False,False,
X Beauty 1 Paket Isi 6 Redjelly Day Peach,1287671996,5,"Paket dah aman 
 Kurir Pastinya uda langganan👍👍",1711125898,Lebih dari 1 tahun lalu,-,True,Anonymous,0,False,False,
X Beauty 1 Paket Isi 6 Redjelly Day Peach,1287672008,5,Pertama nyoba semoga cocok...semua produk wangi y harum dan lembut😍,1711082509,Lebih dari 1 tahun lalu,-,True,Anonymous,0,False,False,
X Beauty 1 Paket Isi 6 Redjelly Day Peach,1287672027,5,Mantul bgt cm sm cream ini Q cocok yg lain gda efek krn Q emg kulit badak gbs putih. Ni otw pket ke2 mdh2n mkin co2k n glowing,1711031057,Lebih dari 1 tahun lalu,-,True,Anonymous,0,False,False,
X Beauty 1 Paket Isi 6 Redjelly Day Peach,1287671942,5,Hanya bintang yng berbicara,1711015153,Lebih dari 1 tahun lalu,-,True,Anonymous,0,True,False,
X Beauty 1 Paket Isi 6 Redjelly Day Peach,1287671998,5,"paket sudah sampai , mudah2n cocok di aku✨",1710959851,Lebih dari 1 tahun lalu,-,True,Anonymous,0,False,False,
X Beauty 1 Paket Isi 6 Redjelly Day Peach,1287671986,2,Tx ngefekk dsaya,1710948620,Lebih dari 1 tahun lalu,-,True,Anonymous,0,False,False,
X Beauty 1 Paket Isi 6 Redjelly Day Peach,1287672179,5,"Alhamdulillah udah sampai paket nya, bismillah cocok baruuu pertama kalii cobaa, kalau cocok next pastiii beli lagi🫶🏻",1710945564,Lebih dari 1 tahun lalu,-,True,Anonymous,0,True,False,
X Beauty 1 Paket Isi 6 Redjelly Day Peach,1287672212,5,Bagus bangett pemakaian 7 hari udah glowing...,1710881020,Lebih dari 1 tahun lalu,-,True,Anonymous,0,False,False,
X Beauty 1 Paket Isi 6 Redjelly Day Peach,1287672206,5,gayss demi apapun skincareny bgusss bgt aku baru pemakaian 1 mingggu udh ada hasilnyaaaaaa😭😭😭😭💗💗💗💗💗 KUNCINYA HARUS KONSTITEN YA GUYSS,1710869267,Lebih dari 1 tahun lalu,-,True,Anonymous,0,True,False,
X Beauty 1 Paket Isi 6 Redjelly Day Peach,1287672243,5,Masyallah baru 3hari udah cerah wajah ku 😍,1710859075,Lebih dari 1 tahun lalu,-,True,Anonymous,0,True,False,
X Beauty 1 Paket Isi 6 Redjelly Day Peach,1287672196,4,The best,1710766409,Lebih dari 1 tahun lalu,-,True,Anonymous,0,False,False,
X Beauty 1 Paket Isi 6 Redjelly Day Peach,1287672203,5,barang dah sampai,1710602899,Lebih dari 1 tahun lalu,-,True,Anonymous,0,False,False,
X Beauty 1 Paket Isi 6 Redjelly Day Peach,1287672194,2,"Sedikit kecewa ,Ngak ada reddJelly. Nya",1710430357,Lebih dari 1 tahun lalu,-,True,Anonymous,0,True,False,
X Beauty 1 Paket Isi 6 Redjelly Day Peach,1287672219,5,Bagus banget deh yang intinya produk ini ccok sma muka sya🥰,1710422794,Lebih dari 1 tahun lalu,-,True,Anonymous,0,False,False,
X Beauty 1 Paket Isi 6 Redjelly Day Peach,1287672224,2,Ko aku red jelly nya tutupnya putih sndiri aku liat rivew yang lainnya red jellynya tutup nya merahh ko aku putih sndiri yaa,1710418349,Lebih dari 1 tahun lalu,-,True,Anonymous,0,True,False,
X Beauty 1 Paket Isi 6 Redjelly Day Peach,1287672218,5,"Bagus sesuai pesanan, baru mau nyoba semoga cocok😁",1710322306,Lebih dari 1 tahun lalu,-,True,Anonymous,0,True,False,
X Beauty 1 Paket Isi 6 Redjelly Day Peach,1287672234,4,Baru coba semoga cocok ya,1710249615,Lebih dari 1 tahun lalu,-,True,Anonymous,0,False,False,
X Beauty 1 Paket Isi 6 Redjelly Day Peach,1287672217,4,Bismillahirrahmanirrahim mudah²an cocok baru pemula😊,1710179635,Lebih dari 1 tahun lalu,-,True,Anonymous,0,True,False,
X Beauty 1 Paket Isi 6 Redjelly Day Peach,1287672182,4,Batu mau coba semoga cocok,1710164937,Lebih dari 1 tahun lalu,-,True,Anonymous,0,False,False,
X Beauty 1 Paket Isi 6 Redjelly Day Peach,1287672214,5,Mantul gck bakalan pindah&#34; skincare lagi 🥰😍,1710148783,Lebih dari 1 tahun lalu,-,True,Anonymous,0,False,False,
X Beauty 1 Paket Isi 6 Redjelly Day Peach,1287672183,5,Baru mau jajal semoga cocok ya,1710021538,Lebih dari 1 tahun lalu,-,True,Anonymous,0,False,False,
X Beauty 1 Paket Isi 6 Redjelly Day Peach,1287672184,5,Smga cck terimakasih 🙏🏻,1710002919,Lebih dari 1 tahun lalu,-,True,Anonymous,0,False,False,
X Beauty 1 Paket Isi 6 Redjelly Day Peach,1287672189,4,Semoga ccok,1709982403,Lebih dari 1 tahun lalu,-,True,Anonymous,0,False,False,
X Beauty 1 Paket Isi 6 Redjelly Day Peach,1287672180,5,Luar biasa 👍👍👍👍👍👍👍👍👍👍👍👍👍👍👍👍👍👍👍,1709920915,Lebih dari 1 tahun lalu,-,True,Anonymous,0,False,False,
X Beauty 1 Paket Isi 6 Redjelly Day Peach,1287672191,5,Semoga Cocok,1709900254,Lebih dari 1 tahun lalu,-,True,Anonymous,0,False,False,
X Beauty 1 Paket Isi 6 Redjelly Day Peach,1287672205,5,"Produk telah sampai, lgsg cuz dipakai... Mantan👍",1709489381,Lebih dari 1 tahun lalu,-,True,Anonymous,0,False,False,
X Beauty 1 Paket Isi 6 Redjelly Day Peach,1287672366,4,Semoga cocok. Terimakasih,1709471182,Lebih dari 1 tahun lalu,-,True,Anonymous,0,False,False,
X Beauty 1 Paket Isi 6 Redjelly Day Peach,1287672359,5,"Sumpah bagus banget di aku apalagi crem siang nya gak dempul , nyaman untuk di pake . Semoga cocok aja ya soalnya baru 3x pemakaian pori2 udah mau nutup .",1709462214,Lebih dari 1 tahun lalu,-,True,Anonymous,0,True,False,
X Beauty 1 Paket Isi 6 Redjelly Day Peach,1287672361,5,bagus,1709394181,Lebih dari 1 tahun lalu,-,True,Anonymous,0,False,False,
X Beauty 1 Paket Isi 6 Redjelly Day Peach,1287672367,5,"Kali ini harus cocok g sii😭🙏
Cape la gonta ganti,nyari yg cocok di muka",1709390918,Lebih dari 1 tahun lalu,-,True,Anonymous,0,True,False,
X Beauty 1 Paket Isi 6 Redjelly Day Peach,1287672363,4,Barang sudah datang semoga cocok,1709315285,Lebih dari 1 tahun lalu,-,True,Anonymous,0,True,False,
X Beauty 1 Paket Isi 6 Redjelly Day Peach,1287672362,3,"Paketnya udah sampai, packignya kurang rapi, paketnya lama skli baru sampai TPI ngk masalah cuman yg cream red jellynya kok ngk ada nomor bpomnya ya ?",1709311490,Lebih dari 1 tahun lalu,-,True,Anonymous,0,False,False,
X Beauty 1 Paket Isi 6 Redjelly Day Peach,1287672382,5,Biarkn bintang yg berbicara 🙏,1709222418,Lebih dari 1 tahun lalu,-,True,Anonymous,0,False,False,
X Beauty 1 Paket Isi 6 Redjelly Day Peach,1287672397,5,Barangnya udah sampe mudah&#34; an cocok baru pertama kali beli,1709214345,Lebih dari 1 tahun lalu,-,True,Anonymous,0,True,False,
X Beauty 1 Paket Isi 6 Redjelly Day Peach,1287672381,4,Baru mau di coba.,1708975025,Lebih dari 1 tahun lalu,-,True,Anonymous,0,False,False,
X Beauty 1 Paket Isi 6 Redjelly Day Peach,1287672390,5,udh langganan,1708956410,Lebih dari 1 tahun lalu,-,True,Anonymous,0,False,False,
X Beauty 1 Paket Isi 6 Redjelly Day Peach,1287672368,4,Paket sdh di terima dengan lengkap. Moga cocok. Tp isi nya dikit banget .macam se uprit. Klo cocok bikin kinclong bakal langganan sih.,1708851525,Lebih dari 1 tahun lalu,-,True,Anonymous,0,True,False,
X Beauty 1 Paket Isi 6 Redjelly Day Peach,1287672389,4,Paket udah keterima tapi kok beda ya dari yang pertama saya beli,1708786058,Lebih dari 1 tahun lalu,-,True,Anonymous,0,False,False,
X Beauty 1 Paket Isi 6 Redjelly Day Peach,1287672393,5,"Ter the best ,,,, day cream nya creamy sekali,,, pokok nya bgus sgt ,, baru x ini dpt cream yg bner&#34; Cocok di muka aku .. Slma ini cri yg cocok gk dpt&#34; Makin cinta aku ,,, next order truss ,, trmksh",1708706039,Lebih dari 1 tahun lalu,-,True,Anonymous,0,False,False,
X Beauty 1 Paket Isi 6 Redjelly Day Peach,1287672392,4,"Kasih bintang 4 dlu ya,, produk realpict sesuai saya pemula baru pakai produk skincare ini nnti kalo hasil nya bagus saya kash bintang 5 kak 🙏😇,, mudah&#34;an hasil nya memuaskan",1708601191,Lebih dari 1 tahun lalu,-,True,Anonymous,0,False,False,
X Beauty 1 Paket Isi 6 Redjelly Day Peach,1287672394,5,Semoga cocok ya ..,1708600049,Lebih dari 1 tahun lalu,-,True,Anonymous,0,False,False,
X Beauty 1 Paket Isi 6 Redjelly Day Peach,1287672400,5,"Day cream nya ga dempul.. aaahh sukaaa, wangi bunga Rose❤️❤️ smg cocok cape gonta ganti skincare 😓",1708523444,Lebih dari 1 tahun lalu,-,True,Anonymous,0,False,False,
X Beauty 1 Paket Isi 6 Redjelly Day Peach,1287672372,5,"Masih pemula, semoga aja cocok😇",1708253410,Lebih dari 1 tahun lalu,-,True,Anonymous,0,True,False,
X Beauty 1 Paket Isi 6 Redjelly Day Peach,1287672752,5,Bagus,1707834062,Lebih dari 1 tahun lalu,-,True,Anonymous,0,False,False,
X Beauty 1 Paket Isi 6 Redjelly Day Peach,1287672722,3,Suka sih. Tapi tutup toner nya pecah,1707731337,Lebih dari 1 tahun lalu,-,True,Anonymous,0,False,False,
X Beauty 1 Paket Isi 6 Redjelly Day Peach,1287672685,5,"Paket yah udh sampe baru mau coba klw cocok beli lagi
Kualitas cetak: Baik
Kemasan: Rapih",1707553483,Lebih dari 1 tahun lalu,-,True,Anonymous,0,False,False,
X Beauty 1 Paket Isi 6 Redjelly Day Peach,1287672684,5,Order yg ke 3 x nya bestie jangan lupa di cekout ini mantul banget,1707511463,Lebih dari 1 tahun lalu,-,True,Anonymous,0,False,True,
X Beauty 1 Paket Isi 6 Redjelly Day Peach,1287672746,5,Alhamdulillah Pket Susah Sampai Baru Pmakayan pertama Semuga Cocok.,1707497388,Lebih dari 1 tahun lalu,-,True,Anonymous,0,True,False,
X Beauty 1 Paket Isi 6 Redjelly Day Peach,1287672754,4,krim siangnya kok doble ga dapet krim malam yang satunya red jelly,1707397153,Lebih dari 1 tahun lalu,-,True,Anonymous,0,True,False,
X Beauty 1 Paket Isi 6 Redjelly Day Peach,1287672739,4,Aku ksh bintang 4  dlu Baru coba mudah2han cocok n kemasan ok,1707343435,Lebih dari 1 tahun lalu,-,True,Anonymous,0,True,False,
X Beauty 1 Paket Isi 6 Redjelly Day Peach,1287672728,5,Baru di coba cocok pasan lagi,1707326543,Lebih dari 1 tahun lalu,-,True,Anonymous,0,False,False,
X Beauty 1 Paket Isi 6 Redjelly Day Peach,1287672725,5,Baru pertama dan baru mo nyoba smoga cocok,1706813994,Lebih dari 1 tahun lalu,-,True,Anonymous,0,True,False,
X Beauty 1 Paket Isi 6 Redjelly Day Peach,1287672719,5,"Allhamdulillah paketan udah dateng,,yg Awalnya paket acne ,trus ke platinum,,sekarang beralih ke paketan isi 6 whitening ..allhamdulillah cocok juga.",1706628069,Lebih dari 1 tahun lalu,-,True,Anonymous,0,True,False,
X Beauty 1 Paket Isi 6 Redjelly Day Peach,1287672757,5,Mantap,1706610823,Lebih dari 1 tahun lalu,-,True,Anonymous,0,True,False,
X Beauty 1 Paket Isi 6 Redjelly Day Peach,1287672974,5,alhamdulilah baru 3 hari pakek udah ada perubahan,1705901042,Lebih dari 1 tahun lalu,-,True,Anonymous,0,False,False,
X Beauty 1 Paket Isi 6 Redjelly Day Peach,1287673060,5,"Baru mau coba,bismillah semoga cocok di wajah aku Yang susah putih",1705587568,Lebih dari 1 tahun lalu,-,True,Anonymous,0,False,False,
X Beauty 1 Paket Isi 6 Redjelly Day Peach,1287673054,2,kok serum nya ngga dikirim ya kak??,1705493238,Lebih dari 1 tahun lalu,-,True,Anonymous,0,True,False,
X Beauty 1 Paket Isi 6 Redjelly Day Peach,1287672981,5,"Udah pemakaian paket kedua, semoga cocok terus dimuka aku terus bisa ngilangin noda hitam. Lumayan bagus sih udah cerahan ke muka. Sellernya juga ramah serumnya ga ke kirim,langsung nyusul dikirim serumnya. Makasih puas belanja disini semoga amanah terus, dan skincare nya bagus terus ga berubah",1705363377,Lebih dari 1 tahun lalu,-,True,Anonymous,0,True,False,
X Beauty 1 Paket Isi 6 Redjelly Day Peach,1287673051,3,Co yg isi 6 malah d kirim yg isi 5 ... Ini gmn yaa... Serum nya kyanya lupa d masukin,1705354985,Lebih dari 1 tahun lalu,-,True,Anonymous,0,True,False,
X Beauty 1 Paket Isi 6 Redjelly Day Peach,1287673034,5,"Alhamdulillah paketnya sudah datang ,,,packingnya rapi ,aman pengiriman juga cepat ,,kurirnya juga ramah 👍👍👍👍",1705318708,Lebih dari 1 tahun lalu,-,True,Anonymous,0,False,False,
X Beauty 1 Paket Isi 6 Redjelly Day Peach,1287672982,4,"baru cobaa,pertama kali beli katanya isi 6 di desk tpi datengnya cuma 5 pas saya cht admin responya baik banget mau ngirim ulang kekurangan produk. semoga cocok biar jadi langganan hehe",1705069688,Lebih dari 1 tahun lalu,-,True,Anonymous,0,True,False,
X Beauty 1 Paket Isi 6 Redjelly Day Peach,1287672971,4,baru mau nyoba,1705038013,Lebih dari 1 tahun lalu,-,True,Anonymous,0,False,False,
X Beauty 1 Paket Isi 6 Redjelly Day Peach,1287673028,1,"Saya kecewa, pesanan saya kurang serum pdhl saya pesan yang isi 6",1705005333,Lebih dari 1 tahun lalu,-,True,Anonymous,0,False,False,
X Beauty 1 Paket Isi 6 Redjelly Day Peach,1287673037,2,Ga dapet serumnya,1704893596,Lebih dari 1 tahun lalu,-,True,Anonymous,0,False,False,
X Beauty 1 Paket Isi 6 Redjelly Day Peach,1287673047,5,"Belum dicoba, semoga cocok diwajah aku",1703667138,Lebih dari 1 tahun lalu,-,True,Anonymous,0,True,False,
X Beauty 1 Paket Isi 6 Redjelly Day Peach,1287673027,5,Produk bagus banget bakal langganan lagi,1703245974,Lebih dari 1 tahun lalu,-,True,Anonymous,0,False,False,
X Beauty 1 Paket Isi 6 Redjelly Day Peach,1287673050,4,Produk bagus cuma day krim gak ada malah krimnya dikasih night cream semua,1703177200,Lebih dari 1 tahun lalu,-,True,Anonymous,0,False,False,
X Beauty 1 Paket Isi 6 Redjelly Day Peach,1287673023,5,"baru nyampe paket aman, lengkap dapet pouc jg, mau nyoba dlu deng next klo bgus bakal jd langganan👍",1703086595,Lebih dari 1 tahun lalu,-,True,Anonymous,0,True,False,
X Beauty 1 Paket Isi 6 Redjelly Day Peach,1287673035,5,"Paket sampai dengan aman ,semoga aku cocok biar bsa langganan ☺️",1702819432,Lebih dari 1 tahun lalu,-,True,Anonymous,0,False,False,
X Beauty 1 Paket Isi 6 Redjelly Day Peach,1287672979,5,"Alhamdulillah paketnya sesuai tidak ada kerusakan, ini baru pertama kali semoga cocok ke kulit ku semoga juga jadi langganan, 
Berkah selalu",1702724789,Lebih dari 1 tahun lalu,-,True,Anonymous,0,True,False,
X Beauty 1 Paket Isi 6 Redjelly Day Peach,1287673056,5,"Lagi pertama nyoba ,semoga cocok🙏",1702659008,Lebih dari 1 tahun lalu,-,True,Anonymous,0,False,False,
X Beauty 1 Paket Isi 6 Redjelly Day Peach,1287672973,5,Sampai dengan aman baru mau coba bismillah moga cocok di muka ku amin,1702578562,Lebih dari 1 tahun lalu,-,True,Anonymous,0,False,False,
X Beauty 1 Paket Isi 6 Redjelly Day Peach,1287673052,5,Skincare nya cocok banget di pake lupa foto pokonya cinta sama Xbeauty 🥰🥰,1696791067,Lebih dari 1 tahun lalu,-,True,Anonymous,0,False,False,
X Beauty 1 Paket Isi 6 Redjelly Day Peach,1287673046,4,"mudahan bagus diakuu😊
Dpt bonus tas jugaa nicee 
kalo cocok psti beli lagii",1696697358,Lebih dari 1 tahun lalu,-,True,Anonymous,0,True,False,
X Beauty 1 Paket Isi 6 Redjelly Day Peach,1287673057,5,Paketx sdh sampai...pengiriman cpat bngat...bru coba...smg cocok ya,1696605717,Lebih dari 1 tahun lalu,-,True,Anonymous,0,False,False,
X Beauty 1 Paket Isi 6 Redjelly Day Peach,1287673180,4,"Baru pertama x make semoga cocok dan ga ganti2 skincare lagi, nitip beforenya",1696527424,Lebih dari 1 tahun lalu,-,True,Anonymous,0,True,False,
X Beauty 1 Paket Isi 6 Redjelly Day Peach,1287673264,4,"Serum nya pecah,pengiriman lama",1696483057,Lebih dari 1 tahun lalu,1 paket isi 6 plus red jelly,True,Anonymous,0,False,False,
X Beauty 1 Paket Isi 6 Redjelly Day Peach,1287673239,5,Terimakasih ini belanja yg terakhir lewat tik tok shop lanjut orange ya,1696451044,Lebih dari 1 tahun lalu,-,True,Anonymous,0,True,False,
X Beauty 1 Paket Isi 6 Redjelly Day Peach,1287673263,5,barang nya sesuai dengan yang saya pesan.packing nya juga aman .ini foto pertamakali pakai day creamnya ada tone up nya tapi gak bikin dempul di wajah .mungkin karna makek nya tipis .tapi day cream nya saya aku i bagusss.sebelum nya saya minta maaf tapi ini red jelly nya kok gak ada gambar bpom nya?,1696429360,Lebih dari 1 tahun lalu,-,True,Anonymous,0,True,False,
X Beauty 1 Paket Isi 6 Redjelly Day Peach,1287673195,4,"Bener&#34; dpt 6pcs hrga ramah d kantong
Baru mau coba semoga ccok... nanti kalo udah ada hasilnya saya kasih testinya LG🙏😁",1696422269,Lebih dari 1 tahun lalu,-,True,Anonymous,0,True,False,
X Beauty 1 Paket Isi 6 Redjelly Day Peach,1287673200,5,Pesanan saya sudah tiba sesuai dengan pesanan saya sudah BPOM aman mudah-mudahan cocok saya pakai,1696417288,Lebih dari 1 tahun lalu,1 paket lengkap,True,Anonymous,0,False,False,
X Beauty 1 Paket Isi 6 Redjelly Day Peach,1287673250,2,"Red jelly nya bikin gatel dimuka dan, kalo kena panasan bikin muka panas,gatel,merah, dan sedikit bengkak yang awalnya muka saya mulus jadi gradakan dan beruntusan, mungkin kalau untuk paket lainnya saya cocok tapi setelah saya pake red jelly nya bikin muka saya gatal, perih dan merah",1696368579,Lebih dari 1 tahun lalu,1 paket isi 6 plus red jelly,True,Anonymous,0,True,False,
X Beauty 1 Paket Isi 6 Redjelly Day Peach,1287673209,5,"paket mndarat dgn selamat,baru mau coba mudah²an cocok di aq.🥰",1696331744,Lebih dari 1 tahun lalu,1 paket isi 6 plus red jelly,True,Anonymous,0,True,False,
X Beauty 1 Paket Isi 6 Redjelly Day Peach,1287673262,4,Semoga cocok di muka aku,1696261258,Lebih dari 1 tahun lalu,1 paket isi 6 plus red jelly,True,Anonymous,0,False,False,
X Beauty 1 Paket Isi 6 Redjelly Day Peach,1287673245,5,Alhamdulillah udah langganan 🥰😅,1696171161,Lebih dari 1 tahun lalu,1 paket isi 6 plus red jelly,True,Anonymous,0,True,False,
X Beauty 1 Paket Isi 6 Redjelly Day Peach,1287673181,5,"Enak dipake, bikin kulit lembut 🥰",1696164424,Lebih dari 1 tahun lalu,Serum,True,Anonymous,0,True,False,
X Beauty 1 Paket Isi 6 Redjelly Day Peach,1287673247,5,Lumayan syuka😊,1696164424,Lebih dari 1 tahun lalu,Toner,True,Anonymous,0,True,False,
X Beauty 1 Paket Isi 6 Redjelly Day Peach,1287673177,5,Syuka🥰,1696164424,Lebih dari 1 tahun lalu,Fasial wash,True,Anonymous,0,True,False,
X Beauty 1 Paket Isi 6 Redjelly Day Peach,1287673248,5,Dan ini yang paling bikin aku semangat pake skincare 🥰 karena yang cepat bikin glow up🤗🥰🖤,1696164424,Lebih dari 1 tahun lalu,Night,True,Anonymous,0,True,False,
X Beauty 1 Paket Isi 6 Redjelly Day Peach,1287673173,4,sesuai trima ksih,1696152186,Lebih dari 1 tahun lalu,1 paket isi 6 plus red jelly,True,Anonymous,0,False,False,
X Beauty 1 Paket Isi 6 Redjelly Day Peach,1287673240,4,"Pengiriman cepat dan ramah 
Packing aman 👍
Aku kasih ranting 4 dulu ,karna baru coba semoga cocok",1696092303,Lebih dari 1 tahun lalu,1 paket isi 6 plus red jelly,True,Anonymous,0,False,False,
X Beauty 1 Paket Isi 6 Redjelly Day Peach,1287673258,4,Barang ny udh dtg moga cocok ya...,1696074034,Lebih dari 1 tahun lalu,1 paket isi 6 plus red jelly,True,Anonymous,0,True,False,
X Beauty 1 Paket Isi 6 Redjelly Day Peach,1287673205,5,Teksturnya ringan bngt di wajah🤩,1695912779,Lebih dari 1 tahun lalu,1 paket isi 6 plus red jelly,True,Anonymous,0,False,False,
X Beauty 1 Paket Isi 6 Redjelly Day Peach,1287673259,5,Cocok di wajah aku,1695823475,Lebih dari 1 tahun lalu,Day,True,Anonymous,0,True,False,
X Beauty 1 Paket Isi 6 Redjelly Day Peach,1287673252,5,Bagus,1695823475,Lebih dari 1 tahun lalu,Red jelly,True,Anonymous,0,True,False,
X Beauty 1 Paket Isi 6 Redjelly Day Peach,1287673244,5,udh yg ke lima kali belii,1695748995,Lebih dari 1 tahun lalu,1 paket lengkap,True,Anonymous,0,False,False,
X Beauty 1 Paket Isi 6 Redjelly Day Peach,1287673467,2,"Untuk paket nya sih aman2 aja. 
Tapi skincare nya itu lho aq masih pemakaian an 3 hari, pemakaian pertama udh gk enak serum langsung menyerap ke wajah, krim juga, wajah jadi kering kyk gk make apa2, pemakaian 3 hari, habis itu wajah jadi perih dan pengelupasan, dikasih apa aja ttp perih",1695589727,Lebih dari 1 tahun lalu,1 paket isi 6 plus red jelly,True,Anonymous,0,True,False,
X Beauty 1 Paket Isi 6 Redjelly Day Peach,1287673462,4,Maaf bangettt yaa klo aku kasih bintang 4 soalnya pengemasanya kurang aman karena cuma pake buble wrap aja gapake kardus atau apapun. Tdi pas dateng aja serumnya pecah tpi untuk yang lainya its okey aman soalnya bukan dri kaca. Aku gatau soalnya baru pertama kali beli 🙏🏻,1695576849,Lebih dari 1 tahun lalu,1 paket lengkap,True,Anonymous,0,True,False,
X Beauty 1 Paket Isi 6 Redjelly Day Peach,1287673443,5,Pketx udh smpai moga cocok,1695494117,Lebih dari 1 tahun lalu,1 paket isi 6 plus red jelly,True,Anonymous,0,False,False,
X Beauty 1 Paket Isi 6 Redjelly Day Peach,1287673459,5,Sangat bagus .. Tapi maaf karna fotonya kerised jadi gak ada fotonya,1695478275,Lebih dari 1 tahun lalu,1 paket isi 6 plus red jelly,True,Anonymous,0,False,False,
X Beauty 1 Paket Isi 6 Redjelly Day Peach,1287673460,5,"Maa syaa Allah creamx bgus hrum dan tdk lengket dah BPOM semua.
Pertma mw coba semoga cocok next order..",1695468600,Lebih dari 1 tahun lalu,1 paket isi 6 plus red jelly,True,Anonymous,0,False,False,
X Beauty 1 Paket Isi 6 Redjelly Day Peach,1287673460,5,"Maa syaa Allah creamx bgus hrum dan tdk lengket dah BPOM semua.
Pertma mw coba semoga cocok next order..",1695468600,Lebih dari 1 tahun lalu,1 paket isi 6 plus red jelly,True,Anonymous,0,False,False,
X Beauty 1 Paket Isi 6 Redjelly Day Peach,1287673422,5,Iki udah pesanan yg ke 3 kalinya 🥰 produknya mantullll 👍👍❤️❤️,1695426875,Lebih dari 1 tahun lalu,1 paket lengkap,True,Anonymous,0,False,False,
X Beauty 1 Paket Isi 6 Redjelly Day Peach,1287673463,1,semoga saja cocok,1695388168,Lebih dari 1 tahun lalu,1 paket lengkap,True,Anonymous,0,False,False,
X Beauty 1 Paket Isi 6 Redjelly Day Peach,1287673445,5,Semoga cocok,1695322645,Lebih dari 1 tahun lalu,1 paket lengkap,True,Anonymous,0,False,False,
X Beauty 1 Paket Isi 6 Redjelly Day Peach,1287673449,5,Paketannya sudah sampai sesuai dengan difotonya pengirimannya tepat waktu dan mudah&#34;an cocok.,1695238197,Lebih dari 1 tahun lalu,1 paket red jelly,True,Anonymous,0,True,False,
X Beauty 1 Paket Isi 6 Redjelly Day Peach,1287673455,5,Semoga cocok,1695227910,Lebih dari 1 tahun lalu,1 paket lengkap,True,Anonymous,0,True,False,
X Beauty 1 Paket Isi 6 Redjelly Day Peach,1287673394,4,"Semoga ccok soal nya udh cape gonta ganti trus ,cman gak ada pouch nya bilang ada tapi gak ada ,tapi gak apa² yg penting mah aku ccok ajh pakai nya",1695208840,Lebih dari 1 tahun lalu,1 paket isi 6 plus red jelly,True,Anonymous,0,True,False,
X Beauty 1 Paket Isi 6 Redjelly Day Peach,1287673457,4,Bagus,1695054949,Lebih dari 1 tahun lalu,Night,True,Anonymous,0,False,False,
X Beauty 1 Paket Isi 6 Redjelly Day Peach,1287673444,5,udah langganan bgt 🥰,1694877724,Lebih dari 1 tahun lalu,Serum,True,Anonymous,0,False,False,
X Beauty 1 Paket Isi 6 Redjelly Day Peach,1287673444,5,udah langganan bgt 🥰,1694877724,Lebih dari 1 tahun lalu,Serum,True,Anonymous,0,False,False,
X Beauty 1 Paket Isi 6 Redjelly Day Peach,1287673438,4,Ka mau nanya kenapa warna tutup serum nya sekarang beda dan aga lebih Basar dikit dan tas nya pun berbeda timbul warna putih nggak ada tulisannya nya🙏,1694868506,Lebih dari 1 tahun lalu,1 paket lengkap,True,Anonymous,0,True,False,
X Beauty 1 Paket Isi 6 Redjelly Day Peach,1287673441,4,"Paket udh smpe aman gak ada yg rusak minus nya cm gak dapat tas skincare nya
Bru mau pake semoga cocok",1694805254,Lebih dari 1 tahun lalu,1 paket lengkap,True,Anonymous,0,True,False,
X Beauty 1 Paket Isi 6 Redjelly Day Peach,1287673401,4,lumayan,1694773548,Lebih dari 1 tahun lalu,1 paket lengkap,True,Anonymous,0,True,False,
X Beauty 1 Paket Isi 6 Redjelly Day Peach,1287673402,4,Bagus banget hasilX saya udah habis 3 paket,1694765459,Lebih dari 1 tahun lalu,1 paket lengkap,True,Anonymous,0,False,False,
X Beauty 1 Paket Isi 6 Redjelly Day Peach,1287673406,5,"Rekomend bnget wajib coba, q blum hbis spaket sudah ada prubhan diwajah aq.
Nex order lg",1694667790,Lebih dari 1 tahun lalu,1 paket isi 6 plus red jelly,True,Anonymous,0,True,False,
X Beauty 1 Paket Isi 6 Redjelly Day Peach,1287673396,4,"Alhamdulillah udah nyampe 2 paket dari X BEAUTY SKIN ny semoga cocok, paket datengnya tepat waktu 🥰",1694453438,Lebih dari 1 tahun lalu,1 paket isi 6 plus red jelly,True,Anonymous,0,False,True,
X Beauty 1 Paket Isi 6 Redjelly Day Peach,1287673567,5,"masyaallah pengiriman cepat,seller ramah fastrespon, ini masih baru coba semoga cocok next order sini lagi😍",1694110783,Lebih dari 1 tahun lalu,1 paket isi 6 plus red jelly,True,Anonymous,0,True,False,
X Beauty 1 Paket Isi 6 Redjelly Day Peach,1287673570,5,"Realpict sesuai dg pesanan,kurir juga udah langgan
Baru pertama kali coba semoga cocok dikulit aku biar g gonta ganti skincare lgi",1694107570,Lebih dari 1 tahun lalu,1 paket lengkap,True,Anonymous,0,True,False,
X Beauty 1 Paket Isi 6 Redjelly Day Peach,1287673610,5,Baru mau coba kalo cocok order lagi☺,1694078832,Lebih dari 1 tahun lalu,1 paket lengkap,True,Anonymous,0,True,False,
X Beauty 1 Paket Isi 6 Redjelly Day Peach,1287673613,4,Paket sudah sMpai . Smoga cocok 😃,1693927297,Lebih dari 1 tahun lalu,1 paket lengkap,True,Anonymous,0,True,False,
X Beauty 1 Paket Isi 6 Redjelly Day Peach,1287673589,5,"Baru order pertama semoga cocok, pengiriman cepat cuman 2 hari, produk aman, makasih",1693919193,Lebih dari 1 tahun lalu,1 paket isi 6 plus red jelly,True,Anonymous,0,True,False,
X Beauty 1 Paket Isi 6 Redjelly Day Peach,1287673569,5,Pengemasan nya bagus dan tidak ada yang tumpah,1693908901,Lebih dari 1 tahun lalu,1 paket isi 6 plus red jelly,True,Anonymous,0,False,False,
X Beauty 1 Paket Isi 6 Redjelly Day Peach,1287673571,5,Somgaa cocokk di aku,1693830657,Lebih dari 1 tahun lalu,Serum,True,Anonymous,0,False,False,
X Beauty 1 Paket Isi 6 Redjelly Day Peach,1287673572,5,Luvvv🥰,1693830657,Lebih dari 1 tahun lalu,Night,True,Anonymous,0,False,False,
X Beauty 1 Paket Isi 6 Redjelly Day Peach,1287673601,4,"Paket mendarat dengan aman walau cuma dikasi bablewarp sedikit Alhamdulillah gaada yg pecah, tapi ko kemasan toner sama facial wash nya beda sama yg digambar dan ga ada kantong nya hehe tp gapapa semoga ini ORI ya kak dan semoga cocok baru pertama kali coba nnti kalo ada perubahan next order lagi😊",1693827649,Lebih dari 1 tahun lalu,1 paket lengkap,True,Anonymous,0,True,False,
X Beauty 1 Paket Isi 6 Redjelly Day Peach,1287673592,5,baru nyoba smoga cocok 🥰,1693820966,Lebih dari 1 tahun lalu,1 paket lengkap,True,Anonymous,0,False,False,
X Beauty 1 Paket Isi 6 Redjelly Day Peach,1287673593,5,Realpict baru coba semoga cocok biar jadi laangganan,1693592248,Lebih dari 1 tahun lalu,1 paket lengkap,True,Anonymous,0,True,False,
X Beauty 1 Paket Isi 6 Redjelly Day Peach,1287673591,5,Udh abis 2 pkt emng bner wajah aku lebih cerah . Semoga cocok trus pke krim ini,1693434454,Lebih dari 1 tahun lalu,1 paket isi 6 plus red jelly,True,Anonymous,0,False,False,
X Beauty 1 Paket Isi 6 Redjelly Day Peach,1287673577,5,Belom di coba ya ka barang aman dan sesuai mudah mudahan cocok di aku,1693419925,Lebih dari 1 tahun lalu,1 paket isi 6 plus red jelly,True,Anonymous,0,False,False,
X Beauty 1 Paket Isi 6 Redjelly Day Peach,1287673576,5,"Orderan ke dua,",1693404679,Lebih dari 1 tahun lalu,1 paket lengkap,True,Anonymous,0,False,False,
X Beauty 1 Paket Isi 6 Redjelly Day Peach,1287673583,5,Sengaja baru ngasih ulasan karna nyoba dulu .. Dan hasilnya setelah 5 hari pake ternyata memang nyaman dan jerawatan pada kempes.. Seneng banget semoga bisa putih bersih,1693306236,Lebih dari 1 tahun lalu,1 paket isi 6 plus red jelly,True,Anonymous,0,True,True,
X Beauty 1 Paket Isi 6 Redjelly Day Peach,1287673607,5,Barangnya sudah sampai dengan selamat makasih ya kak order yg keduakalinya semoga cocok next order lagi,1693239040,Lebih dari 1 tahun lalu,1 paket lengkap,True,Anonymous,0,True,False,
X Beauty 1 Paket Isi 6 Redjelly Day Peach,1287673605,5,Cpet buanget sampeknya.. Biasanya semingguan,1693217044,Lebih dari 1 tahun lalu,1 paket isi 6 plus red jelly,True,Anonymous,0,True,False,
X Beauty 1 Paket Isi 6 Redjelly Day Peach,1287673600,5,"Bagus,rekomend,next time order lagi",1692940179,Lebih dari 1 tahun lalu,Day,True,Anonymous,0,True,False,
X Beauty 1 Paket Isi 6 Redjelly Day Peach,1287673595,3,Mf bru d blz&#39; ko skrang mh rasa y beda wktu yg pertama dtang d pakai enak&#39; TPI yg ke 2 kali y ko panas y trus kering muka ku gk mulus jdi item yg pertma kali pke enak d pke y halus d muka ko beda y kenapa merasa agak kecewa orderan ke 2 mh ..,1692815374,Lebih dari 1 tahun lalu,1 paket isi 6 plus red jelly,True,Anonymous,0,True,False,
X Beauty 1 Paket Isi 6 Redjelly Day Peach,1287673741,5,"Barang lengkap, isinya 6 wangi juga",1692691490,Lebih dari 1 tahun lalu,1 paket isi 6 plus red jelly,True,Anonymous,0,True,False,
X Beauty 1 Paket Isi 6 Redjelly Day Peach,1287673754,5,semoga cocok maaf sabun muka nya ga ke poto soalnya udh di kamar mandi,1692660505,Lebih dari 1 tahun lalu,1 paket lengkap,True,Anonymous,0,True,False,
X Beauty 1 Paket Isi 6 Redjelly Day Peach,1287673766,4,Mksh banyak,1692349702,Lebih dari 1 tahun lalu,1 paket isi 6 plus red jelly,True,Anonymous,0,True,False,
X Beauty 1 Paket Isi 6 Redjelly Day Peach,1287673786,5,"Terimakasih paket sudah datang lengkap sesuai pesanan, belum dicoba tapi semiga cocok di aq amin",1692278230,Lebih dari 1 tahun lalu,1 paket isi 6 plus red jelly,True,Anonymous,0,True,False,
X Beauty 1 Paket Isi 6 Redjelly Day Peach,1287673780,4,Skincare nya udah datang mau dicoba dulu kalau bagus dan cocok nnti belii lagii☺️,1692264106,Lebih dari 1 tahun lalu,1 paket lengkap,True,Anonymous,0,True,False,
X Beauty 1 Paket Isi 6 Redjelly Day Peach,1287673755,4,bagus tapi uda habis 5 paket belum juga bersih.. sellernya di chat gk di bales,1691831363,Lebih dari 1 tahun lalu,Fasial wash,True,Anonymous,0,False,False,
X Beauty 1 Paket Isi 6 Redjelly Day Peach,1287673774,5,Semoga cocok,1691793453,Lebih dari 1 tahun lalu,1 paket lengkap,True,Anonymous,0,False,False,
X Beauty 1 Paket Isi 6 Redjelly Day Peach,1287673785,5,"Alkhmdulillah sdh smpe kmaren sore, cpt bnget smpe nya Dan barang realpict,, smoga cook dikulit aq",1691649921,Lebih dari 1 tahun lalu,1 paket isi 6 plus red jelly,True,Anonymous,0,True,False,
X Beauty 1 Paket Isi 6 Redjelly Day Peach,1287673742,4,Barang sesuai pesanan,1691433138,Lebih dari 1 tahun lalu,Fasial wash,True,Anonymous,0,False,False,
X Beauty 1 Paket Isi 6 Redjelly Day Peach,1287673767,4,Barang yg di kirim sesuai.,1691433096,Lebih dari 1 tahun lalu,Toner,True,Anonymous,0,False,False,
X Beauty 1 Paket Isi 6 Redjelly Day Peach,1287673747,5,Alhamdulillah barang kuwalitas bagus harga murah 🥰🥰,1691395224,Lebih dari 1 tahun lalu,1 paket lengkap,True,Anonymous,0,True,False,
X Beauty 1 Paket Isi 6 Redjelly Day Peach,1287673771,5,Rekomen sama krim ini bener&#34; bgus  no lengket&#34; mudahan muka qu cocok Biyar bisa order lg😊😊,1691356718,Lebih dari 1 tahun lalu,1 paket isi 6 plus red jelly,True,Anonymous,0,False,False,
X Beauty 1 Paket Isi 6 Redjelly Day Peach,1287673906,5,"Barang sudah smpai, semoga cocok diwajah aq",1691224490,Lebih dari 1 tahun lalu,1 paket isi 6 plus red jelly,True,Anonymous,0,True,False,
X Beauty 1 Paket Isi 6 Redjelly Day Peach,1287673903,5,"Sumpah packingan nya bener2 rapi sih ,semoga aku cocok ya batu coba soal nya",1691003823,Lebih dari 1 tahun lalu,1 paket isi 6 plus red jelly,True,Anonymous,0,False,False,
X Beauty 1 Paket Isi 6 Redjelly Day Peach,1287673905,5,Baru coba semoga cocok,1690999282,Lebih dari 1 tahun lalu,1 paket isi 6 plus red jelly,True,Anonymous,0,False,False,
X Beauty 1 Paket Isi 6 Redjelly Day Peach,1287673929,5,Pertama kali semoga cocok,1690803594,Lebih dari 1 tahun lalu,1 paket isi 6 plus red jelly,True,Anonymous,0,False,False,
X Beauty 1 Paket Isi 6 Redjelly Day Peach,1287673939,4,Bagus,1690786129,Lebih dari 1 tahun lalu,1 paket lengkap,True,Anonymous,0,True,False,
X Beauty 1 Paket Isi 6 Redjelly Day Peach,1287673920,4,Bagus,1690710525,Lebih dari 1 tahun lalu,Night,True,Anonymous,0,False,False,
X Beauty 1 Paket Isi 6 Redjelly Day Peach,1287673925,5,"Belum dicoba semoga cocok,kalo cocok bakalan jadi langganan sih",1690388799,Lebih dari 1 tahun lalu,Serum,True,Anonymous,0,True,False,
X Beauty 1 Paket Isi 6 Redjelly Day Peach,1287673909,4,Mudahan cocok jadi bisa order lagi,1690357202,Lebih dari 1 tahun lalu,1 paket isi 6 plus red jelly,True,Anonymous,0,False,False,
X Beauty 1 Paket Isi 6 Redjelly Day Peach,1287673946,5,Bgus,1690345400,Lebih dari 1 tahun lalu,Day,True,Anonymous,0,False,False,
X Beauty 1 Paket Isi 6 Redjelly Day Peach,1287673949,5,Mantull Tul tulllll,1690152332,Lebih dari 1 tahun lalu,1 paket isi 6 plus red jelly,True,Anonymous,0,False,False,
X Beauty 1 Paket Isi 6 Redjelly Day Peach,1287673921,5,Oke,1690123362,Lebih dari 1 tahun lalu,1 paket lengkap,True,Anonymous,0,False,False,
X Beauty 1 Paket Isi 6 Redjelly Day Peach,1287673935,5,Produk y bagus gk lengket &#39; bru d coba mudah&#34; an cocok d muka ku.,1690118304,Lebih dari 1 tahun lalu,1 paket isi 6 plus red jelly,True,Anonymous,0,True,False,
X Beauty 1 Paket Isi 6 Redjelly Day Peach,1287673928,5,"Alhamdulillah udah order yg kesekian kalinya...barang bagus kwalitas bagus,,,harga murah",1690049175,Lebih dari 1 tahun lalu,1 paket isi 6 plus red jelly,True,Anonymous,0,True,False,
X Beauty 1 Paket Isi 6 Redjelly Day Peach,1287673936,1,Barag ghk sesuai pesan yg day cream yg di kirim malah night cream,1689965949,Lebih dari 1 tahun lalu,Day,True,Anonymous,0,False,False,
X Beauty 1 Paket Isi 6 Redjelly Day Peach,1287674095,3,Dipakai dimuka terasa panas n perih trus merah kaya kebakar😭,1689799592,Lebih dari 1 tahun lalu,1 paket isi 6 plus red jelly,True,Anonymous,0,False,False,
X Beauty 1 Paket Isi 6 Redjelly Day Peach,1287674089,5,"Baru pertama kali coba semoga cocok biar bisa langganan,🥰 packaging nya mantep, aman no tumpah² 👍",1689796394,Lebih dari 1 tahun lalu,1 paket isi 6 plus red jelly,True,Anonymous,0,False,False,
X Beauty 1 Paket Isi 6 Redjelly Day Peach,1287674106,4,"Paket ke 4 
Alhamdulillah cocok
Terima kasih reselar,sudah jdi langgangan ku ini",1689625838,Lebih dari 1 tahun lalu,1 paket isi 6 plus red jelly,True,Anonymous,0,True,False,
X Beauty 1 Paket Isi 6 Redjelly Day Peach,1287674113,5,"Alhamdulillah brangnya udh nyampek dan lengkap,semoga wajahku cocok EA KK pke cream ini",1689615055,Lebih dari 1 tahun lalu,1 paket lengkap,True,Anonymous,0,True,False,
X Beauty 1 Paket Isi 6 Redjelly Day Peach,1287674110,5,"Alhamdulillah paketnya sudah datang,,, pengiriman cepat cuma seller y slow respon,,, Alhamdulillah masih cocok sama cream y,,, kalau di toko Oren ada paket hemat isi 3,, tapi di tiktok shop blm ada,, terimakasih seller 🤗",1689585619,Lebih dari 1 tahun lalu,1 paket lengkap,True,Anonymous,0,False,False,
X Beauty 1 Paket Isi 6 Redjelly Day Peach,1287674120,1,"Maaf kak saya kecewa,saya pesan 2 paket yg datang cuman satu paket...
Saya sudah bayar 200 rb...tolong ini gimana😭?
Saya ada bukti vidio unboxing.tp gk bisa d kirim lewat sini..bisa minta no wa",1689422480,Lebih dari 1 tahun lalu,1 paket isi 6 plus red jelly,True,Anonymous,0,True,False,
X Beauty 1 Paket Isi 6 Redjelly Day Peach,1287674098,1,"Penjual tidak ramah, tidak respon chat, dan tidak teliti,  tidak sesuai pesanan",1689411204,Lebih dari 1 tahun lalu,Night,True,Anonymous,0,True,False,
X Beauty 1 Paket Isi 6 Redjelly Day Peach,1287674111,5,Udah cocok bangetttttt top markotop,1689344600,Lebih dari 1 tahun lalu,1 paket isi 6 plus red jelly,True,Anonymous,0,False,False,
X Beauty 1 Paket Isi 6 Redjelly Day Peach,1287674112,4,"barangnya cepat sampai, aman",1689328619,Lebih dari 1 tahun lalu,1 paket lengkap,True,Anonymous,0,False,True,
X Beauty 1 Paket Isi 6 Redjelly Day Peach,1287674124,4,"Aku udah pakek ini dari 1 bulan lalu ,tapi aku belinya di orang dan alhamdulillah cocok,cuma aku tanya ke orang nya beli dimana gak di kasih tau🥲suruh beli ke dia aja cuma ya mehong say😁ehh pas scrol2 tik tok muncul di fyp aku krim ini,mudh2 ini ori dan bisa buat langganan😊kasih bintang 4 dulu",1689071016,Lebih dari 1 tahun lalu,1 paket isi 6 plus red jelly,True,Anonymous,0,False,False,
X Beauty 1 Paket Isi 6 Redjelly Day Peach,1287674096,5,"Paket sampai, pengiriman cepet, 
Baru pertama kali beli, semoga cocok , next klo cocok order lagi dan lagi",1688834373,Lebih dari 1 tahun lalu,1 paket lengkap,True,Anonymous,0,True,False,
X Beauty 1 Paket Isi 6 Redjelly Day Peach,1287674097,5,Crem nya sudah datang.dan semoga co2k di wajahku.supaya gak gonta ganti terus,1688816229,Lebih dari 1 tahun lalu,1 paket lengkap,True,Anonymous,0,True,False,
X Beauty 1 Paket Isi 6 Redjelly Day Peach,1287674093,4,"Kemasan rapi.
Prodoknya bagus",1688790380,Lebih dari 1 tahun lalu,1 paket lengkap,True,Anonymous,0,True,False,
X Beauty 1 Paket Isi 6 Redjelly Day Peach,1287674115,4,"Tak kasih bintang empat dulu iyaa,,,🙏karena masih baru pertama kali pakai..somoga aja co²k ..paketnya sangat cepat nyampeknya dan packing nya sangat rapih dan aman ..maaf foto gak sesuai karena lagi di luar",1688759495,Lebih dari 1 tahun lalu,1 paket lengkap,True,Anonymous,0,True,False,
X Beauty 1 Paket Isi 6 Redjelly Day Peach,1287674100,5,"Smnjk mnika n pnya baby..gk prna pkai skin care lgi..aku ska bngt sma crim siangx,gk lengkt sma skli..smga cock di aku&#39;biar jdi langganan",1688749050,Lebih dari 1 tahun lalu,1 paket isi 6 plus red jelly,True,Anonymous,0,True,False,
X Beauty 1 Paket Isi 6 Redjelly Day Peach,1287674080,5,Realpic,1688747377,Lebih dari 1 tahun lalu,1 paket isi 6 plus red jelly,True,Anonymous,0,True,False,
X Beauty 1 Paket Isi 6 Redjelly Day Peach,1287674421,5,Terimakasih barang nya sudah sampai baru pertama kali ini semoga cocok,1688566047,Lebih dari 1 tahun lalu,1 paket isi 6 plus red jelly,True,Anonymous,0,True,False,
X Beauty 1 Paket Isi 6 Redjelly Day Peach,1287674407,5,Pesanan sesuai emang Mantul pakingan rapi,1688565169,Lebih dari 1 tahun lalu,1 paket lengkap,True,Anonymous,0,True,False,
X Beauty 1 Paket Isi 6 Redjelly Day Peach,1287674387,4,Baru nyoba semoga cocok,1688508989,Lebih dari 1 tahun lalu,1 paket isi 6 plus red jelly,True,Anonymous,0,False,False,
X Beauty 1 Paket Isi 6 Redjelly Day Peach,1287674377,4,Creamnya bagus lembut sengaja ngasih testi abis pakeknya lumayan agak brsih cuman blom bgtu putih.mau order lg mudah2an bneran bisa lebih cerah diwjah aku .,1688458221,Lebih dari 1 tahun lalu,1 paket isi 6 plus red jelly,True,Anonymous,0,True,False,
X Beauty 1 Paket Isi 6 Redjelly Day Peach,1287674381,5,"paket nya sudah sampai,mudah mudahan cocok di muka ku yg ber flek,",1688395093,Lebih dari 1 tahun lalu,1 paket lengkap,True,Anonymous,0,True,False,
X Beauty 1 Paket Isi 6 Redjelly Day Peach,1287674401,5,Baru mau nyobak semuga cocok biar bsa Jadi langganan trimakasih,1688302698,Lebih dari 1 tahun lalu,1 paket lengkap,True,Anonymous,0,False,False,
X Beauty 1 Paket Isi 6 Redjelly Day Peach,1287674425,3,Astungkara cocok🙏,1688247136,Lebih dari 1 tahun lalu,1 paket isi 6 plus red jelly,True,Anonymous,0,True,False,
X Beauty 1 Paket Isi 6 Redjelly Day Peach,1287674439,5,"Plis baru kali ini Nemu paket skincare yg cocok k kulit aku, udh Gonta ganti skincare gak ada yg bagus malah bikin brekaoud 
 Tp pas nyobain paket skincare yg ini bagus banget muka udah glowing
Cream Siang nya mantull🥰",1688240733,Lebih dari 1 tahun lalu,1 paket lengkap,True,Anonymous,0,True,False,
X Beauty 1 Paket Isi 6 Redjelly Day Peach,1287674445,5,Baru coba SMP cocok,1688240327,Lebih dari 1 tahun lalu,1 paket lengkap,True,Anonymous,0,True,False,
X Beauty 1 Paket Isi 6 Redjelly Day Peach,1287674433,5,Sudah langganan.. Puas sm hasil nya toko nya amanah,1688230821,Lebih dari 1 tahun lalu,1 paket isi 6 plus red jelly,True,Anonymous,0,True,False,
X Beauty 1 Paket Isi 6 Redjelly Day Peach,1287674390,4,Ak kasih bintang 4 dulu yh nanti kalo cocok bakal terus jadi langganan insyaallah,1688157568,Lebih dari 1 tahun lalu,1 paket lengkap,True,Anonymous,0,False,False,
X Beauty 1 Paket Isi 6 Redjelly Day Peach,1287674412,5,Baru pertama kali nyoba setelah hamil dan melahirkan ga pakai skincare sama sekali. Wajah udah kusem banget. Alhamdulillah cek BPOM semua aman . Yang mau beli jangan ragu lagi. Semoga cocok di aku biar bisa repeat order.,1688131099,Lebih dari 1 tahun lalu,1 paket lengkap,True,Anonymous,0,True,False,
X Beauty 1 Paket Isi 6 Redjelly Day Peach,1287674437,5,Mantap produknya udhkesekian kali chekout dan hasilnya memuaskan😍,1688119297,Lebih dari 1 tahun lalu,1 paket lengkap,True,Anonymous,0,False,False,
X Beauty 1 Paket Isi 6 Redjelly Day Peach,1287674395,5,"Pembelian yg ke 5x semoga cocok terus terimakasih seller,, kayak y di keranjang kuning gk ada jual cream mlm platinum terpisah harus satu paket ya kak🙏🙏🙏",1688115929,Lebih dari 1 tahun lalu,1 paket lengkap,True,Anonymous,0,False,False,
X Beauty 1 Paket Isi 6 Redjelly Day Peach,1287674440,5,Blnja yg ke dua kli x. Di tko in. Alhmdllah. GK ngecewkn. Dan GK ad yg Krng. 👍👍👍😍😍😍,1688042098,Lebih dari 1 tahun lalu,1 paket isi 6 plus red jelly,True,Anonymous,0,True,False,
X Beauty 1 Paket Isi 6 Redjelly Day Peach,1287674435,5,"Semoga cocok. Baru pertama nyoba. Produk lain sudah aku taruh di rak.
Jenis kulit: Semua",1687987731,Lebih dari 1 tahun lalu,1 paket isi 6 plus red jelly,True,Anonymous,0,True,False,
X Beauty 1 Paket Isi 6 Redjelly Day Peach,1287674595,5,Bgus bgttt,1687961797,Lebih dari 1 tahun lalu,1 paket lengkap,True,Anonymous,0,False,False,
X Beauty 1 Paket Isi 6 Redjelly Day Peach,1287674609,4,"Maaf kak, cream malamnya baunya kok beda ya dari sebelumnya yg ini lebih menyengat.",1687816983,Lebih dari 1 tahun lalu,1 paket lengkap,True,Anonymous,0,False,False,
X Beauty 1 Paket Isi 6 Redjelly Day Peach,1287674633,2,"Udh 6x order gk pernah kecewa
6x order yg paket isi 6.
Kemaren pesen ecer teksturnya encernya gk kya biasanya  crem siang sama redjelly&#39;a.di pake juga di muka bruntusan mau pesen lgi ragu&#34; padahal sebelumnya??????",1687786474,Lebih dari 1 tahun lalu,Serum,True,Anonymous,0,False,False,
X Beauty 1 Paket Isi 6 Redjelly Day Peach,1287674652,4,Baru pertama kali cobak semoga cocok,1687695781,Lebih dari 1 tahun lalu,1 paket lengkap,True,Anonymous,0,False,False,
X Beauty 1 Paket Isi 6 Redjelly Day Peach,1287674597,5,"Makasih kak paket nya udh samapai,pengiriman nya cepat semoga cocok ya kak biar berlangganan trs🙏",1687624240,Lebih dari 1 tahun lalu,1 paket isi 6 plus red jelly,True,Anonymous,0,False,False,
X Beauty 1 Paket Isi 6 Redjelly Day Peach,1287674653,5,Mantul bngt kak krim nya. Enak di pke gak lengkett,1687540728,Lebih dari 1 tahun lalu,1 paket lengkap,True,Anonymous,0,False,False,
X Beauty 1 Paket Isi 6 Redjelly Day Peach,1287674622,5,Best pokok nya,1687534679,Lebih dari 1 tahun lalu,1 paket isi 6 plus red jelly,True,Anonymous,0,False,False,
X Beauty 1 Paket Isi 6 Redjelly Day Peach,1287674614,5,"Baru pertama kali coba,semoga cocok",1687441799,Lebih dari 1 tahun lalu,1 paket lengkap,True,Anonymous,0,True,False,
X Beauty 1 Paket Isi 6 Redjelly Day Peach,1287674618,5,Makasih udah kasih goodie bag 🤗,1687421130,Lebih dari 1 tahun lalu,Night,True,Anonymous,0,False,False,
X Beauty 1 Paket Isi 6 Redjelly Day Peach,1287674627,5,Makasih seller udah kasih goodie bag 🤗🤗,1687421130,Lebih dari 1 tahun lalu,1 paket isi 6 plus red jelly,True,Anonymous,0,True,False,
X Beauty 1 Paket Isi 6 Redjelly Day Peach,1287674654,5,Nah klu ni bnr yg datang 6 biji .klu kemarin itu kurang satu serum nya ga ad ..hrs ttp Teliti lgi kk. Dan ttp lah maju untuk produk nya. karna produk nya  allhamdulilah cocok di aku.walaupun baru pesan yg 3x nya nie ...,1687416620,Lebih dari 1 tahun lalu,1 paket isi 6 plus red jelly,True,Anonymous,0,True,False,
X Beauty 1 Paket Isi 6 Redjelly Day Peach,1287674648,4,Semoga cocok,1687354163,Lebih dari 1 tahun lalu,1 paket isi 6 plus red jelly,True,Anonymous,0,True,False,
X Beauty 1 Paket Isi 6 Redjelly Day Peach,1287674610,3,Beli cream malamnya 2 tapi yang dikirim cuma satu,1687283542,Lebih dari 1 tahun lalu,Night,True,Anonymous,0,True,False,
X Beauty 1 Paket Isi 6 Redjelly Day Peach,1287674638,5,"Makasih paket nya udah dtng dg baik nggak ada kerusakan , pengirimannya cepat , skincare nya bagus udah saya pakai semalem muka ku jadi halus 🙏🙏🥰",1687183190,Lebih dari 1 tahun lalu,1 paket isi 6 plus red jelly,True,Anonymous,0,True,False,
X Beauty 1 Paket Isi 6 Redjelly Day Peach,1287674601,4,"Masihh coba dulu, semoga cocok ya
Tak kasii bintang 4 dulu nanti klo dah cocok tak kasii bintang 5",1687123935,Lebih dari 1 tahun lalu,1 paket lengkap,True,Anonymous,0,False,False,
X Beauty 1 Paket Isi 6 Redjelly Day Peach,1287674605,5,Alhamdulillah udh sampe semoga cocok biar bisa jd langganan.. Terimakasih tokonya amanah,1687112283,Lebih dari 1 tahun lalu,1 paket isi 6 plus red jelly,True,Anonymous,0,True,False,
X Beauty 1 Paket Isi 6 Redjelly Day Peach,1287674626,5,"Paket yang ke 4×nya 
Karena sebagus itu",1687102329,Lebih dari 1 tahun lalu,1 paket isi 6 plus red jelly,True,Anonymous,0,False,False,
X Beauty 1 Paket Isi 6 Redjelly Day Peach,1287674623,1,"Dalam packing nya sangat lalai ,,krim nya malah yg malem dua dua nya sya mnta pertanggung jwban nya",1687102233,Lebih dari 1 tahun lalu,1 paket lengkap,True,Anonymous,0,True,False,
X Beauty 1 Paket Isi 6 Redjelly Day Peach,1287674862,5,Bagus banget creamnya udah langganan lama . Soalnya cocok banget dimuka kombinasi kayak aku.,1687015451,Lebih dari 1 tahun lalu,1 paket lengkap,True,Anonymous,0,False,False,
X Beauty 1 Paket Isi 6 Redjelly Day Peach,1287674914,4,"_Trima kasih brang sdah sampai,,pngemasan rabi dan baik..
Blom nyoba tp smoga aja cocok spt testi2 yg lain...",1686938231,Lebih dari 1 tahun lalu,1 paket lengkap,True,Anonymous,0,False,False,
X Beauty 1 Paket Isi 6 Redjelly Day Peach,1287674917,5,"Alhamdulillah mendarat dengan baik 
Udh psn paket yang ke3× nya",1686761785,Lebih dari 1 tahun lalu,1 paket lengkap,True,Anonymous,0,True,False,
X Beauty 1 Paket Isi 6 Redjelly Day Peach,1287674857,5,Alhm dllah. Stu pkt botol GK ad yg slh. Bru mncba mmkai 3x udh kthuan hsil x. 👍👍👍Neck nanti urder lgi. 😍😍😍,1686662136,Lebih dari 1 tahun lalu,1 paket isi 6 plus red jelly,True,Anonymous,0,True,False,
X Beauty 1 Paket Isi 6 Redjelly Day Peach,1287674864,4,"Nyampenya lama,peckinganya kurang rapi",1686590381,Lebih dari 1 tahun lalu,1 paket isi 6 plus red jelly,True,Anonymous,0,False,False,
X Beauty 1 Paket Isi 6 Redjelly Day Peach,1287674922,4,"Packingannya rapi, skincarenya lembut wangi smoga cocoklah",1686489124,Lebih dari 1 tahun lalu,1 paket isi 6 plus red jelly,True,Anonymous,0,False,False,
X Beauty 1 Paket Isi 6 Redjelly Day Peach,1287674932,4,Pemakaian paket ke 8 suka bgt sma skincare ini. T*****ng gaad free give beda sama dulu sering dikash free give tiap order,1686464285,Lebih dari 1 tahun lalu,1 paket lengkap,True,Anonymous,0,True,False,
X Beauty 1 Paket Isi 6 Redjelly Day Peach,1287674905,5,Udah hbs 1 paket...ahirnya order lagi habisnya cocok di mukak aku yg kusam semoga amanh tokonya pertahnkn kwalitasnya kak 🙏past jd lNgganan,1686342859,Lebih dari 1 tahun lalu,Fasial wash,True,Anonymous,0,False,False,
X Beauty 1 Paket Isi 6 Redjelly Day Peach,1287674860,5,Barang nyhh udahh dagangg smoga aku ccok,1686341687,Lebih dari 1 tahun lalu,1 paket lengkap,True,Anonymous,0,True,False,
X Beauty 1 Paket Isi 6 Redjelly Day Peach,1287674863,4,"Alhamdulillah cocok,hsilNya bgus 😍 tpi Pengiriman lama,respon penjual kurang sangat komunikasi.",1686331824,Lebih dari 1 tahun lalu,1 paket lengkap,True,Anonymous,0,True,False,
X Beauty 1 Paket Isi 6 Redjelly Day Peach,1287674916,5,Paketan akoh yg ke 2 kle nya  insya Allah cocok bisa bikin glowing di wajah akoh ...,1686318076,Lebih dari 1 tahun lalu,1 paket lengkap,True,Anonymous,0,True,False,
X Beauty 1 Paket Isi 6 Redjelly Day Peach,1287674923,5,"Paket ke 3 aku pemakaian sekitar 2,5 bulan ini bikin aku cinta bgt karna cocok yg awalnya muka kusem bgt klo di bedakan skrg udh pede ga pake bedak trs pake kerudung putih juga pd",1686233178,Lebih dari 1 tahun lalu,1 paket lengkap,True,Anonymous,0,True,False,
X Beauty 1 Paket Isi 6 Redjelly Day Peach,1287674865,5,Udah pembelian ke 4 kalinya😍,1686228982,Lebih dari 1 tahun lalu,1 paket lengkap,True,Anonymous,0,True,False,
X Beauty 1 Paket Isi 6 Redjelly Day Peach,1287674919,3,"Barangnya mulus tidak ada yang mengecewakan, semoga cocok di muka aku",1686222720,Lebih dari 1 tahun lalu,1 paket lengkap,True,Anonymous,0,False,False,
X Beauty 1 Paket Isi 6 Redjelly Day Peach,1287674920,5,Bakalan order lg.. scincare bagus harga terjangkau....,1686152356,Lebih dari 1 tahun lalu,1 paket isi 6 plus red jelly,True,Anonymous,0,True,False,
X Beauty 1 Paket Isi 6 Redjelly Day Peach,1287674927,5,Alhamdulillah paketnya barusan nyampe semoga cocok di saya .packing rapi semoga cocok jadi bisa order di sini lagi ehehe,1686139605,Lebih dari 1 tahun lalu,1 paket isi 6 plus red jelly,True,Anonymous,0,True,False,
X Beauty 1 Paket Isi 6 Redjelly Day Peach,1287675051,4,"Terimakasih paketnya sudah sampai 
Baru pertama nyoba semoga bagus di kulit ku",1686080100,Lebih dari 1 tahun lalu,1 paket isi 6 plus red jelly,True,Anonymous,0,False,False,
X Beauty 1 Paket Isi 6 Redjelly Day Peach,1287675057,3,Ini emang beneran serumnya kenapa beda sama gambar di foto nya ? Tolong jelaskan !!!,1685991071,Lebih dari 1 tahun lalu,Serum,True,Anonymous,0,True,False,
X Beauty 1 Paket Isi 6 Redjelly Day Peach,1287675031,5,"gatauu lagii mau bilang apa, pokonya xbeautyskin bguss bgtt. facial wash nya enak dimuka ga bikin ketarik, cream siang nya bikin muka kenyal. harganya juga pas di kantong pelajar. cintaaa bgttt bgttt bgttttt, auto jdi langganan 😭💘",1685962655,Lebih dari 1 tahun lalu,1 paket isi 6 plus red jelly,True,Anonymous,0,True,False,
X Beauty 1 Paket Isi 6 Redjelly Day Peach,1287675060,5,Coba dulu kalo cocok langganan,1685727168,Lebih dari 1 tahun lalu,1 paket isi 6 plus red jelly,True,Anonymous,0,True,False,
X Beauty 1 Paket Isi 6 Redjelly Day Peach,1287675061,5,"Alhamdulillah paket xbeauty +red jelly nya udah Sampek. Dulu pernah beli di temenku tapi harga 200k an hasilnya nyata bgt di wajah. Baru abis 1 paket aja udah glowing bgt...dan ini cuman 97,500k udah dapet 6. Semoga aja dengan produk yang sama
.jika sama.bakal.langganann sihh... Trimakasih",1685726721,Lebih dari 1 tahun lalu,1 paket isi 6 plus red jelly,True,Anonymous,0,False,False,
X Beauty 1 Paket Isi 6 Redjelly Day Peach,1287675042,5,👍👍👍,1685705214,Lebih dari 1 tahun lalu,1 paket isi 6 plus red jelly,True,Anonymous,0,False,False,
X Beauty 1 Paket Isi 6 Redjelly Day Peach,1287675045,5,Bagus creamnya gak bikin kulit berminyak,1685705201,Lebih dari 1 tahun lalu,1 paket isi 6 plus red jelly,True,Anonymous,0,False,False,
X Beauty 1 Paket Isi 6 Redjelly Day Peach,1287675019,5,Dah datang paketan akoh.insyaallah  cocok di wajah akoh .baru pertama pakai kriem ni,1685618082,Lebih dari 1 tahun lalu,1 paket lengkap,True,Anonymous,0,False,False,
X Beauty 1 Paket Isi 6 Redjelly Day Peach,1287675039,5,Mantap,1685617733,Lebih dari 1 tahun lalu,1 paket isi 6 plus red jelly,True,Anonymous,0,False,False,
X Beauty 1 Paket Isi 6 Redjelly Day Peach,1287675054,5,Mantap,1685617733,Lebih dari 1 tahun lalu,Serum,True,Anonymous,0,False,False,
X Beauty 1 Paket Isi 6 Redjelly Day Peach,1287675050,5,Mantap men 😍,1685617733,Lebih dari 1 tahun lalu,Fasial wash,True,Anonymous,0,False,False,
X Beauty 1 Paket Isi 6 Redjelly Day Peach,1287675063,5,"Paketnyaa udah sampee ,Semoga ccok ini yg pertama nyoba 🥰",1685613839,Lebih dari 1 tahun lalu,1 paket isi 6 plus red jelly,True,Anonymous,0,True,False,
X Beauty 1 Paket Isi 6 Redjelly Day Peach,1287675043,4,blm tau baru coba semoga cocok,1685607481,Lebih dari 1 tahun lalu,1 paket lengkap,True,Anonymous,0,True,False,
X Beauty 1 Paket Isi 6 Redjelly Day Peach,1287675052,4,"Teksturnya lembut, semoga cocok dan bisa jdi langganan di toko ini😍",1685207916,Lebih dari 1 tahun lalu,Day,True,Anonymous,0,True,False,
X Beauty 1 Paket Isi 6 Redjelly Day Peach,1287675037,5,"Dah jalan 3 paket luar biasa ,, jangan naikin harganya ya kak",1685188253,Lebih dari 1 tahun lalu,Serum,True,Anonymous,0,True,False,
X Beauty 1 Paket Isi 6 Redjelly Day Peach,1287675024,5,"Pemakaian paket ke dua. Suka banget sama Xbeauty 😭😭 ngg bikin kulit tipis atau merah, ngga detox atau purging juga. Krim siangnya ngga ngedempul pula asli bikin glow gitu 😭😭 bakalan langganan siii",1685181901,Lebih dari 1 tahun lalu,1 paket lengkap,True,Anonymous,0,True,False,
X Beauty 1 Paket Isi 6 Redjelly Day Peach,1287675149,5,"Langganan pokoknya 🤗🤗
Tapi sayang sekali pengiriman sampai 2mingguan🥺
Sedih deh😞",1684612839,Lebih dari 1 tahun lalu,Serum,True,Anonymous,0,False,False,
X Beauty 1 Paket Isi 6 Redjelly Day Peach,1287675186,5,"Gak sempet fto ,udh 3x beli sslu ccok di wajah",1684567421,Lebih dari 1 tahun lalu,1 paket isi 6 plus red jelly,True,Anonymous,0,False,False,
X Beauty 1 Paket Isi 6 Redjelly Day Peach,1287675175,5,"barangnya lengkap, gak ada yang bocor... dapat diskon pula.. makasih kaka",1684514545,Lebih dari 1 tahun lalu,1 paket lengkap,True,Anonymous,0,False,False,
X Beauty 1 Paket Isi 6 Redjelly Day Peach,1287675159,5,👍👍👍👍👍,1684507234,Lebih dari 1 tahun lalu,1 paket isi 6 plus red jelly,True,Anonymous,0,False,False,
X Beauty 1 Paket Isi 6 Redjelly Day Peach,1287675182,5,Produknya bagus,1684500130,Lebih dari 1 tahun lalu,1 paket lengkap,True,Anonymous,0,False,False,
X Beauty 1 Paket Isi 6 Redjelly Day Peach,1287675137,4,Seller no respon tp barang sampai dg aman.Belum tau bagus ato gak jd bintang 4 dulu.,1684425918,Lebih dari 1 tahun lalu,1 paket isi 6 plus red jelly,True,Anonymous,0,False,False,
X Beauty 1 Paket Isi 6 Redjelly Day Peach,1287675166,4,Barang sudah sampai.  Baru pertama coba semoga cocok .,1684415659,Lebih dari 1 tahun lalu,1 paket lengkap,True,Anonymous,0,False,False,
X Beauty 1 Paket Isi 6 Redjelly Day Peach,1287675173,5,Ya semoga cocok.. Karna ini sdah pakaian 3 hri jerawat udah mlai kempes dan gk tumbuh lgi.. Crim mlm nya wangi suka... Produk nya ngk pnas dan ngk lengket... Smoga trus amanah toko ini🙏😉,1684406630,Lebih dari 1 tahun lalu,1 paket isi 6 plus red jelly,True,Anonymous,0,False,False,
X Beauty 1 Paket Isi 6 Redjelly Day Peach,1287675144,5,Crimnya lembut harum suka deh pokoknya...semoga cocok makasih kak pertahankan kwalitasnya.kalo cocok pasti langganan 👍👍👍👍👍👍,1684258265,Lebih dari 1 tahun lalu,1 paket isi 6 plus red jelly,True,Anonymous,0,False,False,
X Beauty 1 Paket Isi 6 Redjelly Day Peach,1287675168,5,♥️♥️♥️♥️♥️♥️,1684178600,Lebih dari 1 tahun lalu,1 paket lengkap,True,Anonymous,0,True,False,
X Beauty 1 Paket Isi 6 Redjelly Day Peach,1287675187,5,Alhamdulilah ..paketan udah nyampek Bagus smoga sy cocok dgn produk ini 👍👌❤️,1684072714,Lebih dari 1 tahun lalu,1 paket lengkap,True,Anonymous,0,False,False,
X Beauty 1 Paket Isi 6 Redjelly Day Peach,1287675158,5,Order yg kedua kali pokoknyo dah cocok ma Cream nya makasih kak,1684060444,Lebih dari 1 tahun lalu,1 paket lengkap,True,Anonymous,0,True,False,
X Beauty 1 Paket Isi 6 Redjelly Day Peach,1287675190,5,Pesanan sudah sampai .. Pemakaian. 3 hari sudah kelihatan hasilnya 😁,1683994334,Lebih dari 1 tahun lalu,1 paket isi 6 plus red jelly,True,Anonymous,0,False,False,
X Beauty 1 Paket Isi 6 Redjelly Day Peach,1287675150,5,"Baru smpe,, dan baru perdana coba moga aja ccok",1683926775,Lebih dari 1 tahun lalu,1 paket isi 6 plus red jelly,True,Anonymous,0,False,False,
X Beauty 1 Paket Isi 6 Redjelly Day Peach,1287675179,5,Udah langganan meski beda akun 🤭,1683926168,Lebih dari 1 tahun lalu,1 paket isi 6 plus red jelly,True,Anonymous,0,False,False,
X Beauty 1 Paket Isi 6 Redjelly Day Peach,1287675254,5,"SUKAAAAAAA BANGET, MAU LANGGANAN DISINI😍😍😍",1683907063,Lebih dari 1 tahun lalu,1 paket lengkap,True,Anonymous,0,False,False,
X Beauty 1 Paket Isi 6 Redjelly Day Peach,1287675258,4,Kasih bintang 4 dlu.bru mau coba.semoga cocok,1683896313,Lebih dari 1 tahun lalu,1 paket isi 6 plus red jelly,True,Anonymous,0,True,False,
X Beauty 1 Paket Isi 6 Redjelly Day Peach,1287675248,4,"baru coba,mudah&#34; han cocok ,barang sesuai",1683750772,Lebih dari 1 tahun lalu,1 paket isi 6 plus red jelly,True,Anonymous,0,True,False,
X Beauty 1 Paket Isi 6 Redjelly Day Peach,1287675245,5,Sangat bagus ❤️,1683739672,Lebih dari 1 tahun lalu,1 paket isi 6 plus red jelly,True,Anonymous,0,False,False,
X Beauty 1 Paket Isi 6 Redjelly Day Peach,1287675243,5,baruu nyoba semoga cocok👆🏽🥰,1683728392,Lebih dari 1 tahun lalu,1 paket lengkap,True,Anonymous,0,False,False,
X Beauty 1 Paket Isi 6 Redjelly Day Peach,1287675278,4,"Paket sudah sampai, dengan kurir yg ramah👍
Bismillah semoga cocok",1683710668,Lebih dari 1 tahun lalu,1 paket lengkap,True,Anonymous,0,True,False,
X Beauty 1 Paket Isi 6 Redjelly Day Peach,1287675277,5,"Masyallah sengaja nggak kasih nilai mau liat hasilnya,eh beneran seminggu pakek udh cerahan+bruntusan ilang🥺 sumpah produknya bagus bgttt inii sii😍😍",1683613037,Lebih dari 1 tahun lalu,1 paket lengkap,True,Anonymous,0,False,False,
X Beauty 1 Paket Isi 6 Redjelly Day Peach,1287675301,4,👍👍👍,1683400724,Lebih dari 1 tahun lalu,1 paket lengkap,True,Anonymous,0,False,False,
X Beauty 1 Paket Isi 6 Redjelly Day Peach,1287675240,4,Ksh 4bintang dulu karna baru mau nyoba semoga cocok dan bisa berlangganan,1683381920,Lebih dari 1 tahun lalu,1 paket lengkap,True,Anonymous,0,False,False,
X Beauty 1 Paket Isi 6 Redjelly Day Peach,1287675289,5,"Sesuai pesanan, semoga cocok",1683301575,Lebih dari 1 tahun lalu,1 paket isi 6 plus red jelly,True,Anonymous,0,True,False,
X Beauty 1 Paket Isi 6 Redjelly Day Peach,1287675275,5,"Bagus sih produknya, tekstur nya ga lengket dan wangi 
Warna wadah skincare nya juga lucu pink",1683286692,Lebih dari 1 tahun lalu,1 paket lengkap,True,Anonymous,0,True,False,
X Beauty 1 Paket Isi 6 Redjelly Day Peach,1287675235,1,"Gimana si krim malam nya kosong,mana datengnya lama,Harusnya si di gantii ya",1683235105,Lebih dari 1 tahun lalu,1 paket isi 6 plus red jelly,True,Anonymous,0,True,False,
X Beauty 1 Paket Isi 6 Redjelly Day Peach,1287675282,4,semoga cocok:),1683207862,Lebih dari 1 tahun lalu,1 paket lengkap,True,Anonymous,0,False,False,
X Beauty 1 Paket Isi 6 Redjelly Day Peach,1287675263,5,Paket nya udah sampai smoga cocok d kulit saya,1683142239,Lebih dari 1 tahun lalu,1 paket isi 6 plus red jelly,True,Anonymous,0,True,False,
X Beauty 1 Paket Isi 6 Redjelly Day Peach,1287675279,5,"sesuai gambar..bagus bnget,semoga cocok baru pertama kali pake",1683132257,Lebih dari 1 tahun lalu,1 paket isi 6 plus red jelly,True,Anonymous,0,False,False,
X Beauty 1 Paket Isi 6 Redjelly Day Peach,1287675264,5,semoga cocok,1683099779,Lebih dari 1 tahun lalu,1 paket isi 6 plus red jelly,True,Anonymous,0,False,False,
X Beauty 1 Paket Isi 6 Redjelly Day Peach,1287675314,4,Xbeauty mantap..👍👍,1683096189,Lebih dari 1 tahun lalu,1 paket lengkap,True,Anonymous,0,False,False,
X Beauty 1 Paket Isi 6 Redjelly Day Peach,1287675392,3,"faisal wash : baunya wangi
Toner : kaya pewangi 
serum : wangi
Day cream : rada bau melati
Night cream : rada bau balsem",1682869481,Lebih dari 1 tahun lalu,1 paket lengkap,True,Anonymous,0,False,False,
X Beauty 1 Paket Isi 6 Redjelly Day Peach,1287675368,5,Barang udah sampai 👍 makasih,1682804438,Lebih dari 1 tahun lalu,1 paket lengkap,True,Anonymous,0,False,False,
X Beauty 1 Paket Isi 6 Redjelly Day Peach,1287675388,4,Krim nya sudah datang aman semua. Kurir nya baik.. Mkasih.. Kasih bintang 4dlu klo udah cck..tk tambah bintang nya,1682793512,Lebih dari 1 tahun lalu,1 paket lengkap,True,Anonymous,0,True,False,
X Beauty 1 Paket Isi 6 Redjelly Day Peach,1287675373,5,Mantul creamnya rekomend pokoknyA ...baru 2 Minggu make muka dah glowing enak pokoknya,1682697295,Lebih dari 1 tahun lalu,1 paket lengkap,True,Anonymous,0,False,False,
X Beauty 1 Paket Isi 6 Redjelly Day Peach,1287675363,4,"Paket ke 6 bikin glowing,,, tp knpa facewash nya teksturnya beda lagi ya kk, dulu kental, terus cair ini pesan lagi kental lagi",1682689997,Lebih dari 1 tahun lalu,1 paket lengkap,True,Anonymous,0,True,False,
X Beauty 1 Paket Isi 6 Redjelly Day Peach,1287675352,5,Udah 3 kali beli smoga slalu ccok🥰,1682602074,Lebih dari 1 tahun lalu,1 paket lengkap,True,Anonymous,0,False,False,
X Beauty 1 Paket Isi 6 Redjelly Day Peach,1287675349,3,"Paket sudah sampai,red jelly nya nggak ada,cuma lima biji an aja yg sampai",1682444491,Lebih dari 1 tahun lalu,1 paket isi 6 plus red jelly,True,Anonymous,0,True,False,
X Beauty 1 Paket Isi 6 Redjelly Day Peach,1287675362,5,"Bagus produknya,cocok untuk saya",1682064781,Lebih dari 1 tahun lalu,1 paket isi 6 plus red jelly,True,Anonymous,0,False,False,
X Beauty 1 Paket Isi 6 Redjelly Day Peach,1287675384,5,"Barangnya udah nyampe semoga cocok udh cape gonta ganti skincare trus, ga nyangka pengirimannya juga cpt bngt",1681962715,Lebih dari 1 tahun lalu,1 paket lengkap,True,Anonymous,0,False,False,
X Beauty 1 Paket Isi 6 Redjelly Day Peach,1287675400,1,Pake produk ini saya kira bisa bikin bagus tekstur muka saya gatau malah jadi sensitif blm lagi sekarang menjadi kemerahan dan perih nyesel deh mana lusa udah lebaran pula,1681962305,Lebih dari 1 tahun lalu,1 paket isi 6 plus red jelly,True,Anonymous,0,False,False,
X Beauty 1 Paket Isi 6 Redjelly Day Peach,1287675350,5,Realll bagus lembut bgt creamnya,1681824526,Lebih dari 1 tahun lalu,1 paket lengkap,True,Anonymous,0,False,False,
X Beauty 1 Paket Isi 6 Redjelly Day Peach,1287675522,5,"Mantul, baru make 1 minggu aja udah keliatan hasil nya, gak bikin jerawatan next bkal order lagi dong 🥰",1681770647,Lebih dari 1 tahun lalu,Night,True,Anonymous,0,False,False,
X Beauty 1 Paket Isi 6 Redjelly Day Peach,1287675493,5,Bagusss pkknya mh packing rapih Bru mau coba moga cocok diwajahku...,1681756318,Lebih dari 1 tahun lalu,1 paket lengkap,True,Anonymous,0,True,False,
X Beauty 1 Paket Isi 6 Redjelly Day Peach,1287675494,1,Nanti saya,1681746305,Lebih dari 1 tahun lalu,1 paket isi 6 plus red jelly,True,Anonymous,0,False,False,
X Beauty 1 Paket Isi 6 Redjelly Day Peach,1287675535,5,semoga cocok ya,1681672874,Lebih dari 1 tahun lalu,1 paket lengkap,True,Anonymous,0,True,False,
X Beauty 1 Paket Isi 6 Redjelly Day Peach,1287675517,5,Smph skincare nya bagus bnget lngsng nyatu di muka nggak bikin abu&#34;,1681657785,Lebih dari 1 tahun lalu,1 paket isi 6 plus red jelly,True,Anonymous,0,True,False,
X Beauty 1 Paket Isi 6 Redjelly Day Peach,1287675503,4,Bismillah mudah²an cocok,1681556770,Lebih dari 1 tahun lalu,1 paket lengkap,True,Anonymous,0,True,False,
X Beauty 1 Paket Isi 6 Redjelly Day Peach,1287675532,4,Enak cream pagi nya ringan gitu bikin glowing tpi maaf penyok kena bubble wrap nya tipis jdi ad yg tumpah cream MLM nya,1681473996,Lebih dari 1 tahun lalu,1 paket isi 6 plus red jelly,True,Anonymous,0,False,False,
X Beauty 1 Paket Isi 6 Redjelly Day Peach,1287675500,5,Udah 2 kali ini psan barang di toko in... sangat puas sekali.... terimakasih 👍👍👍,1681446028,Lebih dari 1 tahun lalu,1 paket lengkap,True,Anonymous,0,False,False,
X Beauty 1 Paket Isi 6 Redjelly Day Peach,1287675691,5,Alkhamdulillah udah habis 1 paket pas 1 bulan hasil wajah lumayan bersih yg tadinya ada flek2 ringan.sekarang udah mau 2 paket ini🥰 dan semoga cocok terus jadi makin bersih😊🤲terimkasih xbeautyskin dan toko yg amanah semoga sukses selalu🤲,1681389046,Lebih dari 1 tahun lalu,1 paket lengkap,True,Anonymous,0,False,False,
X Beauty 1 Paket Isi 6 Redjelly Day Peach,1287675682,5,Cinta bet Ama produk ini🤍🤍🤍,1681386795,Lebih dari 1 tahun lalu,1 paket lengkap,True,Anonymous,0,False,False,
X Beauty 1 Paket Isi 6 Redjelly Day Peach,1287675669,1,"Nyesel bgtt make ini, awal pemakaian emang bagus, tapi lama kelamaan muka jadi bengkak terus kering bangett sampe keriput mengelupas terus merah merah",1681385656,Lebih dari 1 tahun lalu,1 paket lengkap,True,Anonymous,0,False,False,
X Beauty 1 Paket Isi 6 Redjelly Day Peach,1287675645,5,Creamnya sangat bagus,1681381858,Lebih dari 1 tahun lalu,1 paket lengkap,True,Anonymous,0,True,False,
X Beauty 1 Paket Isi 6 Redjelly Day Peach,1287675651,2,Ni kok gak ada isinya kak . Waktu onboxsing . Ni cream night . Paket whatening,1681320218,Lebih dari 1 tahun lalu,1 paket isi 6 plus red jelly,True,Anonymous,0,True,False,
X Beauty 1 Paket Isi 6 Redjelly Day Peach,1287675668,1,"Uda 3 x mesan yg terairnya kok asal Peking aja ya kk.
Mau jadi langganan. tapi gak di perhatikan . 
barang nya gimn kecewa. Sangat kecewa.",1681315933,Lebih dari 1 tahun lalu,1 paket isi 6 plus red jelly,True,Anonymous,0,True,False,
X Beauty 1 Paket Isi 6 Redjelly Day Peach,1287675652,5,Rekomendasi,1681300580,Lebih dari 1 tahun lalu,1 paket isi 6 plus red jelly,True,Anonymous,0,False,False,
X Beauty 1 Paket Isi 6 Redjelly Day Peach,1287675634,4,Dicek udah terdaftar di BPOM. Semoga hasilnya sesuai deskripsi,1681155880,Lebih dari 1 tahun lalu,1 paket lengkap,True,Anonymous,0,True,False,
X Beauty 1 Paket Isi 6 Redjelly Day Peach,1287675679,5,Creamnya Bagus bnget .. packinganNya sangat rapi saya suka 👍,1681042172,Lebih dari 1 tahun lalu,1 paket isi 6 plus red jelly,True,Anonymous,0,False,False,
X Beauty 1 Paket Isi 6 Redjelly Day Peach,1287675666,5,Cocok sama scincar ya udh bpom juga rekomend buat pelajar,1681023079,Lebih dari 1 tahun lalu,1 paket lengkap,True,Anonymous,0,False,False,
X Beauty 1 Paket Isi 6 Redjelly Day Peach,1287675673,4,baru mencoba,1680985525,Lebih dari 1 tahun lalu,1 paket isi 6 plus red jelly,True,Anonymous,0,True,False,
X Beauty 1 Paket Isi 6 Redjelly Day Peach,1287675662,5,"Serumnya kok beda kak, paket pertama aku pesen di shopee serumnya ada baunya wangi, terus agak cair lah. klo yg pesen di sini serumnya lebih banyak, tapi GK ada baunya terus kentel lagi, jadi ragu takut barang palsu🥺",1680926565,Lebih dari 1 tahun lalu,1 paket lengkap,True,Anonymous,0,True,False,
X Beauty 1 Paket Isi 6 Redjelly Day Peach,1287675858,5,Alhmdllh sdh dtg semoga cocok pertama order,1680875772,Lebih dari 1 tahun lalu,1 paket lengkap,True,Anonymous,0,False,False,
X Beauty 1 Paket Isi 6 Redjelly Day Peach,1287675862,5,Mantap cream,1680873772,Lebih dari 1 tahun lalu,1 paket lengkap,True,Anonymous,0,False,False,
X Beauty 1 Paket Isi 6 Redjelly Day Peach,1287675861,4,Udah order paket ke 4x nya.. Alhamdulillah bagus cocok di aku.. tp emg prosesnya gak instan harus bertahan.. pertahankan kwalitas dan harganya klo bisa promo trus kak biar jadi langganan 😅,1680843197,Lebih dari 1 tahun lalu,1 paket isi 6 plus red jelly,True,Anonymous,0,False,False,
X Beauty 1 Paket Isi 6 Redjelly Day Peach,1287675863,5,Wah sip bgt kk next order lg,1680826093,Lebih dari 1 tahun lalu,1 paket lengkap,True,Anonymous,0,True,False,
X Beauty 1 Paket Isi 6 Redjelly Day Peach,1287675857,5,Mantap kk mudah&#34; cocok sma skincere nya,1680807993,Lebih dari 1 tahun lalu,1 paket isi 6 plus red jelly,True,Anonymous,0,True,False,
X Beauty 1 Paket Isi 6 Redjelly Day Peach,1287675890,5,Sengaja kasih ulasan nunggu hasil dulu ternyata hasil nya memang mantul bangettt🤩🤩🥰 baru mau habis 2 paket tapi udah kelihatan hasilnya cinta banget deh sama Xbeautyskin👍🥰,1680725772,Lebih dari 1 tahun lalu,1 paket lengkap,True,Anonymous,0,True,False,
X Beauty 1 Paket Isi 6 Redjelly Day Peach,1287675956,5,"Cream nya sdah sampai, bru mau coba, smoga cocok😇",1680720046,Lebih dari 1 tahun lalu,1 paket isi 6 plus red jelly,True,Anonymous,0,True,False,
X Beauty 1 Paket Isi 6 Redjelly Day Peach,1287675917,4,Baru pemakaian pertama sih jadi belum ada hasilnya. Semoga aja bagus n cocok 😊,1680705368,Lebih dari 1 tahun lalu,1 paket lengkap,True,Anonymous,0,False,False,
X Beauty 1 Paket Isi 6 Redjelly Day Peach,1287675948,5,Top bgt,1680640876,Lebih dari 1 tahun lalu,1 paket lengkap,True,Anonymous,0,False,False,
X Beauty 1 Paket Isi 6 Redjelly Day Peach,1287675909,5,paket  sampai Terimakasih semoga aku cocok dikulit🙏,1680631735,Lebih dari 1 tahun lalu,1 paket lengkap,True,Anonymous,0,False,False,
X Beauty 1 Paket Isi 6 Redjelly Day Peach,1287675952,4,baru pertam mencoba semoga cocok biar jdi langganan...,1680618455,Lebih dari 1 tahun lalu,1 paket isi 6 plus red jelly,True,Anonymous,0,False,False,
X Beauty 1 Paket Isi 6 Redjelly Day Peach,1287675899,4,"Skincare beautyskin/whitening x bagus juga,sesuai dengan harga nanti mau order lagi🙏🙏",1680595545,Lebih dari 1 tahun lalu,1 paket isi 6 plus red jelly,True,Anonymous,0,False,False,
X Beauty 1 Paket Isi 6 Redjelly Day Peach,1287675907,4,"Pengiriman cepat, tapi kemasannya berbeda. Tidak seperti awal beli.",1680548931,Lebih dari 1 tahun lalu,1 paket isi 6 plus red jelly,True,Anonymous,0,False,False,
X Beauty 1 Paket Isi 6 Redjelly Day Peach,1287675897,5,Brang udah sampai... sesuai dengan pesanan...👍👍👍,1680518087,Lebih dari 1 tahun lalu,1 paket lengkap,True,Anonymous,0,False,False,
X Beauty 1 Paket Isi 6 Redjelly Day Peach,1287675910,5,Paket uda dtang mudah2 han cocok diwajahku,1680499196,Lebih dari 1 tahun lalu,1 paket isi 6 plus red jelly,True,Anonymous,0,False,False,
X Beauty 1 Paket Isi 6 Redjelly Day Peach,1287675998,5,"bagus banget, udah beli yang ke 2 kalinya, belum ada perubahan sih, tpi bagus di cream siang nya bagus banget pokok sampe ini beli yang day creambnya 2 karna sebegitu bagus nya",1680368852,Lebih dari 1 tahun lalu,1 paket lengkap,True,Anonymous,0,False,False,
X Beauty 1 Paket Isi 6 Redjelly Day Peach,1287676002,5,"bagus banget, udah beli yang ke 2 kalinya, belum ada perubahan sih, tpi bagus di cream siang nya bagus banget pokok sampe ini beli yang day creambnya 2 karna sebegitu bagus nya",1680368852,Lebih dari 1 tahun lalu,Day,True,Anonymous,0,False,False,
X Beauty 1 Paket Isi 6 Redjelly Day Peach,1287675992,4,"Kurang Hb pagi kak. Mau Dijual lagi padahal. Sedih aja, pelanggan sudah nunggu",1680367520,Lebih dari 1 tahun lalu,1 paket lengkap,True,Anonymous,0,True,False,
X Beauty 1 Paket Isi 6 Redjelly Day Peach,1287675982,5,"Barangnya bagus kemasannya jug bolh lah 
Pokonya Luar biasa",1680353682,Lebih dari 1 tahun lalu,1 paket lengkap,True,Anonymous,0,False,False,
X Beauty 1 Paket Isi 6 Redjelly Day Peach,1287676019,5,"Alhamdulilah udah nyampek dri kmaren ma.ap Bru ksih ulasan,baru dipke semalam creamnya kyaknya cocok...smoga hrga dan kualitas tetap terjaga...trimaksih sudah nyiptain cream wajah dengan hrga terjangkau dengan kualitas bagus",1680336827,Lebih dari 1 tahun lalu,1 paket isi 6 plus red jelly,True,Anonymous,0,True,False,
X Beauty 1 Paket Isi 6 Redjelly Day Peach,1287675995,5,Baru mau coba belum tau juga cocok apa ngak nyah,1680292464,Lebih dari 1 tahun lalu,1 paket isi 6 plus red jelly,True,Anonymous,0,True,False,
X Beauty 1 Paket Isi 6 Redjelly Day Peach,1287675986,1,Produkx jelek pertama pake bagus sekali lama kelamaan knpa muka langsung hitam,1680208107,Lebih dari 1 tahun lalu,1 paket lengkap,True,Anonymous,0,False,False,
X Beauty 1 Paket Isi 6 Redjelly Day Peach,1287676024,5,Bagus kak muda2han cocok krem nya lmbut,1680202332,Lebih dari 1 tahun lalu,1 paket lengkap,True,Anonymous,0,False,False,
X Beauty 1 Paket Isi 6 Redjelly Day Peach,1287676015,5,Syuka smua prduknya enak d.pakai dan harum tpi lama bnget yallah  pngriman nya,1680175016,Lebih dari 1 tahun lalu,1 paket lengkap,True,Anonymous,0,False,False,
X Beauty 1 Paket Isi 6 Redjelly Day Peach,1287675987,5,Masya Allah bagus bngt produk ny baru prtama make seminggu lngsung glowing🥰,1680128204,Lebih dari 1 tahun lalu,1 paket lengkap,True,Anonymous,0,False,False,
X Beauty 1 Paket Isi 6 Redjelly Day Peach,1287675994,5,"Baru mau nyoba, semoga cocok, pengiriman cepat",1680112143,Lebih dari 1 tahun lalu,1 paket lengkap,True,Anonymous,0,False,False,
X Beauty 1 Paket Isi 6 Redjelly Day Peach,1287675989,5,"Alhamdulillah pemakaian 2 Minggu udah ada perubahan,,, terimakasih seller",1680097642,Lebih dari 1 tahun lalu,1 paket lengkap,True,Anonymous,0,False,False,
X Beauty 1 Paket Isi 6 Redjelly Day Peach,1287676028,5,Uda yg ke 2 x nya...,1680013860,Lebih dari 1 tahun lalu,1 paket isi 6 plus red jelly,True,Anonymous,0,False,False,
X Beauty 1 Paket Isi 6 Redjelly Day Peach,1287676425,1,Barang sdh smpi dgn rapi kurinya jga sopan...mudah&#34;ccok,1679938461,Lebih dari 1 tahun lalu,1 paket isi 6 plus red jelly,True,Anonymous,0,True,False,
X Beauty 1 Paket Isi 6 Redjelly Day Peach,1287676422,3,"di aku jadi bruntusan, kulit ngelupas, perih 😀",1679826843,Lebih dari 1 tahun lalu,1 paket lengkap,True,Anonymous,0,False,False,
X Beauty 1 Paket Isi 6 Redjelly Day Peach,1287676430,5,Glowing sih tapi ga buat putih,1679780401,Lebih dari 1 tahun lalu,1 paket lengkap,True,Anonymous,0,False,False,
X Beauty 1 Paket Isi 6 Redjelly Day Peach,1287676417,2,"beda sama punyak ku , aku pakek whaitening yang datang malah brightenibg",1679717963,Lebih dari 1 tahun lalu,Night,True,Anonymous,0,False,False,
X Beauty 1 Paket Isi 6 Redjelly Day Peach,1287676459,5,Maap baru kasih ulasan . Alhamdulillah cocok banget di wajahku jadi bersih bagus pokonya,1679682120,Lebih dari 1 tahun lalu,1 paket lengkap,True,Anonymous,0,True,False,
X Beauty 1 Paket Isi 6 Redjelly Day Peach,1287676397,4,"Pengiriman cepat,pengemasan rapi,,barangnya komplit ,semoga cocok",1679643853,Lebih dari 1 tahun lalu,1 paket isi 6 plus red jelly,True,Anonymous,0,True,False,
X Beauty 1 Paket Isi 6 Redjelly Day Peach,1287676428,4,"Aroma sabunnya berbeda dari sebelum BPOM. Sebelum BPOM aromanya enak banget, sekarang agak aneh. Tapi mudah mudahan khasiatnya lebih bagus dari sebelum BPOM , soalnya udah cocok pakai ini.",1679594262,Lebih dari 1 tahun lalu,1 paket lengkap,True,Anonymous,0,False,False,
X Beauty 1 Paket Isi 6 Redjelly Day Peach,1287676436,5,"Pengiriman cepat 👍👍 belum pernah coba,semoga cocok di muka ku",1679519906,Lebih dari 1 tahun lalu,1 paket isi 6 plus red jelly,True,Anonymous,0,False,False,
X Beauty 1 Paket Isi 6 Redjelly Day Peach,1287676461,1,"Saya pke krim ini 2 hari langsung panas perih muka saya pada merah merah terus pada ganti kulit sakit bnget 
Nyesell aku beli mahal mahal GX kepake",1679511438,Lebih dari 1 tahun lalu,1 paket lengkap,True,Anonymous,0,False,False,
X Beauty 1 Paket Isi 6 Redjelly Day Peach,1287676455,4,"Pengiriman cepat Pekingny jg rapih, kurir ny ramah bet🤗",1679497581,Lebih dari 1 tahun lalu,1 paket isi 6 plus red jelly,True,Anonymous,0,False,False,
X Beauty 1 Paket Isi 6 Redjelly Day Peach,1287676458,5,Baru mau coba semoga cocok,1679487204,Lebih dari 1 tahun lalu,1 paket isi 6 plus red jelly,True,Anonymous,0,False,False,
X Beauty 1 Paket Isi 6 Redjelly Day Peach,1287676434,5,Bagus semoga cocok amin,1679418139,Lebih dari 1 tahun lalu,1 paket isi 6 plus red jelly,True,Anonymous,0,False,False,
X Beauty 1 Paket Isi 6 Redjelly Day Peach,1287676373,5,"semoga cocok ya , nanti bisaa langanan lagiii😍😍",1679334947,Lebih dari 1 tahun lalu,1 paket isi 6 plus red jelly,True,Anonymous,0,True,False,
X Beauty 1 Paket Isi 6 Redjelly Day Peach,1287676439,4,"Paket baru sampai, belom di coba.. semoga cocok bedak nya",1679330949,Lebih dari 1 tahun lalu,1 paket isi 6 plus red jelly,True,Anonymous,0,False,False,
X Beauty 1 Paket Isi 6 Redjelly Day Peach,1287676435,5,"baguss bgttt bru 5hri udah cerahan &amp; bersihh , cream siangnya juga bagus bgt ga dempul",1679321351,Lebih dari 1 tahun lalu,1 paket isi 6 plus red jelly,True,Anonymous,0,False,False,
X Beauty 1 Paket Isi 6 Redjelly Day Peach,1287676782,5,"Barang sudah sampai gk sempet di foto, moga hasilnya memuaskn",1679050124,Lebih dari 1 tahun lalu,Red jelly,True,Anonymous,0,False,False,
X Beauty 1 Paket Isi 6 Redjelly Day Peach,1287676746,5,Sangat jatuh cinta🥰belum hbis spaket dh mulai ada hasil bakalan order lgi tpi jdi mahal skrg🥲,1679022618,Lebih dari 1 tahun lalu,1 paket isi 6 plus red jelly,True,Anonymous,0,True,False,
X Beauty 1 Paket Isi 6 Redjelly Day Peach,1287676750,5,"Bagus cuma toner nya tumpah tutup nya kurang erat ,,yg lainnya bagus suka✨🥰😍klo cocok nanti bakal jadi langganan",1678986855,Lebih dari 1 tahun lalu,1 paket isi 6 plus red jelly,True,Anonymous,0,False,False,
X Beauty 1 Paket Isi 6 Redjelly Day Peach,1287676752,4,Bagus si tpi sayang toner aku pecah 🥲,1678984194,Lebih dari 1 tahun lalu,1 paket lengkap,True,Anonymous,0,False,False,
X Beauty 1 Paket Isi 6 Redjelly Day Peach,1287676768,4,"paketnya uda sampai..
Semoga cocok. Amana..
Saya kasih bintang 4 dlh.",1678975311,Lebih dari 1 tahun lalu,1 paket isi 6 plus red jelly,True,Anonymous,0,False,False,
X Beauty 1 Paket Isi 6 Redjelly Day Peach,1287676747,1,Udah 2minggu pemakaian tapi gk ad hasilx..hnya glowing pas pkek day creamx aja,1678864982,Lebih dari 1 tahun lalu,1 paket isi 6 plus red jelly,True,Anonymous,0,False,False,
X Beauty 1 Paket Isi 6 Redjelly Day Peach,1287676776,5,Makasi kakkk bagus bangettt. Rekomen banget nihhh gila ga pake bedak pun glow up,1678808368,Lebih dari 1 tahun lalu,1 paket isi 6 plus red jelly,True,Anonymous,0,True,False,
X Beauty 1 Paket Isi 6 Redjelly Day Peach,1287676757,1,Woii knpa nih bru make bbrpa hari muka saya bengkak ! Pdhal udh BPOM !,1678777254,Lebih dari 1 tahun lalu,1 paket isi 6 plus red jelly,True,Anonymous,0,False,False,
X Beauty 1 Paket Isi 6 Redjelly Day Peach,1287676732,5,bagus 👍😍,1678654840,Lebih dari 1 tahun lalu,1 paket isi 6 plus red jelly,True,Anonymous,0,False,False,
X Beauty 1 Paket Isi 6 Redjelly Day Peach,1287676767,1,"gak sesuai permintaan, 2x order ulang kok tetep d krim cream beda. bkin komedoan lagi. gak kaya awal2 beli. mngcwakan",1678572943,Lebih dari 1 tahun lalu,Night,True,Anonymous,0,True,False,
X Beauty 1 Paket Isi 6 Redjelly Day Peach,1287676773,5,"Paket sudah smpai untuk yg ke dua x nya rapi lngkap tdk ada yg lecet,wlpun agk lama tdk pp lah krna ku cocok dngan produky kuriry jg sdh langganan,ini ku mau order lagi smga jdi lngganan trus😃",1678548248,Lebih dari 1 tahun lalu,1 paket lengkap,True,Anonymous,0,True,False,
X Beauty 1 Paket Isi 6 Redjelly Day Peach,1287676780,1,Ngapa cream nya nggak ngepek ke muka ku toner y tidak ada rasa klau di pake ke muka,1678477995,Lebih dari 1 tahun lalu,1 paket lengkap,True,Anonymous,0,False,False,
X Beauty 1 Paket Isi 6 Redjelly Day Peach,1287676756,4,"LG pesan yg ke 2 
Kalau bsa jgn mahal x di onkir ny 🤭",1678457901,Lebih dari 1 tahun lalu,1 paket lengkap,True,Anonymous,0,False,False,
X Beauty 1 Paket Isi 6 Redjelly Day Peach,1287676763,4,Puas dengan barang nya sayang nya pengiriman lama,1678371668,Lebih dari 1 tahun lalu,1 paket lengkap,True,Anonymous,0,False,False,
X Beauty 1 Paket Isi 6 Redjelly Day Peach,1287676733,5,Bagus gratis ongkir,1678276931,Lebih dari 1 tahun lalu,1 paket isi 6 plus red jelly,True,Anonymous,0,True,False,
X Beauty 1 Paket Isi 6 Redjelly Day Peach,1287676749,5,"Alhamdulillah paketnya sdh sampai respon penjual cepat banget, tapi lebihb teliti lagi yah kak, hanya kurang 1 red jelly aja tpi tetap kasih bintang 5😊next order lagi",1678268164,Lebih dari 1 tahun lalu,1 paket isi 6 plus red jelly,True,Anonymous,0,True,False,
X Beauty 1 Paket Isi 6 Redjelly Day Peach,1287676743,4,"Maaf yaa aku aku kasih bintang 4 min soalnya day creamnya tumpah gk ada tutup bagian dalemnya jadinga meleber, nnti klo cocok next order",1678228682,Lebih dari 1 tahun lalu,1 paket isi 6 plus red jelly,True,Anonymous,0,True,False,
X Beauty 1 Paket Isi 6 Redjelly Day Peach,1287676759,5,"Ngga usah ragu deh ini skincare Ter the best yang selalu aku pakai🥰
Murah, selalu dapet bonus, kualitas nya👍
Next bisa jadi pelanggan nih🤗",1678226757,Lebih dari 1 tahun lalu,1 paket isi 6 plus red jelly,True,Anonymous,0,True,False,
X Beauty 1 Paket Isi 6 Redjelly Day Peach,1287676742,5,Baru mau coba semoga cocok 🥰,1678202829,Lebih dari 1 tahun lalu,1 paket lengkap,True,Anonymous,0,False,False,
X Beauty 1 Paket Isi 6 Redjelly Day Peach,1287676771,5,"Suka sekaliiiii paket cepat hanya 2 hari sudah sampai, dan sudah di cek bpom juga terimakasih",1678195292,Lebih dari 1 tahun lalu,1 paket lengkap,True,Anonymous,0,True,False,
X Beauty 1 Paket Isi 6 Redjelly Day Peach,1287677107,3,Ga sesuai sekarang bedaa,1678082973,Lebih dari 1 tahun lalu,1 paket lengkap,True,Anonymous,0,False,False,
X Beauty 1 Paket Isi 6 Redjelly Day Peach,1287677191,5,Ok lengkap udh order 3x,1678050690,Lebih dari 1 tahun lalu,1 paket isi 6 plus red jelly,True,Anonymous,0,False,False,
X Beauty 1 Paket Isi 6 Redjelly Day Peach,1287677137,5,Semoga cocok,1678018854,Lebih dari 1 tahun lalu,1 paket isi 6 plus red jelly,True,Anonymous,0,True,False,
X Beauty 1 Paket Isi 6 Redjelly Day Peach,1287677124,5,"bagus banget creamnya super lembut nyaman di pake dan face wash nya itu ga bikin wajah ketarik,",1678008478,Lebih dari 1 tahun lalu,1 paket isi 6 plus red jelly,True,Anonymous,0,False,False,
X Beauty 1 Paket Isi 6 Redjelly Day Peach,1287677152,5,Bagus bnget cream nya. Apalagi cream siang bagus bnget. Semoga cocok🥰🥰,1677872729,Lebih dari 1 tahun lalu,1 paket isi 6 plus red jelly,True,Anonymous,0,True,False,
X Beauty 1 Paket Isi 6 Redjelly Day Peach,1287677111,5,Alhamdulillah di pemakaian dlm seminggu udah kelihat bersih... Mksh ya kk.... Best seller pokoknya... Pertahankan kwalitasnya ya... Harganya jgn mahal dg di toko oren ya...,1677863924,Lebih dari 1 tahun lalu,1 paket isi 6 plus red jelly,True,Anonymous,0,False,False,
X Beauty 1 Paket Isi 6 Redjelly Day Peach,1287677171,3,"Bagus semoga cocok buat kulitku, bintang 3 dulu ya, nanti kalau ada perubahan full bntang",1677859612,Lebih dari 1 tahun lalu,1 paket isi 6 plus red jelly,True,Anonymous,0,False,False,
X Beauty 1 Paket Isi 6 Redjelly Day Peach,1287677138,5,Sdh kedua kalinya beli smoga slalu ccok🥰,1677802007,Lebih dari 1 tahun lalu,1 paket isi 6 plus red jelly,True,Anonymous,0,False,False,
X Beauty 1 Paket Isi 6 Redjelly Day Peach,1287677148,3,"Aku pesan sepaket tapi yang datang cuman serum, toner, day and night creamnya aja face washnya gak ada masak harus beli face wash lagi",1677777102,Lebih dari 1 tahun lalu,1 paket lengkap,True,Anonymous,0,False,False,
X Beauty 1 Paket Isi 6 Redjelly Day Peach,1287677129,4,Maaf baru kasi ulasan karna saya cobain dl produknyaa. Teksturnya tidak lengket dan wangi tp setelah pakai 3 hari agak mengelupas di bagian dagu. Aman gak yaa?,1677766758,Lebih dari 1 tahun lalu,1 paket isi 6 plus red jelly,True,Anonymous,0,False,False,
X Beauty 1 Paket Isi 6 Redjelly Day Peach,1287677109,5,Alhamdulillah cocok di aku skincarenya☺aku pesan 3 untuk di jual truss aku pesan lagi banyak juga yg mesan di aku dengan harga segitu udah bikin wajah glowing dan cerah😍. Jangan jgn di rubah lagi yah kak harganya☺.,1677687119,Lebih dari 1 tahun lalu,1 paket isi 6 plus red jelly,True,Anonymous,0,True,False,
X Beauty 1 Paket Isi 6 Redjelly Day Peach,1287677110,4,Pket lngkap. Baru mau coba,1677676712,Lebih dari 1 tahun lalu,1 paket lengkap,True,Anonymous,0,False,False,
X Beauty 1 Paket Isi 6 Redjelly Day Peach,1287677156,5,"Produky the best,sngat amanah jg pngirimanya,baru ku coba sekali saja sdh trlihat efeknya,pkoky bklan jdi lngganan lgi untuk tokoy",1677526438,Lebih dari 1 tahun lalu,1 paket lengkap,True,Anonymous,0,True,False,
X Beauty 1 Paket Isi 6 Redjelly Day Peach,1287677173,5,2 kali order wkwk,1677452681,Lebih dari 1 tahun lalu,Serum,True,Anonymous,0,False,False,
X Beauty 1 Paket Isi 6 Redjelly Day Peach,1287677198,4,Gaadaa bonuss nyaaa padlaan beli sama read jellynya,1677346095,Lebih dari 1 tahun lalu,1 paket isi 6 plus red jelly,True,Anonymous,0,False,False,
X Beauty 1 Paket Isi 6 Redjelly Day Peach,1287677131,5,Baru pertama pake bagus bgt..smoga cocok d muka aku..dan langganan terus,1677219640,Lebih dari 1 tahun lalu,1 paket isi 6 plus red jelly,True,Anonymous,0,True,False,
X Beauty 1 Paket Isi 6 Redjelly Day Peach,1287677200,3,blm di coba produknya semoga aja cocok bisa jdi langganan..packing rapih👌,1677109963,Lebih dari 1 tahun lalu,1 paket isi 6 plus red jelly,True,Anonymous,0,False,False,
X Beauty 1 Paket Isi 6 Redjelly Day Peach,1287677136,5,Blm coba...tpi bpom,1677066480,Lebih dari 1 tahun lalu,1 paket lengkap,True,Anonymous,0,False,False,
X Beauty 1 Paket Isi 6 Redjelly Day Peach,1287677852,5,Mdh2an coccok sm wajjah ku yg hitam ini,1676916745,Lebih dari 1 tahun lalu,1 paket isi 6 plus red jelly,True,Anonymous,0,False,False,
X Beauty 1 Paket Isi 6 Redjelly Day Peach,1287677875,2,kecewa gak kaya sblmnya. ini hau HB anggur produc yg bahaya.,1676891760,Lebih dari 1 tahun lalu,Night,True,Anonymous,0,False,False,
X Beauty 1 Paket Isi 6 Redjelly Day Peach,1287677817,5,MasyaAllah 😍😍😍😍baru kali ini nemu krim yang bagus bngt. Nyaman di kantong pula. Di pake jga bagus . Wajahnya jadi lembab. Ringan. Glow up pulaaaa. Makasih. Tokonya amanah bngt. Jangan ragu beli di toko ini,1676884417,Lebih dari 1 tahun lalu,1 paket isi 6 plus red jelly,True,Anonymous,0,False,False,
X Beauty 1 Paket Isi 6 Redjelly Day Peach,1287677818,5,Realpict sesuai pesanan,1676732710,Lebih dari 1 tahun lalu,1 paket lengkap,True,Anonymous,0,True,False,
X Beauty 1 Paket Isi 6 Redjelly Day Peach,1287677822,5,"semoga ccok,biar gak ganti skincare lain lagi",1676700339,Lebih dari 1 tahun lalu,1 paket isi 6 plus red jelly,True,Anonymous,0,False,False,
X Beauty 1 Paket Isi 6 Redjelly Day Peach,1287677826,5,Sumpah kalian harus beli ini dah bpom pdahal msih 4 hari udah secerah ini gw suka ma tonernya nex order lagi gc sia sia beli makasih x beuty 😄,1676697472,Lebih dari 1 tahun lalu,1 paket isi 6 plus red jelly,True,Anonymous,0,True,False,
X Beauty 1 Paket Isi 6 Redjelly Day Peach,1287677820,5,Sesuai pesanan semoga cocok d muka aq,1676656070,Lebih dari 1 tahun lalu,1 paket lengkap,True,Anonymous,0,True,False,
X Beauty 1 Paket Isi 6 Redjelly Day Peach,1287677871,4,Baru coba .. semoga cocok,1676631611,Lebih dari 1 tahun lalu,1 paket isi 6 plus red jelly,True,Anonymous,0,True,False,
X Beauty 1 Paket Isi 6 Redjelly Day Peach,1287677869,5,barang sampai dengan baik,1676571124,Lebih dari 1 tahun lalu,1 paket lengkap,True,Anonymous,0,False,False,
X Beauty 1 Paket Isi 6 Redjelly Day Peach,1287677878,5,"Cream termantulita udh hbis 4paket sih,",1676474292,Lebih dari 1 tahun lalu,1 paket lengkap,True,Anonymous,0,False,False,
X Beauty 1 Paket Isi 6 Redjelly Day Peach,1287677809,4,Bintang 4 dulu ya.. baru mau nyoba 😁 semoga aja cocok,1676456601,Lebih dari 1 tahun lalu,1 paket isi 6 plus red jelly,True,Anonymous,0,True,False,
X Beauty 1 Paket Isi 6 Redjelly Day Peach,1287677848,5,Bagusss. Tpi diaku wajah jadi merah kalo kena sinar matahari. Dan tidak mencerahkan tpi dipake jadi glowing bgt tpi sayang nya diaku jadi merah jadi takut mau pake lagi,1676311000,Lebih dari 1 tahun lalu,1 paket lengkap,True,Anonymous,0,True,False,
X Beauty 1 Paket Isi 6 Redjelly Day Peach,1287677810,5,"Bagus semua smpai dengan selamat , semoga cocok soalnya baru pertama nyoba terimakasih",1676305829,Lebih dari 1 tahun lalu,1 paket isi 6 plus red jelly,True,Anonymous,0,False,False,
X Beauty 1 Paket Isi 6 Redjelly Day Peach,1287677849,5,"Dari dulu sampe sekarang baru pertama kali ini cinta banget sama produk yg satu ini, pokoknya bakalan langganan",1676279515,Lebih dari 1 tahun lalu,1 paket lengkap,True,Anonymous,0,True,False,
X Beauty 1 Paket Isi 6 Redjelly Day Peach,1287677812,4,Bintang 4 dulu,1676223368,Lebih dari 1 tahun lalu,1 paket lengkap,True,Anonymous,0,False,False,
X Beauty 1 Paket Isi 6 Redjelly Day Peach,1287677841,4,"Packing NY rapi Dan alhamdulillah tdk ad yg bocor krim NY.. Tpi krim siang ny bau ke gtu ya😆
Semoga ccok Bru × order",1676221298,Lebih dari 1 tahun lalu,1 paket lengkap,True,Anonymous,0,False,False,
X Beauty 1 Paket Isi 6 Redjelly Day Peach,1287677858,5,Bagus relpic. Semoga cocok. Langsung d ambil pelanggan....  Kurir baik,1676210261,Lebih dari 1 tahun lalu,1 paket lengkap,True,Anonymous,0,True,False,
X Beauty 1 Paket Isi 6 Redjelly Day Peach,1287677819,4,Alhamdulillah paket nya udh sampe dengan rapih.. Dan kulir nya sangat ramah,1676146382,Lebih dari 1 tahun lalu,1 paket lengkap,True,Anonymous,0,True,False,
X Beauty 1 Paket Isi 6 Redjelly Day Peach,1287677828,5,"Alhamdulillah suka, sesuai pesanan semoga cocok ya kak😊 biar bisa order kembali",1676024287,Lebih dari 1 tahun lalu,1 paket isi 6 plus red jelly,True,Anonymous,0,False,False,
X Beauty 1 Paket Isi 6 Redjelly Day Peach,1287677821,5,"Packengan rapi barang sampai tanpa lecet, baru pertama pesan semoga cocok di aku, capek gonta ganti skincare. Smoga cocok next order lagi😊.",1676021102,Lebih dari 1 tahun lalu,1 paket isi 6 plus red jelly,True,Anonymous,0,True,False,
X Beauty 1 Paket Isi 6 Redjelly Day Peach,1287677870,5,"Kemasannya rapi bpom semua, semoga cocok",1675868194,Lebih dari 1 tahun lalu,1 paket lengkap,True,Anonymous,0,False,False,
X Beauty 1 Paket Isi 6 Redjelly Day Peach,1287677877,5,Baru datang semoga cocok,1675867690,Lebih dari 1 tahun lalu,1 paket lengkap,True,Anonymous,0,False,False,
X Beauty 1 Paket Isi 6 Redjelly Day Peach,1287677847,5,Mantul banget.  Segel semua.  Kemasan oke banget . aman banget . cuma 1 pengiriman agak lama ..,1675858350,Lebih dari 1 tahun lalu,1 paket lengkap,True,Anonymous,0,True,False,
X Beauty 1 Paket Isi 6 Redjelly Day Peach,1287677874,4,"suka bgt lngsng rata saat diaplikasikan,tpi gk sukanya cara penyemasanya brantakan",1675854038,Lebih dari 1 tahun lalu,1 paket lengkap,True,Anonymous,0,False,False,
X Beauty 1 Paket Isi 6 Redjelly Day Peach,1287677811,5,Bagus cream nya lembut,1675784520,Lebih dari 1 tahun lalu,1 paket lengkap,True,Anonymous,0,True,False,
X Beauty 1 Paket Isi 6 Redjelly Day Peach,1287678256,5,Aku ksih bintang 5 Krna cream wajahnya bagus banget kak,1675697397,Lebih dari 1 tahun lalu,1 paket lengkap,True,Anonymous,0,False,False,
X Beauty 1 Paket Isi 6 Redjelly Day Peach,1287678254,4,"Baru pertama kalinya order
Semoga aja ccok di wajah ku
Biar next bisa order lagi😊",1675675827,Lebih dari 1 tahun lalu,1 paket lengkap,True,Anonymous,0,True,False,
X Beauty 1 Paket Isi 6 Redjelly Day Peach,1287678266,5,Sekali oles bikin glowing,1675628069,Lebih dari 1 tahun lalu,Day,True,Anonymous,0,False,False,
X Beauty 1 Paket Isi 6 Redjelly Day Peach,1287678339,5,Bikin glowing menuju 3 paket,1675628042,Lebih dari 1 tahun lalu,Serum,True,Anonymous,0,False,False,
X Beauty 1 Paket Isi 6 Redjelly Day Peach,1287678259,5,Sesuai foto,1675628007,Lebih dari 1 tahun lalu,Night,True,Anonymous,0,False,False,
X Beauty 1 Paket Isi 6 Redjelly Day Peach,1287678230,5,"Enak banget dipake gais ini recommend si
Mana pengiriman juga cepet the best pokona mahh",1675614628,Lebih dari 1 tahun lalu,1 paket isi 6 plus red jelly,True,Anonymous,0,True,False,
X Beauty 1 Paket Isi 6 Redjelly Day Peach,1287678282,4,semoga aja cocok di aku pas jadi langganan ..coba skincare dari kemaren gaada yang ngefek sama sekali,1675606499,Lebih dari 1 tahun lalu,1 paket lengkap,True,Anonymous,0,False,False,
X Beauty 1 Paket Isi 6 Redjelly Day Peach,1287678261,5,Sesuai pesenan GK ada yang kurang satupun udh cocok pake cream ini smoga tokonya slalu amanah trimakasih .....,1675602100,Lebih dari 1 tahun lalu,1 paket lengkap,True,Anonymous,0,True,False,
X Beauty 1 Paket Isi 6 Redjelly Day Peach,1287678305,5,Alhamdulillah cream ny aman q cek sndri di BPOM semoga cocok biar order lg krna muka ku ini kusam hitam semejak 2minghu dikapal,1675594645,Lebih dari 1 tahun lalu,1 paket isi 6 plus red jelly,True,Anonymous,0,True,False,
X Beauty 1 Paket Isi 6 Redjelly Day Peach,1287678253,4,Kasi bintang 4 dulu. Baru pertama coba blm tau hasilnya. Tapi pengemasan ok bgt pengiriman lumayan cpt,1675541850,Lebih dari 1 tahun lalu,1 paket lengkap,True,Anonymous,0,False,False,
X Beauty 1 Paket Isi 6 Redjelly Day Peach,1287678317,5,Semoga cocok,1675529508,Lebih dari 1 tahun lalu,Red jelly,True,Anonymous,0,True,False,
X Beauty 1 Paket Isi 6 Redjelly Day Peach,1287678278,5,maaf baru kasih penilaian setelah pemakaian otw 2 paket🥰. bagus untuk Mencerahkan 🫶🏻,1675326629,Lebih dari 1 tahun lalu,1 paket lengkap,True,Anonymous,0,True,False,
X Beauty 1 Paket Isi 6 Redjelly Day Peach,1287678226,4,"Huhu bagus buanget, yang cepet habis day creamnya, soalnya bagus kalo siang habis pakai serum + day creamnya",1675278715,Lebih dari 1 tahun lalu,1 paket isi 6 plus red jelly,True,Anonymous,0,True,False,
X Beauty 1 Paket Isi 6 Redjelly Day Peach,1287678287,5,"Maaf kk bru di blas alhamdulillah paketnya udah sampai rapi lg,kulir juga ramah.semugah cocok saya pakai.",1675278499,Lebih dari 1 tahun lalu,1 paket lengkap,True,Anonymous,0,False,False,
X Beauty 1 Paket Isi 6 Redjelly Day Peach,1287678218,5,Terimakasih kakak paket q sudah sampai baru pertama mau coba mudah2an cocok nanti pesan lagi,1675252206,Lebih dari 1 tahun lalu,1 paket isi 6 plus red jelly,True,Anonymous,0,True,False,
X Beauty 1 Paket Isi 6 Redjelly Day Peach,1287678380,5,Mantap sesuai pesanan SMG a cocok,1674999407,Lebih dari 1 tahun lalu,1 paket lengkap,True,Anonymous,0,False,False,
X Beauty 1 Paket Isi 6 Redjelly Day Peach,1287678386,4,Cremnya enk n aku cocok cuma ongkir terlalu mahal kaka kalau ecer heheheh,1674947788,Lebih dari 1 tahun lalu,Day,True,Anonymous,0,False,False,
X Beauty 1 Paket Isi 6 Redjelly Day Peach,1287678294,5,Bagus bgt baru satu hari aja udh kya ngefek bgt jrwt lngsung kmpes hehe,1674585615,Lebih dari 1 tahun lalu,1 paket lengkap,True,Anonymous,0,True,False,
X Beauty 1 Paket Isi 6 Redjelly Day Peach,1287678295,4,Pengiriman ke Kalimantan timur lumayan lama tapi alhamdulillah barang sudah sampai dan sesuai pesanan..baru pertama nyoba sekaligus order 2 paket semoga cocok..🥰🥰🥰,1674575043,Lebih dari 1 tahun lalu,1 paket isi 6 plus red jelly,True,Anonymous,0,True,False,
X Beauty 1 Paket Isi 6 Redjelly Day Peach,1287678303,5,Udah order k&#39;2x nya hasilnya emang beneran mantull 🥰🥰🥰 jadi gk gonta ganti lgi udah cocok sama ini produk 😍😍😍,1674404281,Lebih dari 1 tahun lalu,1 paket isi 6 plus red jelly,True,Anonymous,0,True,False,
X Beauty 1 Paket Isi 6 Redjelly Day Peach,1287678696,4,"Ok 
Sesuai pesanan semoga cocok 
Nanti psan lagi 
Baru pkai yg night cream suka langsung meresap....",1674234255,Lebih dari 1 tahun lalu,1 paket isi 6 plus red jelly,True,Anonymous,0,False,False,
X Beauty 1 Paket Isi 6 Redjelly Day Peach,1287678697,5,"Pengiriman cepat,semoga cocok sama Krim nya
Lebih suka sama yg serumnya bauk&#39;e wangi",1674140298,Lebih dari 1 tahun lalu,1 paket lengkap,True,Anonymous,0,False,False,
X Beauty 1 Paket Isi 6 Redjelly Day Peach,1287678743,5,"s͎e͎s͎u͎a͎i͎ f͎o͎t͎o͎,s͎m͎o͎g͎a͎ c͎o͎c͎o͎k͎ ,n͎e͎x͎t͎ o͎r͎d͎e͎r͎ lagi",1673988502,Lebih dari 1 tahun lalu,1 paket lengkap,True,Anonymous,0,False,False,
X Beauty 1 Paket Isi 6 Redjelly Day Peach,1287678771,5,Sebener nya dari dulu langganan sihh ang sebagus banget cream nya tapipokok nya cinta,1673889185,Lebih dari 1 tahun lalu,Day,True,Anonymous,0,False,False,
X Beauty 1 Paket Isi 6 Redjelly Day Peach,1287678750,5,Paket aman lengkap,1673878915,Lebih dari 1 tahun lalu,1 paket lengkap,True,Anonymous,0,False,False,
X Beauty 1 Paket Isi 6 Redjelly Day Peach,1287678773,5,"Mantul banget,satu minggu udh kelihatan hasilnya,next order lagi",1673608587,Lebih dari 1 tahun lalu,1 paket isi 6 plus red jelly,True,Anonymous,0,True,False,
X Beauty 1 Paket Isi 6 Redjelly Day Peach,1287678704,4,Kemasannya rapii...pertma X mencoba semoga ccok dikulit aqu😊😊,1673601480,Lebih dari 1 tahun lalu,1 paket isi 6 plus red jelly,True,Anonymous,0,True,False,
X Beauty 1 Paket Isi 6 Redjelly Day Peach,1287678751,5,Mantap,1673543090,Lebih dari 1 tahun lalu,1 paket lengkap,True,Anonymous,0,False,False,
X Beauty 1 Paket Isi 6 Redjelly Day Peach,1287678752,5,Trimaksih paket sudah dtng,1673458904,Lebih dari 1 tahun lalu,Toner,True,Anonymous,0,True,False,
X Beauty 1 Paket Isi 6 Redjelly Day Peach,1287678760,5,Top,1673255531,Lebih dari 1 tahun lalu,Night,True,Anonymous,0,False,False,
X Beauty 1 Paket Isi 6 Redjelly Day Peach,1287678769,5,"Paketnya sudah sampai,semoga cocok",1673210535,Lebih dari 1 tahun lalu,1 paket isi 6 plus red jelly,True,Anonymous,0,True,False,
X Beauty 1 Paket Isi 6 Redjelly Day Peach,1287678778,5,"Rekomendasi sih ini untuk kalian beli, aku td udh nyoba emang sebagus itu apalagi day creamnya gk bikin abu&#34; lo terus teksturnya lembut suka deh😭🤩",1673205037,Lebih dari 1 tahun lalu,1 paket lengkap,True,Anonymous,0,False,False,
X Beauty 1 Paket Isi 6 Redjelly Day Peach,1287678763,5,Terimakasih banyak Seller &amp; tiktok shop.. Selalu berlangganan disini,1673169587,Lebih dari 1 tahun lalu,1 paket lengkap,True,Anonymous,0,False,False,
X Beauty 1 Paket Isi 6 Redjelly Day Peach,1287678781,5,Crem mlm nya bau nya aneh,1673119482,Lebih dari 1 tahun lalu,1 paket lengkap,True,Anonymous,0,False,False,
X Beauty 1 Paket Isi 6 Redjelly Day Peach,1287678699,4,Paketan mendarat dengan selamat baru mau coba nanti kalau ada hasil mau order lagi,1673001677,Lebih dari 1 tahun lalu,1 paket isi 6 plus red jelly,True,Anonymous,0,False,False,
X Beauty 1 Paket Isi 6 Redjelly Day Peach,1287678767,3,Beli skinker tapi kerim mlm gk ada belas kosong sama sekali .. apa yg di pake cuma kerim siang sama gell nya aja .hadeh 🙄,1672787307,Lebih dari 1 tahun lalu,1 paket isi 6 plus red jelly,True,Anonymous,0,True,False,
X Beauty 1 Paket Isi 6 Redjelly Day Peach,1287678754,5,"Paket aq udah nyampe,paking aman dan rapi,baru mau coba moga ada perubahanx🙏dan ttp z kasi bintang 5👍",1672593486,Lebih dari 1 tahun lalu,1 paket isi 6 plus red jelly,True,Anonymous,0,True,False,
X Beauty 1 Paket Isi 6 Redjelly Day Peach,1287678859,3,gatau bagus apa ngga coba dluu,1672364205,Lebih dari 1 tahun lalu,1 paket isi 6 plus red jelly,True,Anonymous,0,False,False,
X Beauty 1 Paket Isi 6 Redjelly Day Peach,1287678854,5,Tdk ada yg tumpa aman walpun kemsan plastik syg kurir nya lma sampai tgl pengirimn lewat pdhl cpt pingin coba.semoga cock,1672337592,Lebih dari 1 tahun lalu,1 paket lengkap,True,Anonymous,0,True,False,
X Beauty 1 Paket Isi 6 Redjelly Day Peach,1287678852,5,Semoga ccok🥰,1672305085,Lebih dari 1 tahun lalu,1 paket isi 6 plus red jelly,True,Anonymous,0,True,False,
X Beauty 1 Paket Isi 6 Redjelly Day Peach,1287678858,5,"Gk nyangka sii , bisa doat sebanyak ini 🤗 bismillah baru mau nyoba semoga cock",1671694828,Lebih dari 1 tahun lalu,1 paket isi 6 plus red jelly,True,Anonymous,0,True,False,
X Beauty 1 Paket Isi 6 Redjelly Day Peach,1287679059,4,Baru mau coba semoga cocok,1671652992,Lebih dari 1 tahun lalu,1 paket lengkap,True,Anonymous,0,False,False,
X Beauty 1 Paket Isi 6 Redjelly Day Peach,1287679071,5,Semoga cocok👌👌👌,1671302238,Lebih dari 1 tahun lalu,1 paket isi 6 plus red jelly,True,Anonymous,0,False,False,
X Beauty 1 Paket Isi 6 Redjelly Day Peach,1287678847,5,"Semoga cocok🙏
Kemasan aman",1671239875,Lebih dari 1 tahun lalu,1 paket lengkap,True,Anonymous,0,False,False,
X Beauty 1 Paket Isi 6 Redjelly Day Peach,1287678951,5,"Barang udah sampe, dgn selamat, krim paginya creami, baru nyoba sih dan semoga cocok, dan jadi langganan ditoko ini,",1671172548,Lebih dari 1 tahun lalu,1 paket lengkap,True,Anonymous,0,True,False,
X Beauty 1 Paket Isi 6 Redjelly Day Peach,1287678868,1,"Sedikit kecewa,,saya kira ini pemutih bikin glow,trnyta sprti bedak biasa yg d bilas lngsung ilang,,bukan u/ mncerahkn wajah",1671013372,Lebih dari 1 tahun lalu,1 paket isi 6 plus red jelly,True,Anonymous,0,False,False,
X Beauty 1 Paket Isi 6 Redjelly Day Peach,1287678990,5,"Semoga cocok,Bru d,coba...mksh",1670851616,Lebih dari 1 tahun lalu,Night,True,Anonymous,0,True,False,
X Beauty 1 Paket Isi 6 Redjelly Day Peach,1287679082,5,"Yg bikin seneng day cream ya ,bikin efek glowing&#34;gitu.
Next order lagi klo hbis 🤗",1670779965,Lebih dari 1 tahun lalu,1 paket lengkap,True,Anonymous,0,False,False,
X Beauty 1 Paket Isi 6 Redjelly Day Peach,1287678871,5,"sumpah baru ini nemu skincare yg beneran sebagus itu 😭 ini aku review setelah 2 minggu, paling suka krim siangnya ga bikin crack, teksturnya lembut kyak cream gitu bukan kaya foundation. dan tau gak?? sekali oles beneran glowing cerah, bukan abu² 😭😭🤍 sumpah mau order lagi klo abis!!",1670570463,Lebih dari 1 tahun lalu,1 paket lengkap,True,Anonymous,0,True,False,
X Beauty 1 Paket Isi 6 Redjelly Day Peach,1287679009,5,Mantap pengirimannya cuman sehari padahal ke Bandung 😊kualitas nya bner2 oke..udh abis 2paket bner2 ngefek dimuka AQ 😍mkasih Kaka produknya mantul👍,1669431136,Lebih dari 1 tahun lalu,1 paket lengkap,True,Anonymous,0,False,False,
X Beauty 1 Paket Isi 6 Redjelly Day Peach,1287678919,5,Semoga cocok,1669038704,Lebih dari 1 tahun lalu,1 paket lengkap,True,Anonymous,0,False,False,
X Beauty 1 Paket Isi 6 Redjelly Day Peach,1287679278,5,"Brangnya sudah smpe,bungkusannya rapi tidak ada cacat sdkit pun.smoga cocok aq pke ini",1667819023,Lebih dari 1 tahun lalu,Red jelly,True,Anonymous,0,True,False,
X Beauty 1 Paket Isi 6 Redjelly Day Peach,1287679254,5,produk cream nya mantul harga merakyat cocok buat ibu ibu senusantara dari sabang sampai merauke the best produk tekstur nya lembut meresap di kulit ini cream bukan kaleng kaleng 🥰😘,1667642187,Lebih dari 1 tahun lalu,1 paket isi 6 plus red jelly,True,Anonymous,0,False,False,
X Beauty 1 Paket Isi 6 Redjelly Day Peach,1287679294,5,Udah order ke-2 kalinya,1667065299,Lebih dari 1 tahun lalu,1 paket isi 6 plus red jelly,True,Anonymous,0,False,False,
X Beauty 1 Paket Isi 6 Redjelly Day Peach,1287679259,5,"Makasih Pesanan sudah sampe,,  semoga cocok",1666030105,Lebih dari 1 tahun lalu,1 paket isi 6 plus red jelly,True,Anonymous,0,True,False,
X Beauty 1 Paket Isi 6 Redjelly Day Peach,1287679292,5,Barang nya sudah sampai pengiriman nya cukup lama,1663944224,Lebih dari 1 tahun lalu,1 paket lengkap,True,Anonymous,0,True,False,
X Beauty 1 Paket Isi 6 Redjelly Day Peach,1287679285,5,Udh ke 2kali beli disini 😍,1662982249,Lebih dari 1 tahun lalu,1 paket lengkap,True,Anonymous,0,False,False,
X Beauty 1 Paket Isi 6 Redjelly Day Peach,1287679298,4,Semoga saja cocok ya..😇👍,1662592859,Lebih dari 1 tahun lalu,1 paket lengkap,True,Anonymous,0,True,False,
X Beauty 1 Paket Isi 6 Redjelly Day Peach,1287679265,4,Sesuai ekptasi brg nya sdh sampai cmn saya pnya night creambya ngak ad adanya cmn day smua 😌,1662557787,Lebih dari 1 tahun lalu,1 paket isi 6 plus red jelly,True,Anonymous,0,True,False,
X Beauty 1 Paket Isi 6 Redjelly Day Peach,1287679315,1,Say kecewa dengan paket ya yg awalnya muka ku ngak knph nph skrng jdi kering dan pecah tolong dong,1661440829,Lebih dari 1 tahun lalu,1 paket lengkap,True,Anonymous,0,False,False,
X Beauty 1 Paket Isi 6 Redjelly Day Peach,1287679206,5,Semoga cocok🥰,1660948707,Lebih dari 1 tahun lalu,Night,True,Anonymous,0,False,False,
X Beauty 1 Paket Isi 6 Redjelly Day Peach,1287679252,5,"Cream nya bagus bgt,wajib stok nih hehe,rekomen belanja disinih jgn ragu deh",1660603874,Lebih dari 1 tahun lalu,1 paket isi 6 plus red jelly,True,Anonymous,0,False,False,
X Beauty 1 Paket Isi 6 Redjelly Day Peach,1287679216,5,Bagus😄,1660308257,Lebih dari 1 tahun lalu,1 paket lengkap,True,Anonymous,0,False,False,
X Beauty 1 Paket Isi 6 Redjelly Day Peach,1287679242,5,"Barang ny sudah sampai benaran ORI,nekt bakalan oder LG nanti klo cocok",1660264528,Lebih dari 1 tahun lalu,1 paket lengkap,True,Anonymous,0,True,False,
X Beauty 1 Paket Isi 6 Redjelly Day Peach,1287679296,5,"Packing rapih ga ada yg rusak samsek, bissmillah aja semoga cocok dimuka aku🥰",1659828087,Lebih dari 1 tahun lalu,1 paket lengkap,True,Anonymous,0,False,False,
