product_name,id,rating,message,date,timestamp,variant,is_anonymous,username,total_likes,has_image,has_video,seller_reply
Powerbank 20000 Mah Mini With 4 Usb Cable Lighrweight Universal Powerbank Led Display Baterai Pengisi Charger,2061106220,1,Produk nya dalam posisi rusak,1776933884,Hari ini,PURPLE,True,Anonymous,0,True,False,
Powerbank 20000 Mah Mini With 4 Usb Cable Lighrweight Universal Powerbank Led Display Baterai Pengisi Charger,2060943567,4,"Kualitas pengerjaan: Belum di coba
Performa: Belum di coba",1776928199,Hari ini,BLACK,True,Anonymous,0,True,False,
Powerbank 20000 Mah Mini With 4 Usb Cable Lighrweight Universal Powerbank Led Display Baterai Pengisi Charger,2060835779,5,"Power Bank nya sudah sampai, pas buka paket, barang bagus tidak ada lecet, berfungsi dengan baik, kualitas bagus, pengiriman juga cepat, packing rapi, pokoknya terima kasih untuk seller tokonya barang aman sampai tujuan👍",1776924238,Hari ini,PURPLE,True,Anonymous,0,True,False,
Powerbank 20000 Mah Mini With 4 Usb Cable Lighrweight Universal Powerbank Led Display Baterai Pengisi Charger,2060489515,5,Aman sesuai pesanan .. semoga awet,1776913245,Hari ini,BLACK,True,Anonymous,0,False,False,
Powerbank 20000 Mah Mini With 4 Usb Cable Lighrweight Universal Powerbank Led Display Baterai Pengisi Charger,2060276290,5,"Kejernihan lensa: Sangatt baguss dan tahan
Kualitas pengerjaan: Tahan lamaa",1776904600,Hari ini,PURPLE,True,Anonymous,0,True,False,
Powerbank 20000 Mah Mini With 4 Usb Cable Lighrweight Universal Powerbank Led Display Baterai Pengisi Charger,2060217647,1,Baterai cepat habis,1776900598,1 hari lalu,BLACK,True,Anonymous,0,False,False,
Powerbank 20000 Mah Mini With 4 Usb Cable Lighrweight Universal Powerbank Led Display Baterai Pengisi Charger,2060176871,5,"bgausss bgttttt, kerewnnn m",1776897063,1 hari lalu,PINK,True,Anonymous,0,True,False,
Powerbank 20000 Mah Mini With 4 Usb Cable Lighrweight Universal Powerbank Led Display Baterai Pengisi Charger,2060035251,5,Yei sudah sampai paketnya packing nya sangat aman warnanya cantik dan berfungsi dengan baik semoga aja awat,1776872850,1 hari lalu,PURPLE,True,Anonymous,0,True,True,
Powerbank 20000 Mah Mini With 4 Usb Cable Lighrweight Universal Powerbank Led Display Baterai Pengisi Charger,2059122326,3,boros buat ip,1776841637,1 hari lalu,BLACK,True,Anonymous,0,False,False,
Powerbank 20000 Mah Mini With 4 Usb Cable Lighrweight Universal Powerbank Led Display Baterai Pengisi Charger,2058969744,1,"GK sesuai dgn diskripsi nya,20000 mah buat cas hp 5000 mah ,dah HBS  gk jelas produk nya",1776836571,1 hari lalu,BLACK,True,Anonymous,0,False,False,
Powerbank 20000 Mah Mini With 4 Usb Cable Lighrweight Universal Powerbank Led Display Baterai Pengisi Charger,2058805290,5,Bagus sesuai pesanan,1776831649,1 hari lalu,BLACK,True,Anonymous,0,False,False,
Powerbank 20000 Mah Mini With 4 Usb Cable Lighrweight Universal Powerbank Led Display Baterai Pengisi Charger,2058354105,5,Puas dgn barangnya sesuai dgn yg di harapkan,1776811749,2 hari lalu,PURPLE,True,Anonymous,0,False,False,
Powerbank 20000 Mah Mini With 4 Usb Cable Lighrweight Universal Powerbank Led Display Baterai Pengisi Charger,2058253431,5,Sesuai pesanan,1776790718,2 hari lalu,BLACK,True,Anonymous,0,False,False,
Powerbank 20000 Mah Mini With 4 Usb Cable Lighrweight Universal Powerbank Led Display Baterai Pengisi Charger,2058134875,4,"Kualitas barang-barang bagus,pengisan cepat",1776781990,2 hari lalu,BLACK,True,Anonymous,0,False,False,
Powerbank 20000 Mah Mini With 4 Usb Cable Lighrweight Universal Powerbank Led Display Baterai Pengisi Charger,2058109928,3,lumayan bagus minusnya lama ngecast nya,1776780770,2 hari lalu,PINK,True,Anonymous,0,False,False,
Powerbank 20000 Mah Mini With 4 Usb Cable Lighrweight Universal Powerbank Led Display Baterai Pengisi Charger,2058101966,2,"Power bank di cash, tapi knp ngga ngisi2, msh 75% ngga nambah2,
Padahal SDH agak lama di charger nya",1776780395,2 hari lalu,BLACK,True,Anonymous,0,False,False,
Powerbank 20000 Mah Mini With 4 Usb Cable Lighrweight Universal Powerbank Led Display Baterai Pengisi Charger,2058018623,5,Kualitas pengerjaan: bagussss,1776776918,2 hari lalu,BLACK,True,Anonymous,0,False,False,
Powerbank 20000 Mah Mini With 4 Usb Cable Lighrweight Universal Powerbank Led Display Baterai Pengisi Charger,2057868799,5,Bagus,1776771983,2 hari lalu,BLACK,True,Anonymous,0,False,False,
Powerbank 20000 Mah Mini With 4 Usb Cable Lighrweight Universal Powerbank Led Display Baterai Pengisi Charger,2057865610,5,Brg sdh dtg dan sesuai dg pesanandan berfungsi baik,1776771878,2 hari lalu,BLACK,True,Anonymous,0,True,False,
Powerbank 20000 Mah Mini With 4 Usb Cable Lighrweight Universal Powerbank Led Display Baterai Pengisi Charger,2057858332,5,Bagus,1776771644,2 hari lalu,BLACK,True,Anonymous,0,False,False,
Powerbank 20000 Mah Mini With 4 Usb Cable Lighrweight Universal Powerbank Led Display Baterai Pengisi Charger,2057844754,1,Powerbank Tidak sesuai cepat habis baterai nya,1776771202,2 hari lalu,PINK,True,Anonymous,0,True,False,
Powerbank 20000 Mah Mini With 4 Usb Cable Lighrweight Universal Powerbank Led Display Baterai Pengisi Charger,2057841270,5,kerenn,1776771091,2 hari lalu,BLACK,True,Anonymous,0,True,False,
Powerbank 20000 Mah Mini With 4 Usb Cable Lighrweight Universal Powerbank Led Display Baterai Pengisi Charger,2057467684,5,bagus,1776758287,2 hari lalu,BLACK,True,Anonymous,0,False,False,
Powerbank 20000 Mah Mini With 4 Usb Cable Lighrweight Universal Powerbank Led Display Baterai Pengisi Charger,2057098906,4,Kualitas pengerjaan: Barang nya dtrima sesuai dengan pesanan amnh semua..🤲,1776746173,2 hari lalu,BLACK,True,Anonymous,0,False,False,
Powerbank 20000 Mah Mini With 4 Usb Cable Lighrweight Universal Powerbank Led Display Baterai Pengisi Charger,2056979013,4,Bagus,1776741755,2 hari lalu,PINK,True,Anonymous,0,False,False,
Powerbank 20000 Mah Mini With 4 Usb Cable Lighrweight Universal Powerbank Led Display Baterai Pengisi Charger,2056542435,1,Baru ke isi 40 udh mati aja 😭 sedihhhh,1776702397,3 hari lalu,PINK,True,Anonymous,0,True,False,
Powerbank 20000 Mah Mini With 4 Usb Cable Lighrweight Universal Powerbank Led Display Baterai Pengisi Charger,2056481741,5,"barang baguss, tapii cepat lobet, tapii okee jugaa",1776697931,3 hari lalu,PINK,True,Anonymous,0,False,False,
Powerbank 20000 Mah Mini With 4 Usb Cable Lighrweight Universal Powerbank Led Display Baterai Pengisi Charger,2056465132,5,Bagus barang nya,1776696993,3 hari lalu,BLACK,True,Anonymous,0,False,False,
Powerbank 20000 Mah Mini With 4 Usb Cable Lighrweight Universal Powerbank Led Display Baterai Pengisi Charger,2056406017,1,Tidak bisa buat ngecas hp saya . Sudah nyambung trus putus nyambung putus terus .,1776694146,3 hari lalu,PURPLE,True,Anonymous,0,False,False,
Powerbank 20000 Mah Mini With 4 Usb Cable Lighrweight Universal Powerbank Led Display Baterai Pengisi Charger,2056378989,5,"Kualitas pengerjaan: Baik
Kejernihan lensa: Baik
Paket sudah diterima dgn baik rapih dan proses berfungsi dgn sangat baik,, kurir baik dn dpt Hrg promo.. terimakasih tiktok shop",1776692961,3 hari lalu,BLACK,True,Anonymous,0,True,False,
Powerbank 20000 Mah Mini With 4 Usb Cable Lighrweight Universal Powerbank Led Display Baterai Pengisi Charger,2056335148,5,Baguss,1776691117,3 hari lalu,BLACK,True,Anonymous,0,False,False,
Powerbank 20000 Mah Mini With 4 Usb Cable Lighrweight Universal Powerbank Led Display Baterai Pengisi Charger,2056330078,5,"Product sudah mendarat dengan aman,pengiriman cepat dan seler pun ramah,serta kurir juga ramah,best lah pokoknya..👍🙏",1776690900,3 hari lalu,BLACK,True,Anonymous,0,False,False,
Powerbank 20000 Mah Mini With 4 Usb Cable Lighrweight Universal Powerbank Led Display Baterai Pengisi Charger,2056295550,4,"Kejernihan lensa: Warna lucu
Powerbank terlalu lama disaat mengeces dan cepat habiss tidak bisa jangkauan lama. Tapi lumayan harga segth",1776689558,3 hari lalu,PINK,True,Anonymous,0,True,True,
Powerbank 20000 Mah Mini With 4 Usb Cable Lighrweight Universal Powerbank Led Display Baterai Pengisi Charger,2056250917,5,bagus ketahuannya lumayan tapi tak begitu lama juga,1776687852,3 hari lalu,PURPLE,True,Anonymous,0,False,True,
Powerbank 20000 Mah Mini With 4 Usb Cable Lighrweight Universal Powerbank Led Display Baterai Pengisi Charger,2056164392,1,"Tidak sesuai kapasitas baterai, karena begitu dicoba baru cas hp 10% udah lowbet powerbank nya",1776684826,3 hari lalu,BLACK,True,Anonymous,0,False,False,
Powerbank 20000 Mah Mini With 4 Usb Cable Lighrweight Universal Powerbank Led Display Baterai Pengisi Charger,2056133887,4,"Ok semua. Cuman satu ka, kabel usb/in ya ga nyala",1776683809,3 hari lalu,BLACK,True,Anonymous,0,True,False,
Powerbank 20000 Mah Mini With 4 Usb Cable Lighrweight Universal Powerbank Led Display Baterai Pengisi Charger,2056009928,4,Performa: Mntap,1776680307,3 hari lalu,BLACK,True,Anonymous,0,False,False,
Powerbank 20000 Mah Mini With 4 Usb Cable Lighrweight Universal Powerbank Led Display Baterai Pengisi Charger,2055886587,5,Keren sekali,1776676195,3 hari lalu,PURPLE,True,Anonymous,0,False,False,
Powerbank 20000 Mah Mini With 4 Usb Cable Lighrweight Universal Powerbank Led Display Baterai Pengisi Charger,2055723867,5,Performa: mantap,1776670683,3 hari lalu,BLACK,True,Anonymous,0,False,False,
Powerbank 20000 Mah Mini With 4 Usb Cable Lighrweight Universal Powerbank Led Display Baterai Pengisi Charger,2055254051,1,tidak sesuai harapan. ngecas dr nol sampe 20% sudah habis.,1776654813,3 hari lalu,BLACK,True,Anonymous,0,True,False,
Powerbank 20000 Mah Mini With 4 Usb Cable Lighrweight Universal Powerbank Led Display Baterai Pengisi Charger,2055152877,5,"Bagusss sih cmn,salahnya typec ya ga masuk di hp sayaa",1776651237,3 hari lalu,PURPLE,True,Anonymous,0,True,False,
Powerbank 20000 Mah Mini With 4 Usb Cable Lighrweight Universal Powerbank Led Display Baterai Pengisi Charger,2055104430,5,Bagus,1776649212,3 hari lalu,PURPLE,True,Anonymous,0,True,False,
Powerbank 20000 Mah Mini With 4 Usb Cable Lighrweight Universal Powerbank Led Display Baterai Pengisi Charger,2054955992,5,Moga awet,1776639157,4 hari lalu,BLACK,True,Anonymous,0,False,False,
Powerbank 20000 Mah Mini With 4 Usb Cable Lighrweight Universal Powerbank Led Display Baterai Pengisi Charger,2054813771,2,Lama bener,1776614093,4 hari lalu,PURPLE,True,Anonymous,0,False,False,
Powerbank 20000 Mah Mini With 4 Usb Cable Lighrweight Universal Powerbank Led Display Baterai Pengisi Charger,2054793171,3,"Bagus,tpi btre cpat hbis gmpng lecet",1776612628,4 hari lalu,BLACK,True,Anonymous,0,False,False,
Powerbank 20000 Mah Mini With 4 Usb Cable Lighrweight Universal Powerbank Led Display Baterai Pengisi Charger,2054751840,5,Pengiriman cepat packing bagus barang belum dicoba mudah²han bagus,1776610199,4 hari lalu,PURPLE,True,Anonymous,0,True,False,
Powerbank 20000 Mah Mini With 4 Usb Cable Lighrweight Universal Powerbank Led Display Baterai Pengisi Charger,2054615742,4,Kabel tci nya g nyambung selebihnya aman,1776604147,4 hari lalu,PURPLE,True,Anonymous,0,False,False,
Powerbank 20000 Mah Mini With 4 Usb Cable Lighrweight Universal Powerbank Led Display Baterai Pengisi Charger,2054601884,5,"Kualitas pengerjaan: Rapih sesuai gambar real pict, gk nyesel beli penjual ramah 👍🙏",1776603610,4 hari lalu,BLACK,True,Anonymous,0,False,True,
Powerbank 20000 Mah Mini With 4 Usb Cable Lighrweight Universal Powerbank Led Display Baterai Pengisi Charger,2054473191,1,"Kualitas buruk, di charger penuh masak di gunakan ngisi baterai hp 25% langsung lowbet",1776598820,4 hari lalu,BLACK,True,Anonymous,0,False,False,
Powerbank 20000 Mah Mini With 4 Usb Cable Lighrweight Universal Powerbank Led Display Baterai Pengisi Charger,2054458455,3,Mudah mudahan cocok,1776598322,4 hari lalu,BLACK,True,Anonymous,0,False,False,
Powerbank 20000 Mah Mini With 4 Usb Cable Lighrweight Universal Powerbank Led Display Baterai Pengisi Charger,2054451579,5,Alhamdulillah aman paketnya,1776598088,4 hari lalu,BLACK,True,Anonymous,0,True,False,
Powerbank 20000 Mah Mini With 4 Usb Cable Lighrweight Universal Powerbank Led Display Baterai Pengisi Charger,2054385707,5,baguss tapi blm coba,1776595865,4 hari lalu,BLACK,True,Anonymous,0,True,False,
Powerbank 20000 Mah Mini With 4 Usb Cable Lighrweight Universal Powerbank Led Display Baterai Pengisi Charger,2054202104,2,Tak kuat tahan lama betrai cepet habis 1 hp gk penuh,1776589184,4 hari lalu,PURPLE,True,Anonymous,0,True,False,
Powerbank 20000 Mah Mini With 4 Usb Cable Lighrweight Universal Powerbank Led Display Baterai Pengisi Charger,2054192355,5,"Paket nya udh nyampe Alhamdulillah aman dan capet 
Bagus bgt, sesuai juga,semoga awet di pake nya",1776588802,4 hari lalu,PINK,True,Anonymous,0,True,False,
Powerbank 20000 Mah Mini With 4 Usb Cable Lighrweight Universal Powerbank Led Display Baterai Pengisi Charger,2054087796,5,"Kejernihan lensa: Bagus
Kualitas pengerjaan: Rapih
Cash hp cepat bisa 3x pakai",1776584690,4 hari lalu,PURPLE,True,Anonymous,0,True,False,
Powerbank 20000 Mah Mini With 4 Usb Cable Lighrweight Universal Powerbank Led Display Baterai Pengisi Charger,2053953248,5,"Kualitas pengerjaan: Bagus👍👍
Kejernihan lensa: Lumayan Bagus👍👍
Terima Kasih Ka Sukses Selalu GBU 🙏",1776579431,4 hari lalu,BLACK,True,Anonymous,0,True,True,
Powerbank 20000 Mah Mini With 4 Usb Cable Lighrweight Universal Powerbank Led Display Baterai Pengisi Charger,2053786598,4,Barang sampai dengan kondisi baik,1776573559,4 hari lalu,PINK,True,Anonymous,0,True,False,
Powerbank 20000 Mah Mini With 4 Usb Cable Lighrweight Universal Powerbank Led Display Baterai Pengisi Charger,2053775510,5,Baguss,1776573199,4 hari lalu,BLACK,True,Anonymous,0,True,False,
Powerbank 20000 Mah Mini With 4 Usb Cable Lighrweight Universal Powerbank Led Display Baterai Pengisi Charger,2053750792,5,"Powerbank bgusss berfungsi baik, cepat respon..makasi",1776572381,4 hari lalu,PURPLE,True,Anonymous,0,False,False,
Powerbank 20000 Mah Mini With 4 Usb Cable Lighrweight Universal Powerbank Led Display Baterai Pengisi Charger,2053724358,5,"𝘚𝘢𝘯𝘨𝘢𝘵 𝘣𝘢𝘯𝘨𝘶𝘴, 𝘸𝘢𝘳𝘯𝘢 𝘯𝘺𝘢 𝘤𝘢𝘯𝘵𝘪𝘬, 𝘢𝘬𝘶 𝘴𝘶𝘬𝘢 𝘣𝘢𝘯𝘨𝘦𝘵",1776571522,4 hari lalu,PINK,True,Anonymous,0,True,False,
Powerbank 20000 Mah Mini With 4 Usb Cable Lighrweight Universal Powerbank Led Display Baterai Pengisi Charger,2053707712,5,Aman normal..sesuai..berfungsi dengan baik..pengiriman juga cepet bgt,1776570965,4 hari lalu,PURPLE,True,Anonymous,0,True,False,
Powerbank 20000 Mah Mini With 4 Usb Cable Lighrweight Universal Powerbank Led Display Baterai Pengisi Charger,2053606823,5,Performa: baguss berfungsi dengan baik,1776567534,4 hari lalu,BLACK,True,Anonymous,0,False,False,
Powerbank 20000 Mah Mini With 4 Usb Cable Lighrweight Universal Powerbank Led Display Baterai Pengisi Charger,2053583183,5,Paketnya sudah sy trima tidak ada cacat sdikitpun Peking aman trnyata cepat banget pengirimannya mudah2an awet,1776566664,4 hari lalu,BLACK,True,Anonymous,0,True,False,
Powerbank 20000 Mah Mini With 4 Usb Cable Lighrweight Universal Powerbank Led Display Baterai Pengisi Charger,2053477529,5,"Barang sesuai dengan gambar,,,
Seller nya amanah,,,
Pengiriman cepat,,,
Kurirnya ramah,,,",1776561991,4 hari lalu,BLACK,True,Anonymous,0,False,False,
Powerbank 20000 Mah Mini With 4 Usb Cable Lighrweight Universal Powerbank Led Display Baterai Pengisi Charger,2053470683,3,Baru dapet 20persen sudah hbs,1776561606,4 hari lalu,BLACK,True,Anonymous,0,False,False,
Powerbank 20000 Mah Mini With 4 Usb Cable Lighrweight Universal Powerbank Led Display Baterai Pengisi Charger,2053198524,1,"Gak masuk akal power bank nya, gak masuk sama sekali ke hp sendiri, kecewa saya beli nya, semoga rezeki anda berlimpah yg udah anda kasih kepercayaan..",1776526385,5 hari lalu,PURPLE,True,Anonymous,0,False,False,
Powerbank 20000 Mah Mini With 4 Usb Cable Lighrweight Universal Powerbank Led Display Baterai Pengisi Charger,2053088377,5,Terimakasih atas pengirimannya,1776520293,5 hari lalu,BLACK,True,Anonymous,0,False,False,
Powerbank 20000 Mah Mini With 4 Usb Cable Lighrweight Universal Powerbank Led Display Baterai Pengisi Charger,2052820727,5,Barang sdh sampai. Semoga awet,1776509619,5 hari lalu,BLACK,True,Anonymous,0,False,False,
Powerbank 20000 Mah Mini With 4 Usb Cable Lighrweight Universal Powerbank Led Display Baterai Pengisi Charger,2052667780,5,lumayan cepat isi batre nya,1776504152,5 hari lalu,BLACK,True,Anonymous,0,False,False,
Powerbank 20000 Mah Mini With 4 Usb Cable Lighrweight Universal Powerbank Led Display Baterai Pengisi Charger,2052063248,5,barang mendarat dengan selamat blm dicoba moga awet,1776483569,5 hari lalu,BLACK,True,Anonymous,0,True,False,
Powerbank 20000 Mah Mini With 4 Usb Cable Lighrweight Universal Powerbank Led Display Baterai Pengisi Charger,2052042016,1,Power Bank nya tidak nyala.udah saya cas malah gak hidup2...,1776482891,5 hari lalu,BLACK,True,Anonymous,0,True,False,
Powerbank 20000 Mah Mini With 4 Usb Cable Lighrweight Universal Powerbank Led Display Baterai Pengisi Charger,2051954556,4,Bagus moga awet,1776480172,5 hari lalu,BLACK,True,Anonymous,0,True,False,
Powerbank 20000 Mah Mini With 4 Usb Cable Lighrweight Universal Powerbank Led Display Baterai Pengisi Charger,2051857183,5,Bagus,1776476762,5 hari lalu,BLACK,True,Anonymous,0,False,False,
Powerbank 20000 Mah Mini With 4 Usb Cable Lighrweight Universal Powerbank Led Display Baterai Pengisi Charger,2051294607,5,Cakepppp Bangettttt waranya juga aku syukaaaaaaa,1776430339,6 hari lalu,PURPLE,True,Anonymous,0,True,False,
Powerbank 20000 Mah Mini With 4 Usb Cable Lighrweight Universal Powerbank Led Display Baterai Pengisi Charger,2051016607,5,Lumayan,1776421180,6 hari lalu,PURPLE,True,Anonymous,0,False,False,
Powerbank 20000 Mah Mini With 4 Usb Cable Lighrweight Universal Powerbank Led Display Baterai Pengisi Charger,2050738748,3,Bagus,1776411867,6 hari lalu,BLACK,True,Anonymous,0,False,False,
Powerbank 20000 Mah Mini With 4 Usb Cable Lighrweight Universal Powerbank Led Display Baterai Pengisi Charger,2050672510,5,Bagus bangat dan harganya murah,1776409292,6 hari lalu,PURPLE,True,Anonymous,0,False,False,
Powerbank 20000 Mah Mini With 4 Usb Cable Lighrweight Universal Powerbank Led Display Baterai Pengisi Charger,2050557825,1,Barang tak sampai...layanan kurang memuaskan.,1776405078,6 hari lalu,PURPLE,True,Anonymous,0,False,False,
Powerbank 20000 Mah Mini With 4 Usb Cable Lighrweight Universal Powerbank Led Display Baterai Pengisi Charger,2050552875,5,"Terimakasih,,bagus",1776404884,6 hari lalu,PURPLE,True,Anonymous,0,False,False,
Powerbank 20000 Mah Mini With 4 Usb Cable Lighrweight Universal Powerbank Led Display Baterai Pengisi Charger,2050334772,4,Kurang,1776397626,6 hari lalu,PURPLE,True,Anonymous,0,False,False,
Powerbank 20000 Mah Mini With 4 Usb Cable Lighrweight Universal Powerbank Led Display Baterai Pengisi Charger,2049832434,5,Barang bagus harga sesuai kurir ramah tambah baik lagi,1776355416,1 minggu lalu,BLACK,True,Anonymous,0,False,False,
Powerbank 20000 Mah Mini With 4 Usb Cable Lighrweight Universal Powerbank Led Display Baterai Pengisi Charger,2049806373,1,Saya rasa 20.000MAH itu hoak buat pake hp blm penuh udah abis saya pake udah 3 hari saya kira blm ter cas full powerbanknya ternyat kemakan iklan,1776353477,1 minggu lalu,BLACK,True,Anonymous,0,False,False,
Powerbank 20000 Mah Mini With 4 Usb Cable Lighrweight Universal Powerbank Led Display Baterai Pengisi Charger,2049673175,3,Barang bagus tapi pemakaian agak kurang,1776346821,1 minggu lalu,BLACK,True,Anonymous,0,False,False,
Powerbank 20000 Mah Mini With 4 Usb Cable Lighrweight Universal Powerbank Led Display Baterai Pengisi Charger,2049368018,5,Bagus,1776336743,1 minggu lalu,BLACK,True,Anonymous,0,True,False,
Powerbank 20000 Mah Mini With 4 Usb Cable Lighrweight Universal Powerbank Led Display Baterai Pengisi Charger,2049297314,5,"Sementara bagus, blm di coba karna harus di cas dulu",1776334572,1 minggu lalu,BLACK,True,Anonymous,0,False,False,
Powerbank 20000 Mah Mini With 4 Usb Cable Lighrweight Universal Powerbank Led Display Baterai Pengisi Charger,2049257624,5,Kejernihan lensa: tapi lampunya hidup teruss ngak bisa mati,1776333265,1 minggu lalu,BLACK,True,Anonymous,0,False,False,
Powerbank 20000 Mah Mini With 4 Usb Cable Lighrweight Universal Powerbank Led Display Baterai Pengisi Charger,2049172777,5,"Kejernihan lensa: Belum di coba
Kualitas pengerjaan: Baru mendarat
Performa: Baik",1776330606,1 minggu lalu,BLACK,True,Anonymous,0,False,False,
Powerbank 20000 Mah Mini With 4 Usb Cable Lighrweight Universal Powerbank Led Display Baterai Pengisi Charger,2048956813,2,Paket sudah di terima di coba bagus tapi ketika di charger 30 menit ga naik naik tetap 25 aja kenapa yaaaa,1776322804,1 minggu lalu,BLACK,True,Anonymous,0,True,False,
Powerbank 20000 Mah Mini With 4 Usb Cable Lighrweight Universal Powerbank Led Display Baterai Pengisi Charger,2048955059,5,"Kejernihan lensa: Kurang jelas kurang begitu terang
Kualitas pengerjaan: Ok
Performa: Bagus",1776322737,1 minggu lalu,BLACK,True,Anonymous,0,False,False,
Powerbank 20000 Mah Mini With 4 Usb Cable Lighrweight Universal Powerbank Led Display Baterai Pengisi Charger,2048509393,5,"baguuss, awetttt, modelnya jugaa cantik imut",1776307750,1 minggu lalu,BLACK,True,Anonymous,0,True,False,
Powerbank 20000 Mah Mini With 4 Usb Cable Lighrweight Universal Powerbank Led Display Baterai Pengisi Charger,2048461687,5,Kejernihan lensa: Jernih,1776306061,1 minggu lalu,BLACK,True,Anonymous,0,False,False,
Powerbank 20000 Mah Mini With 4 Usb Cable Lighrweight Universal Powerbank Led Display Baterai Pengisi Charger,2048380482,4,Produk ny bagus cuma ga bisa ini sampe penuh,1776302643,1 minggu lalu,BLACK,True,Anonymous,0,False,False,
Powerbank 20000 Mah Mini With 4 Usb Cable Lighrweight Universal Powerbank Led Display Baterai Pengisi Charger,2048334830,5,Barang sesuai,1776300188,1 minggu lalu,BLACK,True,Anonymous,0,False,False,
Powerbank 20000 Mah Mini With 4 Usb Cable Lighrweight Universal Powerbank Led Display Baterai Pengisi Charger,2048187165,1,Nggak bisa dipakai sama sekali,1776281689,1 minggu lalu,PURPLE,True,Anonymous,0,False,False,
Powerbank 20000 Mah Mini With 4 Usb Cable Lighrweight Universal Powerbank Led Display Baterai Pengisi Charger,2048185151,3,"Kejernihan lensa: Oke
Kualitas pengerjaan: Kurang prima
Hanya cukup isi 1x, itupun kurang maksimal",1776280933,1 minggu lalu,BLACK,True,Anonymous,0,False,False,
Powerbank 20000 Mah Mini With 4 Usb Cable Lighrweight Universal Powerbank Led Display Baterai Pengisi Charger,2048150444,5,"Bagus semoga awet yah kaka, makasih",1776273160,1 minggu lalu,PURPLE,True,Anonymous,0,True,False,
Powerbank 20000 Mah Mini With 4 Usb Cable Lighrweight Universal Powerbank Led Display Baterai Pengisi Charger,2048048966,1,"baru banget datang langsung gabisa dipake, udah di charge tetep ga berfungsi",1776265071,1 minggu lalu,PURPLE,True,Anonymous,0,False,False,
Powerbank 20000 Mah Mini With 4 Usb Cable Lighrweight Universal Powerbank Led Display Baterai Pengisi Charger,2047867381,3,Katanya 20000mAh tapi bentar saja sudah kehabisan baterai,1776257560,1 minggu lalu,BLACK,True,Anonymous,0,True,False,
Powerbank 20000 Mah Mini With 4 Usb Cable Lighrweight Universal Powerbank Led Display Baterai Pengisi Charger,2047845339,5,Bagus,1776256765,1 minggu lalu,BLACK,True,Anonymous,0,False,False,
Powerbank 20000 Mah Mini With 4 Usb Cable Lighrweight Universal Powerbank Led Display Baterai Pengisi Charger,2047726025,2,Cepat banget lobetnya,1776253154,1 minggu lalu,BLACK,True,Anonymous,0,False,False,
Powerbank 20000 Mah Mini With 4 Usb Cable Lighrweight Universal Powerbank Led Display Baterai Pengisi Charger,2047551701,3,Kapasitas yah gak sesuai,1776248328,1 minggu lalu,PURPLE,False,Suryanaliu,0,False,False,
Powerbank 20000 Mah Mini With 4 Usb Cable Lighrweight Universal Powerbank Led Display Baterai Pengisi Charger,2047459185,5,bagus lucu warna nya berfungsi juga,1776245684,1 minggu lalu,PINK,True,Anonymous,0,True,False,
Powerbank 20000 Mah Mini With 4 Usb Cable Lighrweight Universal Powerbank Led Display Baterai Pengisi Charger,2047067863,5,Pengiriman cepat,1776232605,1 minggu lalu,BLACK,True,Anonymous,0,False,False,
Powerbank 20000 Mah Mini With 4 Usb Cable Lighrweight Universal Powerbank Led Display Baterai Pengisi Charger,2047019423,5,Bagus banget 😊 semua kabel ada dan bisa cas barengan,1776231025,1 minggu lalu,BLACK,True,Anonymous,0,True,False,
Powerbank 20000 Mah Mini With 4 Usb Cable Lighrweight Universal Powerbank Led Display Baterai Pengisi Charger,2046614771,1,"Kualitas pengerjaan: Lampu sendernya gk idup, terus gak sesuai dgn 20000 mah nya",1776217961,1 minggu lalu,BLACK,True,Anonymous,0,False,False,
Powerbank 20000 Mah Mini With 4 Usb Cable Lighrweight Universal Powerbank Led Display Baterai Pengisi Charger,2046581349,5,Bagusss murqhhhh,1776216573,1 minggu lalu,BLACK,True,Anonymous,0,False,False,
Powerbank 20000 Mah Mini With 4 Usb Cable Lighrweight Universal Powerbank Led Display Baterai Pengisi Charger,2046534052,5,"Trimakasih pesanan sdh nyampe sesuai dgn yg di pesan.  
Tokonya amanah kurirnya baik ramah tamah",1776214182,1 minggu lalu,BLACK,True,Anonymous,0,False,False,
Powerbank 20000 Mah Mini With 4 Usb Cable Lighrweight Universal Powerbank Led Display Baterai Pengisi Charger,2046447180,1,"Gak sesuai PB sama hashtag nya,, pake bentar langsung abis cuma dapet 10% doang",1776208607,1 minggu lalu,BLACK,True,Anonymous,0,False,False,
Powerbank 20000 Mah Mini With 4 Usb Cable Lighrweight Universal Powerbank Led Display Baterai Pengisi Charger,2046209848,5,Mantapppp powerbank nya,1776177094,1 minggu lalu,BLACK,True,Anonymous,0,True,False,
Powerbank 20000 Mah Mini With 4 Usb Cable Lighrweight Universal Powerbank Led Display Baterai Pengisi Charger,2046021007,3,"No good.. power bank full 100, setelah di charge ke HP gak tahan lama. Hp juga gak full 100% power bank sdh low",1776169573,1 minggu lalu,BLACK,True,Anonymous,0,True,False,
Powerbank 20000 Mah Mini With 4 Usb Cable Lighrweight Universal Powerbank Led Display Baterai Pengisi Charger,2046017805,5,"Kejernihan lensa: Sugab
Kualitas pengerjaan: Sangat evik",1776169465,1 minggu lalu,BLACK,True,Anonymous,0,False,False,
Powerbank 20000 Mah Mini With 4 Usb Cable Lighrweight Universal Powerbank Led Display Baterai Pengisi Charger,2045849431,2,Maaf yaa kaya bekas gitu sih powerbank y di cas gak ada tanda2 kehidupan gitu mengecewakan,1776164222,1 minggu lalu,BLACK,True,Anonymous,0,False,False,
Powerbank 20000 Mah Mini With 4 Usb Cable Lighrweight Universal Powerbank Led Display Baterai Pengisi Charger,2045833192,1,"Produk rusak, penjual g amanah gk bisa di pakai sama sekali",1776163752,1 minggu lalu,PURPLE,True,Anonymous,0,False,False,
Powerbank 20000 Mah Mini With 4 Usb Cable Lighrweight Universal Powerbank Led Display Baterai Pengisi Charger,2045682845,2,Sekali cas sudah habis,1776158917,1 minggu lalu,BLACK,True,Anonymous,0,False,False,
Powerbank 20000 Mah Mini With 4 Usb Cable Lighrweight Universal Powerbank Led Display Baterai Pengisi Charger,2045608203,5,Kejernihan lensa: Bagus,1776156262,1 minggu lalu,BLACK,True,Anonymous,0,True,False,
Powerbank 20000 Mah Mini With 4 Usb Cable Lighrweight Universal Powerbank Led Display Baterai Pengisi Charger,2045453224,5,Barangnya sudah sampai sesuai dengan produk nya bagus ga mengecewakan,1776150010,1 minggu lalu,BLACK,True,Anonymous,0,False,False,
Powerbank 20000 Mah Mini With 4 Usb Cable Lighrweight Universal Powerbank Led Display Baterai Pengisi Charger,2045287261,1,"Baru sempat dicoba, dipake cas hp cuman sampe 20%an aja dah abis padahal kondisi saat itu PB full",1776143586,1 minggu lalu,PURPLE,True,Anonymous,0,True,False,
Powerbank 20000 Mah Mini With 4 Usb Cable Lighrweight Universal Powerbank Led Display Baterai Pengisi Charger,2044981342,5,Sip,1776133126,1 minggu lalu,BLACK,True,Anonymous,0,False,False,
Powerbank 20000 Mah Mini With 4 Usb Cable Lighrweight Universal Powerbank Led Display Baterai Pengisi Charger,2044973454,3,Ya ada harga ada kualitas,1776132809,1 minggu lalu,BLACK,True,Anonymous,0,False,False,
Powerbank 20000 Mah Mini With 4 Usb Cable Lighrweight Universal Powerbank Led Display Baterai Pengisi Charger,2044939899,5,Mantaap,1776131413,1 minggu lalu,BLACK,True,Anonymous,0,False,False,
Powerbank 20000 Mah Mini With 4 Usb Cable Lighrweight Universal Powerbank Led Display Baterai Pengisi Charger,2044851862,5,"bagus bangett cepet ngisi nya and warna pink nya lucu bagus belii si gayss
Kejernihan lensa: sangat jernih
Kualitas pengerjaan: baik
Performa: bagus",1776126954,1 minggu lalu,PINK,True,Anonymous,0,True,False,
Powerbank 20000 Mah Mini With 4 Usb Cable Lighrweight Universal Powerbank Led Display Baterai Pengisi Charger,2044757889,5,Abagus,1776119545,1 minggu lalu,PURPLE,True,Anonymous,0,True,False,
Powerbank 20000 Mah Mini With 4 Usb Cable Lighrweight Universal Powerbank Led Display Baterai Pengisi Charger,2044560206,2,Sesuai,1776092272,1 minggu lalu,PURPLE,True,Anonymous,0,False,False,
Powerbank 20000 Mah Mini With 4 Usb Cable Lighrweight Universal Powerbank Led Display Baterai Pengisi Charger,2044515754,5,"Kejernihan lensa: Ok
Kualitas pengerjaan: Blm dijajal",1776090087,1 minggu lalu,BLACK,True,Anonymous,0,False,False,
Powerbank 20000 Mah Mini With 4 Usb Cable Lighrweight Universal Powerbank Led Display Baterai Pengisi Charger,2044349538,5,Ok,1776083505,1 minggu lalu,PINK,True,Anonymous,0,False,False,
Powerbank 20000 Mah Mini With 4 Usb Cable Lighrweight Universal Powerbank Led Display Baterai Pengisi Charger,2044221751,3,"Kapasitas baterai power 20000Mah
Aslinya cuma 2000Mah 
Nyesal beli",1776079500,1 minggu lalu,BLACK,True,Anonymous,0,False,False,
Powerbank 20000 Mah Mini With 4 Usb Cable Lighrweight Universal Powerbank Led Display Baterai Pengisi Charger,2043834121,5,"Kejernihan lensa: Terang
Kualitas pengerjaan: Bagus peking dan cepat sampainya",1776066852,1 minggu lalu,BLACK,True,Anonymous,0,False,False,
Powerbank 20000 Mah Mini With 4 Usb Cable Lighrweight Universal Powerbank Led Display Baterai Pengisi Charger,2043734255,5,Kualitas pengerjaan: Sangat bagus,1776063207,1 minggu lalu,BLACK,True,Anonymous,0,False,False,
Powerbank 20000 Mah Mini With 4 Usb Cable Lighrweight Universal Powerbank Led Display Baterai Pengisi Charger,2043733891,5,"Kejernihan lensa: Mantap
Kualitas pengerjaan: Super bagus
Performa: Tahan",1776063195,1 minggu lalu,BLACK,True,Anonymous,0,True,False,
Powerbank 20000 Mah Mini With 4 Usb Cable Lighrweight Universal Powerbank Led Display Baterai Pengisi Charger,2043719222,3,"Hanya kuat sekali cas aja ,itu pun kurang..",1776062647,1 minggu lalu,BLACK,True,Anonymous,0,False,False,
Powerbank 20000 Mah Mini With 4 Usb Cable Lighrweight Universal Powerbank Led Display Baterai Pengisi Charger,2043511731,5,Bagus,1776055585,1 minggu lalu,BLACK,True,Anonymous,0,True,False,
Powerbank 20000 Mah Mini With 4 Usb Cable Lighrweight Universal Powerbank Led Display Baterai Pengisi Charger,2043372494,5,"barang bagus, packing oke,pengiriman cepat. top markotop",1776051242,1 minggu lalu,BLACK,True,Anonymous,0,False,False,
Powerbank 20000 Mah Mini With 4 Usb Cable Lighrweight Universal Powerbank Led Display Baterai Pengisi Charger,2043370236,5,Bagus cepat datengnya dan sesuai pesanan,1776051177,1 minggu lalu,PINK,True,Anonymous,0,False,True,
Powerbank 20000 Mah Mini With 4 Usb Cable Lighrweight Universal Powerbank Led Display Baterai Pengisi Charger,2043106905,1,"produk ga sesuai, tulisan nya 20000 mah tapi baru sekali charger powerbank mati",1776041139,1 minggu lalu,PINK,True,Anonymous,0,False,False,
Powerbank 20000 Mah Mini With 4 Usb Cable Lighrweight Universal Powerbank Led Display Baterai Pengisi Charger,2043029926,2,jangan di beli woy batre nya boros katanya 20000 mAh tapi pas gw coba cas pake hp dari 3 persen baru keisi sampe 75 doang padahal batre hp gw cuman 5000 mAh,1776035135,1 minggu lalu,PURPLE,True,Anonymous,0,False,False,
Powerbank 20000 Mah Mini With 4 Usb Cable Lighrweight Universal Powerbank Led Display Baterai Pengisi Charger,2043008462,4,"Kualitas pengerjaan: Bagus
Kejernihan lensa: Baguss bett",1776032451,1 minggu lalu,PINK,True,Anonymous,0,False,False,
Powerbank 20000 Mah Mini With 4 Usb Cable Lighrweight Universal Powerbank Led Display Baterai Pengisi Charger,2042947170,5,So okay,1776014401,1 minggu lalu,PURPLE,True,Anonymous,0,False,False,
Powerbank 20000 Mah Mini With 4 Usb Cable Lighrweight Universal Powerbank Led Display Baterai Pengisi Charger,2042818304,1,"Kualitas pengerjaan: sangat mengecewakan boros tak barang nga sesuai, udah beli 2X sama ajh kocak emng",1776003830,1 minggu lalu,BLACK,True,Anonymous,0,False,False,
Powerbank 20000 Mah Mini With 4 Usb Cable Lighrweight Universal Powerbank Led Display Baterai Pengisi Charger,2042803065,4,"Alhamdulillah barangnya bagus, semoga awet",1776003044,1 minggu lalu,PURPLE,True,Anonymous,0,True,False,
Powerbank 20000 Mah Mini With 4 Usb Cable Lighrweight Universal Powerbank Led Display Baterai Pengisi Charger,2042751409,5,Terimakasih pas barang nya bagus 👍👍,1776000550,1 minggu lalu,BLACK,True,Anonymous,0,True,False,
Powerbank 20000 Mah Mini With 4 Usb Cable Lighrweight Universal Powerbank Led Display Baterai Pengisi Charger,2042734057,1,Barang di Terima dgn baik... Namun sayang yg kabel tipe C gk bisa di gunakan di HP ku,1775999766,1 minggu lalu,BLACK,True,Anonymous,0,True,False,
Powerbank 20000 Mah Mini With 4 Usb Cable Lighrweight Universal Powerbank Led Display Baterai Pengisi Charger,2042602168,1,Barang yang anda kirim barang rusak,1775994424,1 minggu lalu,PURPLE,True,Anonymous,0,False,True,
Powerbank 20000 Mah Mini With 4 Usb Cable Lighrweight Universal Powerbank Led Display Baterai Pengisi Charger,2042456575,5,Bahan bagus dan sesuai harga,1775989257,1 minggu lalu,PINK,True,Anonymous,0,True,True,
Powerbank 20000 Mah Mini With 4 Usb Cable Lighrweight Universal Powerbank Led Display Baterai Pengisi Charger,2042374737,5,Kecil tapi power banget nih,1775986084,1 minggu lalu,BLACK,True,Anonymous,0,False,False,
Powerbank 20000 Mah Mini With 4 Usb Cable Lighrweight Universal Powerbank Led Display Baterai Pengisi Charger,2042373259,5,Mantap,1775986021,1 minggu lalu,PINK,True,Anonymous,0,False,False,
Powerbank 20000 Mah Mini With 4 Usb Cable Lighrweight Universal Powerbank Led Display Baterai Pengisi Charger,2042347576,4,"barang sesuai 
terimakasih 
smoga awet",1775984990,1 minggu lalu,BLACK,True,Anonymous,0,True,False,
Powerbank 20000 Mah Mini With 4 Usb Cable Lighrweight Universal Powerbank Led Display Baterai Pengisi Charger,2042346073,5,Baiklah,1775984930,1 minggu lalu,BLACK,True,Anonymous,0,False,False,
Powerbank 20000 Mah Mini With 4 Usb Cable Lighrweight Universal Powerbank Led Display Baterai Pengisi Charger,2042308598,1,"Tidak bisa di gunakan udah di ces tetap saja tidak nyala, nyala pun pas di ces doang☹️",1775983564,1 minggu lalu,PINK,True,Anonymous,0,True,False,
Powerbank 20000 Mah Mini With 4 Usb Cable Lighrweight Universal Powerbank Led Display Baterai Pengisi Charger,2042287515,4,Barangnya sudah dikirimkan dan ditaruh di samping bawah mobil,1775982665,1 minggu lalu,BLACK,True,Anonymous,0,False,False,
Powerbank 20000 Mah Mini With 4 Usb Cable Lighrweight Universal Powerbank Led Display Baterai Pengisi Charger,2042117264,4,"Barang sudah Sampai dengan tanggal yang pas ,dan sudah bisa di guna kan , trimakasih",1775975489,1 minggu lalu,BLACK,True,Anonymous,0,False,True,
Powerbank 20000 Mah Mini With 4 Usb Cable Lighrweight Universal Powerbank Led Display Baterai Pengisi Charger,2042092396,5,Kejernihan lensa: 👍👍,1775974429,1 minggu lalu,BLACK,True,Anonymous,0,False,False,
Powerbank 20000 Mah Mini With 4 Usb Cable Lighrweight Universal Powerbank Led Display Baterai Pengisi Charger,2041949307,2,"Baru nyampe batrei 25persen dicas sampe beberapa jam gak masuk&#34;.. gak rekomen.. 🙏 ini ulasan jujur ya kak mohon maaf biar ngak mengecewakan pelanggan yang lain, dan pesen nya diperbaiki lagi kualitas nya kak.. biar sama&#34; barokah..🙏",1775968973,1 minggu lalu,PINK,True,Anonymous,0,False,False,
Powerbank 20000 Mah Mini With 4 Usb Cable Lighrweight Universal Powerbank Led Display Baterai Pengisi Charger,2041893597,5,"Maap baru ngasih ulasan, barang nya sudah sampai makasih buat toko dan Abang kurir nya",1775966982,1 minggu lalu,BLACK,True,Anonymous,0,True,False,
Powerbank 20000 Mah Mini With 4 Usb Cable Lighrweight Universal Powerbank Led Display Baterai Pengisi Charger,2041788614,3,"saya pesan yg warna ungu kenapa dikirim yg hitam !!!!!!!
sudah ditulis jelas jelas UNGU !!!!!",1775963059,1 minggu lalu,PURPLE,True,Anonymous,0,False,False,
Powerbank 20000 Mah Mini With 4 Usb Cable Lighrweight Universal Powerbank Led Display Baterai Pengisi Charger,2041494415,2,Performa: ko cas nya masuk ga masuk ga ya,1775928078,1 minggu lalu,BLACK,True,Anonymous,0,False,False,
Powerbank 20000 Mah Mini With 4 Usb Cable Lighrweight Universal Powerbank Led Display Baterai Pengisi Charger,2041018932,5,Kualitas pengerjaan: Barang saya puas,1775903292,1 minggu lalu,PURPLE,True,Anonymous,0,False,False,
Powerbank 20000 Mah Mini With 4 Usb Cable Lighrweight Universal Powerbank Led Display Baterai Pengisi Charger,2040776444,5,Bagus,1775894071,1 minggu lalu,BLACK,True,Anonymous,0,False,False,
Powerbank 20000 Mah Mini With 4 Usb Cable Lighrweight Universal Powerbank Led Display Baterai Pengisi Charger,2040359892,5,Barangnya sudah datang sesuai dengan harapan mudah2an awet,1775878156,1 minggu lalu,BLACK,True,Anonymous,0,True,False,
Powerbank 20000 Mah Mini With 4 Usb Cable Lighrweight Universal Powerbank Led Display Baterai Pengisi Charger,2040288831,5,"Paket sampai dgn selamat,terimakasih.",1775875503,1 minggu lalu,BLACK,True,Anonymous,0,True,False,
Powerbank 20000 Mah Mini With 4 Usb Cable Lighrweight Universal Powerbank Led Display Baterai Pengisi Charger,2040239084,5,bagus sesuai dan ga mengecewakan🙌🏼,1775873484,1 minggu lalu,BLACK,True,Anonymous,0,False,False,
Powerbank 20000 Mah Mini With 4 Usb Cable Lighrweight Universal Powerbank Led Display Baterai Pengisi Charger,2040212919,5,"Kejernihan lensa: Baik
Kualitas pengerjaan: Bagus",1775872264,1 minggu lalu,BLACK,True,Anonymous,0,False,False,
Powerbank 20000 Mah Mini With 4 Usb Cable Lighrweight Universal Powerbank Led Display Baterai Pengisi Charger,2040212926,5,"Produknya, recommended 👍🏼 next di order lg n mudah yang 2 ini awet",1775872264,1 minggu lalu,PURPLE,True,Anonymous,0,False,False,
Powerbank 20000 Mah Mini With 4 Usb Cable Lighrweight Universal Powerbank Led Display Baterai Pengisi Charger,2040202855,1,"Tidak sesuai batrai cepat habis cuma bisa ngisih barai hp 5% 
Power bank 100%  cuma bisa ngisih batrai 5% udah habis baterai nya",1775871754,1 minggu lalu,PURPLE,True,Anonymous,0,True,False,
Powerbank 20000 Mah Mini With 4 Usb Cable Lighrweight Universal Powerbank Led Display Baterai Pengisi Charger,2040026588,5,Barang sdh sampe tp blm di coba SMG awet dan cepat dlm pengisiannya.mksh kurirnya SDH mengantarkan walaupun slm keadaan ujan2nan,1775848755,1 minggu lalu,BLACK,True,Anonymous,0,False,False,
Powerbank 20000 Mah Mini With 4 Usb Cable Lighrweight Universal Powerbank Led Display Baterai Pengisi Charger,2039934192,5,"Sudah terima keadaan baik dam sesuai, kualitas sesuai harga,",1775835712,1 minggu lalu,PURPLE,True,Anonymous,0,False,False,
Powerbank 20000 Mah Mini With 4 Usb Cable Lighrweight Universal Powerbank Led Display Baterai Pengisi Charger,2039643485,5,"Sangat bagus
Dan sesuai pesanan",1775821874,1 minggu lalu,PURPLE,True,Anonymous,0,False,False,
Powerbank 20000 Mah Mini With 4 Usb Cable Lighrweight Universal Powerbank Led Display Baterai Pengisi Charger,2039219659,2,Tidak diantar dialamat yg sebenarnya,1775806952,1 minggu lalu,PURPLE,True,Anonymous,0,False,False,
Powerbank 20000 Mah Mini With 4 Usb Cable Lighrweight Universal Powerbank Led Display Baterai Pengisi Charger,2038819824,1,"Layanan penjual sangat buruk, aku beli powerbank malah yang dikirim kaos kaki, jangan percaya lapak ini, tiktok shop memang benar2 kredibel jadi aku bs langsung meminta pengembalian dana, terimakasih banyak tiktok shop 🙏",1775792691,1 minggu lalu,PURPLE,True,Anonymous,0,False,False,
Powerbank 20000 Mah Mini With 4 Usb Cable Lighrweight Universal Powerbank Led Display Baterai Pengisi Charger,2038360577,5,barangnya sesuai dgn pesanan dan sdh di tes baik berfungsi....,1775751439,2 minggu lalu,BLACK,False,Sugiarto,0,True,True,Terima kasih telah berbelanja di CHINDO DIGITAL. Bagikan link toko kami https://www.tokopedia.com/chindo-digital kepada teman-teman kamu. Jangan lupa follow toko kami untuk tahu update terbaru tentang stok dan produk yang kami tawarkan.
Powerbank 20000 Mah Mini With 4 Usb Cable Lighrweight Universal Powerbank Led Display Baterai Pengisi Charger,2038098936,5,"Paket SDH mendarat dngn sempurna bagus & SDH di coba asilnya sngt baik , toko amanah , kurirnya 👍👍👍👍",1775738175,2 minggu lalu,BLACK,True,Anonymous,0,False,False,
Powerbank 20000 Mah Mini With 4 Usb Cable Lighrweight Universal Powerbank Led Display Baterai Pengisi Charger,2037316227,1,Paketnya lama kali dikirim tdak sesuai waktu yg ditentukan,1775711424,2 minggu lalu,PINK,True,Anonymous,0,False,False,
Powerbank 20000 Mah Mini With 4 Usb Cable Lighrweight Universal Powerbank Led Display Baterai Pengisi Charger,2037123507,2,Pesan ny ungu yg Dateng pink😭,1775705606,2 minggu lalu,PURPLE,True,Anonymous,0,False,False,
Powerbank 20000 Mah Mini With 4 Usb Cable Lighrweight Universal Powerbank Led Display Baterai Pengisi Charger,2036711006,5,Sesuai bintang tpi harap teliti lgi ya min sma barang yg stoknya hbis biar ga kirim warna atau apa lh yg ga sesuai sma pilihan pembeli dan hrus bilng semisal nya hbis atau ganti warna lain brang lain gitu dan smngt yah🤗,1775670876,2 minggu lalu,PURPLE,True,Anonymous,0,False,False,
Powerbank 20000 Mah Mini With 4 Usb Cable Lighrweight Universal Powerbank Led Display Baterai Pengisi Charger,2036444989,5,"Pengirimannya cepat, kualitas barang juga bagus",1775654244,2 minggu lalu,PURPLE,True,Anonymous,0,False,False,
Powerbank 20000 Mah Mini With 4 Usb Cable Lighrweight Universal Powerbank Led Display Baterai Pengisi Charger,2036004987,5,Bagus,1775642095,2 minggu lalu,BLACK,True,Anonymous,0,False,False,
Powerbank 20000 Mah Mini With 4 Usb Cable Lighrweight Universal Powerbank Led Display Baterai Pengisi Charger,2035810235,4,Bagus banget semuanya berfungsi dgn baik tapi pesan Wrna hitam malah yg datang Wrna pink agak kecewa sih tpi gpp ttp bagus and cantik🫰🏻,1775636027,2 minggu lalu,BLACK,True,Anonymous,0,True,False,
Powerbank 20000 Mah Mini With 4 Usb Cable Lighrweight Universal Powerbank Led Display Baterai Pengisi Charger,2035806078,5,"Kejernihan lensa: Baik
Kualitas pengerjaan: Baik",1775635883,2 minggu lalu,PURPLE,True,Anonymous,0,True,False,
Powerbank 20000 Mah Mini With 4 Usb Cable Lighrweight Universal Powerbank Led Display Baterai Pengisi Charger,2035259899,5,"LUCUUUUKKK WARNA PINKKKK SIMPEL JG SI GAMPANG BUAT DI BAWA KE MANA”, ANTI RIBETTTTT💖💖💖💖💖💖💖💖💖💖",1775618211,2 minggu lalu,PINK,True,Anonymous,0,True,False,
Powerbank 20000 Mah Mini With 4 Usb Cable Lighrweight Universal Powerbank Led Display Baterai Pengisi Charger,2035092647,5,"paket sdh diterima ,semoga dpt digunakan pd waktu yg lama tq",1775611721,2 minggu lalu,BLACK,True,Anonymous,0,True,False,Terima kasih telah berbelanja di CHINDO DIGITAL. Bagikan link toko kami https://www.tokopedia.com/chindo-digital kepada teman-teman kamu. Jangan lupa follow toko kami untuk tahu update terbaru tentang stok dan produk yang kami tawarkan.
Powerbank 20000 Mah Mini With 4 Usb Cable Lighrweight Universal Powerbank Led Display Baterai Pengisi Charger,2034910630,5,Bagussss bgt,1775587417,2 minggu lalu,PINK,True,Anonymous,0,True,False,
Powerbank 20000 Mah Mini With 4 Usb Cable Lighrweight Universal Powerbank Led Display Baterai Pengisi Charger,2034696171,4,Barang  bagus sesuai ama difoto tapi ada sedikit kelecetan tapi masi wajar,1775569726,2 minggu lalu,BLACK,True,Anonymous,0,True,False,
Powerbank 20000 Mah Mini With 4 Usb Cable Lighrweight Universal Powerbank Led Display Baterai Pengisi Charger,2034620336,5,Okeyy,1775566723,2 minggu lalu,PINK,True,Anonymous,0,True,False,
Powerbank 20000 Mah Mini With 4 Usb Cable Lighrweight Universal Powerbank Led Display Baterai Pengisi Charger,2034548265,5,Sampai dengan baik terimakasih reseller packaging nya juga rapih dan aman 🙏🏻,1775564074,2 minggu lalu,PURPLE,True,Anonymous,0,True,False,
Powerbank 20000 Mah Mini With 4 Usb Cable Lighrweight Universal Powerbank Led Display Baterai Pengisi Charger,2034454864,1,Performa: Kurang baik masa belum penuh ngecas hp batre nya udah habis,1775561070,2 minggu lalu,BLACK,True,Anonymous,0,False,False,
Powerbank 20000 Mah Mini With 4 Usb Cable Lighrweight Universal Powerbank Led Display Baterai Pengisi Charger,2034207226,5,Bagus ssuai pesanan,1775553125,2 minggu lalu,BLACK,True,Anonymous,0,True,False,
Powerbank 20000 Mah Mini With 4 Usb Cable Lighrweight Universal Powerbank Led Display Baterai Pengisi Charger,2033820635,5,"bagus dan barang sampai  dengan aman ya meskipun  salah kirim warna, karena saya pesan warna ungu tapi yang dikirim  warna pink",1775537735,2 minggu lalu,PURPLE,True,Anonymous,0,True,False,
Powerbank 20000 Mah Mini With 4 Usb Cable Lighrweight Universal Powerbank Led Display Baterai Pengisi Charger,2033340864,4,Kurang baik 20000 MH kok ngecas hp aku gak penuh,1775516174,2 minggu lalu,PINK,True,Anonymous,0,False,False,
Powerbank 20000 Mah Mini With 4 Usb Cable Lighrweight Universal Powerbank Led Display Baterai Pengisi Charger,2032943140,5,"Pesanan sudah sampai dengan cepat dan sesuai, serta kurir ramah, terimakasih
Kejernihan lensa: Jernih
Kualitas pengerjaan: Bagus",1775478969,2 minggu lalu,PINK,True,Anonymous,0,True,False,
Powerbank 20000 Mah Mini With 4 Usb Cable Lighrweight Universal Powerbank Led Display Baterai Pengisi Charger,2032601958,5,Bagus,1775468123,2 minggu lalu,PINK,True,Anonymous,0,False,False,
Powerbank 20000 Mah Mini With 4 Usb Cable Lighrweight Universal Powerbank Led Display Baterai Pengisi Charger,2031733864,4,"Modelnya cantik,, cuma buat 2 kali pengecekan gak bisa penuh.",1775438541,2 minggu lalu,PURPLE,True,Anonymous,0,False,False,
Powerbank 20000 Mah Mini With 4 Usb Cable Lighrweight Universal Powerbank Led Display Baterai Pengisi Charger,2031654294,5,Belum coba baru dicas penuh aja.. semoga bagus dan awet,1775433721,2 minggu lalu,PINK,True,Anonymous,0,False,False,
Powerbank 20000 Mah Mini With 4 Usb Cable Lighrweight Universal Powerbank Led Display Baterai Pengisi Charger,2031573729,3,"𝑩𝒂𝒓𝒂𝒏𝒈 𝒔𝒂𝒎𝒑𝒂𝒊 𝒅𝒈𝒏 𝒂𝒎𝒂𝒏 𝒑𝒂𝒄𝒌𝒊𝒏𝒈𝒂𝒏 𝒋𝒖𝒈𝒂 𝒃𝒂𝒈𝒖𝒔
𝑪𝒖𝒎𝒂 𝒔𝒂𝒚𝒂𝒏𝒈 𝒂𝒅𝒎𝒊𝒏 𝒏𝒚𝒂 𝒈𝒌 𝒕𝒆𝒍𝒊𝒕𝒊 𝒚𝒂𝒏𝒈 𝒅𝒊 𝒐𝒓𝒅𝒆𝒓 𝒘𝒓𝒏𝒂 𝒑𝒖𝒓𝒑𝒍𝒆 𝒚𝒈 𝒅𝒊 𝒌𝒊𝒓𝒊𝒎 𝒘𝒓𝒏𝒂 𝒑𝒊𝒏𝒌",1775421463,2 minggu lalu,PURPLE,True,Anonymous,0,False,False,
Powerbank 20000 Mah Mini With 4 Usb Cable Lighrweight Universal Powerbank Led Display Baterai Pengisi Charger,2031078145,5,"Quality of work: ok
Performance: bagus",1775386816,2 minggu lalu,PURPLE,True,Anonymous,0,False,False,
Powerbank 20000 Mah Mini With 4 Usb Cable Lighrweight Universal Powerbank Led Display Baterai Pengisi Charger,2031055104,3,Bagus,1775386074,2 minggu lalu,BLACK,True,Anonymous,0,False,False,
Powerbank 20000 Mah Mini With 4 Usb Cable Lighrweight Universal Powerbank Led Display Baterai Pengisi Charger,2030992107,4,barang cepat sampai walaupun packingnya agak robek sedikit,1775383827,2 minggu lalu,BLACK,True,Anonymous,0,False,False,
Powerbank 20000 Mah Mini With 4 Usb Cable Lighrweight Universal Powerbank Led Display Baterai Pengisi Charger,2030948523,5,Kejernihan lensa: Oke siap,1775382110,2 minggu lalu,BLACK,True,Anonymous,0,False,False,
Powerbank 20000 Mah Mini With 4 Usb Cable Lighrweight Universal Powerbank Led Display Baterai Pengisi Charger,2030513190,5,Bagus bget,1775364198,2 minggu lalu,PINK,True,Anonymous,0,False,False,
Powerbank 20000 Mah Mini With 4 Usb Cable Lighrweight Universal Powerbank Led Display Baterai Pengisi Charger,2030383678,5,"Quality of work: desain bagus multi fungsi
Performance: fungsi aman aja
kyk nya gk sampai 20 ribu mah, tapi ya masuk akal sesuai harga, y penting fungsi",1775359439,2 minggu lalu,PURPLE,True,Anonymous,0,True,False,
Powerbank 20000 Mah Mini With 4 Usb Cable Lighrweight Universal Powerbank Led Display Baterai Pengisi Charger,2030075126,3,"Lumayan,dari full cuma bisa 1 hp",1775328260,2 minggu lalu,PINK,True,Anonymous,0,False,False,
Powerbank 20000 Mah Mini With 4 Usb Cable Lighrweight Universal Powerbank Led Display Baterai Pengisi Charger,2030073582,2,Katanya kapasitas power bank nya 20000 MHa kok ngk awret isi,1775327849,2 minggu lalu,BLACK,True,Anonymous,0,False,False,
Powerbank 20000 Mah Mini With 4 Usb Cable Lighrweight Universal Powerbank Led Display Baterai Pengisi Charger,2029867629,5,kulirnya raman cepet pengiriman,1775309752,2 minggu lalu,BLACK,True,Anonymous,0,False,False,
Powerbank 20000 Mah Mini With 4 Usb Cable Lighrweight Universal Powerbank Led Display Baterai Pengisi Charger,2029830396,5,"Bagus banget cantik warnanya ,, enggk nyesel beli disni ,, enak buat dibawa kemana2",1775307953,2 minggu lalu,PINK,True,Anonymous,0,True,False,
Powerbank 20000 Mah Mini With 4 Usb Cable Lighrweight Universal Powerbank Led Display Baterai Pengisi Charger,2029411745,1,Terlalu cepat low,1775292087,2 minggu lalu,BLACK,True,Anonymous,0,False,False,
Powerbank 20000 Mah Mini With 4 Usb Cable Lighrweight Universal Powerbank Led Display Baterai Pengisi Charger,2029080072,1,Warna yang datang nggak sesuai,1775279151,2 minggu lalu,PURPLE,True,Anonymous,0,False,False,
Powerbank 20000 Mah Mini With 4 Usb Cable Lighrweight Universal Powerbank Led Display Baterai Pengisi Charger,2028878002,2,Kualitas pengerjaan: Kurang bagus sebentar,1775272196,2 minggu lalu,BLACK,True,Anonymous,0,False,False,
Powerbank 20000 Mah Mini With 4 Usb Cable Lighrweight Universal Powerbank Led Display Baterai Pengisi Charger,2028659064,5,Bagus,1775261194,2 minggu lalu,PURPLE,True,Anonymous,0,False,False,
Powerbank 20000 Mah Mini With 4 Usb Cable Lighrweight Universal Powerbank Led Display Baterai Pengisi Charger,2028555873,5,"Kejernihan lensa: Ok
Kualitas pengerjaan: Mudah
Performa: Bagus",1775241710,2 minggu lalu,BLACK,True,Anonymous,0,True,False,
Powerbank 20000 Mah Mini With 4 Usb Cable Lighrweight Universal Powerbank Led Display Baterai Pengisi Charger,2028383632,5,berfungsi dengan baik,1775227272,2 minggu lalu,BLACK,True,Anonymous,0,False,False,
Powerbank 20000 Mah Mini With 4 Usb Cable Lighrweight Universal Powerbank Led Display Baterai Pengisi Charger,2028346630,3,"20000 tapi di pake 5 menit udah abis, enteng banget di banding punya temen saya awet pula",1775225420,2 minggu lalu,PURPLE,True,Anonymous,0,False,False,
Powerbank 20000 Mah Mini With 4 Usb Cable Lighrweight Universal Powerbank Led Display Baterai Pengisi Charger,2028346419,1,Cepet abis sekali ngisi,1775225411,2 minggu lalu,PURPLE,True,Anonymous,0,False,False,
Powerbank 20000 Mah Mini With 4 Usb Cable Lighrweight Universal Powerbank Led Display Baterai Pengisi Charger,2028299872,5,"Mantap barang aman sampe di tangan, sudah di coba nyala. Awet awet yaa",1775223233,2 minggu lalu,PINK,True,Anonymous,0,True,False,
Powerbank 20000 Mah Mini With 4 Usb Cable Lighrweight Universal Powerbank Led Display Baterai Pengisi Charger,2028126298,5,Produk bagus,1775216382,2 minggu lalu,PINK,True,Anonymous,0,False,False,
Powerbank 20000 Mah Mini With 4 Usb Cable Lighrweight Universal Powerbank Led Display Baterai Pengisi Charger,2027679929,1,"saya mesen warna apa, dikirimnya apa",1775199986,2 minggu lalu,PURPLE,True,Anonymous,0,False,False,
Powerbank 20000 Mah Mini With 4 Usb Cable Lighrweight Universal Powerbank Led Display Baterai Pengisi Charger,2026986396,5,"ada harga ada kualitas, sebandinglah dg harga semurah itu, kualitas juga ga bagus bagus amat, yaa lumayan lah",1775170159,3 minggu lalu,PINK,True,Anonymous,0,False,False,
Powerbank 20000 Mah Mini With 4 Usb Cable Lighrweight Universal Powerbank Led Display Baterai Pengisi Charger,2025830034,5,Bagus,1775108650,3 minggu lalu,PURPLE,True,Anonymous,0,False,False,
Powerbank 20000 Mah Mini With 4 Usb Cable Lighrweight Universal Powerbank Led Display Baterai Pengisi Charger,2025750235,1,"Seresa tidak bisa menyimpan arus,terlalu cepat habis untuk pengecasan, belum penuh hape udah  duluan habis batree power bank nya.",1775105902,3 minggu lalu,BLACK,True,Anonymous,0,False,False,
Powerbank 20000 Mah Mini With 4 Usb Cable Lighrweight Universal Powerbank Led Display Baterai Pengisi Charger,2025686496,5,Terima kasih paket y sudah sampe.. cocok dengan yg saya pesan..  mungkin besok ambil lagi kalo kek gini.,1775103916,3 minggu lalu,PURPLE,True,Anonymous,0,False,False,
Powerbank 20000 Mah Mini With 4 Usb Cable Lighrweight Universal Powerbank Led Display Baterai Pengisi Charger,2025119246,5,Mantul,1775058714,3 minggu lalu,BLACK,True,Anonymous,0,True,True,
Powerbank 20000 Mah Mini With 4 Usb Cable Lighrweight Universal Powerbank Led Display Baterai Pengisi Charger,2024964540,4,"Pesenny ungu,dkrim pink",1775051288,3 minggu lalu,PURPLE,True,Anonymous,0,True,False,
Powerbank 20000 Mah Mini With 4 Usb Cable Lighrweight Universal Powerbank Led Display Baterai Pengisi Charger,2024633901,2,Request purple.. yg dkirim pink,1775040751,3 minggu lalu,PURPLE,True,Anonymous,0,False,False,
Powerbank 20000 Mah Mini With 4 Usb Cable Lighrweight Universal Powerbank Led Display Baterai Pengisi Charger,2024356705,5,Keren cantikk imut,1775031900,3 minggu lalu,PURPLE,True,Anonymous,0,False,False,
Powerbank 20000 Mah Mini With 4 Usb Cable Lighrweight Universal Powerbank Led Display Baterai Pengisi Charger,2023954381,4,"Barang mantap, smoga bertahan",1775017732,3 minggu lalu,PURPLE,True,Anonymous,0,False,False,
Powerbank 20000 Mah Mini With 4 Usb Cable Lighrweight Universal Powerbank Led Display Baterai Pengisi Charger,2023817738,4,Tertulis 20000 mAH tp BOONG,1775013233,3 minggu lalu,BLACK,True,Anonymous,0,True,False,
Powerbank 20000 Mah Mini With 4 Usb Cable Lighrweight Universal Powerbank Led Display Baterai Pengisi Charger,2023560052,5,Barang berfungsi dengan baik. Barangnya original 👍 Packaging aman 🙏 Seller Trusted 👌,1774999760,3 minggu lalu,BLACK,False,Illy,0,True,False,Terima kasih telah berbelanja di CHINDO DIGITAL. Bagikan link toko kami https://www.tokopedia.com/chindo-digital kepada teman-teman kamu. Jangan lupa follow toko kami untuk tahu update terbaru tentang stok dan produk yang kami tawarkan.
Powerbank 20000 Mah Mini With 4 Usb Cable Lighrweight Universal Powerbank Led Display Baterai Pengisi Charger,2023377578,5,Power Bank nya bagus,1774971650,3 minggu lalu,BLACK,True,Anonymous,0,False,False,
Powerbank 20000 Mah Mini With 4 Usb Cable Lighrweight Universal Powerbank Led Display Baterai Pengisi Charger,2023006251,4,"lumayan gua kira berat powerbank nya, dengan harga segitu wajar si kapasitas batre nya juga ga mungkin 20000",1774957147,3 minggu lalu,BLACK,True,Anonymous,0,False,False,
Powerbank 20000 Mah Mini With 4 Usb Cable Lighrweight Universal Powerbank Led Display Baterai Pengisi Charger,2022996804,5,"Performa: Bagusss
Kualitas pengerjaan: Cepattt bagus banget pokok ny",1774956856,3 minggu lalu,PURPLE,True,Anonymous,0,False,False,
Powerbank 20000 Mah Mini With 4 Usb Cable Lighrweight Universal Powerbank Led Display Baterai Pengisi Charger,2022950773,5,Jadi paraktis gak perlu bawa charger,1774955448,3 minggu lalu,PINK,True,Anonymous,0,True,False,
Powerbank 20000 Mah Mini With 4 Usb Cable Lighrweight Universal Powerbank Led Display Baterai Pengisi Charger,2022755428,4,"Kejernihan lensa: Jernih
Kualitas pengerjaan: Bsrang tiba tepat waktu
Performa: Bagus",1774949012,3 minggu lalu,PINK,True,Anonymous,0,False,False,
Powerbank 20000 Mah Mini With 4 Usb Cable Lighrweight Universal Powerbank Led Display Baterai Pengisi Charger,2022725935,5,"Pesennya warna ungu datengnya pink, untung bagus sih",1774947894,3 minggu lalu,PURPLE,True,Anonymous,0,False,False,
Powerbank 20000 Mah Mini With 4 Usb Cable Lighrweight Universal Powerbank Led Display Baterai Pengisi Charger,2022274123,1,"barang tdak sesuai blinnya warna purple dtang nya pink tdak amanah
brang nya tdak awet",1774931920,3 minggu lalu,PURPLE,True,Anonymous,0,True,False,
Powerbank 20000 Mah Mini With 4 Usb Cable Lighrweight Universal Powerbank Led Display Baterai Pengisi Charger,2022080978,5,Kualitas pengerjaan: Bagus banget,1774924603,3 minggu lalu,PINK,True,Anonymous,0,False,False,
Powerbank 20000 Mah Mini With 4 Usb Cable Lighrweight Universal Powerbank Led Display Baterai Pengisi Charger,2021830086,3,sesuai,1774906825,3 minggu lalu,PURPLE,True,Anonymous,0,False,False,
Powerbank 20000 Mah Mini With 4 Usb Cable Lighrweight Universal Powerbank Led Display Baterai Pengisi Charger,2021738777,3,Pengecasan lambat,1774887653,3 minggu lalu,BLACK,True,Anonymous,0,False,False,
Powerbank 20000 Mah Mini With 4 Usb Cable Lighrweight Universal Powerbank Led Display Baterai Pengisi Charger,2021546842,4,"Bagus, tpi saat ngecas batrenya cepat habis",1774877498,3 minggu lalu,PINK,True,Anonymous,0,False,False,
Powerbank 20000 Mah Mini With 4 Usb Cable Lighrweight Universal Powerbank Led Display Baterai Pengisi Charger,2021517353,5,SUKAKKK BGTTT MKSHHH YAAAAAA MINMIN,1774876330,3 minggu lalu,PINK,True,Anonymous,0,True,False,
Powerbank 20000 Mah Mini With 4 Usb Cable Lighrweight Universal Powerbank Led Display Baterai Pengisi Charger,2021484524,5,Pesen warna purple datangnya pink tpi gpp barangnya no kendala smoga awet👍,1774875108,3 minggu lalu,PURPLE,True,Anonymous,0,False,False,
Powerbank 20000 Mah Mini With 4 Usb Cable Lighrweight Universal Powerbank Led Display Baterai Pengisi Charger,2021301478,5,"Barangnya bagus,berguna dengan baik,tidak ada kerusakan apapun,pokoknya besok deh 👍👍",1774869196,3 minggu lalu,BLACK,True,Anonymous,0,False,False,
Powerbank 20000 Mah Mini With 4 Usb Cable Lighrweight Universal Powerbank Led Display Baterai Pengisi Charger,2021179545,4,"Kejernihan lensa: Bagus
Kualitas pengerjaan: Masih di cas
Warna yg di pesan hitam yg dtg warna pink mata penjualnya rabun buta warna &amp; barang dtg mulus tidak ada lecet, terimakasih mudahan bermanfaat.",1774865501,3 minggu lalu,BLACK,True,Anonymous,0,True,True,
Powerbank 20000 Mah Mini With 4 Usb Cable Lighrweight Universal Powerbank Led Display Baterai Pengisi Charger,2021138124,5,Order warna purple yg dtang warna pink,1774864155,3 minggu lalu,PURPLE,True,Anonymous,0,True,False,
Powerbank 20000 Mah Mini With 4 Usb Cable Lighrweight Universal Powerbank Led Display Baterai Pengisi Charger,2020973331,5,Thank you,1774859137,3 minggu lalu,BLACK,True,Anonymous,0,False,False,
Powerbank 20000 Mah Mini With 4 Usb Cable Lighrweight Universal Powerbank Led Display Baterai Pengisi Charger,2020816438,4,Alhamdulilah paket sudah sampai sesuai pesanan,1774853702,3 minggu lalu,PURPLE,True,Anonymous,0,False,False,
Powerbank 20000 Mah Mini With 4 Usb Cable Lighrweight Universal Powerbank Led Display Baterai Pengisi Charger,2020808078,5,Mantull bgus,1774853418,3 minggu lalu,BLACK,True,Anonymous,0,True,False,
Powerbank 20000 Mah Mini With 4 Usb Cable Lighrweight Universal Powerbank Led Display Baterai Pengisi Charger,2020759439,2,"barang sampai dengan selamat
hanya rasanya tidak seperti kapasitas 20.000 mAh
ini cepet sekali habisnya",1774851757,3 minggu lalu,BLACK,True,Anonymous,0,False,False,
Powerbank 20000 Mah Mini With 4 Usb Cable Lighrweight Universal Powerbank Led Display Baterai Pengisi Charger,2020297372,5,Bagus berfungsi dengan baik,1774836600,3 minggu lalu,PINK,True,Anonymous,0,False,False,
Powerbank 20000 Mah Mini With 4 Usb Cable Lighrweight Universal Powerbank Led Display Baterai Pengisi Charger,2020176413,4,Pengiriman cepat,1774830737,3 minggu lalu,BLACK,True,Anonymous,0,False,False,
Powerbank 20000 Mah Mini With 4 Usb Cable Lighrweight Universal Powerbank Led Display Baterai Pengisi Charger,2020087741,4,Performa: powerbank ini tuh menambah baterai handphone saya dengan cepat dan sangat sangat cepat,1774823691,3 minggu lalu,BLACK,True,Anonymous,0,True,False,
Powerbank 20000 Mah Mini With 4 Usb Cable Lighrweight Universal Powerbank Led Display Baterai Pengisi Charger,2020081068,5,Barang ny sesuai sangat bagus,1774822840,3 minggu lalu,BLACK,True,Anonymous,0,False,False,
Powerbank 20000 Mah Mini With 4 Usb Cable Lighrweight Universal Powerbank Led Display Baterai Pengisi Charger,2020029285,5,Berkualitas,1774808850,3 minggu lalu,BLACK,True,Anonymous,0,False,False,
Powerbank 20000 Mah Mini With 4 Usb Cable Lighrweight Universal Powerbank Led Display Baterai Pengisi Charger,2019986787,1,Penipuan tidak sesuai dengan spek,1774803019,3 minggu lalu,BLACK,True,Anonymous,0,False,False,
Powerbank 20000 Mah Mini With 4 Usb Cable Lighrweight Universal Powerbank Led Display Baterai Pengisi Charger,2019955021,5,Keren,1774800333,3 minggu lalu,PURPLE,True,Anonymous,0,False,False,
Powerbank 20000 Mah Mini With 4 Usb Cable Lighrweight Universal Powerbank Led Display Baterai Pengisi Charger,2019502346,1,Baterai nya cumn 100 doang 🤦,1774782592,3 minggu lalu,BLACK,True,Anonymous,0,False,False,
Powerbank 20000 Mah Mini With 4 Usb Cable Lighrweight Universal Powerbank Led Display Baterai Pengisi Charger,2019145681,5,sangat bagus dan menarik,1774770703,3 minggu lalu,BLACK,True,Anonymous,0,False,False,
Powerbank 20000 Mah Mini With 4 Usb Cable Lighrweight Universal Powerbank Led Display Baterai Pengisi Charger,2018846125,4,Sesuai ekspektasi,1774760224,3 minggu lalu,PINK,True,Anonymous,0,True,False,
Powerbank 20000 Mah Mini With 4 Usb Cable Lighrweight Universal Powerbank Led Display Baterai Pengisi Charger,2018592766,4,"saya suka, tapi powerbanknya gampang boros jadi ga sampe full",1774751895,3 minggu lalu,PINK,True,Anonymous,0,False,False,
Powerbank 20000 Mah Mini With 4 Usb Cable Lighrweight Universal Powerbank Led Display Baterai Pengisi Charger,2018310033,4,Nice,1774722126,3 minggu lalu,BLACK,True,Anonymous,0,False,False,
Powerbank 20000 Mah Mini With 4 Usb Cable Lighrweight Universal Powerbank Led Display Baterai Pengisi Charger,2018233217,5,Sesuai produk,1774714203,3 minggu lalu,BLACK,True,Anonymous,0,False,False,
Powerbank 20000 Mah Mini With 4 Usb Cable Lighrweight Universal Powerbank Led Display Baterai Pengisi Charger,2018087687,5,Mantap sesuai pesanan. Kabel bawaannya works. Ada senternya juga,1774706653,3 minggu lalu,BLACK,False,Zamzam,0,True,False,Terima kasih telah berbelanja di CHINDO DIGITAL. Bagikan link toko kami https://www.tokopedia.com/chindo-digital kepada teman-teman kamu. Jangan lupa follow toko kami untuk tahu update terbaru tentang stok dan produk yang kami tawarkan.
Powerbank 20000 Mah Mini With 4 Usb Cable Lighrweight Universal Powerbank Led Display Baterai Pengisi Charger,2017819386,5,Performa baguss dan tahan lama,1774697372,3 minggu lalu,BLACK,True,Anonymous,0,False,False,
Powerbank 20000 Mah Mini With 4 Usb Cable Lighrweight Universal Powerbank Led Display Baterai Pengisi Charger,2017581209,5,Kualitas pengerjaan: Pengantaran cepet banget gila,1774690257,3 minggu lalu,PURPLE,True,Anonymous,0,False,False,
Powerbank 20000 Mah Mini With 4 Usb Cable Lighrweight Universal Powerbank Led Display Baterai Pengisi Charger,2017498325,1,"BARANG TIDAK BERFUNGSI, TIDAK MENDAPAT MANFAAT APA APA, SANGAT BURUK!",1774687505,3 minggu lalu,PURPLE,True,Anonymous,0,True,False,
Powerbank 20000 Mah Mini With 4 Usb Cable Lighrweight Universal Powerbank Led Display Baterai Pengisi Charger,2017433350,1,"Plis buat kalian yang mau beli ini batrei nya boros bgt walaupun casnya cepet, pas itu saya coba ngecas dari batrei 10-80 udah mati walupun Cass nya cepet, saran ku mending beli yang lain aja yang ini cuma menang fast charging dan model doang kalo mau yang batrei nya banyak mending beli yg lain aja",1774685354,3 minggu lalu,BLACK,True,Anonymous,0,False,False,
Powerbank 20000 Mah Mini With 4 Usb Cable Lighrweight Universal Powerbank Led Display Baterai Pengisi Charger,2017382762,5,"Kejernihan lensa: Mantab
Kualitas pengerjaan: Fast carjing
Performa: Sang at bang us",1774683610,3 minggu lalu,BLACK,True,Anonymous,1,True,True,
Powerbank 20000 Mah Mini With 4 Usb Cable Lighrweight Universal Powerbank Led Display Baterai Pengisi Charger,2017328640,3,Kualitas pengerjaan: Bardpakai cas 1 kali sudah habis baterainya..,1774681677,3 minggu lalu,BLACK,True,Anonymous,0,False,False,
Powerbank 20000 Mah Mini With 4 Usb Cable Lighrweight Universal Powerbank Led Display Baterai Pengisi Charger,2017245842,2,Di cas full buat cas hp dapat 30 udah habis,1774678793,3 minggu lalu,PINK,True,Anonymous,0,False,False,
Powerbank 20000 Mah Mini With 4 Usb Cable Lighrweight Universal Powerbank Led Display Baterai Pengisi Charger,2017239004,5,Sangat” okeee harga segitu,1774678559,3 minggu lalu,PINK,True,Anonymous,0,False,False,
Powerbank 20000 Mah Mini With 4 Usb Cable Lighrweight Universal Powerbank Led Display Baterai Pengisi Charger,2017047035,2,"Tidak ses.ui dengan iklan(bisa cas berkali-ksli) ternyata cas sekali sdh habis, sy tdk kecewa karena harganya murah",1774672540,3 minggu lalu,BLACK,True,Anonymous,0,False,False,
Powerbank 20000 Mah Mini With 4 Usb Cable Lighrweight Universal Powerbank Led Display Baterai Pengisi Charger,2016695830,5,Paket datang kemaren bagus,1774658830,3 minggu lalu,PURPLE,True,Anonymous,0,True,False,
Powerbank 20000 Mah Mini With 4 Usb Cable Lighrweight Universal Powerbank Led Display Baterai Pengisi Charger,2016689412,5,Berfungsi dgn baik,1774658383,3 minggu lalu,PURPLE,True,Anonymous,0,True,True,
Powerbank 20000 Mah Mini With 4 Usb Cable Lighrweight Universal Powerbank Led Display Baterai Pengisi Charger,2016638322,5,murah dan membantu banget buat IRT.dapat banyak,1774654222,3 minggu lalu,BLACK,True,Anonymous,0,True,False,
Powerbank 20000 Mah Mini With 4 Usb Cable Lighrweight Universal Powerbank Led Display Baterai Pengisi Charger,2016559463,5,Pengiriman cepat dan power bank nya keren...semoga awet,1774639487,3 minggu lalu,BLACK,True,Anonymous,0,True,False,
Powerbank 20000 Mah Mini With 4 Usb Cable Lighrweight Universal Powerbank Led Display Baterai Pengisi Charger,2016219369,5,Mantap,1774616712,3 minggu lalu,BLACK,True,Anonymous,0,False,False,
Powerbank 20000 Mah Mini With 4 Usb Cable Lighrweight Universal Powerbank Led Display Baterai Pengisi Charger,2016159222,5,"Berfungsi baik, pengiriman cepat. Barangnya bagus",1774614694,3 minggu lalu,BLACK,True,Anonymous,0,False,False,
Powerbank 20000 Mah Mini With 4 Usb Cable Lighrweight Universal Powerbank Led Display Baterai Pengisi Charger,2015983408,5,Berfungsi dengan baik ketahanan blm di coba,1774609565,3 minggu lalu,BLACK,True,Anonymous,0,False,False,
Powerbank 20000 Mah Mini With 4 Usb Cable Lighrweight Universal Powerbank Led Display Baterai Pengisi Charger,2015836621,3,Sekali nge ces cuma nambah 10 persen,1774605386,3 minggu lalu,BLACK,True,Anonymous,0,True,False,
Powerbank 20000 Mah Mini With 4 Usb Cable Lighrweight Universal Powerbank Led Display Baterai Pengisi Charger,2015781146,5,Terimakasih,1774603624,3 minggu lalu,PURPLE,True,Anonymous,0,False,False,
Powerbank 20000 Mah Mini With 4 Usb Cable Lighrweight Universal Powerbank Led Display Baterai Pengisi Charger,2015681170,3,"Saya sengaja ngak isih ulasan soal nya saya coba dulu itu powerbeng 
Ternya lampu ngak menyalah nyesal aku",1774600257,3 minggu lalu,PURPLE,True,Anonymous,0,True,False,
Powerbank 20000 Mah Mini With 4 Usb Cable Lighrweight Universal Powerbank Led Display Baterai Pengisi Charger,2015600387,5,powerbank nya bagus selamat sampai tujuan,1774597450,3 minggu lalu,PURPLE,True,Anonymous,0,True,False,
Powerbank 20000 Mah Mini With 4 Usb Cable Lighrweight Universal Powerbank Led Display Baterai Pengisi Charger,2015530966,5,"Mantul pokoknya,c kecil yg mantap",1774595453,3 minggu lalu,PURPLE,True,Anonymous,0,False,False,
Powerbank 20000 Mah Mini With 4 Usb Cable Lighrweight Universal Powerbank Led Display Baterai Pengisi Charger,2015523431,5,Alhamdulillah paket sudah sampai,1774595181,3 minggu lalu,PURPLE,True,Anonymous,0,True,False,
Powerbank 20000 Mah Mini With 4 Usb Cable Lighrweight Universal Powerbank Led Display Baterai Pengisi Charger,2015210506,5,Bagus banget👍,1774585358,3 minggu lalu,BLACK,True,Anonymous,0,False,False,
Powerbank 20000 Mah Mini With 4 Usb Cable Lighrweight Universal Powerbank Led Display Baterai Pengisi Charger,2015079698,5,"Kualitas pengerjaan: Bagus
Performa: Bagus
Bagus bgt bisa buat ngecas ada kabel usb nya juga",1774581534,3 minggu lalu,PINK,True,Anonymous,0,True,True,
Powerbank 20000 Mah Mini With 4 Usb Cable Lighrweight Universal Powerbank Led Display Baterai Pengisi Charger,2014981778,5,Kualitas pengerjaan: Rapi yang  tidak ada rusak dan berfungsi,1774578028,3 minggu lalu,BLACK,True,Anonymous,0,True,False,
Powerbank 20000 Mah Mini With 4 Usb Cable Lighrweight Universal Powerbank Led Display Baterai Pengisi Charger,2014859686,1,Ada yang goyang goyang di dalam sama cepet abis batre cuman 3 mnt,1774571071,3 minggu lalu,BLACK,True,Anonymous,0,False,False,
Powerbank 20000 Mah Mini With 4 Usb Cable Lighrweight Universal Powerbank Led Display Baterai Pengisi Charger,2014769989,5,Bagus banget powerbanknya,1774561255,4 minggu lalu,BLACK,True,Anonymous,0,False,False,
Powerbank 20000 Mah Mini With 4 Usb Cable Lighrweight Universal Powerbank Led Display Baterai Pengisi Charger,2014697966,5,Bagus cuman aga cepet lobetnya,1774544808,4 minggu lalu,BLACK,True,Anonymous,0,False,False,
Powerbank 20000 Mah Mini With 4 Usb Cable Lighrweight Universal Powerbank Led Display Baterai Pengisi Charger,2014676126,5,Sesuai pesanan terimakasih,1774542952,4 minggu lalu,BLACK,True,Anonymous,0,True,False,
Powerbank 20000 Mah Mini With 4 Usb Cable Lighrweight Universal Powerbank Led Display Baterai Pengisi Charger,2014657895,5,Ok,1774541351,4 minggu lalu,PURPLE,True,Anonymous,0,False,False,
Powerbank 20000 Mah Mini With 4 Usb Cable Lighrweight Universal Powerbank Led Display Baterai Pengisi Charger,2014641411,5,Okk,1774540259,4 minggu lalu,BLACK,True,Anonymous,0,False,False,
Powerbank 20000 Mah Mini With 4 Usb Cable Lighrweight Universal Powerbank Led Display Baterai Pengisi Charger,2014618878,5,"Bagussss,bintang yg bicara",1774538780,4 minggu lalu,BLACK,True,Anonymous,0,False,False,
Powerbank 20000 Mah Mini With 4 Usb Cable Lighrweight Universal Powerbank Led Display Baterai Pengisi Charger,2014605799,4,"Performa: Bagus
Bosku, orderan satu buah powerBank sudah diterima atau sampai👌🏻👍🏻

Semoga jadi barokah untuk kita semua 🤲🤲🤲

Senang berbisnis pada lapak anda🫰🏻😍🫰🏻",1774538008,4 minggu lalu,BLACK,True,Anonymous,0,True,False,
Powerbank 20000 Mah Mini With 4 Usb Cable Lighrweight Universal Powerbank Led Display Baterai Pengisi Charger,2014584836,3,Bagus,1774536874,4 minggu lalu,BLACK,True,Anonymous,0,False,False,
Powerbank 20000 Mah Mini With 4 Usb Cable Lighrweight Universal Powerbank Led Display Baterai Pengisi Charger,2014515151,5,Reaal no tipu tipuuu bagus bgttt dan berguna bgttt👍👍👍👍👍,1774533562,4 minggu lalu,BLACK,True,Anonymous,0,True,False,
Powerbank 20000 Mah Mini With 4 Usb Cable Lighrweight Universal Powerbank Led Display Baterai Pengisi Charger,2014510886,4,brangnya bagus,1774533385,4 minggu lalu,BLACK,True,Anonymous,0,False,False,
Powerbank 20000 Mah Mini With 4 Usb Cable Lighrweight Universal Powerbank Led Display Baterai Pengisi Charger,2014486203,5,bagus saya suka 😊,1774532380,4 minggu lalu,PURPLE,True,Anonymous,0,False,False,
Powerbank 20000 Mah Mini With 4 Usb Cable Lighrweight Universal Powerbank Led Display Baterai Pengisi Charger,2014436847,5,"Q minta warna hitam yang datang pink,tapi gak apalah, cakep mungil,di bawa bawa enak,semoga awet, tokonya amanah",1774530420,4 minggu lalu,BLACK,True,Anonymous,0,True,False,
Powerbank 20000 Mah Mini With 4 Usb Cable Lighrweight Universal Powerbank Led Display Baterai Pengisi Charger,2014424548,1,"Pas dateng si emang barangnya fisiknya bagus ,aku cobain nih buat cas hp aku masa 20.000 mah ,batray HP nggk full padahal itu powerbank full 100% ehhh tiba tiba lowbet dan hp aku nggk hanya ke isi kuranh lebih 40% cuman 1 device ,",1774529962,4 minggu lalu,PINK,True,Anonymous,0,False,False,
Powerbank 20000 Mah Mini With 4 Usb Cable Lighrweight Universal Powerbank Led Display Baterai Pengisi Charger,2014358885,4,"mantap,,sesuai pesanan,,barang cepat sampai, admin fast respon",1774527560,4 minggu lalu,PURPLE,True,Anonymous,0,True,False,
Powerbank 20000 Mah Mini With 4 Usb Cable Lighrweight Universal Powerbank Led Display Baterai Pengisi Charger,2014342012,4,Mantap,1774526996,4 minggu lalu,BLACK,True,Anonymous,0,False,False,
Powerbank 20000 Mah Mini With 4 Usb Cable Lighrweight Universal Powerbank Led Display Baterai Pengisi Charger,2014318832,5,"Kejernihan lensa: Bagus
Kualitas pengerjaan: Berkualitas",1774526233,4 minggu lalu,PURPLE,True,Anonymous,0,False,False,
Powerbank 20000 Mah Mini With 4 Usb Cable Lighrweight Universal Powerbank Led Display Baterai Pengisi Charger,2014309555,5,Ngk bisa hidup,1774525938,4 minggu lalu,BLACK,True,Anonymous,0,True,False,
Powerbank 20000 Mah Mini With 4 Usb Cable Lighrweight Universal Powerbank Led Display Baterai Pengisi Charger,2014263520,1,"Katanya 20000 Mah Sekali cas sudah habis 
Memandangkan kapasiti hp isi batre cuma 4k sekian 🤦🏽",1774524435,4 minggu lalu,BLACK,True,Anonymous,0,True,False,
Powerbank 20000 Mah Mini With 4 Usb Cable Lighrweight Universal Powerbank Led Display Baterai Pengisi Charger,2014255848,5,Paketnya sudah smpe smnga awett yang cukup lama👍,1774524185,4 minggu lalu,BLACK,True,Anonymous,0,False,True,
Powerbank 20000 Mah Mini With 4 Usb Cable Lighrweight Universal Powerbank Led Display Baterai Pengisi Charger,2014113676,4,",",1774519867,4 minggu lalu,BLACK,True,Anonymous,0,False,False,
Powerbank 20000 Mah Mini With 4 Usb Cable Lighrweight Universal Powerbank Led Display Baterai Pengisi Charger,2014016633,5,Barangnya bagus,1774516510,4 minggu lalu,BLACK,True,Anonymous,0,True,False,
Powerbank 20000 Mah Mini With 4 Usb Cable Lighrweight Universal Powerbank Led Display Baterai Pengisi Charger,2013961408,5,"worth it diharga segini, ringan dibawa kemana”,ada banyak kabel cassannya + lampu/senter ada usb nya juga kalo misal mw kaabel yg lebih panjang",1774514428,4 minggu lalu,PINK,True,Anonymous,0,True,False,
Powerbank 20000 Mah Mini With 4 Usb Cable Lighrweight Universal Powerbank Led Display Baterai Pengisi Charger,2013772110,3,Lumayan,1774507343,4 minggu lalu,BLACK,True,Anonymous,0,False,False,
Powerbank 20000 Mah Mini With 4 Usb Cable Lighrweight Universal Powerbank Led Display Baterai Pengisi Charger,2013705489,1,Pesan warna Hitam datang pink 🤣,1774504726,4 minggu lalu,BLACK,True,Anonymous,0,False,False,
Powerbank 20000 Mah Mini With 4 Usb Cable Lighrweight Universal Powerbank Led Display Baterai Pengisi Charger,2013662347,5,"Mantap sesuai dengan gambar ny
Toko ny amanah",1774503131,4 minggu lalu,BLACK,True,Anonymous,0,False,False,
Powerbank 20000 Mah Mini With 4 Usb Cable Lighrweight Universal Powerbank Led Display Baterai Pengisi Charger,2013541789,5,Barang nya bagus tapi murah lecet,1774498925,4 minggu lalu,BLACK,True,Anonymous,0,False,False,
Powerbank 20000 Mah Mini With 4 Usb Cable Lighrweight Universal Powerbank Led Display Baterai Pengisi Charger,2013518089,5,Warnanya bagus dan barangnya juga aman,1774498261,4 minggu lalu,PINK,True,Anonymous,0,False,False,
Powerbank 20000 Mah Mini With 4 Usb Cable Lighrweight Universal Powerbank Led Display Baterai Pengisi Charger,2013441249,4,"menurut ku charger bawaannya lambat bgt ngisinya, atau ga gabisa ngisi, mending pakai yg biasa aja cas an type c",1774495635,4 minggu lalu,PINK,True,Anonymous,0,True,False,
Powerbank 20000 Mah Mini With 4 Usb Cable Lighrweight Universal Powerbank Led Display Baterai Pengisi Charger,2013380689,5,Ga cukup untuk 100% hp sambung A14..hanya sekitar 70% sudah habis,1774493404,4 minggu lalu,BLACK,True,Anonymous,0,False,False,
Powerbank 20000 Mah Mini With 4 Usb Cable Lighrweight Universal Powerbank Led Display Baterai Pengisi Charger,2013372033,2,pesannya warna hitam yang datang warna pink,1774493052,4 minggu lalu,BLACK,True,Anonymous,0,True,False,
Powerbank 20000 Mah Mini With 4 Usb Cable Lighrweight Universal Powerbank Led Display Baterai Pengisi Charger,2013368718,5,tks power bank tiba akan dipakai cadangan,1774492918,4 minggu lalu,PURPLE,True,Anonymous,0,True,False,Terima kasih telah berbelanja di CHINDO DIGITAL. Bagikan link toko kami https://www.tokopedia.com/chindo-digital kepada teman-teman kamu. Jangan lupa follow toko kami untuk tahu update terbaru tentang stok dan produk yang kami tawarkan.
Powerbank 20000 Mah Mini With 4 Usb Cable Lighrweight Universal Powerbank Led Display Baterai Pengisi Charger,2013308594,2,barang sesuai yg di gmbar,1774490176,4 minggu lalu,BLACK,True,Anonymous,0,False,False,
Powerbank 20000 Mah Mini With 4 Usb Cable Lighrweight Universal Powerbank Led Display Baterai Pengisi Charger,2013304670,1,"jujur ga worth, katanya 20000 mAh tapi dipake sebentar langsung habis. dan penuh nya lama bgt, ini mah dipake 2 hp juga langsung mati pb nya. maaf tapi ga rekomended 🙏🏻",1774489970,4 minggu lalu,PINK,True,Anonymous,0,True,False,
Powerbank 20000 Mah Mini With 4 Usb Cable Lighrweight Universal Powerbank Led Display Baterai Pengisi Charger,2013139527,5,bagus barangnya,1774471264,4 minggu lalu,PINK,True,Anonymous,0,True,False,
Powerbank 20000 Mah Mini With 4 Usb Cable Lighrweight Universal Powerbank Led Display Baterai Pengisi Charger,2013125703,4,Sip,1774465682,4 minggu lalu,BLACK,True,Anonymous,0,False,False,
Powerbank 20000 Mah Mini With 4 Usb Cable Lighrweight Universal Powerbank Led Display Baterai Pengisi Charger,2013101316,5,bagussss,1774460271,4 minggu lalu,BLACK,True,Anonymous,0,False,False,
Powerbank 20000 Mah Mini With 4 Usb Cable Lighrweight Universal Powerbank Led Display Baterai Pengisi Charger,2013002478,1,Nyesal beli y charger y ngak pas di Oppo A77s punya saya..kurang bagus .,1774450997,4 minggu lalu,PURPLE,True,Anonymous,0,False,False,
Powerbank 20000 Mah Mini With 4 Usb Cable Lighrweight Universal Powerbank Led Display Baterai Pengisi Charger,2012943189,5,Keren pengiriman jg cepet berfungsi,1774447670,4 minggu lalu,PURPLE,True,Anonymous,0,True,False,
Powerbank 20000 Mah Mini With 4 Usb Cable Lighrweight Universal Powerbank Led Display Baterai Pengisi Charger,2012923547,1,Ga awet cepet abis belum 1jam aja udah tinggal 50%,1774446649,4 minggu lalu,BLACK,True,Anonymous,0,False,False,
Powerbank 20000 Mah Mini With 4 Usb Cable Lighrweight Universal Powerbank Led Display Baterai Pengisi Charger,2012893448,5,"Sesuai harapan. Semoga awet
Kurirnya juga rama",1774445166,4 minggu lalu,BLACK,True,Anonymous,0,False,False,
Powerbank 20000 Mah Mini With 4 Usb Cable Lighrweight Universal Powerbank Led Display Baterai Pengisi Charger,2012671778,5,"Barangnya datang dengan selamat dan diterima dengan sangat baik
Sangat sesuai pesanan
Terima kasih
🙏",1774436113,4 minggu lalu,PURPLE,True,Anonymous,0,False,False,
Powerbank 20000 Mah Mini With 4 Usb Cable Lighrweight Universal Powerbank Led Display Baterai Pengisi Charger,2012537466,5,Bagus,1774430953,4 minggu lalu,BLACK,True,Anonymous,0,True,False,
Powerbank 20000 Mah Mini With 4 Usb Cable Lighrweight Universal Powerbank Led Display Baterai Pengisi Charger,2012531461,5,"Semuanya OK tak Ada Masalah, fix kren",1774430689,4 minggu lalu,BLACK,True,Anonymous,0,True,False,
Powerbank 20000 Mah Mini With 4 Usb Cable Lighrweight Universal Powerbank Led Display Baterai Pengisi Charger,2012402817,2,"Barang ngdrop, batre PB tidak tahan lama, baru d cas full, dipake cuma bisa ngisi 30% di hp",1774427134,4 minggu lalu,BLACK,True,Anonymous,0,False,False,
Powerbank 20000 Mah Mini With 4 Usb Cable Lighrweight Universal Powerbank Led Display Baterai Pengisi Charger,2012347644,5,Alhamdulillah brang sdh smpai,1774424565,4 minggu lalu,BLACK,True,Anonymous,0,True,True,
Powerbank 20000 Mah Mini With 4 Usb Cable Lighrweight Universal Powerbank Led Display Baterai Pengisi Charger,2012164921,2,Kapasitas 2000 mAh cepet lowbet,1774415805,4 minggu lalu,BLACK,True,Anonymous,0,True,False,
Powerbank 20000 Mah Mini With 4 Usb Cable Lighrweight Universal Powerbank Led Display Baterai Pengisi Charger,2012110032,5,"Performa: Bagus bru di coba kak
Semoga awet ya 
Mkasih kak",1774413477,4 minggu lalu,PINK,True,Anonymous,0,True,True,
Powerbank 20000 Mah Mini With 4 Usb Cable Lighrweight Universal Powerbank Led Display Baterai Pengisi Charger,2012106076,5,"Woaawww se kecil in loh PB nya,bisa d bwh d mna&#39; trus sesuai yg d pesan gk ad lecet pun...trma ksi buat tkox👍🤗",1774413307,4 minggu lalu,BLACK,True,Anonymous,0,True,False,
Powerbank 20000 Mah Mini With 4 Usb Cable Lighrweight Universal Powerbank Led Display Baterai Pengisi Charger,2011949984,5,"Kejernihan lensa: ok
Kualitas pengerjaan: ok
Performa: ok",1774406988,4 minggu lalu,BLACK,True,Anonymous,0,False,False,
Powerbank 20000 Mah Mini With 4 Usb Cable Lighrweight Universal Powerbank Led Display Baterai Pengisi Charger,2011936770,5,Baguss,1774406391,4 minggu lalu,PINK,True,Anonymous,0,False,False,
Powerbank 20000 Mah Mini With 4 Usb Cable Lighrweight Universal Powerbank Led Display Baterai Pengisi Charger,2011880670,5,Bagus,1774403796,4 minggu lalu,BLACK,True,Anonymous,0,False,False,
Powerbank 20000 Mah Mini With 4 Usb Cable Lighrweight Universal Powerbank Led Display Baterai Pengisi Charger,2011825380,4,"Bagus, amanah",1774400120,4 minggu lalu,BLACK,True,Anonymous,0,False,False,
Powerbank 20000 Mah Mini With 4 Usb Cable Lighrweight Universal Powerbank Led Display Baterai Pengisi Charger,2011740060,3,"Sesuai harga, bahan ringan cepat lowbet",1774389091,1 bulan lalu,BLACK,True,Anonymous,0,True,False,
Powerbank 20000 Mah Mini With 4 Usb Cable Lighrweight Universal Powerbank Led Display Baterai Pengisi Charger,2011740059,3,"Sesuai harga, bahannya ringan bgt produknya cepat lowbet",1774389091,1 bulan lalu,PURPLE,True,Anonymous,0,True,False,
Powerbank 20000 Mah Mini With 4 Usb Cable Lighrweight Universal Powerbank Led Display Baterai Pengisi Charger,2011565987,2,"Powerbank ini sdh dicas penuh sampai keluar tulisan 100%, untuk ngecas hp yg masih 10%, gak sampai 50% daya hpnya ,si powerbank ini sdh habis daya",1774363077,1 bulan lalu,BLACK,True,Anonymous,0,False,False,
Powerbank 20000 Mah Mini With 4 Usb Cable Lighrweight Universal Powerbank Led Display Baterai Pengisi Charger,2011454348,5,"Barang sudah sampai
Aman semua 
Berfungsi dengan amat baik
Maaf lupa gk ada vidio unboxing nya kecil2 cabe rawit",1774356005,1 bulan lalu,PURPLE,True,Anonymous,0,True,False,
Powerbank 20000 Mah Mini With 4 Usb Cable Lighrweight Universal Powerbank Led Display Baterai Pengisi Charger,2011391182,5,Pengiriman cepat. Dan sesuai diskripsi. Keren👍,1774352514,1 bulan lalu,BLACK,True,Anonymous,0,False,False,
Powerbank 20000 Mah Mini With 4 Usb Cable Lighrweight Universal Powerbank Led Display Baterai Pengisi Charger,2011371314,5,Mantappp keceeee cuyyyyy,1774351444,1 bulan lalu,BLACK,True,Anonymous,0,True,False,
Powerbank 20000 Mah Mini With 4 Usb Cable Lighrweight Universal Powerbank Led Display Baterai Pengisi Charger,2011360319,3,"Barang yg sampai cepat,utuh,cuma belum dicoba power bank nya",1774350875,1 bulan lalu,BLACK,True,Anonymous,0,False,False,
Powerbank 20000 Mah Mini With 4 Usb Cable Lighrweight Universal Powerbank Led Display Baterai Pengisi Charger,2011319531,5,Pemesanan tgl 13 baru sampek skrng tpi gkpp krna lebaran juga soalnya brngnya bagus tpi blum tk cba smga awet lah buat seseorang soalnya,1774348804,1 bulan lalu,PURPLE,True,Anonymous,0,False,False,
Powerbank 20000 Mah Mini With 4 Usb Cable Lighrweight Universal Powerbank Led Display Baterai Pengisi Charger,2011304929,5,sesuai dah pokok nya,1774348009,1 bulan lalu,BLACK,True,Anonymous,0,True,False,
Powerbank 20000 Mah Mini With 4 Usb Cable Lighrweight Universal Powerbank Led Display Baterai Pengisi Charger,2011286703,5,"Rusak cepat lobet, gak baik kecewa",1774347006,1 bulan lalu,BLACK,True,Anonymous,0,True,False,
Powerbank 20000 Mah Mini With 4 Usb Cable Lighrweight Universal Powerbank Led Display Baterai Pengisi Charger,2011156994,5,Bagus...,1774339602,1 bulan lalu,BLACK,True,Anonymous,0,False,False,
Powerbank 20000 Mah Mini With 4 Usb Cable Lighrweight Universal Powerbank Led Display Baterai Pengisi Charger,2011094769,1,Katanya 20.000mAh kok pas cas hp langsung 25 rusak ni barang,1774335742,1 bulan lalu,BLACK,True,Anonymous,0,False,False,
Powerbank 20000 Mah Mini With 4 Usb Cable Lighrweight Universal Powerbank Led Display Baterai Pengisi Charger,2011086507,5,"Kejernihan lensa: Bersih
Kualitas pengerjaan: Rapi
Performa: Bagus
Sudah di unboxing dan paket sesuai dengan pesanan, tidak ada lecet atau pun rusak, harga sesuai barang, kirain berat dan ngedukung fast charging ternyata tidak",1774335226,1 bulan lalu,BLACK,True,Anonymous,0,True,False,
Powerbank 20000 Mah Mini With 4 Usb Cable Lighrweight Universal Powerbank Led Display Baterai Pengisi Charger,2010982451,5,ok..sip,1774329040,1 bulan lalu,BLACK,False,gapur,0,False,False,Terima kasih telah berbelanja di CHINDO DIGITAL. Bagikan link toko kami https://www.tokopedia.com/chindo-digital kepada teman-teman kamu. Jangan lupa follow toko kami untuk tahu update terbaru tentang stok dan produk yang kami tawarkan.
Powerbank 20000 Mah Mini With 4 Usb Cable Lighrweight Universal Powerbank Led Display Baterai Pengisi Charger,2010963110,5,Cara nyalain lampu nya gimana sih,1774328022,1 bulan lalu,PINK,True,Anonymous,0,False,False,
Powerbank 20000 Mah Mini With 4 Usb Cable Lighrweight Universal Powerbank Led Display Baterai Pengisi Charger,2010945889,5,Wes tekan blm di buka tau bagus tau gak,1774326987,1 bulan lalu,BLACK,True,Anonymous,0,False,False,
Powerbank 20000 Mah Mini With 4 Usb Cable Lighrweight Universal Powerbank Led Display Baterai Pengisi Charger,2010883943,4,"di bungkus dengan baik tapi rawan kena air.
ketahanan belum di coba moga bisa carg beberapa kali.",1774323350,1 bulan lalu,BLACK,True,Anonymous,0,True,False,
Powerbank 20000 Mah Mini With 4 Usb Cable Lighrweight Universal Powerbank Led Display Baterai Pengisi Charger,2010854777,4,Bagus,1774321608,1 bulan lalu,BLACK,True,Anonymous,0,False,False,
Powerbank 20000 Mah Mini With 4 Usb Cable Lighrweight Universal Powerbank Led Display Baterai Pengisi Charger,2010832839,1,INI FAKE!,1774320343,1 bulan lalu,PINK,True,Anonymous,0,False,False,
Powerbank 20000 Mah Mini With 4 Usb Cable Lighrweight Universal Powerbank Led Display Baterai Pengisi Charger,2010823481,5,"Barang nya bagus, kwalitas bagus, pengisian cepat",1774319768,1 bulan lalu,BLACK,True,Anonymous,0,True,False,
Powerbank 20000 Mah Mini With 4 Usb Cable Lighrweight Universal Powerbank Led Display Baterai Pengisi Charger,2010706131,3,Bagus lumayan buat pergi pergi,1774310010,1 bulan lalu,BLACK,True,Anonymous,0,False,False,
Powerbank 20000 Mah Mini With 4 Usb Cable Lighrweight Universal Powerbank Led Display Baterai Pengisi Charger,2010645069,4,top,1774294788,1 bulan lalu,BLACK,True,Anonymous,0,False,False,
Powerbank 20000 Mah Mini With 4 Usb Cable Lighrweight Universal Powerbank Led Display Baterai Pengisi Charger,2010564747,5,Joss,1774280031,1 bulan lalu,BLACK,True,Anonymous,0,False,False,
Powerbank 20000 Mah Mini With 4 Usb Cable Lighrweight Universal Powerbank Led Display Baterai Pengisi Charger,2010547638,5,Kualitas pengerjaan: kualitasnya bagus pokoknya mantap,1774278409,1 bulan lalu,PURPLE,True,Anonymous,0,False,False,
Powerbank 20000 Mah Mini With 4 Usb Cable Lighrweight Universal Powerbank Led Display Baterai Pengisi Charger,2010360218,5,Mantap,1774264713,1 bulan lalu,PURPLE,True,Anonymous,0,False,False,
Powerbank 20000 Mah Mini With 4 Usb Cable Lighrweight Universal Powerbank Led Display Baterai Pengisi Charger,2010292176,5,"Barang diterima dlm keadaan bagus, cuma saya bingung memakai nya soal nya petunjuk nya ga lengkap apalagi pakai bahasa inggris",1774260067,1 bulan lalu,BLACK,True,Anonymous,0,True,False,
Powerbank 20000 Mah Mini With 4 Usb Cable Lighrweight Universal Powerbank Led Display Baterai Pengisi Charger,2010273145,5,Bagus walaupun cuman tahan 2-3 jaman,1774258671,1 bulan lalu,BLACK,True,Anonymous,0,False,False,
Powerbank 20000 Mah Mini With 4 Usb Cable Lighrweight Universal Powerbank Led Display Baterai Pengisi Charger,2010258076,5,Terimakasih,1774257539,1 bulan lalu,PURPLE,True,Anonymous,0,True,True,
Powerbank 20000 Mah Mini With 4 Usb Cable Lighrweight Universal Powerbank Led Display Baterai Pengisi Charger,2010244926,5,Performa: Bagus warna nya juga sama kaya yg di foto,1774256593,1 bulan lalu,PINK,True,Anonymous,1,True,False,
Powerbank 20000 Mah Mini With 4 Usb Cable Lighrweight Universal Powerbank Led Display Baterai Pengisi Charger,2010080135,5,"bagus , simple di bawa kemana2 dan yang pastinya bisa masuk ketika di cas",1774244919,1 bulan lalu,PINK,True,Anonymous,0,True,False,
Powerbank 20000 Mah Mini With 4 Usb Cable Lighrweight Universal Powerbank Led Display Baterai Pengisi Charger,2010008296,4,Mantap power Bank nyaa bagus,1774240145,1 bulan lalu,BLACK,True,Anonymous,0,False,False,
Powerbank 20000 Mah Mini With 4 Usb Cable Lighrweight Universal Powerbank Led Display Baterai Pengisi Charger,2010006758,5,Baguss sekalii 😍🥰,1774240047,1 bulan lalu,BLACK,True,Anonymous,0,True,False,
Powerbank 20000 Mah Mini With 4 Usb Cable Lighrweight Universal Powerbank Led Display Baterai Pengisi Charger,2010001166,2,"Cpt habis isi powerbank ny, pdahal dri 100% power bank nya, skali ngcas aja udh 25 %.
Kyak ny bukan 20.000 mAh batre power bank ny",1774239687,1 bulan lalu,BLACK,True,Anonymous,0,False,False,
Powerbank 20000 Mah Mini With 4 Usb Cable Lighrweight Universal Powerbank Led Display Baterai Pengisi Charger,2009960714,5,"Kualitas pengerjaan: Sangat baik
Performa: Semoga awet dan tahan lama",1774237393,1 bulan lalu,BLACK,True,Anonymous,0,True,False,
Powerbank 20000 Mah Mini With 4 Usb Cable Lighrweight Universal Powerbank Led Display Baterai Pengisi Charger,2009878549,5,barang sdh sampai.. dan sesuai pesanan.,1774231659,1 bulan lalu,BLACK,False,m,0,True,False,Terima kasih telah berbelanja di CHINDO DIGITAL. Bagikan link toko kami https://www.tokopedia.com/chindo-digital kepada teman-teman kamu. Jangan lupa follow toko kami untuk tahu update terbaru tentang stok dan produk yang kami tawarkan.
Powerbank 20000 Mah Mini With 4 Usb Cable Lighrweight Universal Powerbank Led Display Baterai Pengisi Charger,2009788185,5,Kejernihan lensa: Jernih se kn ali,1774221939,1 bulan lalu,BLACK,True,Anonymous,0,False,False,
Powerbank 20000 Mah Mini With 4 Usb Cable Lighrweight Universal Powerbank Led Display Baterai Pengisi Charger,2009747973,3,Hati2 tidak sesuai dg speknya...,1774212076,1 bulan lalu,PINK,True,Anonymous,0,False,False,
Powerbank 20000 Mah Mini With 4 Usb Cable Lighrweight Universal Powerbank Led Display Baterai Pengisi Charger,2009653015,5,bagus,1774191761,1 bulan lalu,BLACK,True,Anonymous,0,False,False,
Powerbank 20000 Mah Mini With 4 Usb Cable Lighrweight Universal Powerbank Led Display Baterai Pengisi Charger,2009541669,5,barangnya bagus tidak ada kendala,1774181405,1 bulan lalu,BLACK,True,Anonymous,0,False,False,
Powerbank 20000 Mah Mini With 4 Usb Cable Lighrweight Universal Powerbank Led Display Baterai Pengisi Charger,2009452856,5,bener bener bagu bgtt sumpaa suka banget,1774173329,1 bulan lalu,PINK,True,Anonymous,0,False,False,
Powerbank 20000 Mah Mini With 4 Usb Cable Lighrweight Universal Powerbank Led Display Baterai Pengisi Charger,2009404234,3,Produk nya bagus sekali tapi sayang nya batrenya cepet habis,1774168348,1 bulan lalu,BLACK,True,Anonymous,0,True,False,
Powerbank 20000 Mah Mini With 4 Usb Cable Lighrweight Universal Powerbank Led Display Baterai Pengisi Charger,2009390211,3,Bagus cuman yg colokan tiga nya g berfungsi....jdi pake colokan yg putih,1774166999,1 bulan lalu,BLACK,True,Anonymous,0,True,False,
Powerbank 20000 Mah Mini With 4 Usb Cable Lighrweight Universal Powerbank Led Display Baterai Pengisi Charger,2009387814,5,Barang bagus,1774166759,1 bulan lalu,BLACK,True,Anonymous,0,False,False,
Powerbank 20000 Mah Mini With 4 Usb Cable Lighrweight Universal Powerbank Led Display Baterai Pengisi Charger,2009355397,5,Kejernihan lensa: kualitas bagus,1774163631,1 bulan lalu,BLACK,True,Anonymous,0,True,False,
Powerbank 20000 Mah Mini With 4 Usb Cable Lighrweight Universal Powerbank Led Display Baterai Pengisi Charger,2009273078,5,"Kejernihan lensa: Oke
Kualitas pengerjaan: Oke
Performa: Oke",1774155676,1 bulan lalu,PURPLE,True,Anonymous,0,True,False,
Powerbank 20000 Mah Mini With 4 Usb Cable Lighrweight Universal Powerbank Led Display Baterai Pengisi Charger,2009262190,5,Paket sudah sampe nih dengan mulus mksh yah,1774154594,1 bulan lalu,BLACK,True,Anonymous,0,True,False,
Powerbank 20000 Mah Mini With 4 Usb Cable Lighrweight Universal Powerbank Led Display Baterai Pengisi Charger,2009214423,5,Barang bagus pengiriman cepat,1774149588,1 bulan lalu,BLACK,True,Anonymous,0,True,False,
Powerbank 20000 Mah Mini With 4 Usb Cable Lighrweight Universal Powerbank Led Display Baterai Pengisi Charger,2009170038,5,Bagus👍,1774144367,1 bulan lalu,PINK,True,Anonymous,0,False,False,
Powerbank 20000 Mah Mini With 4 Usb Cable Lighrweight Universal Powerbank Led Display Baterai Pengisi Charger,2009134088,4,Sangat membantu,1774139505,1 bulan lalu,BLACK,True,Anonymous,0,False,False,
Powerbank 20000 Mah Mini With 4 Usb Cable Lighrweight Universal Powerbank Led Display Baterai Pengisi Charger,2009116226,5,"Bagus
Baik
Tahan lama. Oke dahh",1774136597,1 bulan lalu,BLACK,True,Anonymous,0,True,False,
Powerbank 20000 Mah Mini With 4 Usb Cable Lighrweight Universal Powerbank Led Display Baterai Pengisi Charger,2009071786,5,Bagus tks,1774122120,1 bulan lalu,BLACK,True,Anonymous,0,False,False,
Powerbank 20000 Mah Mini With 4 Usb Cable Lighrweight Universal Powerbank Led Display Baterai Pengisi Charger,2008995029,1,Mah tdk sesuai... Bust nge cas gabisa sampai penuh Sudah habis,1774105174,1 bulan lalu,BLACK,True,Anonymous,0,False,False,
Powerbank 20000 Mah Mini With 4 Usb Cable Lighrweight Universal Powerbank Led Display Baterai Pengisi Charger,2008981536,4,Power bank nya bagus walaupun pengisian daya kurang baik,1774103622,1 bulan lalu,BLACK,True,Anonymous,0,False,False,
Powerbank 20000 Mah Mini With 4 Usb Cable Lighrweight Universal Powerbank Led Display Baterai Pengisi Charger,2008891873,5,Maaf sayang yg bagian tengah agak pendek tapi Ndak apa ada tali saya punya yg d pakai sorry merepotkan,1774094460,1 bulan lalu,PURPLE,True,Anonymous,0,False,False,
Powerbank 20000 Mah Mini With 4 Usb Cable Lighrweight Universal Powerbank Led Display Baterai Pengisi Charger,2008870210,5,Siip Oke,1774092290,1 bulan lalu,BLACK,True,Anonymous,0,False,False,
Powerbank 20000 Mah Mini With 4 Usb Cable Lighrweight Universal Powerbank Led Display Baterai Pengisi Charger,2008828599,5,Pengiriman cepat barang bagus terimakasih ya,1774088021,1 bulan lalu,BLACK,True,Anonymous,0,False,False,
Powerbank 20000 Mah Mini With 4 Usb Cable Lighrweight Universal Powerbank Led Display Baterai Pengisi Charger,2008780704,3,Alhamdulillahnpaket sdh smpai. ssuai harapan smga yg lain jg sama yah,1774082573,1 bulan lalu,BLACK,True,Anonymous,0,True,False,
Powerbank 20000 Mah Mini With 4 Usb Cable Lighrweight Universal Powerbank Led Display Baterai Pengisi Charger,2008716616,5,Desain nya simple dan kualitas baterai nya juga bagus,1774074712,1 bulan lalu,PURPLE,True,Anonymous,0,True,False,
Powerbank 20000 Mah Mini With 4 Usb Cable Lighrweight Universal Powerbank Led Display Baterai Pengisi Charger,2008697706,5,"Pesanan sudah mendarat dengan selamat, dan sudah aku pakai..aman.
Kepada tiktok,penjual dan kurirnya, terimakasih atas amanah nya ya 🙏",1774072141,1 bulan lalu,BLACK,True,Anonymous,0,True,False,
Powerbank 20000 Mah Mini With 4 Usb Cable Lighrweight Universal Powerbank Led Display Baterai Pengisi Charger,2008690144,5,Sip sesuai pesanan,1774071051,1 bulan lalu,BLACK,True,Anonymous,0,True,False,
Powerbank 20000 Mah Mini With 4 Usb Cable Lighrweight Universal Powerbank Led Display Baterai Pengisi Charger,2008550937,5,"Produks sesuai promo , bagus barangnya , cepat juga pengirimannya , Mursidah , terima kasih , lancar jaya sukses terus usahanya .",1774042477,1 bulan lalu,BLACK,True,Anonymous,0,False,False,
Powerbank 20000 Mah Mini With 4 Usb Cable Lighrweight Universal Powerbank Led Display Baterai Pengisi Charger,2008369203,5,"mantap, Dateng lebih cepet dari ekspektasi. Trus ngecasnya juga cepet",1774015119,1 bulan lalu,BLACK,True,Anonymous,0,True,False,Terima kasih telah berbelanja di CHINDO DIGITAL. Bagikan link toko kami https://www.tokopedia.com/chindo-digital kepada teman-teman kamu. Jangan lupa follow toko kami untuk tahu update terbaru tentang stok dan produk yang kami tawarkan.
Powerbank 20000 Mah Mini With 4 Usb Cable Lighrweight Universal Powerbank Led Display Baterai Pengisi Charger,2008344614,5,ok,1774013005,1 bulan lalu,BLACK,True,Anonymous,0,False,False,
Powerbank 20000 Mah Mini With 4 Usb Cable Lighrweight Universal Powerbank Led Display Baterai Pengisi Charger,2008329886,5,Pengiriman sesuai bagus banget kurir juga ramah . Terima kasih,1774011816,1 bulan lalu,BLACK,True,Anonymous,0,False,False,
Powerbank 20000 Mah Mini With 4 Usb Cable Lighrweight Universal Powerbank Led Display Baterai Pengisi Charger,2008302537,5,Bagus👍,1774009706,1 bulan lalu,BLACK,True,Anonymous,0,False,False,
Powerbank 20000 Mah Mini With 4 Usb Cable Lighrweight Universal Powerbank Led Display Baterai Pengisi Charger,2008255359,4,Cukup oke powerbank nya dengan harga murah. Semoga tidak cepat rusak ya..,1774006462,1 bulan lalu,PINK,True,Anonymous,0,False,False,
Powerbank 20000 Mah Mini With 4 Usb Cable Lighrweight Universal Powerbank Led Display Baterai Pengisi Charger,2008192962,5,Bagus,1774002057,1 bulan lalu,BLACK,True,Anonymous,0,False,False,
Powerbank 20000 Mah Mini With 4 Usb Cable Lighrweight Universal Powerbank Led Display Baterai Pengisi Charger,2008132524,5,"Kejernihan lensa: Lumayan
Kualitas pengerjaan: Betar",1773998261,1 bulan lalu,BLACK,True,Anonymous,0,False,False,
Powerbank 20000 Mah Mini With 4 Usb Cable Lighrweight Universal Powerbank Led Display Baterai Pengisi Charger,2008119686,5,Alhamdulillah barangnya sudah sampai spek barang yang mantap,1773997496,1 bulan lalu,BLACK,True,Anonymous,0,False,False,
Powerbank 20000 Mah Mini With 4 Usb Cable Lighrweight Universal Powerbank Led Display Baterai Pengisi Charger,2008119464,5,Performa: Bagus dan fungsi normal.,1773997482,1 bulan lalu,PURPLE,True,Anonymous,0,False,False,
Powerbank 20000 Mah Mini With 4 Usb Cable Lighrweight Universal Powerbank Led Display Baterai Pengisi Charger,2008091664,5,Cepet bgd sampe nya,1773995885,1 bulan lalu,BLACK,True,Anonymous,0,False,False,
Powerbank 20000 Mah Mini With 4 Usb Cable Lighrweight Universal Powerbank Led Display Baterai Pengisi Charger,2008074693,1,"Sangat gak sesuai dengan promosi 
Kata 20000 mah,tapi buat ngacas yg 5000 mah aja udah abis🤦🤦,tidak sesuai dengan kenyataan",1773994950,1 bulan lalu,BLACK,True,Anonymous,0,False,False,
Powerbank 20000 Mah Mini With 4 Usb Cable Lighrweight Universal Powerbank Led Display Baterai Pengisi Charger,2008069884,5,packing rapihhh💖💖,1773994690,1 bulan lalu,PINK,True,Anonymous,0,False,False,
Powerbank 20000 Mah Mini With 4 Usb Cable Lighrweight Universal Powerbank Led Display Baterai Pengisi Charger,2008031680,5,Pengiriman cepat. Berfungsi dengan. Baik,1773992672,1 bulan lalu,BLACK,True,Anonymous,0,True,False,
Powerbank 20000 Mah Mini With 4 Usb Cable Lighrweight Universal Powerbank Led Display Baterai Pengisi Charger,2008015780,5,"Bagus sekali mungil ,berguna seksli",1773991887,1 bulan lalu,BLACK,True,Anonymous,0,True,False,
Powerbank 20000 Mah Mini With 4 Usb Cable Lighrweight Universal Powerbank Led Display Baterai Pengisi Charger,2008012666,5,"Semoga reall 20000mAh
Penjual harus amanah",1773991718,1 bulan lalu,PURPLE,True,Anonymous,0,True,False,
Powerbank 20000 Mah Mini With 4 Usb Cable Lighrweight Universal Powerbank Led Display Baterai Pengisi Charger,2008001534,5,Sesuai deskripsi,1773991155,1 bulan lalu,BLACK,True,Anonymous,0,False,False,
Powerbank 20000 Mah Mini With 4 Usb Cable Lighrweight Universal Powerbank Led Display Baterai Pengisi Charger,2007980289,5,Barang sudah sampai tujuan dengan keadaan baik,1773990083,1 bulan lalu,PURPLE,True,Anonymous,0,False,False,
Powerbank 20000 Mah Mini With 4 Usb Cable Lighrweight Universal Powerbank Led Display Baterai Pengisi Charger,2007789898,5,Ok aja,1773981140,1 bulan lalu,BLACK,True,Anonymous,0,True,False,
Powerbank 20000 Mah Mini With 4 Usb Cable Lighrweight Universal Powerbank Led Display Baterai Pengisi Charger,2007768499,5,"bagus bang, dan berfungsi dengan semestinya",1773980231,1 bulan lalu,BLACK,True,Anonymous,0,False,False,
Powerbank 20000 Mah Mini With 4 Usb Cable Lighrweight Universal Powerbank Led Display Baterai Pengisi Charger,2007702711,5,Bagus,1773977461,1 bulan lalu,PURPLE,True,Anonymous,0,False,False,
Powerbank 20000 Mah Mini With 4 Usb Cable Lighrweight Universal Powerbank Led Display Baterai Pengisi Charger,2007684018,5,Kualitas pengerjaan: Cepat tepat,1773976658,1 bulan lalu,BLACK,True,Anonymous,0,False,False,
Powerbank 20000 Mah Mini With 4 Usb Cable Lighrweight Universal Powerbank Led Display Baterai Pengisi Charger,2007644259,5,"Barangnya bagus, modelnya jg bukan barang jadul.. Cuma sayang klu ngacas HP power bank nya cepat lowbet. Tpi gpp tetep kasih bintang 5",1773974887,1 bulan lalu,PINK,True,Anonymous,0,True,False,
Powerbank 20000 Mah Mini With 4 Usb Cable Lighrweight Universal Powerbank Led Display Baterai Pengisi Charger,2007620721,5,Kejernihan lensa: Sngat memuaskan,1773973791,1 bulan lalu,BLACK,True,Anonymous,0,False,False,
Powerbank 20000 Mah Mini With 4 Usb Cable Lighrweight Universal Powerbank Led Display Baterai Pengisi Charger,2007563200,5,"Warna bentuk sesuai gambar, berfungsi dengan baik, aman. Packaging aman.",1773970763,1 bulan lalu,BLACK,True,Anonymous,0,True,False,
Powerbank 20000 Mah Mini With 4 Usb Cable Lighrweight Universal Powerbank Led Display Baterai Pengisi Charger,2007492454,4,Kata ny isi 20000 MHA pas dipakai...gk penuh hp saya,1773964790,1 bulan lalu,BLACK,True,Anonymous,0,False,False,
Powerbank 20000 Mah Mini With 4 Usb Cable Lighrweight Universal Powerbank Led Display Baterai Pengisi Charger,2007414328,5,Ok,1773955666,1 bulan lalu,BLACK,True,Anonymous,0,False,False,
Powerbank 20000 Mah Mini With 4 Usb Cable Lighrweight Universal Powerbank Led Display Baterai Pengisi Charger,2007187901,5,Memuaskan,1773932695,1 bulan lalu,BLACK,True,Anonymous,0,False,False,
Powerbank 20000 Mah Mini With 4 Usb Cable Lighrweight Universal Powerbank Led Display Baterai Pengisi Charger,2007060718,5,"Kejernihan lensa: Jernih
Kualitas pengerjaan: Rapi
Performa: Sempurna",1773926190,1 bulan lalu,BLACK,True,Anonymous,0,False,False,
Powerbank 20000 Mah Mini With 4 Usb Cable Lighrweight Universal Powerbank Led Display Baterai Pengisi Charger,2007046762,5,Barang sudah sampai dengan aman dan berfungsi dengan baik... Terima kasih buat selulernya yang amanah...,1773925539,1 bulan lalu,BLACK,True,Anonymous,0,True,False,
Powerbank 20000 Mah Mini With 4 Usb Cable Lighrweight Universal Powerbank Led Display Baterai Pengisi Charger,2007030972,5,barangnya bagus,1773924796,1 bulan lalu,PINK,True,Anonymous,0,False,False,
Powerbank 20000 Mah Mini With 4 Usb Cable Lighrweight Universal Powerbank Led Display Baterai Pengisi Charger,2006915091,5,mantap bagus dan  belom di coba semoga awet,1773920051,1 bulan lalu,PURPLE,True,Anonymous,0,True,False,
Powerbank 20000 Mah Mini With 4 Usb Cable Lighrweight Universal Powerbank Led Display Baterai Pengisi Charger,2006748642,5,Jos,1773912146,1 bulan lalu,BLACK,True,Anonymous,0,False,False,
Powerbank 20000 Mah Mini With 4 Usb Cable Lighrweight Universal Powerbank Led Display Baterai Pengisi Charger,2006646644,5,Kejernihan lensa: Bagus,1773907988,1 bulan lalu,PINK,True,Anonymous,0,False,False,
Powerbank 20000 Mah Mini With 4 Usb Cable Lighrweight Universal Powerbank Led Display Baterai Pengisi Charger,2006644292,5,Kualitas pengerjaan: Mantap,1773907894,1 bulan lalu,PURPLE,True,Anonymous,0,False,False,
Powerbank 20000 Mah Mini With 4 Usb Cable Lighrweight Universal Powerbank Led Display Baterai Pengisi Charger,2006637624,5,bagus ngecas lumayan cepet ya mungkin di hp org beda² ya semoga awet deh lumayan kalo buat darurat low batre,1773907632,1 bulan lalu,PURPLE,True,Anonymous,1,True,False,
Powerbank 20000 Mah Mini With 4 Usb Cable Lighrweight Universal Powerbank Led Display Baterai Pengisi Charger,2006602296,5,👍,1773906224,1 bulan lalu,PINK,True,Anonymous,0,False,False,
Powerbank 20000 Mah Mini With 4 Usb Cable Lighrweight Universal Powerbank Led Display Baterai Pengisi Charger,2006538563,5,alhamdulillah sudah kita terima pesanannua terima kasih,1773903736,1 bulan lalu,BLACK,True,Anonymous,0,False,False,
Powerbank 20000 Mah Mini With 4 Usb Cable Lighrweight Universal Powerbank Led Display Baterai Pengisi Charger,2006523134,5,"Bagus
Performa: Lumayan",1773903157,1 bulan lalu,BLACK,True,Anonymous,0,False,True,
Powerbank 20000 Mah Mini With 4 Usb Cable Lighrweight Universal Powerbank Led Display Baterai Pengisi Charger,2006426206,4,Baik,1773899612,1 bulan lalu,BLACK,True,Anonymous,0,False,False,
Powerbank 20000 Mah Mini With 4 Usb Cable Lighrweight Universal Powerbank Led Display Baterai Pengisi Charger,2006406253,5,Mksih sesuwai pesanan moga berkah amnanah,1773898883,1 bulan lalu,BLACK,True,Anonymous,0,False,False,
Powerbank 20000 Mah Mini With 4 Usb Cable Lighrweight Universal Powerbank Led Display Baterai Pengisi Charger,2006315970,2,"Ko powerbank nya warna pink, saya pesan warna Hitam",1773895794,1 bulan lalu,BLACK,True,Anonymous,0,True,False,
Powerbank 20000 Mah Mini With 4 Usb Cable Lighrweight Universal Powerbank Led Display Baterai Pengisi Charger,2006261821,4,Cepat,1773894014,1 bulan lalu,BLACK,True,Anonymous,0,False,False,
Powerbank 20000 Mah Mini With 4 Usb Cable Lighrweight Universal Powerbank Led Display Baterai Pengisi Charger,2006235780,1,Barang sesui cuman batre y ngisi ke hp cuman ngisi kuat y 30% doang emang duit ga bisa boong,1773893139,1 bulan lalu,BLACK,True,Anonymous,0,False,False,
Powerbank 20000 Mah Mini With 4 Usb Cable Lighrweight Universal Powerbank Led Display Baterai Pengisi Charger,2006215065,3,batrai cepat habis cuma bisa cas 1 hp,1773892428,1 bulan lalu,BLACK,True,Anonymous,0,False,False,
Powerbank 20000 Mah Mini With 4 Usb Cable Lighrweight Universal Powerbank Led Display Baterai Pengisi Charger,2006158281,5,kualitas memuaskan bgttt dan kalo kemana mana bawa ini hp ga gampang lemot deh,1773890418,1 bulan lalu,PURPLE,True,Anonymous,0,True,True,
Powerbank 20000 Mah Mini With 4 Usb Cable Lighrweight Universal Powerbank Led Display Baterai Pengisi Charger,2006126210,5,bagus,1773889234,1 bulan lalu,BLACK,True,Anonymous,0,False,False,
Powerbank 20000 Mah Mini With 4 Usb Cable Lighrweight Universal Powerbank Led Display Baterai Pengisi Charger,2006035369,5,Bagus,1773885197,1 bulan lalu,BLACK,True,Anonymous,0,True,False,
Powerbank 20000 Mah Mini With 4 Usb Cable Lighrweight Universal Powerbank Led Display Baterai Pengisi Charger,2006023703,5,"Mantap powerbank nya
Semoga awet aja",1773884540,1 bulan lalu,PURPLE,True,Anonymous,0,True,False,
Powerbank 20000 Mah Mini With 4 Usb Cable Lighrweight Universal Powerbank Led Display Baterai Pengisi Charger,2005965766,5,👍,1773880313,1 bulan lalu,BLACK,True,Anonymous,0,False,False,
Powerbank 20000 Mah Mini With 4 Usb Cable Lighrweight Universal Powerbank Led Display Baterai Pengisi Charger,2005914333,5,"Bagus desain nya lucuu💐, barangnya juga berguna dengan baik 👍👍⭐⭐⭐⭐⭐",1773874863,1 bulan lalu,PINK,True,Anonymous,0,True,False,
Powerbank 20000 Mah Mini With 4 Usb Cable Lighrweight Universal Powerbank Led Display Baterai Pengisi Charger,2005888561,5,Kuliatas okee harga terjangkau,1773872043,1 bulan lalu,BLACK,True,Anonymous,0,True,False,
Powerbank 20000 Mah Mini With 4 Usb Cable Lighrweight Universal Powerbank Led Display Baterai Pengisi Charger,2005811860,5,"Kejernihan lensa: Jernihnya
Kualitas pengerjaan: Bekerja sangat baikk",1773865749,1 bulan lalu,BLACK,True,Anonymous,0,True,False,
Powerbank 20000 Mah Mini With 4 Usb Cable Lighrweight Universal Powerbank Led Display Baterai Pengisi Charger,2005792969,5,Sangat berguna dan pengisian nya pun cepat,1773863219,1 bulan lalu,BLACK,True,Anonymous,0,True,False,
Powerbank 20000 Mah Mini With 4 Usb Cable Lighrweight Universal Powerbank Led Display Baterai Pengisi Charger,2005787363,5,Barang bagus,1773862331,1 bulan lalu,PURPLE,True,Anonymous,0,True,False,
Powerbank 20000 Mah Mini With 4 Usb Cable Lighrweight Universal Powerbank Led Display Baterai Pengisi Charger,2005754146,1,Kualitas buruk. Tidak sesuai dengan deskripsi barang,1773857341,1 bulan lalu,BLACK,True,Anonymous,0,False,False,
Powerbank 20000 Mah Mini With 4 Usb Cable Lighrweight Universal Powerbank Led Display Baterai Pengisi Charger,2005726682,5,Sesuai pesanan di coba langsung ok dan cepat terisi semoga awet...,1773854640,1 bulan lalu,BLACK,True,Anonymous,0,False,False,
Powerbank 20000 Mah Mini With 4 Usb Cable Lighrweight Universal Powerbank Led Display Baterai Pengisi Charger,2005723823,2,75% batre power bank cuma bisa isi 13% Batre hp,1773854396,1 bulan lalu,BLACK,True,Anonymous,0,False,False,
Powerbank 20000 Mah Mini With 4 Usb Cable Lighrweight Universal Powerbank Led Display Baterai Pengisi Charger,2005710606,3,"Kata nya 20,000 mah ternya bukan, ,mana mereknya power bank doang lagi , besok besok yang bener kasi tulisan kapasitas nya ,semoga Allah memberikan hidayah kepada mu, aamiin",1773853429,1 bulan lalu,PURPLE,True,Anonymous,0,False,False,
Powerbank 20000 Mah Mini With 4 Usb Cable Lighrweight Universal Powerbank Led Display Baterai Pengisi Charger,2005665565,5,"Kejernihan lensa: Jernih, bagus, tampilan okelah, buat jalan bagus banget
Kualitas pengerjaan: Awet, cas nya juga ga terlalu lama, pemakaian kuat, simpel buat dibawa jalan, banyak kabelnya berguna banget",1773850647,1 bulan lalu,PURPLE,True,Anonymous,0,False,False,
Powerbank 20000 Mah Mini With 4 Usb Cable Lighrweight Universal Powerbank Led Display Baterai Pengisi Charger,2005599718,4,"CPT sampainya , bagus  bentuknya.trima kasih bang kurirnya 🙏🏻",1773847370,1 bulan lalu,BLACK,True,Anonymous,0,True,False,
Powerbank 20000 Mah Mini With 4 Usb Cable Lighrweight Universal Powerbank Led Display Baterai Pengisi Charger,2005572312,5,barangnya sdh sy trima dgn dlm keadaan segell top markotop armadanya bisa dipercaya 100%,1773846156,1 bulan lalu,PINK,True,Anonymous,0,False,False,
Powerbank 20000 Mah Mini With 4 Usb Cable Lighrweight Universal Powerbank Led Display Baterai Pengisi Charger,2005450235,5,Sesuai,1773841282,1 bulan lalu,BLACK,True,Anonymous,0,True,True,
Powerbank 20000 Mah Mini With 4 Usb Cable Lighrweight Universal Powerbank Led Display Baterai Pengisi Charger,2005429655,5,Mantab power bank nya keren berkuwalitas langsung pake trm ksh seler tiktok dan kurir,1773840503,1 bulan lalu,BLACK,True,Anonymous,0,False,False,
Powerbank 20000 Mah Mini With 4 Usb Cable Lighrweight Universal Powerbank Led Display Baterai Pengisi Charger,2005426604,3,Cepet abis daya nya,1773840390,1 bulan lalu,BLACK,True,Anonymous,0,False,False,
Powerbank 20000 Mah Mini With 4 Usb Cable Lighrweight Universal Powerbank Led Display Baterai Pengisi Charger,2005423796,5,Barang langsung di coba … hasilnya ok,1773840283,1 bulan lalu,BLACK,True,Anonymous,0,False,False,
Powerbank 20000 Mah Mini With 4 Usb Cable Lighrweight Universal Powerbank Led Display Baterai Pengisi Charger,2005379302,5,Ok power bank nya,1773838696,1 bulan lalu,BLACK,True,Anonymous,0,False,False,
Powerbank 20000 Mah Mini With 4 Usb Cable Lighrweight Universal Powerbank Led Display Baterai Pengisi Charger,2005361740,5,Kualitas pengerjaan: baik,1773838075,1 bulan lalu,BLACK,True,Anonymous,0,False,False,
Powerbank 20000 Mah Mini With 4 Usb Cable Lighrweight Universal Powerbank Led Display Baterai Pengisi Charger,2005358093,5,Mantaaap Luaaaar Biasa 👍,1773837949,1 bulan lalu,BLACK,True,Anonymous,0,False,False,
Powerbank 20000 Mah Mini With 4 Usb Cable Lighrweight Universal Powerbank Led Display Baterai Pengisi Charger,2005231067,4,"Bagus, semoga awet.",1773834078,1 bulan lalu,BLACK,True,Anonymous,0,False,False,
Powerbank 20000 Mah Mini With 4 Usb Cable Lighrweight Universal Powerbank Led Display Baterai Pengisi Charger,2005063333,5,Bagusss sekaliiii,1773828555,1 bulan lalu,BLACK,True,Anonymous,0,False,False,
Powerbank 20000 Mah Mini With 4 Usb Cable Lighrweight Universal Powerbank Led Display Baterai Pengisi Charger,2005061706,5,makasih kak sampenya sebelum lebaran🥰🥰,1773828502,1 bulan lalu,PINK,True,Anonymous,0,True,False,
Powerbank 20000 Mah Mini With 4 Usb Cable Lighrweight Universal Powerbank Led Display Baterai Pengisi Charger,2004945700,5,Bagus dan murah. Sangat menyenangkan.,1773824667,1 bulan lalu,PURPLE,True,Anonymous,0,False,False,
Powerbank 20000 Mah Mini With 4 Usb Cable Lighrweight Universal Powerbank Led Display Baterai Pengisi Charger,2004765497,3,"lumyan bgus,cuman pas d pake gk than lm🤦",1773819121,1 bulan lalu,BLACK,True,Anonymous,0,False,False,
Powerbank 20000 Mah Mini With 4 Usb Cable Lighrweight Universal Powerbank Led Display Baterai Pengisi Charger,2004735097,5,Pb nya kereen ga trllu besar ga kecil.jg enak d bawa² pokknya bermanfaat dan praktis,1773818173,1 bulan lalu,PURPLE,True,Anonymous,0,False,False,
Powerbank 20000 Mah Mini With 4 Usb Cable Lighrweight Universal Powerbank Led Display Baterai Pengisi Charger,2004668683,5,makasih,1773816277,1 bulan lalu,PURPLE,True,Anonymous,0,True,False,Terima kasih telah berbelanja di CHINDO DIGITAL. Bagikan link toko kami https://www.tokopedia.com/chindo-digital kepada teman-teman kamu. Jangan lupa follow toko kami untuk tahu update terbaru tentang stok dan produk yang kami tawarkan.
Powerbank 20000 Mah Mini With 4 Usb Cable Lighrweight Universal Powerbank Led Display Baterai Pengisi Charger,2004646571,5,Ok,1773815600,1 bulan lalu,BLACK,True,Anonymous,0,False,False,
Powerbank 20000 Mah Mini With 4 Usb Cable Lighrweight Universal Powerbank Led Display Baterai Pengisi Charger,2004599357,4,Bagus,1773814204,1 bulan lalu,PURPLE,True,Anonymous,0,False,False,
Powerbank 20000 Mah Mini With 4 Usb Cable Lighrweight Universal Powerbank Led Display Baterai Pengisi Charger,2004583670,5,"Kejernihan lensa: Blm d coba
Kualitas pengerjaan: Bagus",1773813744,1 bulan lalu,BLACK,True,Anonymous,0,True,True,
Powerbank 20000 Mah Mini With 4 Usb Cable Lighrweight Universal Powerbank Led Display Baterai Pengisi Charger,2004575918,5,bagus &amp; berfungsi,1773813517,1 bulan lalu,BLACK,True,Anonymous,0,False,False,Terima kasih telah berbelanja di CHINDO DIGITAL. Bagikan link toko kami https://www.tokopedia.com/chindo-digital kepada teman-teman kamu. Jangan lupa follow toko kami untuk tahu update terbaru tentang stok dan produk yang kami tawarkan.
Powerbank 20000 Mah Mini With 4 Usb Cable Lighrweight Universal Powerbank Led Display Baterai Pengisi Charger,2004252415,5,Hdhsjkksskjznjsjakjwjkwwjwkksksskwwkkw,1773804945,1 bulan lalu,BLACK,True,Anonymous,0,False,False,
Powerbank 20000 Mah Mini With 4 Usb Cable Lighrweight Universal Powerbank Led Display Baterai Pengisi Charger,2004237840,5,"Barangnya bagus, tahan dan sesuai permintaan",1773804527,1 bulan lalu,PURPLE,True,Anonymous,0,False,False,
Powerbank 20000 Mah Mini With 4 Usb Cable Lighrweight Universal Powerbank Led Display Baterai Pengisi Charger,2004117422,5,𝐓,1773800695,1 bulan lalu,PINK,True,Anonymous,0,False,False,
Powerbank 20000 Mah Mini With 4 Usb Cable Lighrweight Universal Powerbank Led Display Baterai Pengisi Charger,2004117083,1,Gampang ngedrop,1773800684,1 bulan lalu,BLACK,True,Anonymous,0,False,False,
Powerbank 20000 Mah Mini With 4 Usb Cable Lighrweight Universal Powerbank Led Display Baterai Pengisi Charger,2003968436,1,"ga sampai 20000mah ini sih, paling 5000 kali isinya, soalnya sudah 2x pakai batere hp belum full pun, udh habis tu powerbank, mana pengecasannya lama bgt,",1773793048,1 bulan lalu,PURPLE,True,Anonymous,0,True,False,
Powerbank 20000 Mah Mini With 4 Usb Cable Lighrweight Universal Powerbank Led Display Baterai Pengisi Charger,2003862303,5,Pokok nya paketnya is the bestttt klin wajib beli untk jaga2 pas lebarann,1773784021,1 bulan lalu,PURPLE,True,Anonymous,0,False,False,
Powerbank 20000 Mah Mini With 4 Usb Cable Lighrweight Universal Powerbank Led Display Baterai Pengisi Charger,2003815205,5,"Kejernihan lensa: Bagus
Kualitas pengerjaan: Bagus
Bagus serbaguna bisa di bawa kemana mana",1773781142,1 bulan lalu,BLACK,True,Anonymous,0,True,False,
Powerbank 20000 Mah Mini With 4 Usb Cable Lighrweight Universal Powerbank Led Display Baterai Pengisi Charger,2003609016,5,Lupa nulis ulasan... Min baterai kok lebih awet yg pertama ya... Bisa 6 jam yg baru datang ini cuma 3-4 jam,1773762715,1 bulan lalu,BLACK,True,Anonymous,0,True,False,
Powerbank 20000 Mah Mini With 4 Usb Cable Lighrweight Universal Powerbank Led Display Baterai Pengisi Charger,2003595485,5,"Kejernihan lensa: Bagus
Kualitas pengerjaan: Di cas cepat sekali",1773762103,1 bulan lalu,BLACK,True,Anonymous,0,False,True,
Powerbank 20000 Mah Mini With 4 Usb Cable Lighrweight Universal Powerbank Led Display Baterai Pengisi Charger,2003506235,5,"Cepat sampai nya ,,,",1773758570,1 bulan lalu,BLACK,True,Anonymous,0,True,False,
Powerbank 20000 Mah Mini With 4 Usb Cable Lighrweight Universal Powerbank Led Display Baterai Pengisi Charger,2003442831,5,josjis,1773756342,1 bulan lalu,BLACK,True,Anonymous,0,False,False,
Powerbank 20000 Mah Mini With 4 Usb Cable Lighrweight Universal Powerbank Led Display Baterai Pengisi Charger,2003334934,5,"mantab power Bank..
pengiriman sangat cepat...


terima kasih seller dan toped",1773752892,1 bulan lalu,BLACK,False,zunaidi,0,False,False,Terima kasih telah berbelanja di CHINDO DIGITAL. Bagikan link toko kami https://www.tokopedia.com/chindo-digital kepada teman-teman kamu. Jangan lupa follow toko kami untuk tahu update terbaru tentang stok dan produk yang kami tawarkan.
Powerbank 20000 Mah Mini With 4 Usb Cable Lighrweight Universal Powerbank Led Display Baterai Pengisi Charger,2003273582,5,Bagus pengiriman cepat,1773751072,1 bulan lalu,BLACK,True,Anonymous,0,False,False,
Powerbank 20000 Mah Mini With 4 Usb Cable Lighrweight Universal Powerbank Led Display Baterai Pengisi Charger,2003269200,5,Bagus 👍👍👍👍,1773750950,1 bulan lalu,BLACK,True,Anonymous,0,False,False,
Powerbank 20000 Mah Mini With 4 Usb Cable Lighrweight Universal Powerbank Led Display Baterai Pengisi Charger,2003143357,5,"Alhamdulillah pketnya dateng moga powerbenk nya awet ga rusak* mksh wat bng kurirnya,, 🙏😁🤗👍👍",1773747728,1 bulan lalu,PINK,True,Anonymous,0,False,True,
Powerbank 20000 Mah Mini With 4 Usb Cable Lighrweight Universal Powerbank Led Display Baterai Pengisi Charger,2003102625,5,Paket sudah sampai semoga awet yaa,1773746611,1 bulan lalu,BLACK,True,Anonymous,0,True,False,
Powerbank 20000 Mah Mini With 4 Usb Cable Lighrweight Universal Powerbank Led Display Baterai Pengisi Charger,2003013853,5,"Barang sudah smapai dengan selamat, sudah dicoba dan berfungsi, mudah2an awet,. Makasih seller",1773743901,1 bulan lalu,BLACK,True,Anonymous,0,False,False,
Powerbank 20000 Mah Mini With 4 Usb Cable Lighrweight Universal Powerbank Led Display Baterai Pengisi Charger,2002881062,5,"Pengirimannya cepat, barang nya sesuai",1773739883,1 bulan lalu,BLACK,True,Anonymous,0,False,False,
Powerbank 20000 Mah Mini With 4 Usb Cable Lighrweight Universal Powerbank Led Display Baterai Pengisi Charger,2002875233,5,"Barangnya bagus dan cepat datang 
Pas datang kondisinya aman",1773739706,1 bulan lalu,BLACK,True,Anonymous,0,False,False,
Powerbank 20000 Mah Mini With 4 Usb Cable Lighrweight Universal Powerbank Led Display Baterai Pengisi Charger,2002793505,5,Semoga awet,1773737182,1 bulan lalu,BLACK,True,Anonymous,0,False,False,
Powerbank 20000 Mah Mini With 4 Usb Cable Lighrweight Universal Powerbank Led Display Baterai Pengisi Charger,2002748816,2,Type c nya gk bisa kepake,1773735725,1 bulan lalu,BLACK,True,Anonymous,0,False,False,
Powerbank 20000 Mah Mini With 4 Usb Cable Lighrweight Universal Powerbank Led Display Baterai Pengisi Charger,2002684108,5,"Kejernihan lensa: Sangat baik
Kualitas pengerjaan: Sangat bagus",1773733675,1 bulan lalu,BLACK,True,Anonymous,0,False,False,
Powerbank 20000 Mah Mini With 4 Usb Cable Lighrweight Universal Powerbank Led Display Baterai Pengisi Charger,2002601538,4,"Barang Bagus, packaging nya kurang mohon di perhatikan supaya ke depannya lebih Bagus dan baik",1773731105,1 bulan lalu,BLACK,True,Anonymous,0,True,False,
Powerbank 20000 Mah Mini With 4 Usb Cable Lighrweight Universal Powerbank Led Display Baterai Pengisi Charger,2002395176,5,"kualitas okeii si
cocok buat di bawa berpergian jauhh
warna nya juga reall abiss
simpel jugaa tidak perlu bawa kabelnya🤭",1773724948,1 bulan lalu,PURPLE,True,Anonymous,0,True,False,
Powerbank 20000 Mah Mini With 4 Usb Cable Lighrweight Universal Powerbank Led Display Baterai Pengisi Charger,2002120740,1,Mati,1773717528,1 bulan lalu,BLACK,True,Anonymous,0,False,True,
Powerbank 20000 Mah Mini With 4 Usb Cable Lighrweight Universal Powerbank Led Display Baterai Pengisi Charger,2001684159,1,penipuan,1773695185,1 bulan lalu,BLACK,True,Anonymous,0,True,False,
Powerbank 20000 Mah Mini With 4 Usb Cable Lighrweight Universal Powerbank Led Display Baterai Pengisi Charger,2001601774,4,"Desain simpel, kualitas Oke",1773686164,1 bulan lalu,PURPLE,True,Anonymous,0,False,False,
Powerbank 20000 Mah Mini With 4 Usb Cable Lighrweight Universal Powerbank Led Display Baterai Pengisi Charger,2001249533,5,semoga awet,1773669339,1 bulan lalu,PINK,False,Fitria,0,True,False,Terima kasih telah berbelanja di CHINDO DIGITAL. Bagikan link toko kami https://www.tokopedia.com/chindo-digital kepada teman-teman kamu. Jangan lupa follow toko kami untuk tahu update terbaru tentang stok dan produk yang kami tawarkan.
Powerbank 20000 Mah Mini With 4 Usb Cable Lighrweight Universal Powerbank Led Display Baterai Pengisi Charger,2001059538,5,"Kejernihan lensa: Bagus
Kualitas pengerjaan: Bagus bgt",1773664093,1 bulan lalu,BLACK,True,Anonymous,0,True,False,
Powerbank 20000 Mah Mini With 4 Usb Cable Lighrweight Universal Powerbank Led Display Baterai Pengisi Charger,2001055874,5,Barang sudah sampe tepat waktu manah toko nya barang nya bagus terimakasih,1773664002,1 bulan lalu,BLACK,True,Anonymous,0,False,False,
Powerbank 20000 Mah Mini With 4 Usb Cable Lighrweight Universal Powerbank Led Display Baterai Pengisi Charger,2000781615,5,"Datang dengan selamat,pengiriman cepat,semoga bisa digunakan sesuai diskripsi",1773657150,1 bulan lalu,BLACK,True,Anonymous,0,True,False,
Powerbank 20000 Mah Mini With 4 Usb Cable Lighrweight Universal Powerbank Led Display Baterai Pengisi Charger,2000721933,3,baik,1773655552,1 bulan lalu,BLACK,True,Anonymous,0,False,False,
Powerbank 20000 Mah Mini With 4 Usb Cable Lighrweight Universal Powerbank Led Display Baterai Pengisi Charger,2000694562,5,"Pengemasan bagus sekali,sampai dengan aman tidak ada barang rusak",1773654834,1 bulan lalu,PINK,True,Anonymous,0,False,False,
Powerbank 20000 Mah Mini With 4 Usb Cable Lighrweight Universal Powerbank Led Display Baterai Pengisi Charger,2000689569,2,"barangnya bagus, tp pas dicoba ngecas malah berkurang bukan nambah",1773654699,1 bulan lalu,BLACK,True,Anonymous,0,False,False,
Powerbank 20000 Mah Mini With 4 Usb Cable Lighrweight Universal Powerbank Led Display Baterai Pengisi Charger,2000680457,4,semogaa awet dan tahan lamaa mau di bawa ke gunung nihhh powerbanknyaa hahayyy,1773654456,1 bulan lalu,BLACK,True,Anonymous,0,True,True,
Powerbank 20000 Mah Mini With 4 Usb Cable Lighrweight Universal Powerbank Led Display Baterai Pengisi Charger,2000619331,5,Bagus dan gak rusak sekali kabel pun ada 4 agar mahal sih tapi gak apa-apa,1773652789,1 bulan lalu,BLACK,True,Anonymous,0,True,False,
Powerbank 20000 Mah Mini With 4 Usb Cable Lighrweight Universal Powerbank Led Display Baterai Pengisi Charger,2000607682,5,makasi kaka,1773652476,1 bulan lalu,PURPLE,False,niinux,0,False,False,Terima kasih telah berbelanja di CHINDO DIGITAL. Bagikan link toko kami https://www.tokopedia.com/chindo-digital kepada teman-teman kamu. Jangan lupa follow toko kami untuk tahu update terbaru tentang stok dan produk yang kami tawarkan.
Powerbank 20000 Mah Mini With 4 Usb Cable Lighrweight Universal Powerbank Led Display Baterai Pengisi Charger,2000502209,4,Bagus sesuai pesanan,1773649679,1 bulan lalu,PURPLE,True,Anonymous,0,True,False,
Powerbank 20000 Mah Mini With 4 Usb Cable Lighrweight Universal Powerbank Led Display Baterai Pengisi Charger,2000476767,4,Bagus sesuai harga,1773649008,1 bulan lalu,BLACK,True,Anonymous,0,False,False,
Powerbank 20000 Mah Mini With 4 Usb Cable Lighrweight Universal Powerbank Led Display Baterai Pengisi Charger,2000454469,4,boleh lahh,1773648431,1 bulan lalu,BLACK,True,Anonymous,0,False,False,
Powerbank 20000 Mah Mini With 4 Usb Cable Lighrweight Universal Powerbank Led Display Baterai Pengisi Charger,2000297156,5,Paket udah sampai dengan selamat dan sesuai tp belum di coba Kuwat atau tidak,1773644289,1 bulan lalu,BLACK,True,Anonymous,0,True,False,
Powerbank 20000 Mah Mini With 4 Usb Cable Lighrweight Universal Powerbank Led Display Baterai Pengisi Charger,2000061080,4,"Tidak bisa tipe c to tipe c ,cm dari seller ny udh ngasih kabel data tipe c bgus si",1773638605,1 bulan lalu,BLACK,True,Anonymous,0,False,True,
Powerbank 20000 Mah Mini With 4 Usb Cable Lighrweight Universal Powerbank Led Display Baterai Pengisi Charger,1999852920,5,"Powerbank bagus sekali....
Recomended banget....",1773634035,1 bulan lalu,PURPLE,True,Anonymous,0,False,False,
Powerbank 20000 Mah Mini With 4 Usb Cable Lighrweight Universal Powerbank Led Display Baterai Pengisi Charger,1999777399,5,"Kualitas pengerjaan: Sangat baguss dan baik
Tidak dividio karena tidak ada yang megang",1773632255,1 bulan lalu,BLACK,True,Anonymous,0,False,False,
Powerbank 20000 Mah Mini With 4 Usb Cable Lighrweight Universal Powerbank Led Display Baterai Pengisi Charger,1999758642,5,Terima kasih barang udah datang,1773631791,1 bulan lalu,BLACK,True,Anonymous,0,True,False,
Powerbank 20000 Mah Mini With 4 Usb Cable Lighrweight Universal Powerbank Led Display Baterai Pengisi Charger,1999704578,5,"Barang sesuai pesanan, warnanya bagus, dan ringan di bawa, saya sangat menyukainya",1773630412,1 bulan lalu,BLACK,True,Anonymous,0,True,False,
Powerbank 20000 Mah Mini With 4 Usb Cable Lighrweight Universal Powerbank Led Display Baterai Pengisi Charger,1999578354,5,Kualitas pengerjaan: barang sangat bagus dan kapasitas baterai nya pun sangat tahan lama,1773626733,1 bulan lalu,PURPLE,True,Anonymous,0,True,False,
Powerbank 20000 Mah Mini With 4 Usb Cable Lighrweight Universal Powerbank Led Display Baterai Pengisi Charger,1999400062,5,barang sesuai pesanan respon penjual cepat pokoknya top banget dah,1773619069,1 bulan lalu,BLACK,False,Misbahudin,0,False,False,Terima kasih telah berbelanja di CHINDO DIGITAL. Bagikan link toko kami https://www.tokopedia.com/chindo-digital kepada teman-teman kamu. Jangan lupa follow toko kami untuk tahu update terbaru tentang stok dan produk yang kami tawarkan.
Powerbank 20000 Mah Mini With 4 Usb Cable Lighrweight Universal Powerbank Led Display Baterai Pengisi Charger,1999365740,5,Belom dicoba barang sesuai pesanan,1773616747,1 bulan lalu,BLACK,True,Anonymous,0,False,False,
Powerbank 20000 Mah Mini With 4 Usb Cable Lighrweight Universal Powerbank Led Display Baterai Pengisi Charger,1999070033,5,Kurir ramah barang oke,1773594384,1 bulan lalu,BLACK,True,Anonymous,0,False,False,
Powerbank 20000 Mah Mini With 4 Usb Cable Lighrweight Universal Powerbank Led Display Baterai Pengisi Charger,1999040423,5,"Alhamdulillah pesanan mendarat dgn selamat, cepat dan segel.
Udah di coba bagus, tinggal ketahanan semoga panjang umur",1773592906,1 bulan lalu,BLACK,True,Anonymous,0,True,True,
Powerbank 20000 Mah Mini With 4 Usb Cable Lighrweight Universal Powerbank Led Display Baterai Pengisi Charger,1998916828,1,Kecewa bnget .20000. tapi nggak nyampe sejam udah mati,1773588060,1 bulan lalu,BLACK,True,Anonymous,0,False,False,
Powerbank 20000 Mah Mini With 4 Usb Cable Lighrweight Universal Powerbank Led Display Baterai Pengisi Charger,1998877333,5,Terlalu bagus buat harga segitu👍👍👍👍👍👍👍👍,1773586790,1 bulan lalu,BLACK,True,Anonymous,0,False,False,
Powerbank 20000 Mah Mini With 4 Usb Cable Lighrweight Universal Powerbank Led Display Baterai Pengisi Charger,1998875977,5,Barang  berfungsi hanya utk kabel tipe tipe c nga berfungsi,1773586751,1 bulan lalu,BLACK,True,Anonymous,0,False,False,
Powerbank 20000 Mah Mini With 4 Usb Cable Lighrweight Universal Powerbank Led Display Baterai Pengisi Charger,1998823127,5,"Mantap sesuai produk nya
Kualitas pengerjaan: Bagus
Performa: Tahan lama",1773585174,1 bulan lalu,BLACK,True,Anonymous,0,True,False,
Powerbank 20000 Mah Mini With 4 Usb Cable Lighrweight Universal Powerbank Led Display Baterai Pengisi Charger,1998677808,5,Baguss bettt egekk,1773581257,1 bulan lalu,PINK,True,Anonymous,0,False,False,
Powerbank 20000 Mah Mini With 4 Usb Cable Lighrweight Universal Powerbank Led Display Baterai Pengisi Charger,1998444323,1,Gak bisa di pake kondisi rusak,1773575842,1 bulan lalu,BLACK,True,Anonymous,0,False,False,
Powerbank 20000 Mah Mini With 4 Usb Cable Lighrweight Universal Powerbank Led Display Baterai Pengisi Charger,1998398997,5,"PB bekerja dengan baik, tq seller",1773574867,1 bulan lalu,BLACK,True,Anonymous,1,True,False,Terima kasih telah berbelanja di CHINDO DIGITAL. Bagikan link toko kami https://www.tokopedia.com/chindo-digital kepada teman-teman kamu. Jangan lupa follow toko kami untuk tahu update terbaru tentang stok dan produk yang kami tawarkan.
Powerbank 20000 Mah Mini With 4 Usb Cable Lighrweight Universal Powerbank Led Display Baterai Pengisi Charger,1998370980,5,Semoga awet,1773574210,1 bulan lalu,BLACK,True,Anonymous,0,True,False,
Powerbank 20000 Mah Mini With 4 Usb Cable Lighrweight Universal Powerbank Led Display Baterai Pengisi Charger,1998214801,4,"Mantab barang sudah terkirim aman, buruan yg belum beli power Bank ini cepetan dech CO mumpung belum kehabisan stok nya",1773570102,1 bulan lalu,BLACK,True,Anonymous,0,True,False,
Powerbank 20000 Mah Mini With 4 Usb Cable Lighrweight Universal Powerbank Led Display Baterai Pengisi Charger,1998051599,5,Sangat² bagusss mantap👍🏻,1773565787,1 bulan lalu,BLACK,True,Anonymous,0,False,False,
Powerbank 20000 Mah Mini With 4 Usb Cable Lighrweight Universal Powerbank Led Display Baterai Pengisi Charger,1997817910,4,"fast charging, dan lumayan boros",1773559874,1 bulan lalu,BLACK,True,Anonymous,0,False,False,Terima kasih telah berbelanja di CHINDO DIGITAL. Bagikan link toko kami https://www.tokopedia.com/chindo-digital kepada teman-teman kamu. Jangan lupa follow toko kami untuk tahu update terbaru tentang stok dan produk yang kami tawarkan.
Powerbank 20000 Mah Mini With 4 Usb Cable Lighrweight Universal Powerbank Led Display Baterai Pengisi Charger,1997710235,4,Bagus,1773557267,1 bulan lalu,BLACK,True,Anonymous,0,False,False,
Powerbank 20000 Mah Mini With 4 Usb Cable Lighrweight Universal Powerbank Led Display Baterai Pengisi Charger,1997259086,5,Alhamdulilah produk datang tepat waktu. Terimakasih mas kurir,1773547408,1 bulan lalu,BLACK,True,Anonymous,0,False,True,
Powerbank 20000 Mah Mini With 4 Usb Cable Lighrweight Universal Powerbank Led Display Baterai Pengisi Charger,1997157892,5,bagus,1773545002,1 bulan lalu,PINK,True,Anonymous,0,True,False,
Powerbank 20000 Mah Mini With 4 Usb Cable Lighrweight Universal Powerbank Led Display Baterai Pengisi Charger,1997008262,5,Barang bagus berfungsi dengan baik..semoga awet..kurir ramah,1773540702,1 bulan lalu,BLACK,True,Anonymous,0,False,False,
Powerbank 20000 Mah Mini With 4 Usb Cable Lighrweight Universal Powerbank Led Display Baterai Pengisi Charger,1996939638,5,bagussssssssssssssssssssssssss,1773538096,1 bulan lalu,PINK,True,Anonymous,0,True,False,
Powerbank 20000 Mah Mini With 4 Usb Cable Lighrweight Universal Powerbank Led Display Baterai Pengisi Charger,1996877210,5,Peking nya bagus jdi barang nya,1773534970,1 bulan lalu,BLACK,True,Anonymous,0,True,True,
Powerbank 20000 Mah Mini With 4 Usb Cable Lighrweight Universal Powerbank Led Display Baterai Pengisi Charger,1996775057,4,"Kejernihan lensa: Jernih
Performa: Bagus
Barang bagus semua berfungsi dengan baik",1773527751,1 bulan lalu,BLACK,True,Anonymous,0,True,False,
Powerbank 20000 Mah Mini With 4 Usb Cable Lighrweight Universal Powerbank Led Display Baterai Pengisi Charger,1996768674,4,Bagus power banknya,1773527288,1 bulan lalu,BLACK,True,Anonymous,0,False,False,
Powerbank 20000 Mah Mini With 4 Usb Cable Lighrweight Universal Powerbank Led Display Baterai Pengisi Charger,1996647599,2,Gak sesuai harapan,1773520775,1 bulan lalu,BLACK,True,Anonymous,0,False,False,
Powerbank 20000 Mah Mini With 4 Usb Cable Lighrweight Universal Powerbank Led Display Baterai Pengisi Charger,1996459199,5,"Kualitas pengerjaan: Mengagumkan
Performa: Bagus
Kejernihan lensa: Bagus
Kualitas masih di coba",1773506436,1 bulan lalu,PINK,True,Anonymous,0,True,False,
Powerbank 20000 Mah Mini With 4 Usb Cable Lighrweight Universal Powerbank Led Display Baterai Pengisi Charger,1996311899,5,"Packing rapi, produk sesuai pesanan, semoga sesuai iklan dan awet, thx seller",1773501043,1 bulan lalu,BLACK,False,Harry,0,True,False,Terima kasih telah berbelanja di CHINDO DIGITAL. Bagikan link toko kami https://www.tokopedia.com/chindo-digital kepada teman-teman kamu. Jangan lupa follow toko kami untuk tahu update terbaru tentang stok dan produk yang kami tawarkan.
Powerbank 20000 Mah Mini With 4 Usb Cable Lighrweight Universal Powerbank Led Display Baterai Pengisi Charger,1995592445,1,"barang baru sampe lalu ketika mau di charge ga pernah penuh selama 2 hari, ini emg barang nya jelek atau gw dikirimin barang rusak min",1773483277,1 bulan lalu,BLACK,True,Anonymous,0,False,False,
Powerbank 20000 Mah Mini With 4 Usb Cable Lighrweight Universal Powerbank Led Display Baterai Pengisi Charger,1995413243,5,"Kejernihan lensa: Bagus
Kualitas pengerjaan: Bagus",1773478990,1 bulan lalu,BLACK,True,Anonymous,0,False,False,
Powerbank 20000 Mah Mini With 4 Usb Cable Lighrweight Universal Powerbank Led Display Baterai Pengisi Charger,1995350538,5,paket di terima dengan baik,1773477376,1 bulan lalu,PURPLE,True,Anonymous,0,False,False,
Powerbank 20000 Mah Mini With 4 Usb Cable Lighrweight Universal Powerbank Led Display Baterai Pengisi Charger,1995121298,3,Tidak sesuai,1773471740,1 bulan lalu,BLACK,True,Anonymous,0,False,False,
Powerbank 20000 Mah Mini With 4 Usb Cable Lighrweight Universal Powerbank Led Display Baterai Pengisi Charger,1995026073,4,Barang di kirim dgn baik dan cepat👍,1773469483,1 bulan lalu,BLACK,True,Anonymous,0,False,False,
Powerbank 20000 Mah Mini With 4 Usb Cable Lighrweight Universal Powerbank Led Display Baterai Pengisi Charger,1994928211,5,bagus banget,1773467294,1 bulan lalu,BLACK,True,Anonymous,0,False,False,
Powerbank 20000 Mah Mini With 4 Usb Cable Lighrweight Universal Powerbank Led Display Baterai Pengisi Charger,1994794141,5,Matap jawa normal jawa,1773464446,1 bulan lalu,PURPLE,True,Anonymous,0,False,False,
Powerbank 20000 Mah Mini With 4 Usb Cable Lighrweight Universal Powerbank Led Display Baterai Pengisi Charger,1994712841,5,"Kualitas pengerjaan: bagus ,batrenya awet",1773462799,1 bulan lalu,PINK,True,Anonymous,0,False,False,
Powerbank 20000 Mah Mini With 4 Usb Cable Lighrweight Universal Powerbank Led Display Baterai Pengisi Charger,1994711997,1,Ga,1773462783,1 bulan lalu,BLACK,True,Anonymous,0,True,False,
Powerbank 20000 Mah Mini With 4 Usb Cable Lighrweight Universal Powerbank Led Display Baterai Pengisi Charger,1994511857,5,barang sesuai deskripsi,1773458441,1 bulan lalu,BLACK,False,HERU,0,False,False,Terima kasih telah berbelanja di CHINDO DIGITAL. Bagikan link toko kami https://www.tokopedia.com/chindo-digital kepada teman-teman kamu. Jangan lupa follow toko kami untuk tahu update terbaru tentang stok dan produk yang kami tawarkan.
Powerbank 20000 Mah Mini With 4 Usb Cable Lighrweight Universal Powerbank Led Display Baterai Pengisi Charger,1994466151,5,sesuai,1773457333,1 bulan lalu,BLACK,True,Anonymous,1,True,True,Terima kasih telah berbelanja di CHINDO DIGITAL. Bagikan link toko kami https://www.tokopedia.com/chindo-digital kepada teman-teman kamu. Jangan lupa follow toko kami untuk tahu update terbaru tentang stok dan produk yang kami tawarkan.
Powerbank 20000 Mah Mini With 4 Usb Cable Lighrweight Universal Powerbank Led Display Baterai Pengisi Charger,1993845451,5,barang sudah tiba sudah dicoba berfungsi dgn baik hanya pengiriman agak lama toko amanah,1773423876,1 bulan lalu,BLACK,False,Afandi,0,True,False,Terima kasih telah berbelanja di CHINDO DIGITAL. Bagikan link toko kami https://www.tokopedia.com/chindo-digital kepada teman-teman kamu. Jangan lupa follow toko kami untuk tahu update terbaru tentang stok dan produk yang kami tawarkan.
Powerbank 20000 Mah Mini With 4 Usb Cable Lighrweight Universal Powerbank Led Display Baterai Pengisi Charger,1993747098,5,Good,1773418888,1 bulan lalu,BLACK,True,Anonymous,0,False,False,
Powerbank 20000 Mah Mini With 4 Usb Cable Lighrweight Universal Powerbank Led Display Baterai Pengisi Charger,1993746819,5,Barang bagus,1773418877,1 bulan lalu,BLACK,True,Anonymous,0,True,False,
Powerbank 20000 Mah Mini With 4 Usb Cable Lighrweight Universal Powerbank Led Display Baterai Pengisi Charger,1993597050,4,Oke sesuai cuman kabel casan ngak bisa di pake,1773414195,1 bulan lalu,BLACK,True,Anonymous,0,True,False,
Powerbank 20000 Mah Mini With 4 Usb Cable Lighrweight Universal Powerbank Led Display Baterai Pengisi Charger,1993590905,2,Mengecewakan,1773414029,1 bulan lalu,BLACK,True,Anonymous,0,False,False,
Powerbank 20000 Mah Mini With 4 Usb Cable Lighrweight Universal Powerbank Led Display Baterai Pengisi Charger,1993535772,5,"Barang sy trima dan berfungsi baik, trimakasih toko nya dan jg kurirnya yg ramah",1773412604,1 bulan lalu,BLACK,True,Anonymous,0,False,False,
Powerbank 20000 Mah Mini With 4 Usb Cable Lighrweight Universal Powerbank Led Display Baterai Pengisi Charger,1993454463,5,"Kejernihan lensa: Ok
Kualitas pengerjaan: Mantap
Mkasisi barang udah sampe,sesuai dng deskripsi mungil bentuk nya,enak bawa ya,kapasitas ngeces lancar sentosa mana ada lampu led buat senter,harga murce lagi.mantaaap pokoknya.",1773410628,1 bulan lalu,BLACK,True,Anonymous,0,True,False,
Powerbank 20000 Mah Mini With 4 Usb Cable Lighrweight Universal Powerbank Led Display Baterai Pengisi Charger,1993247462,5,"Alhamdulillah pesanannya sudah sampai, warna pinknya suka banget, power banknya juga berfungsi dengan baik, semoga awet. Dan kurirnya juga baik dan ramah.",1773406176,1 bulan lalu,PINK,True,Anonymous,0,True,False,
Powerbank 20000 Mah Mini With 4 Usb Cable Lighrweight Universal Powerbank Led Display Baterai Pengisi Charger,1992789470,1,tidak sesuai kenyataan 20000mah tp cma bsa sekali ngisi daya dan lgsg mati PB nya..peiduk taik,1773396349,1 bulan lalu,BLACK,True,Anonymous,0,False,False,
Powerbank 20000 Mah Mini With 4 Usb Cable Lighrweight Universal Powerbank Led Display Baterai Pengisi Charger,1992736119,5,"barangnya sudah sampai,dan kualitasnya oke,sesuai yang difoto",1773395037,1 bulan lalu,BLACK,False,M,0,False,False,Terima kasih telah berbelanja di CHINDO DIGITAL. Bagikan link toko kami https://www.tokopedia.com/chindo-digital kepada teman-teman kamu. Jangan lupa follow toko kami untuk tahu update terbaru tentang stok dan produk yang kami tawarkan.
Powerbank 20000 Mah Mini With 4 Usb Cable Lighrweight Universal Powerbank Led Display Baterai Pengisi Charger,1992587842,5,niceee,1773391315,1 bulan lalu,BLACK,True,Anonymous,0,False,False,
Powerbank 20000 Mah Mini With 4 Usb Cable Lighrweight Universal Powerbank Led Display Baterai Pengisi Charger,1992571020,5,Kejernihan lensa: Bagus paket sdh mendarat pengirimannya cepat thanks kak,1773390882,1 bulan lalu,BLACK,True,Anonymous,0,True,False,
Powerbank 20000 Mah Mini With 4 Usb Cable Lighrweight Universal Powerbank Led Display Baterai Pengisi Charger,1992008115,1,"Kejernihan lensa: Powerbank lensa apa?
Kualitas pengerjaan: Buruk, batre tidak awet, dicas lama baru penuh, buat cas hp belum 15 menit sudah berkurang separo isi batrenya, hati hati jika membeli barang ini, mending cari yang model lain, buat ngecas gerak dikit mati",1773377987,1 bulan lalu,BLACK,True,Anonymous,0,False,True,
Powerbank 20000 Mah Mini With 4 Usb Cable Lighrweight Universal Powerbank Led Display Baterai Pengisi Charger,1991704643,5,"Seller sat set
pengiriman gercep
Produk cakeepp pink imutt 
thx seller 👏",1773371932,1 bulan lalu,PINK,False,Eliss,0,True,True,Terima kasih telah berbelanja di CHINDO DIGITAL. Bagikan link toko kami https://www.tokopedia.com/chindo-digital kepada teman-teman kamu. Jangan lupa follow toko kami untuk tahu update terbaru tentang stok dan produk yang kami tawarkan.
Powerbank 20000 Mah Mini With 4 Usb Cable Lighrweight Universal Powerbank Led Display Baterai Pengisi Charger,1991520164,5,Dmcjchdkghhdjfurihogiriyogigog,1773366927,1 bulan lalu,BLACK,True,Anonymous,0,True,False,
Powerbank 20000 Mah Mini With 4 Usb Cable Lighrweight Universal Powerbank Led Display Baterai Pengisi Charger,1991478133,5,Bagus,1773365456,1 bulan lalu,PURPLE,True,Anonymous,0,False,False,
Powerbank 20000 Mah Mini With 4 Usb Cable Lighrweight Universal Powerbank Led Display Baterai Pengisi Charger,1991135660,1,"Kecewa banget ga sesuai katanya pasilitas baterai 20.000 mhh ....
Baru 1 kali dipake udh habis, gak nyampe 100%
Udh itu ngisinya lama lgi ga amanah",1773348749,1 bulan lalu,BLACK,True,Anonymous,0,False,False,
Powerbank 20000 Mah Mini With 4 Usb Cable Lighrweight Universal Powerbank Led Display Baterai Pengisi Charger,1990865957,4,"Bagus bangattt  ,semoga awett🫰🫰",1773330639,1 bulan lalu,BLACK,True,Anonymous,0,False,True,
Powerbank 20000 Mah Mini With 4 Usb Cable Lighrweight Universal Powerbank Led Display Baterai Pengisi Charger,1990105354,4,Sesuai pesanan pas,1773314046,1 bulan lalu,BLACK,True,Anonymous,0,True,False,
Powerbank 20000 Mah Mini With 4 Usb Cable Lighrweight Universal Powerbank Led Display Baterai Pengisi Charger,1990037511,5,"Pengiriman cepat,kondisi bagus dan mulus mudah&#34; awet dan tahan lama",1773312633,1 bulan lalu,BLACK,True,Anonymous,0,False,False,
Powerbank 20000 Mah Mini With 4 Usb Cable Lighrweight Universal Powerbank Led Display Baterai Pengisi Charger,1989986793,5,Bagus barang ya,1773311564,1 bulan lalu,BLACK,True,Anonymous,0,False,False,
Powerbank 20000 Mah Mini With 4 Usb Cable Lighrweight Universal Powerbank Led Display Baterai Pengisi Charger,1989844598,5,"Barang sesuai deskripsi, pengiriman cepat. Recomended seller",1773308395,1 bulan lalu,BLACK,False,Ganesha,0,True,False,Terima kasih telah berbelanja di CHINDO DIGITAL. Bagikan link toko kami https://www.tokopedia.com/chindo-digital kepada teman-teman kamu. Jangan lupa follow toko kami untuk tahu update terbaru tentang stok dan produk yang kami tawarkan.
Powerbank 20000 Mah Mini With 4 Usb Cable Lighrweight Universal Powerbank Led Display Baterai Pengisi Charger,1989822511,5,Berfungsi dengan baik baguss,1773307891,1 bulan lalu,PINK,True,Anonymous,0,True,False,
Powerbank 20000 Mah Mini With 4 Usb Cable Lighrweight Universal Powerbank Led Display Baterai Pengisi Charger,1989570517,4,Cuman lucu...intinya ada harga ada kualitas..bte di cas sikit low net..harus sllu di cas power banknya,1773302095,1 bulan lalu,PURPLE,True,Anonymous,0,False,False,
Powerbank 20000 Mah Mini With 4 Usb Cable Lighrweight Universal Powerbank Led Display Baterai Pengisi Charger,1989460869,5,Packing aman dan powerbank ya semoga bagus dan tidak cepat rusak. Terima kasih✨🙏🙏🙏,1773299692,1 bulan lalu,BLACK,True,Anonymous,0,False,False,
Powerbank 20000 Mah Mini With 4 Usb Cable Lighrweight Universal Powerbank Led Display Baterai Pengisi Charger,1989439358,5,Bagus banget power banknya,1773299215,1 bulan lalu,BLACK,True,Anonymous,0,False,False,
Powerbank 20000 Mah Mini With 4 Usb Cable Lighrweight Universal Powerbank Led Display Baterai Pengisi Charger,1989306629,5,Paket power bank 20000 mAh sudah saya terima dengan baik dan sudah saya bagus berfungsi dengan baik...,1773296512,1 bulan lalu,BLACK,True,Anonymous,0,True,False,
Powerbank 20000 Mah Mini With 4 Usb Cable Lighrweight Universal Powerbank Led Display Baterai Pengisi Charger,1989028088,4,Kayak ada yang eror,1773291039,1 bulan lalu,BLACK,True,Anonymous,0,False,False,
Powerbank 20000 Mah Mini With 4 Usb Cable Lighrweight Universal Powerbank Led Display Baterai Pengisi Charger,1988502108,4,Bagus bngett🥹,1773278042,1 bulan lalu,PURPLE,True,Anonymous,0,False,True,
Powerbank 20000 Mah Mini With 4 Usb Cable Lighrweight Universal Powerbank Led Display Baterai Pengisi Charger,1988402869,3,"udah aku cas seharian batrenya masih stuck di 25%😔😔, tapi gapapa.",1773274236,1 bulan lalu,PINK,True,Anonymous,0,False,False,
Powerbank 20000 Mah Mini With 4 Usb Cable Lighrweight Universal Powerbank Led Display Baterai Pengisi Charger,1988366197,5,packing rapi. seller cepat respon. barang cepat sampai. semoga awet.,1773272385,1 bulan lalu,BLACK,False,jeffry,0,False,False,Terima kasih telah berbelanja di CHINDO DIGITAL. Bagikan link toko kami https://www.tokopedia.com/chindo-digital kepada teman-teman kamu. Jangan lupa follow toko kami untuk tahu update terbaru tentang stok dan produk yang kami tawarkan.
Powerbank 20000 Mah Mini With 4 Usb Cable Lighrweight Universal Powerbank Led Display Baterai Pengisi Charger,1988363917,5,"semoga awet dengan harga sgtu
untuk saat ini bagus",1773272269,1 bulan lalu,BLACK,True,Anonymous,0,True,False,
Powerbank 20000 Mah Mini With 4 Usb Cable Lighrweight Universal Powerbank Led Display Baterai Pengisi Charger,1987847845,5,"Sangat baik powerbank nya, dan sesuai",1773242668,1 bulan lalu,BLACK,True,Anonymous,0,False,False,
Powerbank 20000 Mah Mini With 4 Usb Cable Lighrweight Universal Powerbank Led Display Baterai Pengisi Charger,1987708517,5,"Barang masih segel dan sudah diterima dengan baik. 

Smoga awet",1773239062,1 bulan lalu,BLACK,True,Anonymous,1,True,False,Terima kasih telah berbelanja di CHINDO DIGITAL. Bagikan link toko kami https://www.tokopedia.com/chindo-digital kepada teman-teman kamu. Jangan lupa follow toko kami untuk tahu update terbaru tentang stok dan produk yang kami tawarkan.
Powerbank 20000 Mah Mini With 4 Usb Cable Lighrweight Universal Powerbank Led Display Baterai Pengisi Charger,1987603120,4,"Bagus,real pick tp baterai nya lumayan boros dan ngisi ke hp lama.",1773236736,1 bulan lalu,PURPLE,True,Anonymous,0,False,False,
Powerbank 20000 Mah Mini With 4 Usb Cable Lighrweight Universal Powerbank Led Display Baterai Pengisi Charger,1987384796,5,"Kejernihan lensa: Bagus
Kualitas pengerjaan: Cukup baik
Performa: Bagus",1773232285,1 bulan lalu,BLACK,True,Anonymous,0,True,False,
Powerbank 20000 Mah Mini With 4 Usb Cable Lighrweight Universal Powerbank Led Display Baterai Pengisi Charger,1987347076,5,tks power bank nya sampai ON,1773231609,1 bulan lalu,BLACK,True,Anonymous,0,True,False,Terima kasih telah berbelanja di CHINDO DIGITAL. Bagikan link toko kami https://www.tokopedia.com/chindo-digital kepada teman-teman kamu. Jangan lupa follow toko kami untuk tahu update terbaru tentang stok dan produk yang kami tawarkan.
Powerbank 20000 Mah Mini With 4 Usb Cable Lighrweight Universal Powerbank Led Display Baterai Pengisi Charger,1986981114,4,Performa: Bagus,1773224506,1 bulan lalu,BLACK,True,Anonymous,0,False,False,
Powerbank 20000 Mah Mini With 4 Usb Cable Lighrweight Universal Powerbank Led Display Baterai Pengisi Charger,1986836106,5,𝐒𝐚𝐧𝐠𝐚𝐭 𝐩𝐮𝐚𝐬 𝐤𝐚𝐤 𝐝𝐞𝐧𝐠𝐚𝐧 𝐛𝐚𝐫𝐚𝐧𝐠 𝐧𝐲𝐚,1773221319,1 bulan lalu,BLACK,True,Anonymous,0,False,False,
Powerbank 20000 Mah Mini With 4 Usb Cable Lighrweight Universal Powerbank Led Display Baterai Pengisi Charger,1986755517,5,Sip sesuai gambar dan mantep semoga awet,1773219448,1 bulan lalu,PURPLE,True,Anonymous,0,False,False,
Powerbank 20000 Mah Mini With 4 Usb Cable Lighrweight Universal Powerbank Led Display Baterai Pengisi Charger,1986738496,5,ok,1773219053,1 bulan lalu,BLACK,True,Anonymous,0,False,False,Terima kasih telah berbelanja di CHINDO DIGITAL. Bagikan link toko kami https://www.tokopedia.com/chindo-digital kepada teman-teman kamu. Jangan lupa follow toko kami untuk tahu update terbaru tentang stok dan produk yang kami tawarkan.
Powerbank 20000 Mah Mini With 4 Usb Cable Lighrweight Universal Powerbank Led Display Baterai Pengisi Charger,1986509475,5,"Mantap lah sudah sampai, semoga awet
Performa: Bagus
Kualitas pengerjaan: Baik",1773213851,1 bulan lalu,PURPLE,True,Anonymous,0,False,False,
Powerbank 20000 Mah Mini With 4 Usb Cable Lighrweight Universal Powerbank Led Display Baterai Pengisi Charger,1986170799,1,"Kualitas jelek, tidak tahan lama. Pastinya bukan 20.000 mAh, cas HP sampe full gabisa, sedangkan PB 10.000 mAh saya bisa cas bbrp kali. Ini baru setengah udah habis. Overclaim.",1773206854,1 bulan lalu,BLACK,True,Anonymous,0,False,False,
Powerbank 20000 Mah Mini With 4 Usb Cable Lighrweight Universal Powerbank Led Display Baterai Pengisi Charger,1985633923,5,Kondi baik mudah mudahan awe terimakasih,1773195567,1 bulan lalu,BLACK,True,Anonymous,0,False,False,
Powerbank 20000 Mah Mini With 4 Usb Cable Lighrweight Universal Powerbank Led Display Baterai Pengisi Charger,1985586292,5,Barang Sesuai Deskripsi Pengiriman Cepat Harga Murah Mantap,1773194146,1 bulan lalu,BLACK,False,Miftahul,0,True,False,Terima kasih telah berbelanja di CHINDO DIGITAL. Bagikan link toko kami https://www.tokopedia.com/chindo-digital kepada teman-teman kamu. Jangan lupa follow toko kami untuk tahu update terbaru tentang stok dan produk yang kami tawarkan.
Powerbank 20000 Mah Mini With 4 Usb Cable Lighrweight Universal Powerbank Led Display Baterai Pengisi Charger,1985058184,5,Baik,1773163501,1 bulan lalu,BLACK,True,Anonymous,0,False,False,
Powerbank 20000 Mah Mini With 4 Usb Cable Lighrweight Universal Powerbank Led Display Baterai Pengisi Charger,1984761721,5,Bagus power bankya buat stok casan klw mudik,1773152719,1 bulan lalu,BLACK,True,Anonymous,0,False,False,
Powerbank 20000 Mah Mini With 4 Usb Cable Lighrweight Universal Powerbank Led Display Baterai Pengisi Charger,1984746632,5,bagsss,1773152353,1 bulan lalu,PURPLE,True,Anonymous,0,True,False,
Powerbank 20000 Mah Mini With 4 Usb Cable Lighrweight Universal Powerbank Led Display Baterai Pengisi Charger,1984626248,5,Barang nya bagus sesuai,1773149602,1 bulan lalu,PURPLE,True,Anonymous,0,True,False,
Powerbank 20000 Mah Mini With 4 Usb Cable Lighrweight Universal Powerbank Led Display Baterai Pengisi Charger,1984172576,1,It’s not 20.000 max 5000,1773140628,1 bulan lalu,PURPLE,False,Iana,0,False,False,
Powerbank 20000 Mah Mini With 4 Usb Cable Lighrweight Universal Powerbank Led Display Baterai Pengisi Charger,1983876142,1,Beli yg putih di kasihnya pink 🤣😂😂😂 radak anehh aja,1773134070,1 bulan lalu,BLACK,True,Anonymous,0,True,False,
Powerbank 20000 Mah Mini With 4 Usb Cable Lighrweight Universal Powerbank Led Display Baterai Pengisi Charger,1983516033,4,Pengiriman aman,1773125603,1 bulan lalu,BLACK,True,Anonymous,0,False,False,
Powerbank 20000 Mah Mini With 4 Usb Cable Lighrweight Universal Powerbank Led Display Baterai Pengisi Charger,1983373697,1,"Kecewa berat dengan produk power bank,,ini,,booll sitt 20000 mah,,dari full 100 persen buat cas 1 hp baru setengah udah dropp",1773122317,1 bulan lalu,BLACK,True,Anonymous,0,False,False,
Powerbank 20000 Mah Mini With 4 Usb Cable Lighrweight Universal Powerbank Led Display Baterai Pengisi Charger,1983112837,5,Alhamdulillah samapi,1773116917,1 bulan lalu,BLACK,True,Anonymous,0,False,True,
Powerbank 20000 Mah Mini With 4 Usb Cable Lighrweight Universal Powerbank Led Display Baterai Pengisi Charger,1983048078,5,Top bagus sesuai pesenan semoga awet 🔥🔥🔥,1773115546,1 bulan lalu,BLACK,True,Anonymous,0,True,False,
Powerbank 20000 Mah Mini With 4 Usb Cable Lighrweight Universal Powerbank Led Display Baterai Pengisi Charger,1982781955,5,"Alhamdulillah paket sdah smpai brang ny sangat bgus trima ksih..
Kejernihan lensa: Jernih",1773109382,1 bulan lalu,PURPLE,True,Anonymous,0,True,False,
Powerbank 20000 Mah Mini With 4 Usb Cable Lighrweight Universal Powerbank Led Display Baterai Pengisi Charger,1982735515,5,"Kejernihan lensa: Luarbiasa bagus banget
Kualitas pengerjaan: Kualitas bagus banget
Performa: Mantap bisa ngeces
Mantap akhirnya Datang Juga Udah Di coba Ngeces normal tetapi tombol power agak masuk",1773108097,1 bulan lalu,BLACK,True,Anonymous,0,True,False,
Powerbank 20000 Mah Mini With 4 Usb Cable Lighrweight Universal Powerbank Led Display Baterai Pengisi Charger,1982668026,5,Barang sampai dgn selamat bgs BS di BW kemana mana,1773106101,1 bulan lalu,PURPLE,True,Anonymous,0,False,False,
Powerbank 20000 Mah Mini With 4 Usb Cable Lighrweight Universal Powerbank Led Display Baterai Pengisi Charger,1982655742,5,Baik,1773105696,1 bulan lalu,PINK,True,Anonymous,0,False,False,
Powerbank 20000 Mah Mini With 4 Usb Cable Lighrweight Universal Powerbank Led Display Baterai Pengisi Charger,1982117957,5,Barang SDH di terima dngn baik Peking rapih barang bgus ok dah pokoknya,1773073835,1 bulan lalu,BLACK,True,Anonymous,0,True,False,
Powerbank 20000 Mah Mini With 4 Usb Cable Lighrweight Universal Powerbank Led Display Baterai Pengisi Charger,1981871839,5,Kejernihan lensa: Bagus,1773066194,1 bulan lalu,BLACK,True,Anonymous,0,False,False,
Powerbank 20000 Mah Mini With 4 Usb Cable Lighrweight Universal Powerbank Led Display Baterai Pengisi Charger,1981062922,5,Barang bagus,1773050047,1 bulan lalu,BLACK,True,Anonymous,0,True,False,
Powerbank 20000 Mah Mini With 4 Usb Cable Lighrweight Universal Powerbank Led Display Baterai Pengisi Charger,1981049204,2,"boros batre
bgus",1773049763,1 bulan lalu,BLACK,True,Anonymous,0,False,False,
Powerbank 20000 Mah Mini With 4 Usb Cable Lighrweight Universal Powerbank Led Display Baterai Pengisi Charger,1980782306,5,bagus,1773043892,1 bulan lalu,BLACK,True,Anonymous,0,False,False,
Powerbank 20000 Mah Mini With 4 Usb Cable Lighrweight Universal Powerbank Led Display Baterai Pengisi Charger,1980383193,4,Bagus bgt,1773035588,1 bulan lalu,BLACK,True,Anonymous,0,False,False,
Powerbank 20000 Mah Mini With 4 Usb Cable Lighrweight Universal Powerbank Led Display Baterai Pengisi Charger,1980052713,5,"Kualitas bagus
Rapih",1773029678,1 bulan lalu,BLACK,True,Anonymous,0,True,False,
Powerbank 20000 Mah Mini With 4 Usb Cable Lighrweight Universal Powerbank Led Display Baterai Pengisi Charger,1980043258,5,Semoga awet,1773029497,1 bulan lalu,BLACK,True,Anonymous,0,False,False,
Powerbank 20000 Mah Mini With 4 Usb Cable Lighrweight Universal Powerbank Led Display Baterai Pengisi Charger,1979926033,5,alhamdulillah brang dah nyampe sesuai diskripsi.   👍👍👍👍👍,1773027134,1 bulan lalu,BLACK,False,agusbandini,0,False,False,Terima kasih telah berbelanja di CHINDO DIGITAL. Bagikan link toko kami https://www.tokopedia.com/chindo-digital kepada teman-teman kamu. Jangan lupa follow toko kami untuk tahu update terbaru tentang stok dan produk yang kami tawarkan.
Powerbank 20000 Mah Mini With 4 Usb Cable Lighrweight Universal Powerbank Led Display Baterai Pengisi Charger,1979833737,4,Sdh sampao,1773025320,1 bulan lalu,BLACK,True,Anonymous,0,False,False,
Powerbank 20000 Mah Mini With 4 Usb Cable Lighrweight Universal Powerbank Led Display Baterai Pengisi Charger,1979825230,5,belum dicoba tapi untuk warnanya sesuai dan baguss pastel gitu,1773025119,1 bulan lalu,PURPLE,True,Anonymous,0,True,False,
Powerbank 20000 Mah Mini With 4 Usb Cable Lighrweight Universal Powerbank Led Display Baterai Pengisi Charger,1979648652,5,Lumayan lah sesuai harganya,1773020620,1 bulan lalu,PURPLE,True,Anonymous,0,False,False,
Powerbank 20000 Mah Mini With 4 Usb Cable Lighrweight Universal Powerbank Led Display Baterai Pengisi Charger,1979639031,5,pengiriman cepat dan barang sesuai deskripsi,1773020333,1 bulan lalu,BLACK,False,hariyanto,0,False,False,Terima kasih telah berbelanja di CHINDO DIGITAL. Bagikan link toko kami https://www.tokopedia.com/chindo-digital kepada teman-teman kamu. Jangan lupa follow toko kami untuk tahu update terbaru tentang stok dan produk yang kami tawarkan.
Powerbank 20000 Mah Mini With 4 Usb Cable Lighrweight Universal Powerbank Led Display Baterai Pengisi Charger,1979175522,5,Kualitas pengerjaan: Sangat bagus. Maksih.,1772994189,1 bulan lalu,BLACK,True,Anonymous,0,False,False,
Powerbank 20000 Mah Mini With 4 Usb Cable Lighrweight Universal Powerbank Led Display Baterai Pengisi Charger,1979153523,5,Baik,1772992100,1 bulan lalu,BLACK,True,Anonymous,0,False,False,
Powerbank 20000 Mah Mini With 4 Usb Cable Lighrweight Universal Powerbank Led Display Baterai Pengisi Charger,1978932820,5,powerbank bagus mantap,1772982439,1 bulan lalu,PURPLE,True,Anonymous,0,False,False,
Powerbank 20000 Mah Mini With 4 Usb Cable Lighrweight Universal Powerbank Led Display Baterai Pengisi Charger,1978755459,5,"Kualitas pengerjaan: Cepat isinya
Performa: Bagus
Makasih seller powerbanknya Bagus,apalgi warnanya ungu pas banget aku favnya warna ungu 🙏",1772977936,1 bulan lalu,PURPLE,True,Anonymous,0,False,False,
Powerbank 20000 Mah Mini With 4 Usb Cable Lighrweight Universal Powerbank Led Display Baterai Pengisi Charger,1978379524,3,"Power bank full 100% setelah dipake ke hp ga 100% dah mati aja , ya harga segitu wajarlah ya",1772969969,1 bulan lalu,PURPLE,True,Anonymous,0,False,False,
Powerbank 20000 Mah Mini With 4 Usb Cable Lighrweight Universal Powerbank Led Display Baterai Pengisi Charger,1978230591,5,Tampilan bagus semoga awet,1772966449,1 bulan lalu,BLACK,True,Anonymous,0,False,False,
Powerbank 20000 Mah Mini With 4 Usb Cable Lighrweight Universal Powerbank Led Display Baterai Pengisi Charger,1978215230,5,Oke,1772966097,1 bulan lalu,BLACK,True,Anonymous,0,False,False,
Powerbank 20000 Mah Mini With 4 Usb Cable Lighrweight Universal Powerbank Led Display Baterai Pengisi Charger,1978066772,5,"Performa: Cukup bagus
Kualitas pengerjaan: Bagus
Kejernihan lensa: Bagus",1772962616,1 bulan lalu,BLACK,True,Anonymous,0,True,True,
Powerbank 20000 Mah Mini With 4 Usb Cable Lighrweight Universal Powerbank Led Display Baterai Pengisi Charger,1978028348,5,"Kejernihan lensa: Jernih
Kualitas pengerjaan: Rapi",1772961710,1 bulan lalu,BLACK,True,Anonymous,0,True,False,
Powerbank 20000 Mah Mini With 4 Usb Cable Lighrweight Universal Powerbank Led Display Baterai Pengisi Charger,1977795378,4,Kualitas pengerjaan: Bagus,1772956336,1 bulan lalu,PURPLE,True,Anonymous,0,True,False,
Powerbank 20000 Mah Mini With 4 Usb Cable Lighrweight Universal Powerbank Led Display Baterai Pengisi Charger,1977777572,5,Saya suka,1772955942,1 bulan lalu,PINK,True,Anonymous,0,False,False,
Powerbank 20000 Mah Mini With 4 Usb Cable Lighrweight Universal Powerbank Led Display Baterai Pengisi Charger,1977721134,5,"Barang dikirim sesuai diskripsi pesanan  &amp; dikemas dgn baik, sampai tujuan dlm keadaan baik. Belum di coba semoga berjalan dg baik, barang dg kualitas bagus, toko amanah, kurir baik",1772954711,1 bulan lalu,PURPLE,True,Anonymous,0,True,True,Terima kasih telah berbelanja di CHINDO DIGITAL. Bagikan link toko kami https://www.tokopedia.com/chindo-digital kepada teman-teman kamu. Jangan lupa follow toko kami untuk tahu update terbaru tentang stok dan produk yang kami tawarkan.
Powerbank 20000 Mah Mini With 4 Usb Cable Lighrweight Universal Powerbank Led Display Baterai Pengisi Charger,1977626063,5,oke bagus berfungsi dengan baik,1772952683,1 bulan lalu,PINK,True,Anonymous,0,False,False,
Powerbank 20000 Mah Mini With 4 Usb Cable Lighrweight Universal Powerbank Led Display Baterai Pengisi Charger,1977374694,5,"omg akhirnyaaaa, sangat ringan eyy okelah yaa",1772947731,1 bulan lalu,BLACK,True,Anonymous,0,True,False,Terima kasih telah berbelanja di CHINDO DIGITAL. Bagikan link toko kami https://www.tokopedia.com/chindo-digital kepada teman-teman kamu. Jangan lupa follow toko kami untuk tahu update terbaru tentang stok dan produk yang kami tawarkan.
Powerbank 20000 Mah Mini With 4 Usb Cable Lighrweight Universal Powerbank Led Display Baterai Pengisi Charger,1977261635,5,"Mantep deh ,semoga awet yaa 🤗",1772945666,1 bulan lalu,BLACK,True,Anonymous,0,True,False,
Powerbank 20000 Mah Mini With 4 Usb Cable Lighrweight Universal Powerbank Led Display Baterai Pengisi Charger,1976893686,5,Sangat bagus,1772938226,1 bulan lalu,PURPLE,True,Anonymous,0,False,False,
Powerbank 20000 Mah Mini With 4 Usb Cable Lighrweight Universal Powerbank Led Display Baterai Pengisi Charger,1976876642,5,Good,1772937795,1 bulan lalu,BLACK,True,Anonymous,0,False,False,
Powerbank 20000 Mah Mini With 4 Usb Cable Lighrweight Universal Powerbank Led Display Baterai Pengisi Charger,1976483288,5,Diterima dengan baik..packingan jg bagus,1772919261,1 bulan lalu,BLACK,True,Anonymous,0,False,False,
Powerbank 20000 Mah Mini With 4 Usb Cable Lighrweight Universal Powerbank Led Display Baterai Pengisi Charger,1976357151,5,Performa: Cepat penuh,1772909639,1 bulan lalu,BLACK,True,Anonymous,0,False,False,
Powerbank 20000 Mah Mini With 4 Usb Cable Lighrweight Universal Powerbank Led Display Baterai Pengisi Charger,1976223127,1,"Kwalitas tidak bagus,,,belum penuh hp nya batre power bank SDH lobet alias habis",1772900494,1 bulan lalu,BLACK,True,Anonymous,0,True,False,
Powerbank 20000 Mah Mini With 4 Usb Cable Lighrweight Universal Powerbank Led Display Baterai Pengisi Charger,1976138693,5,"Berfungsi, packingannya lumayan tebel. begitu paket datengggg lgsg buka hehehehe",1772897527,1 bulan lalu,BLACK,True,Anonymous,0,False,False,
Powerbank 20000 Mah Mini With 4 Usb Cable Lighrweight Universal Powerbank Led Display Baterai Pengisi Charger,1975901392,3,Baru di pake 1 jm dh habis,1772891112,1 bulan lalu,BLACK,True,Anonymous,0,False,False,
Powerbank 20000 Mah Mini With 4 Usb Cable Lighrweight Universal Powerbank Led Display Baterai Pengisi Charger,1975854904,5,"Alhamdulillah barang sampai dengan baik dan berfungsi semua, pokoknya mantap lah",1772890003,1 bulan lalu,BLACK,True,Anonymous,0,True,False,
Powerbank 20000 Mah Mini With 4 Usb Cable Lighrweight Universal Powerbank Led Display Baterai Pengisi Charger,1975847297,5,Mantu,1772889823,1 bulan lalu,BLACK,True,Anonymous,0,True,False,
Powerbank 20000 Mah Mini With 4 Usb Cable Lighrweight Universal Powerbank Led Display Baterai Pengisi Charger,1975796298,5,"Pengiriman cepat kurirnya juga ramah, mudah dibawa dan gak makan tempat, semoga awet",1772888634,1 bulan lalu,BLACK,True,Anonymous,0,True,False,
Powerbank 20000 Mah Mini With 4 Usb Cable Lighrweight Universal Powerbank Led Display Baterai Pengisi Charger,1975408333,5,Bagus,1772880229,1 bulan lalu,BLACK,True,Anonymous,0,False,False,
Powerbank 20000 Mah Mini With 4 Usb Cable Lighrweight Universal Powerbank Led Display Baterai Pengisi Charger,1975348909,5,Bagus bangett,1772878927,1 bulan lalu,PINK,True,Anonymous,0,True,False,
Powerbank 20000 Mah Mini With 4 Usb Cable Lighrweight Universal Powerbank Led Display Baterai Pengisi Charger,1975313322,4,"Barang dateng sesuai pesanan, kualitasnya bagus, awet juga di pakai, untuk harga se gitu wort it bngt 😍",1772878144,1 bulan lalu,BLACK,True,Anonymous,0,True,False,
Powerbank 20000 Mah Mini With 4 Usb Cable Lighrweight Universal Powerbank Led Display Baterai Pengisi Charger,1974448207,5,Gud,1772859474,1 bulan lalu,BLACK,True,Anonymous,0,False,False,
Powerbank 20000 Mah Mini With 4 Usb Cable Lighrweight Universal Powerbank Led Display Baterai Pengisi Charger,1974432947,5,Alhamdulillah sesuai harapan,1772859203,1 bulan lalu,BLACK,True,Anonymous,0,True,False,
Powerbank 20000 Mah Mini With 4 Usb Cable Lighrweight Universal Powerbank Led Display Baterai Pengisi Charger,1974411147,4,Performa: Blum dicoba,1772858813,1 bulan lalu,BLACK,True,Anonymous,0,False,False,
Powerbank 20000 Mah Mini With 4 Usb Cable Lighrweight Universal Powerbank Led Display Baterai Pengisi Charger,1974357006,5,Tks .. barang nomal,1772857857,1 bulan lalu,BLACK,True,Anonymous,0,True,False,
Powerbank 20000 Mah Mini With 4 Usb Cable Lighrweight Universal Powerbank Led Display Baterai Pengisi Charger,1974125465,1,"Tidak bagus, belum sampe 1 menit batre powerbank sudah habis.",1772853396,1 bulan lalu,BLACK,True,Anonymous,0,False,False,
Powerbank 20000 Mah Mini With 4 Usb Cable Lighrweight Universal Powerbank Led Display Baterai Pengisi Charger,1973951044,5,"Kejernihan lensa: Bagus
Kualitas pengerjaan: Bagus
Performa: Baik",1772849408,1 bulan lalu,BLACK,True,Anonymous,0,True,False,
Powerbank 20000 Mah Mini With 4 Usb Cable Lighrweight Universal Powerbank Led Display Baterai Pengisi Charger,1973447967,5,"Kualitas pengerjaan: Bagus
Kejernihan lensa: Bagus",1772821987,1 bulan lalu,BLACK,True,Anonymous,0,False,False,
Powerbank 20000 Mah Mini With 4 Usb Cable Lighrweight Universal Powerbank Led Display Baterai Pengisi Charger,1973092233,2,"Gak sesuai...
20000 mah, baru pemakaian 10% udah susut 75% power bank nya...
Kwalitas buruk",1772807058,1 bulan lalu,BLACK,True,Anonymous,1,True,True,
Powerbank 20000 Mah Mini With 4 Usb Cable Lighrweight Universal Powerbank Led Display Baterai Pengisi Charger,1973000814,1,"Ga awet , dipake ga ada seharian masa udh lowbet aja, padahal dicass powerbank nya full",1772804976,1 bulan lalu,PINK,True,Anonymous,0,False,False,
Powerbank 20000 Mah Mini With 4 Usb Cable Lighrweight Universal Powerbank Led Display Baterai Pengisi Charger,1972783595,4,"PB Full, tapi sekali pakai langsung habis..🤣",1772800367,1 bulan lalu,BLACK,True,Anonymous,0,False,False,
Powerbank 20000 Mah Mini With 4 Usb Cable Lighrweight Universal Powerbank Led Display Baterai Pengisi Charger,1972496611,5,ok,1772794749,1 bulan lalu,BLACK,True,Anonymous,0,False,False,
Powerbank 20000 Mah Mini With 4 Usb Cable Lighrweight Universal Powerbank Led Display Baterai Pengisi Charger,1971970828,5,"Normal tampilan bagus pengiriman cepat ⚡
Kualitas pengerjaan: Bagus",1772783032,1 bulan lalu,BLACK,True,Anonymous,0,True,False,
Powerbank 20000 Mah Mini With 4 Usb Cable Lighrweight Universal Powerbank Led Display Baterai Pengisi Charger,1971812926,5,Ok,1772779539,1 bulan lalu,BLACK,True,Anonymous,0,False,False,
Powerbank 20000 Mah Mini With 4 Usb Cable Lighrweight Universal Powerbank Led Display Baterai Pengisi Charger,1971701244,5,Kualitas pengerjaan: bgs moga awet di pakenya,1772777102,1 bulan lalu,BLACK,True,Anonymous,0,False,False,
Powerbank 20000 Mah Mini With 4 Usb Cable Lighrweight Universal Powerbank Led Display Baterai Pengisi Charger,1971570309,5,Ok,1772774384,1 bulan lalu,BLACK,True,Anonymous,0,False,False,
Powerbank 20000 Mah Mini With 4 Usb Cable Lighrweight Universal Powerbank Led Display Baterai Pengisi Charger,1971429346,2,Kecewa sih ndk bisa di pakai.,1772771775,1 bulan lalu,BLACK,True,Anonymous,0,False,False,
Powerbank 20000 Mah Mini With 4 Usb Cable Lighrweight Universal Powerbank Led Display Baterai Pengisi Charger,1970980724,5,"mantap ga ada yang rusak, barang sampai dengan selamat dan fitur baik semua. semoga awet...",1772761792,1 bulan lalu,BLACK,False,Irham,0,False,False,Terima kasih telah berbelanja di CHINDO DIGITAL. Bagikan link toko kami https://www.tokopedia.com/chindo-digital kepada teman-teman kamu. Jangan lupa follow toko kami untuk tahu update terbaru tentang stok dan produk yang kami tawarkan.
Powerbank 20000 Mah Mini With 4 Usb Cable Lighrweight Universal Powerbank Led Display Baterai Pengisi Charger,1970868408,5,barang sudah sampai dan baik,1772757940,1 bulan lalu,PURPLE,True,Anonymous,0,False,False,
Powerbank 20000 Mah Mini With 4 Usb Cable Lighrweight Universal Powerbank Led Display Baterai Pengisi Charger,1970760312,4,Semoga awet,1772752746,1 bulan lalu,BLACK,True,Anonymous,0,False,False,
Powerbank 20000 Mah Mini With 4 Usb Cable Lighrweight Universal Powerbank Led Display Baterai Pengisi Charger,1970687347,5,"terima kasih maaf bru ksh ulasan ...
Barang nya aman n baik semua 😇",1772748534,1 bulan lalu,BLACK,True,Anonymous,1,True,True,
Powerbank 20000 Mah Mini With 4 Usb Cable Lighrweight Universal Powerbank Led Display Baterai Pengisi Charger,1970380796,5,"Kualitas pengerjaan: Barang sesuai,kurirnya ramahh",1772728074,1 bulan lalu,BLACK,True,Anonymous,0,False,False,
Powerbank 20000 Mah Mini With 4 Usb Cable Lighrweight Universal Powerbank Led Display Baterai Pengisi Charger,1969752417,5,mantapppppp,1772712916,1 bulan lalu,BLACK,True,Anonymous,0,True,False,Terima kasih telah berbelanja di CHINDO DIGITAL. Bagikan link toko kami https://www.tokopedia.com/chindo-digital kepada teman-teman kamu. Jangan lupa follow toko kami untuk tahu update terbaru tentang stok dan produk yang kami tawarkan.
Powerbank 20000 Mah Mini With 4 Usb Cable Lighrweight Universal Powerbank Led Display Baterai Pengisi Charger,1969543391,2,Sipp,1772708944,1 bulan lalu,BLACK,True,Anonymous,0,True,False,
Powerbank 20000 Mah Mini With 4 Usb Cable Lighrweight Universal Powerbank Led Display Baterai Pengisi Charger,1968910338,5,Puas dgn barang nya,1772695845,1 bulan lalu,BLACK,True,Anonymous,0,False,False,
Powerbank 20000 Mah Mini With 4 Usb Cable Lighrweight Universal Powerbank Led Display Baterai Pengisi Charger,1968847081,5,bagus semoga awet,1772694512,1 bulan lalu,BLACK,True,Anonymous,0,True,False,
Powerbank 20000 Mah Mini With 4 Usb Cable Lighrweight Universal Powerbank Led Display Baterai Pengisi Charger,1968713445,5,"Berfungsi normal,semoga awet",1772691746,1 bulan lalu,BLACK,True,Anonymous,0,True,False,
Powerbank 20000 Mah Mini With 4 Usb Cable Lighrweight Universal Powerbank Led Display Baterai Pengisi Charger,1968570305,5,"Kejernihan lensa: Lumayan
Kualitas pengerjaan: Sangat menarik
Performa: Bagus",1772689001,1 bulan lalu,BLACK,True,Anonymous,0,True,False,
Powerbank 20000 Mah Mini With 4 Usb Cable Lighrweight Universal Powerbank Led Display Baterai Pengisi Charger,1968275661,5,"packing aman, rapih",1772683372,1 bulan lalu,BLACK,False,Sysca,0,False,False,Terima kasih telah berbelanja di CHINDO DIGITAL. Bagikan link toko kami https://www.tokopedia.com/chindo-digital kepada teman-teman kamu. Jangan lupa follow toko kami untuk tahu update terbaru tentang stok dan produk yang kami tawarkan.
Powerbank 20000 Mah Mini With 4 Usb Cable Lighrweight Universal Powerbank Led Display Baterai Pengisi Charger,1968267228,5,"Kejernihan lensa: Bagus
Kualitas pengerjaan: Bagus",1772683196,1 bulan lalu,PURPLE,True,Anonymous,0,True,False,
Powerbank 20000 Mah Mini With 4 Usb Cable Lighrweight Universal Powerbank Led Display Baterai Pengisi Charger,1968209451,5,"mantap, dapat harga gocap 20000mAh wkwkwk",1772681974,1 bulan lalu,PINK,True,Anonymous,0,True,False,
Powerbank 20000 Mah Mini With 4 Usb Cable Lighrweight Universal Powerbank Led Display Baterai Pengisi Charger,1968038700,5,"suka banget, nyampe nya cepet, warna nya lebih lucu daripada yang di gambar🤍",1772677929,1 bulan lalu,PURPLE,True,Anonymous,0,True,False,
Powerbank 20000 Mah Mini With 4 Usb Cable Lighrweight Universal Powerbank Led Display Baterai Pengisi Charger,1967921982,5,bagus banget plis berfungsi dengan baik,1772674439,1 bulan lalu,PURPLE,True,Anonymous,0,False,False,
Powerbank 20000 Mah Mini With 4 Usb Cable Lighrweight Universal Powerbank Led Display Baterai Pengisi Charger,1967818547,5,"Bagus,di pake langsung gas",1772670458,1 bulan lalu,BLACK,True,Anonymous,0,False,False,
Powerbank 20000 Mah Mini With 4 Usb Cable Lighrweight Universal Powerbank Led Display Baterai Pengisi Charger,1967755399,5,"Powerbanknya fas charg cukup 2 jam sudah 100, desainnya simple lucuuu pinknyaa, tapi klo untuk charg hp kurang fast, but tetap berfungsi dengan baik😍",1772667315,1 bulan lalu,PINK,True,Anonymous,0,True,False,
Powerbank 20000 Mah Mini With 4 Usb Cable Lighrweight Universal Powerbank Led Display Baterai Pengisi Charger,1967375505,5,Bgs 👍🏼👍🏼👍🏼👍🏼🤗,1772641611,1 bulan lalu,PINK,True,Anonymous,0,True,False,
Powerbank 20000 Mah Mini With 4 Usb Cable Lighrweight Universal Powerbank Led Display Baterai Pengisi Charger,1966755831,4,Bagus sesuai dengan iklan,1772626151,1 bulan lalu,BLACK,True,Anonymous,0,False,False,
Powerbank 20000 Mah Mini With 4 Usb Cable Lighrweight Universal Powerbank Led Display Baterai Pengisi Charger,1966745587,5,"Barang mendarat dngn selamat....
Super kiLat.
Semoga sesuai diskripsi
Bisa mengecas selama 4 kali....
Hatur Nuhun sang kurir is the Best 😎🙏🏻👍",1772625981,1 bulan lalu,BLACK,True,Anonymous,0,True,False,
Powerbank 20000 Mah Mini With 4 Usb Cable Lighrweight Universal Powerbank Led Display Baterai Pengisi Charger,1966587654,1,"Tidak fast charging ternyata, 20000 mAh tapi tidak bisa ngisi sampai full scam bjir",1772622840,1 bulan lalu,BLACK,True,Anonymous,0,False,False,
Powerbank 20000 Mah Mini With 4 Usb Cable Lighrweight Universal Powerbank Led Display Baterai Pengisi Charger,1966493906,5,Bagus,1772621029,1 bulan lalu,BLACK,True,Anonymous,0,False,False,
Powerbank 20000 Mah Mini With 4 Usb Cable Lighrweight Universal Powerbank Led Display Baterai Pengisi Charger,1966484896,5,Bagus barang nya ok,1772620849,1 bulan lalu,BLACK,True,Anonymous,0,False,False,
Powerbank 20000 Mah Mini With 4 Usb Cable Lighrweight Universal Powerbank Led Display Baterai Pengisi Charger,1966318095,5,Sesuai 👍♥️💯💯,1772617478,1 bulan lalu,BLACK,True,Anonymous,0,False,False,
Powerbank 20000 Mah Mini With 4 Usb Cable Lighrweight Universal Powerbank Led Display Baterai Pengisi Charger,1966148681,1,"Barangnya jelek yahh gaessss... Jangann belii disini deh nyesel bangettt ... dengerin deh kata kata gw, katanya 20k MAH tapi giliran dipake ngak sampe 5 menit sudah habiss...pokoknya jelek gaesss...barang rusakkk",1772613613,1 bulan lalu,BLACK,True,Anonymous,1,True,False,
Powerbank 20000 Mah Mini With 4 Usb Cable Lighrweight Universal Powerbank Led Display Baterai Pengisi Charger,1965614109,5,"cepat habis batrai nyaaa, kadang ga masuk:(",1772602258,1 bulan lalu,BLACK,True,Anonymous,0,True,False,
Powerbank 20000 Mah Mini With 4 Usb Cable Lighrweight Universal Powerbank Led Display Baterai Pengisi Charger,1965614117,5,bagus aku suka tapi cepat habis kadang tbtb ga masuk:(,1772602258,1 bulan lalu,PINK,True,Anonymous,1,True,False,
Powerbank 20000 Mah Mini With 4 Usb Cable Lighrweight Universal Powerbank Led Display Baterai Pengisi Charger,1965530177,5,ga ada yg pass ama lobang casan gw cok,1772600744,1 bulan lalu,BLACK,True,Anonymous,0,False,False,
Powerbank 20000 Mah Mini With 4 Usb Cable Lighrweight Universal Powerbank Led Display Baterai Pengisi Charger,1964969368,5,"pengiriman nya cukup lama ya mungkin karena bulan puasa tapi pb bagus baru pertama datang cas nya sudah penuh jadi ga perlu di cas lagi,cas nya tunggu habis terus pb nya warna nya cantik warna pink dan di kasih kabel tambahan yang lumayan buat cas lagi,harga cukup terjangkau apalagi dapat kabel….",1772588426,1 bulan lalu,PINK,True,Anonymous,1,True,True,
Powerbank 20000 Mah Mini With 4 Usb Cable Lighrweight Universal Powerbank Led Display Baterai Pengisi Charger,1964687898,4,Bukunya sangat bermanfaat sekali apalagi doa2 untuk suami istri yg ingin merubah,1772574358,1 bulan lalu,BLACK,True,Anonymous,1,True,False,
Powerbank 20000 Mah Mini With 4 Usb Cable Lighrweight Universal Powerbank Led Display Baterai Pengisi Charger,1964430451,5,🔋,1772554501,1 bulan lalu,BLACK,True,Anonymous,0,False,False,
Powerbank 20000 Mah Mini With 4 Usb Cable Lighrweight Universal Powerbank Led Display Baterai Pengisi Charger,1964402825,5,A,1772553290,1 bulan lalu,BLACK,True,Anonymous,0,False,False,
Powerbank 20000 Mah Mini With 4 Usb Cable Lighrweight Universal Powerbank Led Display Baterai Pengisi Charger,1964171271,5,Recommend pokoknya,1772546283,1 bulan lalu,BLACK,True,Anonymous,0,True,False,
Powerbank 20000 Mah Mini With 4 Usb Cable Lighrweight Universal Powerbank Led Display Baterai Pengisi Charger,1963722349,5,cantikk sekalii💗💗,1772536472,1 bulan lalu,PINK,True,Anonymous,0,True,False,
Powerbank 20000 Mah Mini With 4 Usb Cable Lighrweight Universal Powerbank Led Display Baterai Pengisi Charger,1963646311,5,Oke sesuai pesanan,1772534800,1 bulan lalu,BLACK,True,Anonymous,0,True,False,
Powerbank 20000 Mah Mini With 4 Usb Cable Lighrweight Universal Powerbank Led Display Baterai Pengisi Charger,1963600020,2,kualitas kurang. hp baru isi 40%. pb udah abis dari 100-0,1772533783,1 bulan lalu,BLACK,False,Baim,0,False,False,
Powerbank 20000 Mah Mini With 4 Usb Cable Lighrweight Universal Powerbank Led Display Baterai Pengisi Charger,1963584820,5,"Maaf Baru Review, PB nya kereen banget dan berfungsi sangat baik Maaf tidak kirim video nya, Secara Pokoknya ga nyesel beli PB di sini, bungkus super rapih",1772533432,1 bulan lalu,BLACK,True,Anonymous,0,False,False,
Powerbank 20000 Mah Mini With 4 Usb Cable Lighrweight Universal Powerbank Led Display Baterai Pengisi Charger,1962715496,5,Bagus banget barangnya sesuai 👍,1772512951,1 bulan lalu,PURPLE,True,Anonymous,0,True,False,
Powerbank 20000 Mah Mini With 4 Usb Cable Lighrweight Universal Powerbank Led Display Baterai Pengisi Charger,1962611893,5,Bagus,1772510880,1 bulan lalu,BLACK,True,Anonymous,0,False,False,
Powerbank 20000 Mah Mini With 4 Usb Cable Lighrweight Universal Powerbank Led Display Baterai Pengisi Charger,1962416973,1,"Penampilannya sangat keren, tapi arus tidak tahan lama, baru cas dapat 30% langsung habis 😇",1772506441,1 bulan lalu,BLACK,True,Anonymous,0,True,False,
Powerbank 20000 Mah Mini With 4 Usb Cable Lighrweight Universal Powerbank Led Display Baterai Pengisi Charger,1961986906,5,Kirain berat eh ringan bget ...jauh dari ekspektassi,1772487680,1 bulan lalu,BLACK,True,Anonymous,0,False,False,
Powerbank 20000 Mah Mini With 4 Usb Cable Lighrweight Universal Powerbank Led Display Baterai Pengisi Charger,1961971076,5,Mudah2n awet,1772487040,1 bulan lalu,BLACK,True,Anonymous,0,False,False,
Powerbank 20000 Mah Mini With 4 Usb Cable Lighrweight Universal Powerbank Led Display Baterai Pengisi Charger,1961913249,5,"Kualitas pengerjaan: Dateng udah kondisi langsung pakai .
Warna sesuai pesanan. 
Estimasi waktu juga sesuai",1772484471,1 bulan lalu,BLACK,True,Anonymous,0,True,False,
Powerbank 20000 Mah Mini With 4 Usb Cable Lighrweight Universal Powerbank Led Display Baterai Pengisi Charger,1961865871,5,"Baik bentuknya, besar kapasitasnya, simple.",1772479866,1 bulan lalu,BLACK,True,Anonymous,0,False,False,
Powerbank 20000 Mah Mini With 4 Usb Cable Lighrweight Universal Powerbank Led Display Baterai Pengisi Charger,1961865193,5,"Baik bentuknya , simple, besar kapasitasnya",1772479773,1 bulan lalu,BLACK,True,Anonymous,0,False,False,
Powerbank 20000 Mah Mini With 4 Usb Cable Lighrweight Universal Powerbank Led Display Baterai Pengisi Charger,1961794967,2,Sayaa beli tapi kenapa cpet bngt abis nyaa PB nya padahal baru tapi boros bngt PB nya belum ada berapa % dah abis kacau,1772472124,1 bulan lalu,BLACK,True,Anonymous,0,True,False,
Powerbank 20000 Mah Mini With 4 Usb Cable Lighrweight Universal Powerbank Led Display Baterai Pengisi Charger,1961731925,5,Barangnya bagus pengisian cepat dan tahan lama warnanya cantik,1772468600,1 bulan lalu,PURPLE,True,Anonymous,0,True,False,
Powerbank 20000 Mah Mini With 4 Usb Cable Lighrweight Universal Powerbank Led Display Baterai Pengisi Charger,1961731934,5,Kualitas bagus bahan kuat baterai tahan lama pengisian cepat,1772468600,1 bulan lalu,BLACK,True,Anonymous,0,False,False,
Powerbank 20000 Mah Mini With 4 Usb Cable Lighrweight Universal Powerbank Led Display Baterai Pengisi Charger,1961727780,5,Bagus 🥰,1772468396,1 bulan lalu,BLACK,True,Anonymous,0,False,False,
Powerbank 20000 Mah Mini With 4 Usb Cable Lighrweight Universal Powerbank Led Display Baterai Pengisi Charger,1961692849,5,"alhamdullilah barang dah sampe,kondisi sangat bagus trim,s,pengiriman cepat",1772466868,1 bulan lalu,BLACK,False,anto,0,False,False,Terima kasih telah berbelanja di CHINDO DIGITAL. Bagikan link toko kami https://www.tokopedia.com/chindo-digital kepada teman-teman kamu. Jangan lupa follow toko kami untuk tahu update terbaru tentang stok dan produk yang kami tawarkan.
Powerbank 20000 Mah Mini With 4 Usb Cable Lighrweight Universal Powerbank Led Display Baterai Pengisi Charger,1961635415,5,"Barang sesuai deskripsi dan berjalan dengan normal, pemakaian memang saya peruntukan hanya untuk mifi saja.
Packing aman dan pengiriman cepat, thx",1772464730,1 bulan lalu,BLACK,False,Chandra,0,True,False,Terima kasih telah berbelanja di CHINDO DIGITAL. Bagikan link toko kami https://www.tokopedia.com/chindo-digital kepada teman-teman kamu. Jangan lupa follow toko kami untuk tahu update terbaru tentang stok dan produk yang kami tawarkan.
Powerbank 20000 Mah Mini With 4 Usb Cable Lighrweight Universal Powerbank Led Display Baterai Pengisi Charger,1961438412,2,"Pengisian ke hp nya lama...no fast chàrge, but low charge",1772459343,1 bulan lalu,BLACK,True,Anonymous,0,False,False,
Powerbank 20000 Mah Mini With 4 Usb Cable Lighrweight Universal Powerbank Led Display Baterai Pengisi Charger,1961088481,4,Barang bagus dan mungil,1772451920,1 bulan lalu,BLACK,True,Anonymous,0,False,False,
Powerbank 20000 Mah Mini With 4 Usb Cable Lighrweight Universal Powerbank Led Display Baterai Pengisi Charger,1961039238,5,Baik,1772450841,1 bulan lalu,BLACK,True,Anonymous,0,False,False,
Powerbank 20000 Mah Mini With 4 Usb Cable Lighrweight Universal Powerbank Led Display Baterai Pengisi Charger,1960929538,5,"Bagus,suami saya suka",1772448408,1 bulan lalu,BLACK,True,Anonymous,0,False,False,
Powerbank 20000 Mah Mini With 4 Usb Cable Lighrweight Universal Powerbank Led Display Baterai Pengisi Charger,1960865096,5,Sangat imut bagus mudah d bawa,1772447075,1 bulan lalu,BLACK,True,Anonymous,0,False,False,
Powerbank 20000 Mah Mini With 4 Usb Cable Lighrweight Universal Powerbank Led Display Baterai Pengisi Charger,1960835163,5,"Saya terima barangnya dengan sangat baik
Terima kasih banyak
Mantap berkah pokonya",1772446439,1 bulan lalu,BLACK,True,Anonymous,0,True,False,
Powerbank 20000 Mah Mini With 4 Usb Cable Lighrweight Universal Powerbank Led Display Baterai Pengisi Charger,1960697275,5,"Pesanan sdh di terima.sesuai pesanan. 
Terimakasih seller.terima kasih tiktok shop dan terimakasih kurirnya",1772443445,1 bulan lalu,BLACK,True,Anonymous,0,True,False,
Powerbank 20000 Mah Mini With 4 Usb Cable Lighrweight Universal Powerbank Led Display Baterai Pengisi Charger,1960306791,5,"Jenis benda dan kapasitas, simple dibaw kmn²",1772434362,1 bulan lalu,BLACK,True,Anonymous,0,True,False,
Powerbank 20000 Mah Mini With 4 Usb Cable Lighrweight Universal Powerbank Led Display Baterai Pengisi Charger,1960306734,5,Kualitas pengerjaan: Bgs,1772434361,1 bulan lalu,PURPLE,True,Anonymous,0,False,False,
Powerbank 20000 Mah Mini With 4 Usb Cable Lighrweight Universal Powerbank Led Display Baterai Pengisi Charger,1960270766,5,"bagus
Quality of work: bagus
Performance: keren
Lens clarity: menarik",1772433545,1 bulan lalu,PURPLE,True,Anonymous,0,True,True,
Powerbank 20000 Mah Mini With 4 Usb Cable Lighrweight Universal Powerbank Led Display Baterai Pengisi Charger,1959853482,5,Semoga berfungsi dgn baik,1772425144,1 bulan lalu,BLACK,True,Anonymous,0,False,False,
Powerbank 20000 Mah Mini With 4 Usb Cable Lighrweight Universal Powerbank Led Display Baterai Pengisi Charger,1959669103,5,"Sesuaiu,,dgn pesanan,pengirimanx cepattt,",1772421262,1 bulan lalu,BLACK,True,Anonymous,0,True,False,
Powerbank 20000 Mah Mini With 4 Usb Cable Lighrweight Universal Powerbank Led Display Baterai Pengisi Charger,1959477895,5,Ok cepat sampai,1772416434,1 bulan lalu,BLACK,True,Anonymous,0,False,False,
Powerbank 20000 Mah Mini With 4 Usb Cable Lighrweight Universal Powerbank Led Display Baterai Pengisi Charger,1958318610,5,Barang yang datang sesuai dengan pesanan,1772365454,1 bulan lalu,BLACK,True,Anonymous,0,True,False,
Powerbank 20000 Mah Mini With 4 Usb Cable Lighrweight Universal Powerbank Led Display Baterai Pengisi Charger,1957986565,5,"Sempurna,",1772356984,1 bulan lalu,BLACK,True,Anonymous,0,False,False,
Powerbank 20000 Mah Mini With 4 Usb Cable Lighrweight Universal Powerbank Led Display Baterai Pengisi Charger,1957648909,5,"Respon dan Pelayanan Toko nya, sangat cepat dan baik 👍👍👍😊😊😊🙏🙏🙏🙏🙏",1772348418,1 bulan lalu,BLACK,False,A,0,False,False,Terima kasih telah berbelanja di CHINDO DIGITAL. Bagikan link toko kami https://www.tokopedia.com/chindo-digital kepada teman-teman kamu. Jangan lupa follow toko kami untuk tahu update terbaru tentang stok dan produk yang kami tawarkan.
Powerbank 20000 Mah Mini With 4 Usb Cable Lighrweight Universal Powerbank Led Display Baterai Pengisi Charger,1957550750,5,Barang bagus dan sesuai diskripsi,1772346162,1 bulan lalu,PINK,True,Anonymous,0,False,False,
Powerbank 20000 Mah Mini With 4 Usb Cable Lighrweight Universal Powerbank Led Display Baterai Pengisi Charger,1956556019,5,paket telah sampai terima kasih bintang 5,1772314745,1 bulan lalu,BLACK,True,Anonymous,0,False,False,
Powerbank 20000 Mah Mini With 4 Usb Cable Lighrweight Universal Powerbank Led Display Baterai Pengisi Charger,1956451436,5,Barang sesuai pesanan,1772307725,1 bulan lalu,PINK,True,Anonymous,0,True,False,
Powerbank 20000 Mah Mini With 4 Usb Cable Lighrweight Universal Powerbank Led Display Baterai Pengisi Charger,1956256120,5,bagus bgt sesuai sama foto real oicture baguusss pokoonyaaa worth ut guysss buaatt di beeliiiii,1772293295,1 bulan lalu,BLACK,True,Anonymous,0,True,False,
Powerbank 20000 Mah Mini With 4 Usb Cable Lighrweight Universal Powerbank Led Display Baterai Pengisi Charger,1955825603,1,Kurir GK jls brng kecil di bilang ny besar trus di suruh Ambil sendiri di kantor kn GK nian kerja,1772281160,1 bulan lalu,BLACK,True,Anonymous,0,False,False,
Powerbank 20000 Mah Mini With 4 Usb Cable Lighrweight Universal Powerbank Led Display Baterai Pengisi Charger,1955607874,4,Sdah di terima,1772275915,1 bulan lalu,BLACK,True,Anonymous,0,True,False,
Powerbank 20000 Mah Mini With 4 Usb Cable Lighrweight Universal Powerbank Led Display Baterai Pengisi Charger,1954950854,5,powerbanknya cakep sih sesuai yang ada difoto gaada yg lecett😍,1772259367,1 bulan lalu,BLACK,True,Anonymous,0,False,True,
Powerbank 20000 Mah Mini With 4 Usb Cable Lighrweight Universal Powerbank Led Display Baterai Pengisi Charger,1954727833,5,Barang sudah diterima,1772254522,1 bulan lalu,BLACK,True,Anonymous,0,False,False,
Powerbank 20000 Mah Mini With 4 Usb Cable Lighrweight Universal Powerbank Led Display Baterai Pengisi Charger,1954393599,4,"Kejernihan lensa: Baik
Kualitas pengerjaan: Baik dibawa kemana mna",1772247606,1 bulan lalu,BLACK,True,Anonymous,0,True,False,
Powerbank 20000 Mah Mini With 4 Usb Cable Lighrweight Universal Powerbank Led Display Baterai Pengisi Charger,1954309162,1,"20.000mah palsu
Cepat lowbet",1772245574,1 bulan lalu,BLACK,True,Anonymous,0,False,False,
Powerbank 20000 Mah Mini With 4 Usb Cable Lighrweight Universal Powerbank Led Display Baterai Pengisi Charger,1953579974,5,barang sudah sampai..berfungsi dengan baik..semoga awet...,1772203200,1 bulan lalu,BLACK,False,Saepulloh,0,False,True,Terima kasih telah berbelanja di CHINDO DIGITAL. Bagikan link toko kami https://www.tokopedia.com/chindo-digital kepada teman-teman kamu. Jangan lupa follow toko kami untuk tahu update terbaru tentang stok dan produk yang kami tawarkan.
Powerbank 20000 Mah Mini With 4 Usb Cable Lighrweight Universal Powerbank Led Display Baterai Pengisi Charger,1953067908,1,"Powerbank nya rusak, tidak bisa dipakai",1772190747,1 bulan lalu,PINK,True,Anonymous,0,False,False,
Powerbank 20000 Mah Mini With 4 Usb Cable Lighrweight Universal Powerbank Led Display Baterai Pengisi Charger,1952322543,5,Alhamdulillah udah nyampe dan kondisi nya nggak ada cacat sama sekali,1772171545,1 bulan lalu,PINK,True,Anonymous,0,True,False,
Powerbank 20000 Mah Mini With 4 Usb Cable Lighrweight Universal Powerbank Led Display Baterai Pengisi Charger,1952218984,5,Kualitas pengerjaan: bagus,1772169251,1 bulan lalu,BLACK,True,Anonymous,0,False,False,
Powerbank 20000 Mah Mini With 4 Usb Cable Lighrweight Universal Powerbank Led Display Baterai Pengisi Charger,1952010814,5,"Tidak ada cerita..
 Jozzz mantap..powerbank ini.",1772165048,1 bulan lalu,BLACK,True,Anonymous,0,False,False,
Powerbank 20000 Mah Mini With 4 Usb Cable Lighrweight Universal Powerbank Led Display Baterai Pengisi Charger,1951424086,5,barang tersegel dengan baik waktu sampai....terbungkus dengan rapi....dah diujicoba.....mantap,1772142359,1 bulan lalu,PURPLE,True,Anonymous,0,True,False,Terima kasih telah berbelanja di CHINDO DIGITAL. Bagikan link toko kami https://www.tokopedia.com/chindo-digital kepada teman-teman kamu. Jangan lupa follow toko kami untuk tahu update terbaru tentang stok dan produk yang kami tawarkan.
Powerbank 20000 Mah Mini With 4 Usb Cable Lighrweight Universal Powerbank Led Display Baterai Pengisi Charger,1950585030,4,Bagus,1772106718,1 bulan lalu,BLACK,True,Anonymous,0,False,False,
Powerbank 20000 Mah Mini With 4 Usb Cable Lighrweight Universal Powerbank Led Display Baterai Pengisi Charger,1950148973,1,Lalpu led nya ga nyala,1772096029,1 bulan lalu,BLACK,True,Anonymous,0,False,False,
Powerbank 20000 Mah Mini With 4 Usb Cable Lighrweight Universal Powerbank Led Display Baterai Pengisi Charger,1949966360,5,Bagus,1772091350,1 bulan lalu,PURPLE,True,Anonymous,0,False,False,
Powerbank 20000 Mah Mini With 4 Usb Cable Lighrweight Universal Powerbank Led Display Baterai Pengisi Charger,1949871103,5,Ok,1772088928,1 bulan lalu,BLACK,True,Anonymous,0,False,True,
Powerbank 20000 Mah Mini With 4 Usb Cable Lighrweight Universal Powerbank Led Display Baterai Pengisi Charger,1949686818,5,"pas di buka udh ada isi powerbank nya
berfungsi dengan baik
cuma yg type c gaada fast chargingnya
mini jadi gmpg dbwa kmna mana
semoga awet sampe lama
mkasi seller",1772084460,1 bulan lalu,BLACK,True,Anonymous,0,True,False,
Powerbank 20000 Mah Mini With 4 Usb Cable Lighrweight Universal Powerbank Led Display Baterai Pengisi Charger,1949312400,5,"Pesanan sdh sampai dgn aman packing bagus dan kurirpun ramah,barang blm saya coba mudah&#34;an awet",1772076271,1 bulan lalu,BLACK,True,Anonymous,0,False,True,
Powerbank 20000 Mah Mini With 4 Usb Cable Lighrweight Universal Powerbank Led Display Baterai Pengisi Charger,1948756204,2,Gampang cepet abisnya,1772050232,1 bulan lalu,PURPLE,True,Anonymous,0,False,False,
Powerbank 20000 Mah Mini With 4 Usb Cable Lighrweight Universal Powerbank Led Display Baterai Pengisi Charger,1948393695,4,Sesuai dengan gambar,1772029099,1 bulan lalu,BLACK,True,Anonymous,0,True,False,
Powerbank 20000 Mah Mini With 4 Usb Cable Lighrweight Universal Powerbank Led Display Baterai Pengisi Charger,1948161768,5,"Barang masih disegel saat sampai, packing rapih, respon seller baik Dan Cepat, Barang sesuai",1772023033,1 bulan lalu,BLACK,False,Adhe,0,True,False,Terima kasih telah berbelanja di CHINDO DIGITAL. Bagikan link toko kami https://www.tokopedia.com/chindo-digital kepada teman-teman kamu. Jangan lupa follow toko kami untuk tahu update terbaru tentang stok dan produk yang kami tawarkan.
Powerbank 20000 Mah Mini With 4 Usb Cable Lighrweight Universal Powerbank Led Display Baterai Pengisi Charger,1946853213,5,Lumayan lah buat pengganti powerbank lama yg udh rusak,1771992315,1 bulan lalu,PINK,True,Anonymous,0,False,False,
Powerbank 20000 Mah Mini With 4 Usb Cable Lighrweight Universal Powerbank Led Display Baterai Pengisi Charger,1944816454,5,"Barangnya telah sampai dengan aman, seller serta kurir juga sama ramahnya, barang aman sesuai dengan yang tersedia
Kualitas pengerjaan: bagus",1771914828,1 bulan lalu,BLACK,True,Anonymous,1,True,True,
Powerbank 20000 Mah Mini With 4 Usb Cable Lighrweight Universal Powerbank Led Display Baterai Pengisi Charger,1944549190,1,Performa: di ces lama banget ga mau ngisi,1771907746,1 bulan lalu,BLACK,True,Anonymous,0,False,False,
Powerbank 20000 Mah Mini With 4 Usb Cable Lighrweight Universal Powerbank Led Display Baterai Pengisi Charger,1944431014,5,"Barang bagus, semoga awet.. terimakasih",1771904691,1 bulan lalu,PURPLE,False,Agung,0,False,False,Terima kasih telah berbelanja di CHINDO DIGITAL. Bagikan link toko kami https://www.tokopedia.com/chindo-digital kepada teman-teman kamu. Jangan lupa follow toko kami untuk tahu update terbaru tentang stok dan produk yang kami tawarkan.
Powerbank 20000 Mah Mini With 4 Usb Cable Lighrweight Universal Powerbank Led Display Baterai Pengisi Charger,1944327027,5,"Ini produk penipuan deskripsi 20000 mah tapi nyatanya kaya 2000 mah serius di cas bntr aja penuh abisnya cepet bgt batrai HP kita 60 an aja ga sampe full ngecas nya udah abis serius aku kecewa ketipu sama deskripsi.. Mending yg blm beli ga usah beli lah serius drpda menyesal 
Ini toko penipu",1771901861,1 bulan lalu,BLACK,True,Anonymous,0,True,False,
Powerbank 20000 Mah Mini With 4 Usb Cable Lighrweight Universal Powerbank Led Display Baterai Pengisi Charger,1944234815,3,Paket sdh sampai tp sy kcewa kata nya sampai 20000mAh eehh sy pake cuma ngisi 60% btre HP ku PAWER BANK nya mati pkk nya kcwa sy🙏🙏🙏,1771899096,1 bulan lalu,BLACK,True,Anonymous,0,False,False,
Powerbank 20000 Mah Mini With 4 Usb Cable Lighrweight Universal Powerbank Led Display Baterai Pengisi Charger,1944145723,5,Mantapp,1771895842,1 bulan lalu,BLACK,True,Anonymous,0,False,False,
Powerbank 20000 Mah Mini With 4 Usb Cable Lighrweight Universal Powerbank Led Display Baterai Pengisi Charger,1943761635,5,Bagus,1771864322,1 bulan lalu,BLACK,True,Anonymous,0,False,False,
Powerbank 20000 Mah Mini With 4 Usb Cable Lighrweight Universal Powerbank Led Display Baterai Pengisi Charger,1943497433,5,"ok, mantul",1771853954,1 bulan lalu,BLACK,True,Anonymous,0,True,False,
Powerbank 20000 Mah Mini With 4 Usb Cable Lighrweight Universal Powerbank Led Display Baterai Pengisi Charger,1942816493,4,"barang bagus sesuai pesanan, tks.",1771835841,1 bulan lalu,BLACK,True,Anonymous,0,True,False,
Powerbank 20000 Mah Mini With 4 Usb Cable Lighrweight Universal Powerbank Led Display Baterai Pengisi Charger,1942302408,5,"Sesuai dengan yg di pesan mantap , tokoh nya amanah",1771822886,1 bulan lalu,PURPLE,True,Anonymous,0,False,False,
Powerbank 20000 Mah Mini With 4 Usb Cable Lighrweight Universal Powerbank Led Display Baterai Pengisi Charger,1942302395,5,"Sesuai dengan yg di pesan, pkok e mantap👍🏼",1771822886,1 bulan lalu,BLACK,True,Anonymous,0,False,False,
Powerbank 20000 Mah Mini With 4 Usb Cable Lighrweight Universal Powerbank Led Display Baterai Pengisi Charger,1942045434,5,Bagus bangat,1771817181,1 bulan lalu,PURPLE,True,Anonymous,0,False,False,
Powerbank 20000 Mah Mini With 4 Usb Cable Lighrweight Universal Powerbank Led Display Baterai Pengisi Charger,1941746785,3,"Di deskripsi tertulis 20000 mAh tetapi batre tersebut tidak mampu untuk memenuhi batre handphone saya.

Jadi kemungkinan besar deskripsi “20000 mAh” tersebut palsu.",1771807711,1 bulan lalu,BLACK,False,auror,0,False,False,
Powerbank 20000 Mah Mini With 4 Usb Cable Lighrweight Universal Powerbank Led Display Baterai Pengisi Charger,1941162387,4,Tulisannya 20.000 mAH tapi dicas ke hp 3 jam dah habis hrusnya kalo real barang mah bisa smpe 2 - 3 hari pemakaian,1771768188,2 bulan lalu,BLACK,True,Anonymous,0,False,False,
Powerbank 20000 Mah Mini With 4 Usb Cable Lighrweight Universal Powerbank Led Display Baterai Pengisi Charger,1941111475,5,Performa: Sangat bagus,1771766682,2 bulan lalu,BLACK,True,Anonymous,0,False,False,
Powerbank 20000 Mah Mini With 4 Usb Cable Lighrweight Universal Powerbank Led Display Baterai Pengisi Charger,1940989072,5,Semoga awet,1771763130,2 bulan lalu,BLACK,True,Anonymous,0,True,False,
Powerbank 20000 Mah Mini With 4 Usb Cable Lighrweight Universal Powerbank Led Display Baterai Pengisi Charger,1940864739,5,alhamdulillah udah bagus 👍banget🥰 terimakasih banyak🙏🙏,1771760285,2 bulan lalu,PINK,True,Anonymous,0,True,True,
Powerbank 20000 Mah Mini With 4 Usb Cable Lighrweight Universal Powerbank Led Display Baterai Pengisi Charger,1940062000,5,Dah sampai,1771739063,2 bulan lalu,PINK,True,Anonymous,0,True,False,
Powerbank 20000 Mah Mini With 4 Usb Cable Lighrweight Universal Powerbank Led Display Baterai Pengisi Charger,1940039922,5,Bagus,1771738537,2 bulan lalu,BLACK,True,Anonymous,0,True,False,
Powerbank 20000 Mah Mini With 4 Usb Cable Lighrweight Universal Powerbank Led Display Baterai Pengisi Charger,1939650168,5,Bagus,1771730278,2 bulan lalu,BLACK,True,Anonymous,0,False,False,
Powerbank 20000 Mah Mini With 4 Usb Cable Lighrweight Universal Powerbank Led Display Baterai Pengisi Charger,1939450616,5,Sangat baik,1771725315,2 bulan lalu,BLACK,True,Anonymous,0,False,False,
Powerbank 20000 Mah Mini With 4 Usb Cable Lighrweight Universal Powerbank Led Display Baterai Pengisi Charger,1939110422,1,Daya tahan nya ga sesuai,1771698787,2 bulan lalu,BLACK,True,Anonymous,0,False,False,
Powerbank 20000 Mah Mini With 4 Usb Cable Lighrweight Universal Powerbank Led Display Baterai Pengisi Charger,1939036423,1,"Barang tidak bisa di cash , saya minta retur 🙏",1771691609,2 bulan lalu,BLACK,True,Anonymous,0,True,False,
Powerbank 20000 Mah Mini With 4 Usb Cable Lighrweight Universal Powerbank Led Display Baterai Pengisi Charger,1938267706,5,Ini bagus bngt dari kualitas barang nya gk terlalu berat,1771665677,2 bulan lalu,BLACK,True,Anonymous,0,True,False,
Powerbank 20000 Mah Mini With 4 Usb Cable Lighrweight Universal Powerbank Led Display Baterai Pengisi Charger,1937423302,5,"bagus sesuai dengan deskripsi, terimakasih",1771644572,2 bulan lalu,BLACK,True,Anonymous,0,True,False,
Powerbank 20000 Mah Mini With 4 Usb Cable Lighrweight Universal Powerbank Led Display Baterai Pengisi Charger,1937373846,5,Nice,1771643400,2 bulan lalu,BLACK,True,Anonymous,0,False,False,
Powerbank 20000 Mah Mini With 4 Usb Cable Lighrweight Universal Powerbank Led Display Baterai Pengisi Charger,1937354955,5,Produk ya bagus,1771642947,2 bulan lalu,PINK,True,Anonymous,0,False,False,
Powerbank 20000 Mah Mini With 4 Usb Cable Lighrweight Universal Powerbank Led Display Baterai Pengisi Charger,1937038857,5,Sangat bgus,1771629358,2 bulan lalu,PINK,True,Anonymous,0,False,False,
Powerbank 20000 Mah Mini With 4 Usb Cable Lighrweight Universal Powerbank Led Display Baterai Pengisi Charger,1937022768,5,Bagus,1771627741,2 bulan lalu,BLACK,True,Anonymous,0,False,False,
Powerbank 20000 Mah Mini With 4 Usb Cable Lighrweight Universal Powerbank Led Display Baterai Pengisi Charger,1936891100,5,Bagus tapi cepat habis 🫣,1771618057,2 bulan lalu,PINK,True,Anonymous,0,False,False,
Powerbank 20000 Mah Mini With 4 Usb Cable Lighrweight Universal Powerbank Led Display Baterai Pengisi Charger,1936657672,5,Bagus,1771598388,2 bulan lalu,PURPLE,True,Anonymous,0,False,False,
Powerbank 20000 Mah Mini With 4 Usb Cable Lighrweight Universal Powerbank Led Display Baterai Pengisi Charger,1936603683,1,Dipakai sebentar habis,1771596506,2 bulan lalu,PURPLE,True,Anonymous,0,False,False,
Powerbank 20000 Mah Mini With 4 Usb Cable Lighrweight Universal Powerbank Led Display Baterai Pengisi Charger,1936603012,1,Dipakai sebentar doang habis,1771596484,2 bulan lalu,PURPLE,True,Anonymous,0,False,False,
Powerbank 20000 Mah Mini With 4 Usb Cable Lighrweight Universal Powerbank Led Display Baterai Pengisi Charger,1936553435,5,Sesuai gambar tapi gak tau awet ap ngk,1771595028,2 bulan lalu,BLACK,True,Anonymous,0,False,False,
Powerbank 20000 Mah Mini With 4 Usb Cable Lighrweight Universal Powerbank Led Display Baterai Pengisi Charger,1936365752,5,bismillah semoga awet powerbank nya sesuai deskripsi penjual,1771589348,2 bulan lalu,PURPLE,False,Dian,0,False,False,Terima kasih telah berbelanja di CHINDO DIGITAL. Bagikan link toko kami https://www.tokopedia.com/chindo-digital kepada teman-teman kamu. Jangan lupa follow toko kami untuk tahu update terbaru tentang stok dan produk yang kami tawarkan.
Powerbank 20000 Mah Mini With 4 Usb Cable Lighrweight Universal Powerbank Led Display Baterai Pengisi Charger,1935841397,4,Mnatap,1771573598,2 bulan lalu,BLACK,True,Anonymous,0,False,False,
Powerbank 20000 Mah Mini With 4 Usb Cable Lighrweight Universal Powerbank Led Display Baterai Pengisi Charger,1935812014,5,Powerbank 20000 Mah Mini wit4 USB warna hitam sudah diterima kondisi barang berfungsi dengan baiks dan sesuai deskripsi terima kasih,1771572731,2 bulan lalu,BLACK,True,Anonymous,0,True,False,Terima kasih telah berbelanja di CHINDO DIGITAL. Bagikan link toko kami https://www.tokopedia.com/chindo-digital kepada teman-teman kamu. Jangan lupa follow toko kami untuk tahu update terbaru tentang stok dan produk yang kami tawarkan.
Powerbank 20000 Mah Mini With 4 Usb Cable Lighrweight Universal Powerbank Led Display Baterai Pengisi Charger,1935810523,5,Realpick,1771572685,2 bulan lalu,BLACK,True,Anonymous,0,False,False,
Powerbank 20000 Mah Mini With 4 Usb Cable Lighrweight Universal Powerbank Led Display Baterai Pengisi Charger,1935742583,5,bagus sih saya suka rekomen la,1771570818,2 bulan lalu,PINK,True,Anonymous,0,False,False,
Powerbank 20000 Mah Mini With 4 Usb Cable Lighrweight Universal Powerbank Led Display Baterai Pengisi Charger,1935374682,5,👍👍👍👍👍👍,1771561395,2 bulan lalu,BLACK,True,Anonymous,0,False,False,
Powerbank 20000 Mah Mini With 4 Usb Cable Lighrweight Universal Powerbank Led Display Baterai Pengisi Charger,1935279620,1,"Sayang tidak sukai powerbank nya krna baterai nya cepat habis dan tdk bisa tahan lama, yang saya sukai karena powerbank sangat kecil dan simple untuk bawa kemana mana",1771559352,2 bulan lalu,PINK,True,Anonymous,0,False,False,
Powerbank 20000 Mah Mini With 4 Usb Cable Lighrweight Universal Powerbank Led Display Baterai Pengisi Charger,1934607210,5,Cepat sampe tq,1771517375,2 bulan lalu,BLACK,True,Anonymous,0,False,False,
Powerbank 20000 Mah Mini With 4 Usb Cable Lighrweight Universal Powerbank Led Display Baterai Pengisi Charger,1934289403,4,"barangnya bagus sesuai, tapi belum coba apa beneran 20000mAh",1771504787,2 bulan lalu,PINK,True,Anonymous,0,False,False,
Powerbank 20000 Mah Mini With 4 Usb Cable Lighrweight Universal Powerbank Led Display Baterai Pengisi Charger,1934208411,5,Sesuai ekspektasi,1771502510,2 bulan lalu,BLACK,True,Anonymous,0,False,False,
Powerbank 20000 Mah Mini With 4 Usb Cable Lighrweight Universal Powerbank Led Display Baterai Pengisi Charger,1934188921,5,Alhamdulillah akhirnya Sampek juga,1771501959,2 bulan lalu,BLACK,True,Anonymous,0,True,False,
Powerbank 20000 Mah Mini With 4 Usb Cable Lighrweight Universal Powerbank Led Display Baterai Pengisi Charger,1933951878,5,"sdh sampe dan sdh dicoba, semoga awet dan tahan agak lama ya",1771494457,2 bulan lalu,PURPLE,False,arif,0,True,False,Terima kasih telah berbelanja di CHINDO DIGITAL. Bagikan link toko kami https://www.tokopedia.com/chindo-digital kepada teman-teman kamu. Jangan lupa follow toko kami untuk tahu update terbaru tentang stok dan produk yang kami tawarkan.
Powerbank 20000 Mah Mini With 4 Usb Cable Lighrweight Universal Powerbank Led Display Baterai Pengisi Charger,1933895220,5,Sesuwai harga,1771492670,2 bulan lalu,BLACK,True,Anonymous,0,False,False,
Powerbank 20000 Mah Mini With 4 Usb Cable Lighrweight Universal Powerbank Led Display Baterai Pengisi Charger,1933863244,5,"Sudah sampai,,terima kasih selalu,,semoga awet",1771491583,2 bulan lalu,BLACK,True,Anonymous,0,True,False,
Powerbank 20000 Mah Mini With 4 Usb Cable Lighrweight Universal Powerbank Led Display Baterai Pengisi Charger,1933863250,5,"Sudah sampai,,terima kasih selalu",1771491583,2 bulan lalu,PINK,True,Anonymous,0,True,False,
Powerbank 20000 Mah Mini With 4 Usb Cable Lighrweight Universal Powerbank Led Display Baterai Pengisi Charger,1933243048,5,"packing rapih, seller bersahabat 
semoga awet",1771474420,2 bulan lalu,BLACK,True,Anonymous,0,True,False,
Powerbank 20000 Mah Mini With 4 Usb Cable Lighrweight Universal Powerbank Led Display Baterai Pengisi Charger,1932596244,5,Kualitas pengerjaan: Baikk sangat bagus dan wangi tahan lama,1771435361,2 bulan lalu,BLACK,True,Anonymous,0,True,False,
Powerbank 20000 Mah Mini With 4 Usb Cable Lighrweight Universal Powerbank Led Display Baterai Pengisi Charger,1932491348,5,"keren dan kuat, berfungsi semua.",1771428029,2 bulan lalu,BLACK,False,Katarina,0,False,False,Terima kasih telah berbelanja di CHINDO DIGITAL. Bagikan link toko kami https://www.tokopedia.com/chindo-digital kepada teman-teman kamu. Jangan lupa follow toko kami untuk tahu update terbaru tentang stok dan produk yang kami tawarkan.
Powerbank 20000 Mah Mini With 4 Usb Cable Lighrweight Universal Powerbank Led Display Baterai Pengisi Charger,1932276779,5,Bagus,1771420162,2 bulan lalu,BLACK,True,Anonymous,0,False,False,
Powerbank 20000 Mah Mini With 4 Usb Cable Lighrweight Universal Powerbank Led Display Baterai Pengisi Charger,1932142998,5,Sesuai,1771415736,2 bulan lalu,BLACK,True,Anonymous,0,False,False,
Powerbank 20000 Mah Mini With 4 Usb Cable Lighrweight Universal Powerbank Led Display Baterai Pengisi Charger,1931659309,5,bagus semoga awet dan tahan lama,1771401933,2 bulan lalu,PINK,True,Anonymous,0,True,False,
Powerbank 20000 Mah Mini With 4 Usb Cable Lighrweight Universal Powerbank Led Display Baterai Pengisi Charger,1931325614,5,Alhamdulillah pawerbeng nyh bagus maksih kak,1771391883,2 bulan lalu,BLACK,True,Anonymous,0,True,False,
Powerbank 20000 Mah Mini With 4 Usb Cable Lighrweight Universal Powerbank Led Display Baterai Pengisi Charger,1931278277,5,Berfungsi baik,1771390606,2 bulan lalu,BLACK,True,Anonymous,0,False,False,
Powerbank 20000 Mah Mini With 4 Usb Cable Lighrweight Universal Powerbank Led Display Baterai Pengisi Charger,1931161710,5,Sangat bagus tahan lama praktis tanpa bawa kabel data dan sesuai pesanan saya,1771387498,2 bulan lalu,PINK,True,Anonymous,0,True,False,
Powerbank 20000 Mah Mini With 4 Usb Cable Lighrweight Universal Powerbank Led Display Baterai Pengisi Charger,1931134294,5,Sangat bagus dan saya sangan membutuhkannya,1771386758,2 bulan lalu,BLACK,True,Anonymous,0,False,False,
Powerbank 20000 Mah Mini With 4 Usb Cable Lighrweight Universal Powerbank Led Display Baterai Pengisi Charger,1930132706,5,Barang bagus pengiriman nya sangat cepat,1771328226,2 bulan lalu,BLACK,True,Anonymous,0,False,False,
Powerbank 20000 Mah Mini With 4 Usb Cable Lighrweight Universal Powerbank Led Display Baterai Pengisi Charger,1929963098,5,"Kualitas pengerjaan: Bagus
Kejernihan lensa: Bagus
Performa: Sangat bagus👍",1771323344,2 bulan lalu,PINK,True,Anonymous,0,False,False,
Powerbank 20000 Mah Mini With 4 Usb Cable Lighrweight Universal Powerbank Led Display Baterai Pengisi Charger,1929849156,5,Good,1771319592,2 bulan lalu,BLACK,True,Anonymous,0,False,False,
Powerbank 20000 Mah Mini With 4 Usb Cable Lighrweight Universal Powerbank Led Display Baterai Pengisi Charger,1929798953,5,Bagus bjir + full daya recommended,1771317860,2 bulan lalu,BLACK,True,Anonymous,0,False,False,
Powerbank 20000 Mah Mini With 4 Usb Cable Lighrweight Universal Powerbank Led Display Baterai Pengisi Charger,1929675823,5,"Kurirnya mantaf.barangnya bagus, cuma ga lama cepet habis",1771313503,2 bulan lalu,BLACK,True,Anonymous,0,False,False,
Powerbank 20000 Mah Mini With 4 Usb Cable Lighrweight Universal Powerbank Led Display Baterai Pengisi Charger,1929134190,5,Oke normal dengan baik,1771295332,2 bulan lalu,PURPLE,True,Anonymous,0,False,False,
Powerbank 20000 Mah Mini With 4 Usb Cable Lighrweight Universal Powerbank Led Display Baterai Pengisi Charger,1928636678,5,bagus,1771252489,2 bulan lalu,BLACK,True,Anonymous,0,True,False,
Powerbank 20000 Mah Mini With 4 Usb Cable Lighrweight Universal Powerbank Led Display Baterai Pengisi Charger,1928560410,5,Semoga real 20000mAh dan semoga awet,1771249414,2 bulan lalu,BLACK,True,Anonymous,0,True,False,
Powerbank 20000 Mah Mini With 4 Usb Cable Lighrweight Universal Powerbank Led Display Baterai Pengisi Charger,1927868881,5,"pengemasan nya rapih, barangnya sampe dengan aman, terimakasih :)",1771227704,2 bulan lalu,PINK,True,Anonymous,0,True,False,
Powerbank 20000 Mah Mini With 4 Usb Cable Lighrweight Universal Powerbank Led Display Baterai Pengisi Charger,1927112340,5,Bagus sesuai gambar 👍,1771204211,2 bulan lalu,BLACK,True,Anonymous,0,False,False,
Powerbank 20000 Mah Mini With 4 Usb Cable Lighrweight Universal Powerbank Led Display Baterai Pengisi Charger,1926831114,5,"Lumayan 
Buat keluar rumah 
Buat jaga-jaga hp ga sampe mati
Allhamdulillah barangnya bagus",1771172872,2 bulan lalu,PURPLE,True,Anonymous,0,True,True,
Powerbank 20000 Mah Mini With 4 Usb Cable Lighrweight Universal Powerbank Led Display Baterai Pengisi Charger,1926761359,5,mantaaaaaaaaaap👍👍👍..... trim&#39;s,1771168986,2 bulan lalu,BLACK,False,Ahmadi,0,True,False,Terima kasih telah berbelanja di CHINDO DIGITAL. Bagikan link toko kami https://www.tokopedia.com/chindo-digital kepada teman-teman kamu. Jangan lupa follow toko kami untuk tahu update terbaru tentang stok dan produk yang kami tawarkan.
Powerbank 20000 Mah Mini With 4 Usb Cable Lighrweight Universal Powerbank Led Display Baterai Pengisi Charger,1926695962,3,Power Bank nya cepet habis🤦🏽‍♂️ ngecas blm full power Bank udah mati,1771166078,2 bulan lalu,BLACK,True,Anonymous,0,False,False,
Powerbank 20000 Mah Mini With 4 Usb Cable Lighrweight Universal Powerbank Led Display Baterai Pengisi Charger,1925605231,1,"Performa: jelek gampang habis, ga sampe 4 jam udh habis padahal full",1771130948,2 bulan lalu,BLACK,True,Anonymous,0,False,False,
Powerbank 20000 Mah Mini With 4 Usb Cable Lighrweight Universal Powerbank Led Display Baterai Pengisi Charger,1925033602,5,Energi nya besar 20000 MAH udh dpet 3 kabel,1771092983,2 bulan lalu,BLACK,True,Anonymous,0,False,False,
Powerbank 20000 Mah Mini With 4 Usb Cable Lighrweight Universal Powerbank Led Display Baterai Pengisi Charger,1924868711,5,baik,1771080642,2 bulan lalu,PINK,True,Anonymous,0,False,False,
Powerbank 20000 Mah Mini With 4 Usb Cable Lighrweight Universal Powerbank Led Display Baterai Pengisi Charger,1924829656,4,Barang bagus sesuailensa jernih,1771079024,2 bulan lalu,PINK,True,Anonymous,0,False,False,
Powerbank 20000 Mah Mini With 4 Usb Cable Lighrweight Universal Powerbank Led Display Baterai Pengisi Charger,1924056531,5,"pengiriman cepat,barang sesuai 
dan berfungsi 
terimakasih seller",1771054407,2 bulan lalu,PURPLE,False,Yudha,0,False,False,Terima kasih telah berbelanja di CHINDO DIGITAL. Bagikan link toko kami https://www.tokopedia.com/chindo-digital kepada teman-teman kamu. Jangan lupa follow toko kami untuk tahu update terbaru tentang stok dan produk yang kami tawarkan.
Powerbank 20000 Mah Mini With 4 Usb Cable Lighrweight Universal Powerbank Led Display Baterai Pengisi Charger,1923656218,5,"pB nya bagus bet, mungil harga diskon lebih dr setengah harga  kena 60 ribuan lebih, Dari harga 120 ribuan. mantab",1771042326,2 bulan lalu,BLACK,False,Muhdi,0,False,False,Terima kasih telah berbelanja di CHINDO DIGITAL. Bagikan link toko kami https://www.tokopedia.com/chindo-digital kepada teman-teman kamu. Jangan lupa follow toko kami untuk tahu update terbaru tentang stok dan produk yang kami tawarkan.
Powerbank 20000 Mah Mini With 4 Usb Cable Lighrweight Universal Powerbank Led Display Baterai Pengisi Charger,1923293358,5,"Kejernihan lensa: bagus
Kualitas pengerjaan: kerennnn
Performa: ok",1771028232,2 bulan lalu,PURPLE,True,Anonymous,0,True,False,
Powerbank 20000 Mah Mini With 4 Usb Cable Lighrweight Universal Powerbank Led Display Baterai Pengisi Charger,1922852791,4,Barangnya bagus,1770991296,2 bulan lalu,BLACK,True,Anonymous,0,False,False,
Powerbank 20000 Mah Mini With 4 Usb Cable Lighrweight Universal Powerbank Led Display Baterai Pengisi Charger,1922045557,5,y,1770967740,2 bulan lalu,PURPLE,True,Anonymous,0,False,False,
Powerbank 20000 Mah Mini With 4 Usb Cable Lighrweight Universal Powerbank Led Display Baterai Pengisi Charger,1921539287,2,"Paketnya sesuai sih sama di gambar tapi baru pakek 10 menitan   dari batrai 100 udah langsung habis aja
Sumpah awalnya seneng jadi kecewa berat😟",1770952868,2 bulan lalu,BLACK,True,Anonymous,0,True,False,
Powerbank 20000 Mah Mini With 4 Usb Cable Lighrweight Universal Powerbank Led Display Baterai Pengisi Charger,1921479961,5,"Alhamdulilaah barang nyampe dengan selamat, barang sesuai keinginan",1770950997,2 bulan lalu,BLACK,True,Anonymous,0,True,False,
Powerbank 20000 Mah Mini With 4 Usb Cable Lighrweight Universal Powerbank Led Display Baterai Pengisi Charger,1921008771,5,"Kejernihan lensa: Okokok
Kualitas pengerjaan: Okokok
Performa: Nah ini semoga ok.",1770910857,2 bulan lalu,BLACK,True,Anonymous,0,True,False,
Powerbank 20000 Mah Mini With 4 Usb Cable Lighrweight Universal Powerbank Led Display Baterai Pengisi Charger,1920180285,5,Saran saya nih cari paket nya yg cepat ya kak hampir 4hari belum sampai.memang barang nya bagus?,1770885890,2 bulan lalu,BLACK,True,Anonymous,0,True,False,
Powerbank 20000 Mah Mini With 4 Usb Cable Lighrweight Universal Powerbank Led Display Baterai Pengisi Charger,1920000705,2,Performa: Tulisan Nya 20k Mah tapi tapi dipake cuma ngisi 25% udah habis,1770880436,2 bulan lalu,BLACK,True,Anonymous,0,False,False,
Powerbank 20000 Mah Mini With 4 Usb Cable Lighrweight Universal Powerbank Led Display Baterai Pengisi Charger,1919654262,5,Nah,1770870502,2 bulan lalu,PINK,True,Anonymous,0,False,False,
Powerbank 20000 Mah Mini With 4 Usb Cable Lighrweight Universal Powerbank Led Display Baterai Pengisi Charger,1919429543,5,Bagus banget aku suka orang nya amanah banget,1770863733,2 bulan lalu,PINK,True,Anonymous,0,False,False,
Powerbank 20000 Mah Mini With 4 Usb Cable Lighrweight Universal Powerbank Led Display Baterai Pengisi Charger,1918648831,5,"pemesanan diproses dgn cepat, pengiriman cepat. Paket dipacking dgn baik, power banknya aman dan berfungsi dgn baik. Warna ungunya soft, bagus. Hanya kabel type C bawaannya kenapa ngga bisa masuk di HP saya ya, ahah. Over all, Makasih bnyk",1770812349,2 bulan lalu,PURPLE,True,Anonymous,0,True,False,Terima kasih telah berbelanja di CHINDO DIGITAL. Bagikan link toko kami https://www.tokopedia.com/chindo-digital kepada teman-teman kamu. Jangan lupa follow toko kami untuk tahu update terbaru tentang stok dan produk yang kami tawarkan.
Powerbank 20000 Mah Mini With 4 Usb Cable Lighrweight Universal Powerbank Led Display Baterai Pengisi Charger,1918253625,5,desainnya bagus👍,1770802539,2 bulan lalu,PURPLE,True,Anonymous,0,True,False,
Powerbank 20000 Mah Mini With 4 Usb Cable Lighrweight Universal Powerbank Led Display Baterai Pengisi Charger,1917962087,5,Sangat bagussss,1770795224,2 bulan lalu,BLACK,True,Anonymous,0,False,False,
Powerbank 20000 Mah Mini With 4 Usb Cable Lighrweight Universal Powerbank Led Display Baterai Pengisi Charger,1917789400,5,"Barang Baru Sampai, diantar Smaa Kurir Yg Sabar dan Baik, Barang Power Bank Nya Sesuai dgn di Live, Semoga Awet Power Bank Nya, Ntar Saya Promosikan Ke Tempat Kerja saya.",1770791862,2 bulan lalu,BLACK,True,Anonymous,0,False,True,
Powerbank 20000 Mah Mini With 4 Usb Cable Lighrweight Universal Powerbank Led Display Baterai Pengisi Charger,1917733425,3,"Pesan warna hitam, malah yang kirim pink.",1770790129,2 bulan lalu,BLACK,True,Anonymous,0,False,False,
Powerbank 20000 Mah Mini With 4 Usb Cable Lighrweight Universal Powerbank Led Display Baterai Pengisi Charger,1917540782,5,"Paket sudah diterima, barang ok, kwalitas oke lah walaupun belum dicoba",1770784835,2 bulan lalu,BLACK,True,Anonymous,0,True,False,
Powerbank 20000 Mah Mini With 4 Usb Cable Lighrweight Universal Powerbank Led Display Baterai Pengisi Charger,1917342245,2,Dalemnya gak kenceng.....koclak gt klo d pegang,1770779254,2 bulan lalu,BLACK,True,Anonymous,0,False,False,
Powerbank 20000 Mah Mini With 4 Usb Cable Lighrweight Universal Powerbank Led Display Baterai Pengisi Charger,1917061238,5,Kualitas pengerjaan: baguss,1770765647,2 bulan lalu,BLACK,True,Anonymous,0,False,False,
Powerbank 20000 Mah Mini With 4 Usb Cable Lighrweight Universal Powerbank Led Display Baterai Pengisi Charger,1916511249,5,Paket sesuai pesanan. Udh dicoba dan semua bekerja dgn baik. Semoga awet dan tahan lama.,1770725033,2 bulan lalu,BLACK,True,Anonymous,0,True,True,
Powerbank 20000 Mah Mini With 4 Usb Cable Lighrweight Universal Powerbank Led Display Baterai Pengisi Charger,1916043411,5,"powerbank nya berfungsi dengan baik, baguss, work it banget dengan harga segini",1770710536,2 bulan lalu,BLACK,True,Anonymous,0,False,False,
Powerbank 20000 Mah Mini With 4 Usb Cable Lighrweight Universal Powerbank Led Display Baterai Pengisi Charger,1915824340,5,Sesuai pesanan kk,1770702479,2 bulan lalu,BLACK,True,Anonymous,0,False,False,
Powerbank 20000 Mah Mini With 4 Usb Cable Lighrweight Universal Powerbank Led Display Baterai Pengisi Charger,1915234648,2,"Baru ngecas 1 kali, itupun masih 75 persen sudah habis.",1770676987,2 bulan lalu,BLACK,True,Anonymous,0,True,False,
Powerbank 20000 Mah Mini With 4 Usb Cable Lighrweight Universal Powerbank Led Display Baterai Pengisi Charger,1915013063,2,Kejernihan lensa: Biasa aja,1770650808,2 bulan lalu,BLACK,True,Anonymous,0,False,False,
Powerbank 20000 Mah Mini With 4 Usb Cable Lighrweight Universal Powerbank Led Display Baterai Pengisi Charger,1914616233,5,barang udah nyampe terimkasih kak semoga awet barang nya,1770636360,2 bulan lalu,BLACK,True,Anonymous,0,False,False,
Powerbank 20000 Mah Mini With 4 Usb Cable Lighrweight Universal Powerbank Led Display Baterai Pengisi Charger,1914590412,5,"Terima kasih seller paket sudah diterima,sudah dicoba semua berfungsi dengan baik,recommended pokoknya",1770635651,2 bulan lalu,BLACK,True,Anonymous,0,True,False,
Powerbank 20000 Mah Mini With 4 Usb Cable Lighrweight Universal Powerbank Led Display Baterai Pengisi Charger,1914459736,5,"Bagus real bngt sesuai gambar
Thanks buat tokonya sukses selalu",1770631878,2 bulan lalu,BLACK,True,Anonymous,0,True,False,
Powerbank 20000 Mah Mini With 4 Usb Cable Lighrweight Universal Powerbank Led Display Baterai Pengisi Charger,1914391046,4,Bgus lucu mungil awet ❤️🫶🏻,1770629752,2 bulan lalu,PINK,True,Anonymous,0,True,False,
Powerbank 20000 Mah Mini With 4 Usb Cable Lighrweight Universal Powerbank Led Display Baterai Pengisi Charger,1914164608,3,"Kejernihan lensa: Oke
Kualitas pengerjaan: Aku pesan purple datang barang hitam..",1770622641,2 bulan lalu,PURPLE,True,Anonymous,0,True,False,
Powerbank 20000 Mah Mini With 4 Usb Cable Lighrweight Universal Powerbank Led Display Baterai Pengisi Charger,1913622376,5,Bagus bgt barangnya seusuai pitc dan mudah dipake,1770606294,2 bulan lalu,PINK,True,Anonymous,0,True,False,
Powerbank 20000 Mah Mini With 4 Usb Cable Lighrweight Universal Powerbank Led Display Baterai Pengisi Charger,1913214888,5,alhamdulillah pesanan sudah samp dengan tepat waktu dan barang sesuai yg di gambar kualitas barang sangat puas tidak mengecewakanl,1770578922,2 bulan lalu,BLACK,True,Anonymous,0,False,False,
Powerbank 20000 Mah Mini With 4 Usb Cable Lighrweight Universal Powerbank Led Display Baterai Pengisi Charger,1912690290,2,Sangat kecewa,1770554905,2 bulan lalu,BLACK,True,Anonymous,0,False,False,
Powerbank 20000 Mah Mini With 4 Usb Cable Lighrweight Universal Powerbank Led Display Baterai Pengisi Charger,1912535446,5,"kualitasnya bagus, praktis banget buat dibawa bepergian",1770551320,2 bulan lalu,BLACK,True,Anonymous,0,False,False,
Powerbank 20000 Mah Mini With 4 Usb Cable Lighrweight Universal Powerbank Led Display Baterai Pengisi Charger,1912474091,5,"Bagus, semoga tahan lama, dan awet.",1770549547,2 bulan lalu,BLACK,True,Anonymous,0,True,False,
Powerbank 20000 Mah Mini With 4 Usb Cable Lighrweight Universal Powerbank Led Display Baterai Pengisi Charger,1912419110,5,Bintang yg berbicara,1770547968,2 bulan lalu,BLACK,True,Anonymous,0,False,False,
Powerbank 20000 Mah Mini With 4 Usb Cable Lighrweight Universal Powerbank Led Display Baterai Pengisi Charger,1912018279,1,Powerbank nya tidak bisa pakai,1770534231,2 bulan lalu,BLACK,True,Anonymous,0,False,False,
Powerbank 20000 Mah Mini With 4 Usb Cable Lighrweight Universal Powerbank Led Display Baterai Pengisi Charger,1911580816,5,"paket sdh diterima, aman dan sesuai pesanan, langsung dicarghe, berfungsi dgn baik...👍",1770519891,2 bulan lalu,BLACK,True,Anonymous,0,True,False,Terima kasih telah berbelanja di CHINDO DIGITAL. Bagikan link toko kami https://www.tokopedia.com/chindo-digital kepada teman-teman kamu. Jangan lupa follow toko kami untuk tahu update terbaru tentang stok dan produk yang kami tawarkan.
Powerbank 20000 Mah Mini With 4 Usb Cable Lighrweight Universal Powerbank Led Display Baterai Pengisi Charger,1910808050,3,Kualitas pengerjaan: Bagus tpi sayang pawar bank&#39;y cepet ngedrop,1770466079,2 bulan lalu,BLACK,True,Anonymous,0,False,False,
Powerbank 20000 Mah Mini With 4 Usb Cable Lighrweight Universal Powerbank Led Display Baterai Pengisi Charger,1910723323,5,"Kejernihan lensa: Bening dn mulus
Kualitas pengerjaan: Sngat bagus nyaman dipakai",1770463444,2 bulan lalu,BLACK,True,Anonymous,0,True,False,
Powerbank 20000 Mah Mini With 4 Usb Cable Lighrweight Universal Powerbank Led Display Baterai Pengisi Charger,1910453900,5,"Bagus sekali, sesuai gambar☺️",1770455197,2 bulan lalu,PINK,True,Anonymous,0,True,False,
Powerbank 20000 Mah Mini With 4 Usb Cable Lighrweight Universal Powerbank Led Display Baterai Pengisi Charger,1910165620,4,Performa: Lumayan.. Blum ada fitur pengisian cepat.. Tapi bagus lah sesuai harga,1770445397,2 bulan lalu,BLACK,True,Anonymous,0,False,False,
Powerbank 20000 Mah Mini With 4 Usb Cable Lighrweight Universal Powerbank Led Display Baterai Pengisi Charger,1909541744,5,"Kejernihan lensa: Bagus
Kualitas pengerjaan: Bagus
Performa: Bagus, cuman cepet habis aja",1770422519,2 bulan lalu,BLACK,True,Anonymous,0,False,False,
Powerbank 20000 Mah Mini With 4 Usb Cable Lighrweight Universal Powerbank Led Display Baterai Pengisi Charger,1909365259,1,Apa tai kata ny 20000 mha ko baru ces ip 13 sampe 70 udah habis,1770396301,2 bulan lalu,BLACK,True,Anonymous,0,False,False,
Powerbank 20000 Mah Mini With 4 Usb Cable Lighrweight Universal Powerbank Led Display Baterai Pengisi Charger,1909265863,1,BURUK SEKALI TIDAK SESUAI,1770390025,2 bulan lalu,BLACK,True,Anonymous,0,False,False,
Powerbank 20000 Mah Mini With 4 Usb Cable Lighrweight Universal Powerbank Led Display Baterai Pengisi Charger,1908350761,5,Power bank nya bagus banget 😌,1770360966,2 bulan lalu,BLACK,True,Anonymous,0,False,False,
Powerbank 20000 Mah Mini With 4 Usb Cable Lighrweight Universal Powerbank Led Display Baterai Pengisi Charger,1908310265,5,"Sesuai pesanan,kurirny ranah",1770359787,2 bulan lalu,BLACK,True,Anonymous,0,False,False,
Powerbank 20000 Mah Mini With 4 Usb Cable Lighrweight Universal Powerbank Led Display Baterai Pengisi Charger,1907721288,5,.,1770342464,2 bulan lalu,BLACK,True,Anonymous,0,False,False,
Powerbank 20000 Mah Mini With 4 Usb Cable Lighrweight Universal Powerbank Led Display Baterai Pengisi Charger,1907695612,3,"Pengiriman cepat,,,power bank&#39;a bagus tp sayang ga bisa buat ngecas,,,hny lampu yg bisa nyala",1770341429,2 bulan lalu,PURPLE,True,Anonymous,0,True,False,
Powerbank 20000 Mah Mini With 4 Usb Cable Lighrweight Universal Powerbank Led Display Baterai Pengisi Charger,1907487075,5,"Sampai dg selamat, pengiriman cepat
Semua dalam keadaan baik,Batre nya 75 persen JD GK perlu lama² nge cash lagi.semoga awet",1770328614,2 bulan lalu,PURPLE,True,Anonymous,1,False,True,
Powerbank 20000 Mah Mini With 4 Usb Cable Lighrweight Universal Powerbank Led Display Baterai Pengisi Charger,1907402747,5,Keren dan Berpunngsi dgn sempurna,1770313190,2 bulan lalu,BLACK,True,Anonymous,0,False,True,
Powerbank 20000 Mah Mini With 4 Usb Cable Lighrweight Universal Powerbank Led Display Baterai Pengisi Charger,1907015922,5,MANTAB....,1770295516,2 bulan lalu,BLACK,True,Anonymous,0,True,False,
Powerbank 20000 Mah Mini With 4 Usb Cable Lighrweight Universal Powerbank Led Display Baterai Pengisi Charger,1906993622,5,"Paket sudah di terima ,, barang real sesuai bnget berfungsi dgn baik jga",1770294860,2 bulan lalu,PINK,True,Anonymous,0,True,False,
Powerbank 20000 Mah Mini With 4 Usb Cable Lighrweight Universal Powerbank Led Display Baterai Pengisi Charger,1906988238,5,"Produk sangat bagus &#34;Produk ini beneran tahan lama dan kualitasnya premium, beda banget sama yang lain!&#34;
&#34;Kualitas bahan istimewa, sangat nyaman digunakan seharian&#34;.",1770294707,2 bulan lalu,BLACK,True,Anonymous,0,False,False,
Powerbank 20000 Mah Mini With 4 Usb Cable Lighrweight Universal Powerbank Led Display Baterai Pengisi Charger,1906624486,5,"Paket nya sudah sampe, barang nya kecil mungil praktia",1770285195,2 bulan lalu,BLACK,True,Anonymous,0,True,False,
Powerbank 20000 Mah Mini With 4 Usb Cable Lighrweight Universal Powerbank Led Display Baterai Pengisi Charger,1906249165,5,Mantab ..,1770274123,2 bulan lalu,BLACK,True,Anonymous,0,False,False,
Powerbank 20000 Mah Mini With 4 Usb Cable Lighrweight Universal Powerbank Led Display Baterai Pengisi Charger,1906142949,5,Kualitas pengerjaan: Bagus dan semoga awet,1770270902,2 bulan lalu,BLACK,True,Anonymous,0,False,False,
Powerbank 20000 Mah Mini With 4 Usb Cable Lighrweight Universal Powerbank Led Display Baterai Pengisi Charger,1905981732,5,"Powerbank mini sudah dateng, pengiriman cepat, dan siap digunakan, kalau masalah mengisi daya lumayan lah dan ada senternya juga malah, pokonya the best lah",1770266595,2 bulan lalu,BLACK,True,Anonymous,0,True,False,
Powerbank 20000 Mah Mini With 4 Usb Cable Lighrweight Universal Powerbank Led Display Baterai Pengisi Charger,1905698931,5,Bagus dan awet,1770258520,2 bulan lalu,BLACK,True,Anonymous,0,False,False,
Powerbank 20000 Mah Mini With 4 Usb Cable Lighrweight Universal Powerbank Led Display Baterai Pengisi Charger,1905673679,3,"Quality of work: Baru di pakai nge charge sekali udah habis aja, kirain bisa pakai 2-3 Kali pakai 😌",1770257646,2 bulan lalu,BLACK,True,Anonymous,0,False,False,
Powerbank 20000 Mah Mini With 4 Usb Cable Lighrweight Universal Powerbank Led Display Baterai Pengisi Charger,1905346270,1,Di Komentar nya pada bilng bagus ..boro boro ini aja Kabel nya tidak berfungsi sama skli,1770229117,2 bulan lalu,BLACK,True,Anonymous,0,False,False,
Powerbank 20000 Mah Mini With 4 Usb Cable Lighrweight Universal Powerbank Led Display Baterai Pengisi Charger,1905182498,1,Sangat kecewa baru 40 persen udah mati saya sangat kecewa,1770216890,2 bulan lalu,BLACK,True,Anonymous,0,False,False,
Powerbank 20000 Mah Mini With 4 Usb Cable Lighrweight Universal Powerbank Led Display Baterai Pengisi Charger,1904929969,5,"Barang bagus, sesuai dengan gambar",1770208756,2 bulan lalu,BLACK,True,Anonymous,0,True,False,
Powerbank 20000 Mah Mini With 4 Usb Cable Lighrweight Universal Powerbank Led Display Baterai Pengisi Charger,1904917975,5,"Terimakasih .. kiriman paketnya sudah sampai, bagus bangeet power bank nya, recommended pokoknya, aku langsung pake nge-charge Hpku, cepet banget penuh nya, sebelumnya lihat dulu orang-orang yang sudah pada beli &amp; baca ulasan nya juga, ulasan nya pada bagus2, akhirnya terbukti memang bagus👍🏻👍🏻😘",1770208435,2 bulan lalu,BLACK,True,Anonymous,0,True,False,
Powerbank 20000 Mah Mini With 4 Usb Cable Lighrweight Universal Powerbank Led Display Baterai Pengisi Charger,1904766774,4,"Bagus tapi sayang lampunya ngga bisa nyalah,daya 100% cuman bisa ngisi 40 % di Hp",1770204571,2 bulan lalu,PINK,True,Anonymous,0,False,False,
Powerbank 20000 Mah Mini With 4 Usb Cable Lighrweight Universal Powerbank Led Display Baterai Pengisi Charger,1904636554,5,Paket sudah di terima blm di buka moga awet,1770201503,2 bulan lalu,BLACK,True,Anonymous,0,True,False,
Powerbank 20000 Mah Mini With 4 Usb Cable Lighrweight Universal Powerbank Led Display Baterai Pengisi Charger,1904626794,5,Mantap banget barang nya dengan harga segini,1770201254,2 bulan lalu,BLACK,True,Anonymous,0,True,False,
Powerbank 20000 Mah Mini With 4 Usb Cable Lighrweight Universal Powerbank Led Display Baterai Pengisi Charger,1904589949,5,Sesuai pesanan,1770200326,2 bulan lalu,BLACK,True,Anonymous,0,False,False,
Powerbank 20000 Mah Mini With 4 Usb Cable Lighrweight Universal Powerbank Led Display Baterai Pengisi Charger,1904516462,3,Unik dan elegan...cuma kurang rekomended jk utk bepergian jauh... cepat habis...padahal pengisian baru 20% tp langsung habis,1770198353,2 bulan lalu,BLACK,True,Anonymous,0,True,False,
Powerbank 20000 Mah Mini With 4 Usb Cable Lighrweight Universal Powerbank Led Display Baterai Pengisi Charger,1904514760,5,mantap gan..tq 👍,1770198306,2 bulan lalu,BLACK,True,Anonymous,0,True,False,
Powerbank 20000 Mah Mini With 4 Usb Cable Lighrweight Universal Powerbank Led Display Baterai Pengisi Charger,1904501344,5,"Semua telah berfungsi, dan normal dan baik
Semoga awet..",1770197935,2 bulan lalu,BLACK,True,Anonymous,0,True,False,
Powerbank 20000 Mah Mini With 4 Usb Cable Lighrweight Universal Powerbank Led Display Baterai Pengisi Charger,1904456678,1,"Kaga sesuai kapasitas nya,cepet banget abis",1770196726,2 bulan lalu,BLACK,True,Anonymous,0,False,False,
Powerbank 20000 Mah Mini With 4 Usb Cable Lighrweight Universal Powerbank Led Display Baterai Pengisi Charger,1903477066,5,"Alhamdulillah, mau normal aja brang nya",1770168122,2 bulan lalu,BLACK,True,Anonymous,0,False,False,
Powerbank 20000 Mah Mini With 4 Usb Cable Lighrweight Universal Powerbank Led Display Baterai Pengisi Charger,1903446390,5,"packing aman, kualitas bagus",1770166710,2 bulan lalu,PINK,True,Anonymous,0,False,False,
Powerbank 20000 Mah Mini With 4 Usb Cable Lighrweight Universal Powerbank Led Display Baterai Pengisi Charger,1903409657,5,enak kalo di bawa kmn”,1770164701,2 bulan lalu,PINK,True,Anonymous,0,False,False,
Powerbank 20000 Mah Mini With 4 Usb Cable Lighrweight Universal Powerbank Led Display Baterai Pengisi Charger,1903154480,5,Barang sesuai dengan iklan saya sangat suka,1770134001,2 bulan lalu,BLACK,True,Anonymous,0,True,False,
Powerbank 20000 Mah Mini With 4 Usb Cable Lighrweight Universal Powerbank Led Display Baterai Pengisi Charger,1903106455,5,Hanya bintang yg berbicara,1770131419,2 bulan lalu,BLACK,True,Anonymous,0,False,False,
Powerbank 20000 Mah Mini With 4 Usb Cable Lighrweight Universal Powerbank Led Display Baterai Pengisi Charger,1903099336,5,bagus,1770131100,2 bulan lalu,BLACK,True,Anonymous,0,True,False,
Powerbank 20000 Mah Mini With 4 Usb Cable Lighrweight Universal Powerbank Led Display Baterai Pengisi Charger,1902739459,5,"Bagus, sangat puas, semoga awet",1770119158,2 bulan lalu,BLACK,True,Anonymous,0,False,False,
Powerbank 20000 Mah Mini With 4 Usb Cable Lighrweight Universal Powerbank Led Display Baterai Pengisi Charger,1902514918,5,Berfungsi,1770113283,2 bulan lalu,BLACK,True,Anonymous,0,False,False,
Powerbank 20000 Mah Mini With 4 Usb Cable Lighrweight Universal Powerbank Led Display Baterai Pengisi Charger,1902473779,5,"Alhamdulillah baguss dan berfungsi dengan baikkk dan semua berfungsi dan menurutku cepet juga ngisi baterai nya Alhamdulillah nggak mengecewakan,warna pink nya lucu kiyut imut dan menggemaskan pokoknya semua baguss i like it makasii kurir dan produk nya yang cepet nganternya dan ramah juga thankyou",1770111977,2 bulan lalu,PINK,True,Anonymous,0,False,False,
Powerbank 20000 Mah Mini With 4 Usb Cable Lighrweight Universal Powerbank Led Display Baterai Pengisi Charger,1902383988,5,Ok mantul. Sip 👍,1770108981,2 bulan lalu,BLACK,True,Anonymous,0,True,False,
Powerbank 20000 Mah Mini With 4 Usb Cable Lighrweight Universal Powerbank Led Display Baterai Pengisi Charger,1902375435,5,paketan sudah diterima dengan aman packingya dan kurir ramah sukses selalu buat seller terima kasiih.,1770108683,2 bulan lalu,BLACK,True,Anonymous,0,True,False,
Powerbank 20000 Mah Mini With 4 Usb Cable Lighrweight Universal Powerbank Led Display Baterai Pengisi Charger,1902339919,5,"sudah sampai, sangat bagus dan bermanfaat.",1770107363,2 bulan lalu,BLACK,True,Anonymous,0,True,False,
Powerbank 20000 Mah Mini With 4 Usb Cable Lighrweight Universal Powerbank Led Display Baterai Pengisi Charger,1902242638,5,berfungsi dengan baik,1770104309,2 bulan lalu,BLACK,True,Anonymous,0,False,False,
Powerbank 20000 Mah Mini With 4 Usb Cable Lighrweight Universal Powerbank Led Display Baterai Pengisi Charger,1902238121,5,Semua bagus mudah2an awet,1770104146,2 bulan lalu,BLACK,True,Anonymous,0,True,False,
Powerbank 20000 Mah Mini With 4 Usb Cable Lighrweight Universal Powerbank Led Display Baterai Pengisi Charger,1902139664,5,"Paketnya dh ku terima,, sesuai yg aku inginkn wrna ping bagus berpungsi dng baik",1770100663,2 bulan lalu,PINK,True,Anonymous,0,True,False,
Powerbank 20000 Mah Mini With 4 Usb Cable Lighrweight Universal Powerbank Led Display Baterai Pengisi Charger,1901925049,5,"Bermanfaat bnget  bila mati lampu 
TPI cepet habis KLO sambil di pke hp nya 
KLO ngga sambil di pke cepet masuk dan awet di power bank",1770093551,2 bulan lalu,BLACK,True,Anonymous,0,False,False,
Powerbank 20000 Mah Mini With 4 Usb Cable Lighrweight Universal Powerbank Led Display Baterai Pengisi Charger,1901286710,5,bagus barangnya suka dan puas sekalii 😇,1770049570,2 bulan lalu,PINK,True,Anonymous,0,True,False,
Powerbank 20000 Mah Mini With 4 Usb Cable Lighrweight Universal Powerbank Led Display Baterai Pengisi Charger,1901258038,1,"Barang kurang bagus buat isi satu hp doang UD habis batrei ya.ngak cukup isi batrei penuh .
Produk ya kurang bagus",1770047643,2 bulan lalu,BLACK,True,Anonymous,0,False,False,
Powerbank 20000 Mah Mini With 4 Usb Cable Lighrweight Universal Powerbank Led Display Baterai Pengisi Charger,1901234099,5,"Terima kasih Barang pesanan saya sudah sampai.
Cepat bngt proses nya dan bagus bngt powerbank nya imut..",1770046367,2 bulan lalu,BLACK,True,Anonymous,0,True,False,
Powerbank 20000 Mah Mini With 4 Usb Cable Lighrweight Universal Powerbank Led Display Baterai Pengisi Charger,1900953156,4,"Pengisiannya cepet dan habis nya juga cepet ,barang aman rillpik ,Okh GK pplah",1770036111,2 bulan lalu,BLACK,True,Anonymous,0,True,False,
Powerbank 20000 Mah Mini With 4 Usb Cable Lighrweight Universal Powerbank Led Display Baterai Pengisi Charger,1900933343,5,Barang telah sampai semoga awet dan tidak cepat rusak,1770035486,2 bulan lalu,BLACK,True,Anonymous,0,False,False,
Powerbank 20000 Mah Mini With 4 Usb Cable Lighrweight Universal Powerbank Led Display Baterai Pengisi Charger,1900892685,5,"Kejernihan lensa: sangatttt bagusss  sekaliii
Kualitas pengerjaan: sangattt bagusss sekaliii",1770034181,2 bulan lalu,PINK,True,Anonymous,0,True,False,
Powerbank 20000 Mah Mini With 4 Usb Cable Lighrweight Universal Powerbank Led Display Baterai Pengisi Charger,1900864828,4,"Barang sampai dg selamat berfungsi dg baik tapi tdk muncul tanda petir di hp ketika ngecas, semoga awet saja",1770033267,2 bulan lalu,BLACK,True,Anonymous,0,True,False,
Powerbank 20000 Mah Mini With 4 Usb Cable Lighrweight Universal Powerbank Led Display Baterai Pengisi Charger,1900825256,5,"Kualitas pengerjaan: Bagus
Kejernihan lensa: Baik",1770031953,2 bulan lalu,BLACK,True,Anonymous,0,False,False,
Powerbank 20000 Mah Mini With 4 Usb Cable Lighrweight Universal Powerbank Led Display Baterai Pengisi Charger,1900347130,5,"Kurir nya kurang baik, suruh jemput paket nyaa  dan waktu dalam perjalanan saya jatuh dari kereta
🥺🥺",1770017714,2 bulan lalu,PINK,True,Anonymous,0,True,True,
Powerbank 20000 Mah Mini With 4 Usb Cable Lighrweight Universal Powerbank Led Display Baterai Pengisi Charger,1900232164,4,"Gabus, tapi belum dicoba apa tahan lama atau tidak",1770014131,2 bulan lalu,BLACK,True,Anonymous,0,False,False,
Powerbank 20000 Mah Mini With 4 Usb Cable Lighrweight Universal Powerbank Led Display Baterai Pengisi Charger,1900051312,5,Mantap,1770008924,2 bulan lalu,BLACK,True,Anonymous,0,True,False,
Powerbank 20000 Mah Mini With 4 Usb Cable Lighrweight Universal Powerbank Led Display Baterai Pengisi Charger,1900014127,5,barang bagus,1770007910,2 bulan lalu,BLACK,True,Anonymous,0,False,False,
Powerbank 20000 Mah Mini With 4 Usb Cable Lighrweight Universal Powerbank Led Display Baterai Pengisi Charger,1899929621,1,Cepat habis batreynya,1770005692,2 bulan lalu,BLACK,True,Anonymous,0,False,False,
Powerbank 20000 Mah Mini With 4 Usb Cable Lighrweight Universal Powerbank Led Display Baterai Pengisi Charger,1899895799,5,"Kejernihan lensa: Ok
Kualitas pengerjaan: Ok
Warna sesuai, packing rapi dan Alhamdulillah perangkat aman dan bisa dipake",1770004787,2 bulan lalu,PINK,True,Anonymous,0,True,False,
Powerbank 20000 Mah Mini With 4 Usb Cable Lighrweight Universal Powerbank Led Display Baterai Pengisi Charger,1899489580,5,Alhamdulillah paket udah datang bagus.  Mudah2an awet,1769990258,2 bulan lalu,BLACK,True,Anonymous,0,True,False,
Powerbank 20000 Mah Mini With 4 Usb Cable Lighrweight Universal Powerbank Led Display Baterai Pengisi Charger,1899487637,5,"Kejernihan lensa: Kuat untuk 2 hari
Kualitas pengerjaan: Bagus",1769990136,2 bulan lalu,PINK,True,Anonymous,0,False,False,
Powerbank 20000 Mah Mini With 4 Usb Cable Lighrweight Universal Powerbank Led Display Baterai Pengisi Charger,1899454930,5,lucu bagett paketnyaa,1769987966,2 bulan lalu,PINK,True,Anonymous,0,False,False,
Powerbank 20000 Mah Mini With 4 Usb Cable Lighrweight Universal Powerbank Led Display Baterai Pengisi Charger,1899326693,5,Mantap,1769975080,2 bulan lalu,BLACK,True,Anonymous,0,False,False,
Powerbank 20000 Mah Mini With 4 Usb Cable Lighrweight Universal Powerbank Led Display Baterai Pengisi Charger,1899146354,5,Bgs cpt dtng,1769958565,2 bulan lalu,PINK,True,Anonymous,0,False,False,
Powerbank 20000 Mah Mini With 4 Usb Cable Lighrweight Universal Powerbank Led Display Baterai Pengisi Charger,1898841407,1,Powerbank nya jelek cepet lowbet,1769947754,2 bulan lalu,BLACK,True,Anonymous,0,False,False,
Powerbank 20000 Mah Mini With 4 Usb Cable Lighrweight Universal Powerbank Led Display Baterai Pengisi Charger,1898703214,5,"Alhamdulillah paketnya udh dateng dan sesuai pesanan, mksh untuk semuanya semoga berpungsi dgn baik",1769943862,2 bulan lalu,BLACK,True,Anonymous,0,False,False,
Powerbank 20000 Mah Mini With 4 Usb Cable Lighrweight Universal Powerbank Led Display Baterai Pengisi Charger,1898601654,5,barang masih disegel rapi dan terlindung dengan bubblewrap,1769940788,2 bulan lalu,PINK,True,Anonymous,0,True,False,Terima kasih telah berbelanja di CHINDO DIGITAL. Bagikan link toko kami https://www.tokopedia.com/chindo-digital kepada teman-teman kamu. Jangan lupa follow toko kami untuk tahu update terbaru tentang stok dan produk yang kami tawarkan.
Powerbank 20000 Mah Mini With 4 Usb Cable Lighrweight Universal Powerbank Led Display Baterai Pengisi Charger,1898172112,5,Mantap,1769926520,2 bulan lalu,BLACK,True,Anonymous,0,False,False,
Powerbank 20000 Mah Mini With 4 Usb Cable Lighrweight Universal Powerbank Led Display Baterai Pengisi Charger,1898008372,5,Performa: Bagus,1769921469,2 bulan lalu,PINK,True,Anonymous,0,False,False,
Powerbank 20000 Mah Mini With 4 Usb Cable Lighrweight Universal Powerbank Led Display Baterai Pengisi Charger,1898001975,5,Barang nya sudah sampai dengan cepat,1769921286,2 bulan lalu,BLACK,True,Anonymous,0,False,False,
Powerbank 20000 Mah Mini With 4 Usb Cable Lighrweight Universal Powerbank Led Display Baterai Pengisi Charger,1898001183,4,Produk sampai selamat tapi ketika digunakan cepat berkurang,1769921263,2 bulan lalu,BLACK,True,Anonymous,0,False,False,
Powerbank 20000 Mah Mini With 4 Usb Cable Lighrweight Universal Powerbank Led Display Baterai Pengisi Charger,1897980797,5,barang nya bagus “ hnya ini tombol untuk nyalain senternya ga nemu “ dah dapat kabel cas nya juga “ tapi aslinya powerbanknya mini/ kecil banget “ seukuran telapak tangan “ jadi gampang mau di bawa ke mana aja “ trus tombol on dan off nya”satu tempat jadi bingung cara nyalain dan matiin nya.,1769920674,2 bulan lalu,BLACK,True,Anonymous,0,True,False,
Powerbank 20000 Mah Mini With 4 Usb Cable Lighrweight Universal Powerbank Led Display Baterai Pengisi Charger,1897588253,5,Kualitas barang lumayan bagus,1769906208,2 bulan lalu,BLACK,True,Anonymous,0,False,True,
Powerbank 20000 Mah Mini With 4 Usb Cable Lighrweight Universal Powerbank Led Display Baterai Pengisi Charger,1897211600,4,Mantap,1769869920,2 bulan lalu,BLACK,True,Anonymous,0,False,False,
Powerbank 20000 Mah Mini With 4 Usb Cable Lighrweight Universal Powerbank Led Display Baterai Pengisi Charger,1897041768,5,Kualitas pengerjaan: sangat bagus,1769863508,2 bulan lalu,BLACK,True,Anonymous,0,False,False,
Powerbank 20000 Mah Mini With 4 Usb Cable Lighrweight Universal Powerbank Led Display Baterai Pengisi Charger,1896249369,5,bagus,1769838812,2 bulan lalu,BLACK,True,Anonymous,0,True,False,
Powerbank 20000 Mah Mini With 4 Usb Cable Lighrweight Universal Powerbank Led Display Baterai Pengisi Charger,1896117372,4,menurut saya semuanya baik barang maupun pengiriman namun yaa cas cepat terisi dan cepat habis juga menurut saya memang ga tahan lama kalo dipake  berjam jam,1769835058,2 bulan lalu,PINK,True,Anonymous,0,True,False,
Powerbank 20000 Mah Mini With 4 Usb Cable Lighrweight Universal Powerbank Led Display Baterai Pengisi Charger,1895878370,5,"Bagus bangett mantall
Kejernihan lensa: Jerbih
Kualitas pengerjaan: Teramat baguss",1769828333,2 bulan lalu,PINK,True,Anonymous,0,True,False,
Powerbank 20000 Mah Mini With 4 Usb Cable Lighrweight Universal Powerbank Led Display Baterai Pengisi Charger,1895841338,5,Mantappp,1769827189,2 bulan lalu,BLACK,True,Anonymous,0,True,False,
Powerbank 20000 Mah Mini With 4 Usb Cable Lighrweight Universal Powerbank Led Display Baterai Pengisi Charger,1895785315,4,Paketnya sudah sampai branya bagus power bank nya nyala normal tapi  gak tau kuat berpa kli ngecas blm di coba mudah2 bagus paking nya rapih.. pengiriman nya cepat,1769825316,2 bulan lalu,BLACK,True,Anonymous,0,True,False,
Powerbank 20000 Mah Mini With 4 Usb Cable Lighrweight Universal Powerbank Led Display Baterai Pengisi Charger,1895497582,5,Oke,1769805596,2 bulan lalu,BLACK,True,Anonymous,0,True,False,
Powerbank 20000 Mah Mini With 4 Usb Cable Lighrweight Universal Powerbank Led Display Baterai Pengisi Charger,1895091725,2,"Cepet abis pb nya, masa dari full sampe abis ngisi di hp cuma 60%",1769777939,2 bulan lalu,BLACK,True,Anonymous,0,False,False,
Powerbank 20000 Mah Mini With 4 Usb Cable Lighrweight Universal Powerbank Led Display Baterai Pengisi Charger,1895080557,4,bagus,1769777593,2 bulan lalu,PINK,True,Anonymous,0,False,False,
Powerbank 20000 Mah Mini With 4 Usb Cable Lighrweight Universal Powerbank Led Display Baterai Pengisi Charger,1894982181,2,Agak sedikit kecewa karna saat mengecas dari 12% ke 53% baterai powerbanknya udah habis duluan,1769774802,2 bulan lalu,BLACK,True,Anonymous,0,False,False,
Powerbank 20000 Mah Mini With 4 Usb Cable Lighrweight Universal Powerbank Led Display Baterai Pengisi Charger,1894545086,5,Bagus sekali,1769764058,2 bulan lalu,PINK,True,Anonymous,0,True,False,
Powerbank 20000 Mah Mini With 4 Usb Cable Lighrweight Universal Powerbank Led Display Baterai Pengisi Charger,1894417982,5,Allhamdullillah barangnya sdh sampai sesuai dengan di gambar,1769760462,2 bulan lalu,BLACK,True,Anonymous,0,True,False,
Powerbank 20000 Mah Mini With 4 Usb Cable Lighrweight Universal Powerbank Led Display Baterai Pengisi Charger,1894205513,5,baik dan sesuai,1769754800,2 bulan lalu,BLACK,True,Anonymous,0,False,False,
Powerbank 20000 Mah Mini With 4 Usb Cable Lighrweight Universal Powerbank Led Display Baterai Pengisi Charger,1894063924,5,Barang sesuai ekspektasi dan berfungsi dengan baik,1769749686,2 bulan lalu,BLACK,True,Anonymous,0,True,False,
Powerbank 20000 Mah Mini With 4 Usb Cable Lighrweight Universal Powerbank Led Display Baterai Pengisi Charger,1893908251,3,kabel cassannya rusak tp gapapa,1769744700,2 bulan lalu,BLACK,False,Muhammad,0,False,False,
Powerbank 20000 Mah Mini With 4 Usb Cable Lighrweight Universal Powerbank Led Display Baterai Pengisi Charger,1893824049,5,Aku sukaaa Bagus pengiriman si cepat ituuu memang cepat sekaliii yah terimakasih banyak,1769742077,2 bulan lalu,PINK,True,Anonymous,0,True,True,
Powerbank 20000 Mah Mini With 4 Usb Cable Lighrweight Universal Powerbank Led Display Baterai Pengisi Charger,1893384316,3,Ga sesuai yg di harapkan,1769698475,2 bulan lalu,BLACK,True,Anonymous,0,False,False,
Powerbank 20000 Mah Mini With 4 Usb Cable Lighrweight Universal Powerbank Led Display Baterai Pengisi Charger,1893303628,5,belom di coba semoga mantap lah,1769694863,2 bulan lalu,BLACK,True,Anonymous,0,True,False,
Powerbank 20000 Mah Mini With 4 Usb Cable Lighrweight Universal Powerbank Led Display Baterai Pengisi Charger,1893270174,5,barang masih tersegel dengan baik.. kondisi aman,1769693531,2 bulan lalu,BLACK,True,Anonymous,0,True,False,Terima kasih telah berbelanja di CHINDO DIGITAL. Bagikan link toko kami https://www.tokopedia.com/chindo-digital kepada teman-teman kamu. Jangan lupa follow toko kami untuk tahu update terbaru tentang stok dan produk yang kami tawarkan.
Powerbank 20000 Mah Mini With 4 Usb Cable Lighrweight Universal Powerbank Led Display Baterai Pengisi Charger,1892102883,5,"Mantapp barang sesuai, berfungsi dengan semestinya",1769653904,2 bulan lalu,BLACK,True,Anonymous,0,True,False,
Powerbank 20000 Mah Mini With 4 Usb Cable Lighrweight Universal Powerbank Led Display Baterai Pengisi Charger,1891701205,5,Bagus simpel,1769613251,2 bulan lalu,BLACK,True,Anonymous,0,False,False,
Powerbank 20000 Mah Mini With 4 Usb Cable Lighrweight Universal Powerbank Led Display Baterai Pengisi Charger,1891671795,2,"Di goyang berbunyi, dan pengisian ke hp cepat habis",1769611706,2 bulan lalu,BLACK,True,Anonymous,0,False,False,
Powerbank 20000 Mah Mini With 4 Usb Cable Lighrweight Universal Powerbank Led Display Baterai Pengisi Charger,1891608132,5,Lucu warna pink 🤭🥰,1769608838,2 bulan lalu,PINK,True,Anonymous,0,True,False,
Powerbank 20000 Mah Mini With 4 Usb Cable Lighrweight Universal Powerbank Led Display Baterai Pengisi Charger,1891605044,5,"Kabel C-nya kok beda, nggak bisa di pakai jadinya",1769608698,2 bulan lalu,PINK,True,Anonymous,0,False,False,
Powerbank 20000 Mah Mini With 4 Usb Cable Lighrweight Universal Powerbank Led Display Baterai Pengisi Charger,1891385607,5,Sudah diterima dan baru mau dicek,1769601012,2 bulan lalu,BLACK,True,Anonymous,0,False,False,
Powerbank 20000 Mah Mini With 4 Usb Cable Lighrweight Universal Powerbank Led Display Baterai Pengisi Charger,1891153302,5,"Barangnya bagus, cuma lebih teliti lagi dalam penulisan alamat tujuannya😊",1769594192,2 bulan lalu,BLACK,True,Anonymous,0,True,False,
Powerbank 20000 Mah Mini With 4 Usb Cable Lighrweight Universal Powerbank Led Display Baterai Pengisi Charger,1891035205,5,belum dicoba tpi powebanknya lucu,1769590341,2 bulan lalu,PINK,True,Anonymous,0,True,False,
Powerbank 20000 Mah Mini With 4 Usb Cable Lighrweight Universal Powerbank Led Display Baterai Pengisi Charger,1891023448,1,kemakan iklan 👎🏻,1769589938,2 bulan lalu,BLACK,True,Anonymous,0,False,False,
Powerbank 20000 Mah Mini With 4 Usb Cable Lighrweight Universal Powerbank Led Display Baterai Pengisi Charger,1890881206,5,Ok belum di coba,1769585092,2 bulan lalu,BLACK,True,Anonymous,0,False,False,
Powerbank 20000 Mah Mini With 4 Usb Cable Lighrweight Universal Powerbank Led Display Baterai Pengisi Charger,1890496190,5,Pungsi dengn baik.. Rispec keren,1769572416,2 bulan lalu,BLACK,True,Anonymous,0,True,False,
Powerbank 20000 Mah Mini With 4 Usb Cable Lighrweight Universal Powerbank Led Display Baterai Pengisi Charger,1890352685,5,Bagus,1769567378,2 bulan lalu,BLACK,True,Anonymous,0,False,False,
Powerbank 20000 Mah Mini With 4 Usb Cable Lighrweight Universal Powerbank Led Display Baterai Pengisi Charger,1890124750,4,"Barang nya sudah nyampe, kurir nya jga rmah, TPI kok kabel nya GK berfungsi ya",1769551743,2 bulan lalu,PINK,True,Anonymous,0,False,False,
Powerbank 20000 Mah Mini With 4 Usb Cable Lighrweight Universal Powerbank Led Display Baterai Pengisi Charger,1889802879,5,Kualitas pengerjaan: bagus aman,1769518667,2 bulan lalu,BLACK,True,Anonymous,1,True,False,
Powerbank 20000 Mah Mini With 4 Usb Cable Lighrweight Universal Powerbank Led Display Baterai Pengisi Charger,1889796190,5,Pesanan nya cepat banget nyampe nya rekomendasi deh tapi barang celom dicoba semoga berfungsi dan awet,1769518413,2 bulan lalu,BLACK,True,Anonymous,0,False,False,
Powerbank 20000 Mah Mini With 4 Usb Cable Lighrweight Universal Powerbank Led Display Baterai Pengisi Charger,1889537334,5,Bagus,1769509899,2 bulan lalu,BLACK,True,Anonymous,0,False,True,
Powerbank 20000 Mah Mini With 4 Usb Cable Lighrweight Universal Powerbank Led Display Baterai Pengisi Charger,1889317402,3,Kacaww masa charger cuman dapet 10% doang😅,1769501654,2 bulan lalu,BLACK,True,Anonymous,0,True,False,
Powerbank 20000 Mah Mini With 4 Usb Cable Lighrweight Universal Powerbank Led Display Baterai Pengisi Charger,1889226574,5,"Kualitas pengerjaan: Good
Kejernihan lensa: Good
Performa: Goox",1769497914,2 bulan lalu,BLACK,True,Anonymous,0,True,False,
Powerbank 20000 Mah Mini With 4 Usb Cable Lighrweight Universal Powerbank Led Display Baterai Pengisi Charger,1887817544,2,"Kecepatan pengisian OK...
Tp 20000Mah nya tipu saja...
Baru cas sekali lgsg jeblok",1769416088,2 bulan lalu,BLACK,True,Anonymous,1,True,False,
Powerbank 20000 Mah Mini With 4 Usb Cable Lighrweight Universal Powerbank Led Display Baterai Pengisi Charger,1887770851,4,"Barang sudah diterima sesuai estimasi tanggal dan barangnya juga bagus serta kurir ramah, terima kasih seller, tingkatkan pelayanan ke customer yang sudah baik ini....
Maaf video unboxingnya terlalu lama jd ga bisa dikirim...",1769414368,2 bulan lalu,BLACK,True,Anonymous,0,False,False,
Powerbank 20000 Mah Mini With 4 Usb Cable Lighrweight Universal Powerbank Led Display Baterai Pengisi Charger,1887589347,5,Bagus kecil ringan mantap dah,1769408255,2 bulan lalu,PINK,True,Anonymous,0,True,False,
Powerbank 20000 Mah Mini With 4 Usb Cable Lighrweight Universal Powerbank Led Display Baterai Pengisi Charger,1887315075,5,Barang terlihat oke. Pengiriman cepat dan rapih. Semoga awet ya barangnya. Thx seller,1769399274,2 bulan lalu,BLACK,True,Anonymous,0,True,True,
Powerbank 20000 Mah Mini With 4 Usb Cable Lighrweight Universal Powerbank Led Display Baterai Pengisi Charger,1886994777,4,Bagus sesuai diskripsi,1769384199,2 bulan lalu,BLACK,True,Anonymous,0,False,False,
Powerbank 20000 Mah Mini With 4 Usb Cable Lighrweight Universal Powerbank Led Display Baterai Pengisi Charger,1886792423,5,"Barang ya sangat bagus,,semoga awet di pakai ya",1769355729,2 bulan lalu,BLACK,True,Anonymous,0,False,False,
Powerbank 20000 Mah Mini With 4 Usb Cable Lighrweight Universal Powerbank Led Display Baterai Pengisi Charger,1886487751,5,Moga awet tahan lama,1769342358,2 bulan lalu,BLACK,True,Anonymous,0,False,False,
Powerbank 20000 Mah Mini With 4 Usb Cable Lighrweight Universal Powerbank Led Display Baterai Pengisi Charger,1886022767,5,"Barangnya bagus,kondisi baik,atributnya lengkal",1769325692,2 bulan lalu,BLACK,True,Anonymous,0,True,False,
Powerbank 20000 Mah Mini With 4 Usb Cable Lighrweight Universal Powerbank Led Display Baterai Pengisi Charger,1885581407,1,Kecewa baru di pakai se x blm penuh batre sudsh hbs,1769309934,2 bulan lalu,BLACK,True,Anonymous,0,True,False,
Powerbank 20000 Mah Mini With 4 Usb Cable Lighrweight Universal Powerbank Led Display Baterai Pengisi Charger,1885297091,5,Sangat puas,1769285035,2 bulan lalu,PINK,True,Anonymous,0,False,False,
Powerbank 20000 Mah Mini With 4 Usb Cable Lighrweight Universal Powerbank Led Display Baterai Pengisi Charger,1885275590,5,barang dah samai pokonya mantap,1769278546,2 bulan lalu,BLACK,True,Anonymous,0,True,False,
Powerbank 20000 Mah Mini With 4 Usb Cable Lighrweight Universal Powerbank Led Display Baterai Pengisi Charger,1885234299,5,Barang sudah sampai packing aman,1769273007,2 bulan lalu,BLACK,True,Anonymous,0,True,False,
Powerbank 20000 Mah Mini With 4 Usb Cable Lighrweight Universal Powerbank Led Display Baterai Pengisi Charger,1885115367,5,"paket pesanan sudah saya terima, barang baru masih segel packing rapih dan harga terjangkau. yang jelas saya sangat puas dan senang. terimakasih kk chindo",1769264711,2 bulan lalu,BLACK,True,Anonymous,0,False,False,Terima kasih telah berbelanja di CHINDO DIGITAL. Bagikan link toko kami https://www.tokopedia.com/chindo-digital kepada teman-teman kamu. Jangan lupa follow toko kami untuk tahu update terbaru tentang stok dan produk yang kami tawarkan.
Powerbank 20000 Mah Mini With 4 Usb Cable Lighrweight Universal Powerbank Led Display Baterai Pengisi Charger,1885047426,5,Terimakasih,1769261347,2 bulan lalu,BLACK,True,Anonymous,0,True,False,
Powerbank 20000 Mah Mini With 4 Usb Cable Lighrweight Universal Powerbank Led Display Baterai Pengisi Charger,1885023373,4,Performa: Cepet abis batre nya,1769260238,2 bulan lalu,BLACK,True,Anonymous,0,False,False,
Powerbank 20000 Mah Mini With 4 Usb Cable Lighrweight Universal Powerbank Led Display Baterai Pengisi Charger,1884867728,5,"Berfungsi dengan baik, tp pemakaian paling dua kali udh abis",1769254226,2 bulan lalu,BLACK,True,Anonymous,0,True,False,
Powerbank 20000 Mah Mini With 4 Usb Cable Lighrweight Universal Powerbank Led Display Baterai Pengisi Charger,1884475314,5,"Paket di terima dgn baik, sesuai pesanan. Powerbannya berfungsi dgn baik. Sangat memuaskan. Best seller👍",1769239587,2 bulan lalu,BLACK,True,Anonymous,0,False,False,
Powerbank 20000 Mah Mini With 4 Usb Cable Lighrweight Universal Powerbank Led Display Baterai Pengisi Charger,1884345049,1,Paket tidak saya terima di kasih untuk orang laen 😒,1769234511,2 bulan lalu,BLACK,True,Anonymous,0,False,False,
Powerbank 20000 Mah Mini With 4 Usb Cable Lighrweight Universal Powerbank Led Display Baterai Pengisi Charger,1884273492,4,"Sesuai, dan ngisi nya cpt",1769231850,2 bulan lalu,BLACK,True,Anonymous,0,True,False,
Powerbank 20000 Mah Mini With 4 Usb Cable Lighrweight Universal Powerbank Led Display Baterai Pengisi Charger,1883769203,5,Barang luarbiasa mantap,1769208230,3 bulan lalu,BLACK,True,Anonymous,0,False,False,
Powerbank 20000 Mah Mini With 4 Usb Cable Lighrweight Universal Powerbank Led Display Baterai Pengisi Charger,1883615828,2,"Ringan sekali seperti kurang kokoh, tidak fast charging, kapasitas tidak sesuai, buat ngecharger hp kapasitas 6000mAh aja gak penuh",1769181854,3 bulan lalu,BLACK,True,Anonymous,0,True,False,
Powerbank 20000 Mah Mini With 4 Usb Cable Lighrweight Universal Powerbank Led Display Baterai Pengisi Charger,1883334850,5,Mantaf barangnya,1769169486,3 bulan lalu,BLACK,True,Anonymous,0,False,False,
Powerbank 20000 Mah Mini With 4 Usb Cable Lighrweight Universal Powerbank Led Display Baterai Pengisi Charger,1883209166,5,"Kejernihan lensa: sangat jernih
Kualitas pengerjaan: rapi
Performa: sangat cepat",1769165439,3 bulan lalu,BLACK,True,Anonymous,0,True,False,
Powerbank 20000 Mah Mini With 4 Usb Cable Lighrweight Universal Powerbank Led Display Baterai Pengisi Charger,1883040543,5,Barang sudah sampai sesuai pesanan terima kasih muantap...👍,1769159591,3 bulan lalu,BLACK,True,Anonymous,0,True,True,
Powerbank 20000 Mah Mini With 4 Usb Cable Lighrweight Universal Powerbank Led Display Baterai Pengisi Charger,1882962876,5,BAGUSS PAKEE BANGETTT,1769156742,3 bulan lalu,PINK,True,Anonymous,0,False,False,
Powerbank 20000 Mah Mini With 4 Usb Cable Lighrweight Universal Powerbank Led Display Baterai Pengisi Charger,1882962358,5,"Kejernihan lensa: Sangatt
Kualitas pengerjaan: Baik
Performa: Baikkkbenget",1769156723,3 bulan lalu,BLACK,True,Anonymous,0,True,False,
Powerbank 20000 Mah Mini With 4 Usb Cable Lighrweight Universal Powerbank Led Display Baterai Pengisi Charger,1882637707,3,"Pesan warna hitam di kirim warna pink...mohon lebih teliti lagi dalam pengecekan pesanan
Colokan kabel nya di coba juga tidak berfungsi",1769144464,3 bulan lalu,BLACK,True,Anonymous,0,True,False,
Powerbank 20000 Mah Mini With 4 Usb Cable Lighrweight Universal Powerbank Led Display Baterai Pengisi Charger,1882067843,3,"Indikator batre tersimpan 100 (full), kemudian dipakai gak kuat lama powerbank cepat habis. Ternyata ga sesuai dgn promosi dan deskripsi.",1769107531,3 bulan lalu,BLACK,True,Anonymous,0,False,False,
Powerbank 20000 Mah Mini With 4 Usb Cable Lighrweight Universal Powerbank Led Display Baterai Pengisi Charger,1881359763,5,Alhamdulillah udah nyampe bagus sesuai deskripsi sesuai gambar semoga bermanfaat dan awet,1769075269,3 bulan lalu,BLACK,True,Anonymous,0,True,False,
Powerbank 20000 Mah Mini With 4 Usb Cable Lighrweight Universal Powerbank Led Display Baterai Pengisi Charger,1881251861,5,Bagus tahan lama,1769072007,3 bulan lalu,PINK,True,Anonymous,0,False,False,
Powerbank 20000 Mah Mini With 4 Usb Cable Lighrweight Universal Powerbank Led Display Baterai Pengisi Charger,1881164066,5,"barang nyampek aman,walaupun agak telat",1769069210,3 bulan lalu,PINK,True,Anonymous,0,True,False,
Powerbank 20000 Mah Mini With 4 Usb Cable Lighrweight Universal Powerbank Led Display Baterai Pengisi Charger,1881118709,5,Barang sudah sampai sesuai pesanan,1769067648,3 bulan lalu,BLACK,True,Anonymous,0,False,False,
Powerbank 20000 Mah Mini With 4 Usb Cable Lighrweight Universal Powerbank Led Display Baterai Pengisi Charger,1881115123,3,"yg bener bg, PB yg kek gini mah cuma 2k mah bukan 20k",1769067525,3 bulan lalu,BLACK,True,Anonymous,0,False,False,
Powerbank 20000 Mah Mini With 4 Usb Cable Lighrweight Universal Powerbank Led Display Baterai Pengisi Charger,1881063737,5,"Alhamdulillah barang udah keterima,...barang sesuai pesanan, kemasan bagus,... terimakasih semoga lacar selalu",1769065694,3 bulan lalu,BLACK,True,Anonymous,0,True,False,
Powerbank 20000 Mah Mini With 4 Usb Cable Lighrweight Universal Powerbank Led Display Baterai Pengisi Charger,1881025257,5,"brgnya sesuai oder,pengiriman cpt.",1769064300,3 bulan lalu,BLACK,False,Tjong,0,False,False,Terima kasih telah berbelanja di CHINDO DIGITAL. Bagikan link toko kami https://www.tokopedia.com/chindo-digital kepada teman-teman kamu. Jangan lupa follow toko kami untuk tahu update terbaru tentang stok dan produk yang kami tawarkan.
Powerbank 20000 Mah Mini With 4 Usb Cable Lighrweight Universal Powerbank Led Display Baterai Pengisi Charger,1880582755,5,"Sangat memuaskan , real pick Gie 
Walau bxk drama dlm pengirimananya",1769047955,3 bulan lalu,PURPLE,True,Anonymous,0,True,False,
Powerbank 20000 Mah Mini With 4 Usb Cable Lighrweight Universal Powerbank Led Display Baterai Pengisi Charger,1879875544,5,"Alhamdulillah barang sesuai pesanan,,, pengiriman cepat banget",1768996596,3 bulan lalu,BLACK,True,Anonymous,0,False,False,
Powerbank 20000 Mah Mini With 4 Usb Cable Lighrweight Universal Powerbank Led Display Baterai Pengisi Charger,1879267228,5,"Kualitas pengerjaan: Bagus
Kejernihan lensa: Bagus
Performa: Bagus bagus bagu",1768977838,3 bulan lalu,BLACK,True,Anonymous,0,True,False,
Powerbank 20000 Mah Mini With 4 Usb Cable Lighrweight Universal Powerbank Led Display Baterai Pengisi Charger,1879216976,1,Masak di cas 5 menit penuh dipakek 10 menit udah habis entah eror atau giman ini itu pun di hp ya gak penuh cuman 20 persen mengecewakan tolong barang rusak jangan di jual,1768976119,3 bulan lalu,BLACK,True,Anonymous,0,False,False,
Powerbank 20000 Mah Mini With 4 Usb Cable Lighrweight Universal Powerbank Led Display Baterai Pengisi Charger,1879024947,5,"Barang mendarat dgn aman,kurir rama produk oke",1768970181,3 bulan lalu,BLACK,True,Anonymous,0,False,True,
Powerbank 20000 Mah Mini With 4 Usb Cable Lighrweight Universal Powerbank Led Display Baterai Pengisi Charger,1878932247,5,barang berfungsi dengan baik..makasih,1768967429,3 bulan lalu,BLACK,False,Dimas,0,False,False,Terima kasih telah berbelanja di CHINDO DIGITAL. Bagikan link toko kami https://www.tokopedia.com/chindo-digital kepada teman-teman kamu. Jangan lupa follow toko kami untuk tahu update terbaru tentang stok dan produk yang kami tawarkan.
Powerbank 20000 Mah Mini With 4 Usb Cable Lighrweight Universal Powerbank Led Display Baterai Pengisi Charger,1878771672,5,"Semoga nanti digunakan bisa awet,sangat membantu",1768961726,3 bulan lalu,BLACK,True,Anonymous,0,False,False,
Powerbank 20000 Mah Mini With 4 Usb Cable Lighrweight Universal Powerbank Led Display Baterai Pengisi Charger,1878592826,1,Barangnya tidak aktif saat mau digunakan,1768950572,3 bulan lalu,BLACK,True,Anonymous,0,False,False,
Powerbank 20000 Mah Mini With 4 Usb Cable Lighrweight Universal Powerbank Led Display Baterai Pengisi Charger,1878088109,3,Kapasitas tidak real 20000 mAh,1768910034,3 bulan lalu,BLACK,True,Anonymous,0,False,False,
Powerbank 20000 Mah Mini With 4 Usb Cable Lighrweight Universal Powerbank Led Display Baterai Pengisi Charger,1878067754,1,"Packing rapih namun barangx rusak, percaya dan tdk sempat video.
Jadinya Kecewa campur Trauma",1768909381,3 bulan lalu,BLACK,True,Anonymous,0,False,False,
Powerbank 20000 Mah Mini With 4 Usb Cable Lighrweight Universal Powerbank Led Display Baterai Pengisi Charger,1877933242,5,Cakep semoga aja bisa tahan,1768905419,3 bulan lalu,PINK,True,Anonymous,0,True,True,
Powerbank 20000 Mah Mini With 4 Usb Cable Lighrweight Universal Powerbank Led Display Baterai Pengisi Charger,1877115950,4,Pengecasan cepat tapi ketahanan baterai hanya sedikit,1768873977,3 bulan lalu,BLACK,True,Anonymous,0,True,True,
Powerbank 20000 Mah Mini With 4 Usb Cable Lighrweight Universal Powerbank Led Display Baterai Pengisi Charger,1877011181,1,Apaan baru 30% ngecas udah habis,1768867651,3 bulan lalu,BLACK,True,Anonymous,0,False,False,
Powerbank 20000 Mah Mini With 4 Usb Cable Lighrweight Universal Powerbank Led Display Baterai Pengisi Charger,1876701255,4,"Sangat jernih
Kualitas pengerjaan: Semua berfungsi dengan baik tp ternyata kapasitas nya hanya tipu tipu saja batrai nya 10.000 rb mah bukan 20.000rb mah h",1768832013,3 bulan lalu,PINK,True,Anonymous,0,True,False,
Powerbank 20000 Mah Mini With 4 Usb Cable Lighrweight Universal Powerbank Led Display Baterai Pengisi Charger,1876678642,5,Barang bagus,1768831051,3 bulan lalu,BLACK,True,Anonymous,0,False,False,
Powerbank 20000 Mah Mini With 4 Usb Cable Lighrweight Universal Powerbank Led Display Baterai Pengisi Charger,1876228368,5,Mantap,1768815907,3 bulan lalu,BLACK,True,Anonymous,0,True,False,
Powerbank 20000 Mah Mini With 4 Usb Cable Lighrweight Universal Powerbank Led Display Baterai Pengisi Charger,1875990542,5,"Alhamdulillah cepat sampai , berfungsi dgn baik , semoga awet , terima kasih , berkah selalu",1768807770,3 bulan lalu,BLACK,False,Thahir,0,True,False,Terima kasih telah berbelanja di CHINDO DIGITAL. Bagikan link toko kami https://www.tokopedia.com/chindo-digital kepada teman-teman kamu. Jangan lupa follow toko kami untuk tahu update terbaru tentang stok dan produk yang kami tawarkan.
Powerbank 20000 Mah Mini With 4 Usb Cable Lighrweight Universal Powerbank Led Display Baterai Pengisi Charger,1875488891,3,Barangnya sudah sampe dan lumayan bagus tapi yang ukuran tipe c kadang ngisi kadang ngga,1768794606,3 bulan lalu,BLACK,True,Anonymous,0,True,False,
Powerbank 20000 Mah Mini With 4 Usb Cable Lighrweight Universal Powerbank Led Display Baterai Pengisi Charger,1875376162,5,Paketnya sudah di terima sesuai pesanan 👍 mudah2 an awet 🙏,1768790802,3 bulan lalu,BLACK,True,Anonymous,0,False,False,
Powerbank 20000 Mah Mini With 4 Usb Cable Lighrweight Universal Powerbank Led Display Baterai Pengisi Charger,1875144597,5,Bgus smoga awet,1768778496,3 bulan lalu,PURPLE,True,Anonymous,0,False,False,
Powerbank 20000 Mah Mini With 4 Usb Cable Lighrweight Universal Powerbank Led Display Baterai Pengisi Charger,1874902681,5,Bagus ...sesuai pesanan,1768746162,3 bulan lalu,BLACK,True,Anonymous,0,False,False,
Powerbank 20000 Mah Mini With 4 Usb Cable Lighrweight Universal Powerbank Led Display Baterai Pengisi Charger,1874858948,5,Bagus.,1768744070,3 bulan lalu,BLACK,True,Anonymous,0,False,False,
Powerbank 20000 Mah Mini With 4 Usb Cable Lighrweight Universal Powerbank Led Display Baterai Pengisi Charger,1874528627,5,Pengiriman cepat dan datang sesuai gambar iklan...,1768732089,3 bulan lalu,BLACK,True,Anonymous,0,False,False,
Powerbank 20000 Mah Mini With 4 Usb Cable Lighrweight Universal Powerbank Led Display Baterai Pengisi Charger,1874524299,1,"Performance: 2/5
Lens clarity: 3/5
Quality of work: 1/5",1768731934,3 bulan lalu,BLACK,True,Anonymous,0,False,False,
Powerbank 20000 Mah Mini With 4 Usb Cable Lighrweight Universal Powerbank Led Display Baterai Pengisi Charger,1874293455,5,"Barang ok
Semoga awet dan berfungsi dengan baik",1768723036,3 bulan lalu,BLACK,True,Anonymous,0,True,False,
Powerbank 20000 Mah Mini With 4 Usb Cable Lighrweight Universal Powerbank Led Display Baterai Pengisi Charger,1874253673,5,Mntappp,1768721444,3 bulan lalu,BLACK,True,Anonymous,0,False,False,
Powerbank 20000 Mah Mini With 4 Usb Cable Lighrweight Universal Powerbank Led Display Baterai Pengisi Charger,1874221108,2,kabel cas nya tdk ad yg berfungsi😢🙏🏻,1768720117,3 bulan lalu,PINK,True,Anonymous,0,True,False,
Powerbank 20000 Mah Mini With 4 Usb Cable Lighrweight Universal Powerbank Led Display Baterai Pengisi Charger,1873189525,5,Berfungsi dengan baik,1768651518,3 bulan lalu,BLACK,True,Anonymous,0,False,False,
Powerbank 20000 Mah Mini With 4 Usb Cable Lighrweight Universal Powerbank Led Display Baterai Pengisi Charger,1872541134,5,"Terimakasih kk barangnya sudah sampai dengan aman, semoga awet kurirnya baik terimakasih",1768628967,3 bulan lalu,BLACK,True,Anonymous,0,True,False,
Powerbank 20000 Mah Mini With 4 Usb Cable Lighrweight Universal Powerbank Led Display Baterai Pengisi Charger,1872413732,5,Bgs,1768624889,3 bulan lalu,BLACK,True,Anonymous,0,False,False,
Powerbank 20000 Mah Mini With 4 Usb Cable Lighrweight Universal Powerbank Led Display Baterai Pengisi Charger,1872182100,1,Baterai cepat habis,1768617207,3 bulan lalu,BLACK,True,Anonymous,0,False,False,
Powerbank 20000 Mah Mini With 4 Usb Cable Lighrweight Universal Powerbank Led Display Baterai Pengisi Charger,1872027488,5,Bagus,1768609021,3 bulan lalu,BLACK,True,Anonymous,0,False,False,
Powerbank 20000 Mah Mini With 4 Usb Cable Lighrweight Universal Powerbank Led Display Baterai Pengisi Charger,1871963260,5,"Tidak sempat memfotonya, tapi suka sekali dgn powerbank nya, lumayan dipakai untk antisipasi kalo mati lampu, pokoknya tokohnya amanah, nti berikutnya order lagi di toko ini",1768603455,3 bulan lalu,BLACK,True,Anonymous,0,False,False,
Powerbank 20000 Mah Mini With 4 Usb Cable Lighrweight Universal Powerbank Led Display Baterai Pengisi Charger,1871781500,5,Tampilan nya bagus pas carjing pula bagus dah mantap,1768575967,3 bulan lalu,BLACK,True,Anonymous,0,False,False,
Powerbank 20000 Mah Mini With 4 Usb Cable Lighrweight Universal Powerbank Led Display Baterai Pengisi Charger,1871709554,1,"Hati&#34; dgn produk ini anda ketipu seperti saya sdh tidak mendukung pengisian cepat,hanya bertahan 5 menit waktu pengecasan juga panas saat pengisian dgn power bank ini tidak sesuai dengan yg di iklankan saya benar&#34; sangat tertipu.",1768572426,3 bulan lalu,BLACK,True,Anonymous,0,True,False,
Powerbank 20000 Mah Mini With 4 Usb Cable Lighrweight Universal Powerbank Led Display Baterai Pengisi Charger,1871424127,2,Baru juga di ngecas 30 menit udh mau abis aja,1768562055,3 bulan lalu,BLACK,True,Anonymous,0,False,False,
Powerbank 20000 Mah Mini With 4 Usb Cable Lighrweight Universal Powerbank Led Display Baterai Pengisi Charger,1871321478,2,"ngecasnya lamaa, dari 100 smpe smpe 50 cuma nambah 24",1768558833,3 bulan lalu,PINK,True,Anonymous,0,False,False,
Powerbank 20000 Mah Mini With 4 Usb Cable Lighrweight Universal Powerbank Led Display Baterai Pengisi Charger,1871075504,5,bagus tahan lama,1768550036,3 bulan lalu,BLACK,True,Anonymous,0,False,False,
Powerbank 20000 Mah Mini With 4 Usb Cable Lighrweight Universal Powerbank Led Display Baterai Pengisi Charger,1870480002,5,Kualitas pengerjaan: Bagus banget,1768529993,3 bulan lalu,BLACK,True,Anonymous,0,False,False,
Powerbank 20000 Mah Mini With 4 Usb Cable Lighrweight Universal Powerbank Led Display Baterai Pengisi Charger,1870444980,5,Bagus👍👍,1768528578,3 bulan lalu,BLACK,True,Anonymous,0,False,False,
Powerbank 20000 Mah Mini With 4 Usb Cable Lighrweight Universal Powerbank Led Display Baterai Pengisi Charger,1869667633,5,"barang sudah sampai dengan kondisi bagus dan mulus , kabel buat tiap jenis type ada , dan estimasi sangat cepat 👍👍👍",1768473792,3 bulan lalu,BLACK,False,van,0,True,True,Terima kasih telah berbelanja di CHINDO DIGITAL. Bagikan link toko kami https://www.tokopedia.com/chindo-digital kepada teman-teman kamu. Jangan lupa follow toko kami untuk tahu update terbaru tentang stok dan produk yang kami tawarkan.
Powerbank 20000 Mah Mini With 4 Usb Cable Lighrweight Universal Powerbank Led Display Baterai Pengisi Charger,1869567965,4,Barangnya bagus 👍,1768470661,3 bulan lalu,BLACK,True,Anonymous,0,False,False,
Powerbank 20000 Mah Mini With 4 Usb Cable Lighrweight Universal Powerbank Led Display Baterai Pengisi Charger,1868708565,4,"Bgus, berguna dengan baik, tapi saya pesan yg warna pink, tpi di kurim warna ungu🙂",1768441425,3 bulan lalu,PINK,True,Anonymous,0,True,False,
Powerbank 20000 Mah Mini With 4 Usb Cable Lighrweight Universal Powerbank Led Display Baterai Pengisi Charger,1868690993,1,Kejernihan lensa: Barang nya jelek buat ces HP gak sampai 1 HP power bank nya drop,1768440546,3 bulan lalu,BLACK,True,Anonymous,0,False,False,
Powerbank 20000 Mah Mini With 4 Usb Cable Lighrweight Universal Powerbank Led Display Baterai Pengisi Charger,1868671067,4,"bagussss+pengiriman nya lumayan cepet, lumayan laa..ada minus dikit tapi gapapa",1768439455,3 bulan lalu,BLACK,True,Anonymous,0,True,False,
Powerbank 20000 Mah Mini With 4 Usb Cable Lighrweight Universal Powerbank Led Display Baterai Pengisi Charger,1868152796,3,Warna purple yg datang hitam 🥲,1768394703,3 bulan lalu,PURPLE,True,Anonymous,0,False,False,
Powerbank 20000 Mah Mini With 4 Usb Cable Lighrweight Universal Powerbank Led Display Baterai Pengisi Charger,1867952410,4,"Bagus berfungsi dengan baik
Kejernihan lensa: Bagus
Kualitas pengerjaan: Lumayan
Performa: Lumayan",1768388916,3 bulan lalu,BLACK,True,Anonymous,0,True,False,
Powerbank 20000 Mah Mini With 4 Usb Cable Lighrweight Universal Powerbank Led Display Baterai Pengisi Charger,1867949242,5,Suaranya jernih,1768388834,3 bulan lalu,PURPLE,True,Anonymous,0,False,False,
Powerbank 20000 Mah Mini With 4 Usb Cable Lighrweight Universal Powerbank Led Display Baterai Pengisi Charger,1867732311,5,Kualitas pengerjaan: Bagus banget,1768382601,3 bulan lalu,BLACK,True,Anonymous,0,False,False,
Powerbank 20000 Mah Mini With 4 Usb Cable Lighrweight Universal Powerbank Led Display Baterai Pengisi Charger,1867572985,5,Quality of work: lovee,1768377178,3 bulan lalu,BLACK,True,Anonymous,0,True,False,
Powerbank 20000 Mah Mini With 4 Usb Cable Lighrweight Universal Powerbank Led Display Baterai Pengisi Charger,1867491420,5,Terimakasih barangnya udah nyampe semoga awet..,1768374432,3 bulan lalu,BLACK,True,Anonymous,0,True,False,
Powerbank 20000 Mah Mini With 4 Usb Cable Lighrweight Universal Powerbank Led Display Baterai Pengisi Charger,1867259843,5,barang sesuai order dan pengiriman nya cepat 👍,1768366912,3 bulan lalu,BLACK,False,hartono,0,False,False,Terima kasih telah berbelanja di CHINDO DIGITAL. Bagikan link toko kami https://www.tokopedia.com/chindo-digital kepada teman-teman kamu. Jangan lupa follow toko kami untuk tahu update terbaru tentang stok dan produk yang kami tawarkan.
Powerbank 20000 Mah Mini With 4 Usb Cable Lighrweight Universal Powerbank Led Display Baterai Pengisi Charger,1867209176,5,Oke bgt mantull,1768365410,3 bulan lalu,BLACK,True,Anonymous,0,False,False,
Powerbank 20000 Mah Mini With 4 Usb Cable Lighrweight Universal Powerbank Led Display Baterai Pengisi Charger,1866578816,4,"Kejernihan lensa: Baik
Kualitas pengerjaan: Kurang baik
Performa: Cepet habis kalau di pake cas hp gk ke pake lama",1768317126,3 bulan lalu,BLACK,True,Anonymous,0,True,False,
Powerbank 20000 Mah Mini With 4 Usb Cable Lighrweight Universal Powerbank Led Display Baterai Pengisi Charger,1866381139,5,bagus,1768308489,3 bulan lalu,BLACK,True,Anonymous,0,True,False,
Powerbank 20000 Mah Mini With 4 Usb Cable Lighrweight Universal Powerbank Led Display Baterai Pengisi Charger,1866271170,1,"powerbank sampah....
di pake belum 1 menit sudah mati..
jualan yg bener. 😡😡",1768304854,3 bulan lalu,BLACK,True,Anonymous,0,False,False,Terima kasih telah berbelanja di CHINDO DIGITAL. Bagikan link toko kami https://www.tokopedia.com/chindo-digital kepada teman-teman kamu. Jangan lupa follow toko kami untuk tahu update terbaru tentang stok dan produk yang kami tawarkan.
Powerbank 20000 Mah Mini With 4 Usb Cable Lighrweight Universal Powerbank Led Display Baterai Pengisi Charger,1866227587,4,"Barangnya bagus, sesuai,warna hitam,tanggal pengiriman sesuai",1768303456,3 bulan lalu,BLACK,True,Anonymous,0,True,False,
Powerbank 20000 Mah Mini With 4 Usb Cable Lighrweight Universal Powerbank Led Display Baterai Pengisi Charger,1866097013,5,"Kualitas pengerjaan: Bagus
Performa: Bagus",1768299452,3 bulan lalu,BLACK,True,Anonymous,0,False,False,
Powerbank 20000 Mah Mini With 4 Usb Cable Lighrweight Universal Powerbank Led Display Baterai Pengisi Charger,1866048530,4,"udh dipake, pengisian baterai nya cepet",1768297785,3 bulan lalu,BLACK,True,Anonymous,0,False,False,
Powerbank 20000 Mah Mini With 4 Usb Cable Lighrweight Universal Powerbank Led Display Baterai Pengisi Charger,1866045539,5,"Ok..fast charger, smiga awet",1768297677,3 bulan lalu,BLACK,True,Anonymous,0,True,False,
Powerbank 20000 Mah Mini With 4 Usb Cable Lighrweight Universal Powerbank Led Display Baterai Pengisi Charger,1865848300,3,blm dicoba,1768290160,3 bulan lalu,BLACK,True,Anonymous,1,False,False,
Powerbank 20000 Mah Mini With 4 Usb Cable Lighrweight Universal Powerbank Led Display Baterai Pengisi Charger,1865646894,5,Barang mantap sudah dipakai dan ok siiip terima kasih,1768281988,3 bulan lalu,PINK,True,Anonymous,0,False,False,
Powerbank 20000 Mah Mini With 4 Usb Cable Lighrweight Universal Powerbank Led Display Baterai Pengisi Charger,1865509442,1,"Maaf ya saya kasih bintang 1 karna saya memang sekecewa itu powerbank mau buat piknik bentar lagi malah beli di toko ini malah gak nyala sama sekali di cas pun tetep gak bisa nyala kalau jualan yg amanah dong kak,kan jadi rugi dong saya mana di return susah bgt kurir gak jemput&#34; 
Pokok saya ke cewa",1768277127,3 bulan lalu,BLACK,True,Anonymous,1,False,True,
Powerbank 20000 Mah Mini With 4 Usb Cable Lighrweight Universal Powerbank Led Display Baterai Pengisi Charger,1865040815,1,"Tidak tahan, cepat lobet dan sesuai 20000 Mah. Paling cuma 2000 Mah",1768241568,3 bulan lalu,PURPLE,True,Anonymous,0,True,False,
Powerbank 20000 Mah Mini With 4 Usb Cable Lighrweight Universal Powerbank Led Display Baterai Pengisi Charger,1865040085,3,"Kualitas pengerjaan: Rapih
Kejernihan lensa: Jernih
Paket dh sya coba, sya isi full di pake 1 hp cepet hbs🙏",1768241384,3 bulan lalu,PURPLE,True,Anonymous,1,True,False,
Powerbank 20000 Mah Mini With 4 Usb Cable Lighrweight Universal Powerbank Led Display Baterai Pengisi Charger,1864814738,1,Udh pull di 100% baru skli pake udh low cepet bgt abis nya,1768224574,3 bulan lalu,PINK,True,Anonymous,0,True,False,
Powerbank 20000 Mah Mini With 4 Usb Cable Lighrweight Universal Powerbank Led Display Baterai Pengisi Charger,1864723774,5,Mantaf kak barang sesuai pesanan barang di terima tidak lecet sedikit pun,1768221119,3 bulan lalu,BLACK,True,Anonymous,0,False,False,
Powerbank 20000 Mah Mini With 4 Usb Cable Lighrweight Universal Powerbank Led Display Baterai Pengisi Charger,1864488005,5,"seler respon ramah,mudah-mudahan awet",1768213532,3 bulan lalu,BLACK,True,Anonymous,0,True,False,Terima kasih telah berbelanja di CHINDO DIGITAL. Bagikan link toko kami https://www.tokopedia.com/chindo-digital kepada teman-teman kamu. Jangan lupa follow toko kami untuk tahu update terbaru tentang stok dan produk yang kami tawarkan.
Powerbank 20000 Mah Mini With 4 Usb Cable Lighrweight Universal Powerbank Led Display Baterai Pengisi Charger,1864453912,5,sesuai,1768212436,3 bulan lalu,BLACK,True,Anonymous,0,False,False,
Powerbank 20000 Mah Mini With 4 Usb Cable Lighrweight Universal Powerbank Led Display Baterai Pengisi Charger,1864431850,4,"Pesanan saya sudah sampai,walau lewat sehari dr wktu estimasi.Pas dicoba berfungsi baik,mudah mudahan awet.Terima kasih seller",1768211683,3 bulan lalu,BLACK,False,Qory,0,True,True,Terima kasih telah berbelanja di CHINDO DIGITAL. Bagikan link toko kami https://www.tokopedia.com/chindo-digital kepada teman-teman kamu. Jangan lupa follow toko kami untuk tahu update terbaru tentang stok dan produk yang kami tawarkan.
Powerbank 20000 Mah Mini With 4 Usb Cable Lighrweight Universal Powerbank Led Display Baterai Pengisi Charger,1864389894,5,"barang masih di segel
peking rapih
pengiriman cepat
respon baik",1768210313,3 bulan lalu,BLACK,False,apul,0,True,False,Terima kasih telah berbelanja di CHINDO DIGITAL. Bagikan link toko kami https://www.tokopedia.com/chindo-digital kepada teman-teman kamu. Jangan lupa follow toko kami untuk tahu update terbaru tentang stok dan produk yang kami tawarkan.
Powerbank 20000 Mah Mini With 4 Usb Cable Lighrweight Universal Powerbank Led Display Baterai Pengisi Charger,1864386443,5,"Barang SDH sampai,paking rapih,qkualitas oke",1768210197,3 bulan lalu,BLACK,True,Anonymous,0,True,False,
Powerbank 20000 Mah Mini With 4 Usb Cable Lighrweight Universal Powerbank Led Display Baterai Pengisi Charger,1864157349,1,"Cepat habis lagak ny aja 20.000 mah, Sesuai sih sama harganya 🤣",1768202008,3 bulan lalu,BLACK,True,Anonymous,0,False,False,
Powerbank 20000 Mah Mini With 4 Usb Cable Lighrweight Universal Powerbank Led Display Baterai Pengisi Charger,1864130991,5,"Mudah dipakai,praktis,mantap. semoga awet..thanx seller",1768201052,3 bulan lalu,BLACK,True,Anonymous,0,True,False,Terima kasih telah berbelanja di CHINDO DIGITAL. Bagikan link toko kami https://www.tokopedia.com/chindo-digital kepada teman-teman kamu. Jangan lupa follow toko kami untuk tahu update terbaru tentang stok dan produk yang kami tawarkan.
Powerbank 20000 Mah Mini With 4 Usb Cable Lighrweight Universal Powerbank Led Display Baterai Pengisi Charger,1864050429,4,"Barang lumayan bagus,....semoga awet dan tahan lama. ..",1768198170,3 bulan lalu,PURPLE,True,Anonymous,0,False,False,
Powerbank 20000 Mah Mini With 4 Usb Cable Lighrweight Universal Powerbank Led Display Baterai Pengisi Charger,1863773528,5,Sesuai pesenan.. Lucu bngt... Bagus lagi,1768188653,3 bulan lalu,PINK,True,Anonymous,0,True,False,
Powerbank 20000 Mah Mini With 4 Usb Cable Lighrweight Universal Powerbank Led Display Baterai Pengisi Charger,1863335574,5,Bagus banget kurirnya ramah,1768149468,3 bulan lalu,BLACK,True,Anonymous,0,False,False,
Powerbank 20000 Mah Mini With 4 Usb Cable Lighrweight Universal Powerbank Led Display Baterai Pengisi Charger,1863312428,5,Sesuai pesanan,1768147453,3 bulan lalu,BLACK,True,Anonymous,0,False,False,
Powerbank 20000 Mah Mini With 4 Usb Cable Lighrweight Universal Powerbank Led Display Baterai Pengisi Charger,1863248888,5,"Kejernihan lensa: 👍🏻👍🏻👍🏻
Kualitas pengerjaan: 👍🏻👍🏻👍🏻",1768143365,3 bulan lalu,BLACK,True,Anonymous,0,True,True,
Powerbank 20000 Mah Mini With 4 Usb Cable Lighrweight Universal Powerbank Led Display Baterai Pengisi Charger,1863020205,5,barang sdh sampai sesuai pesanan,1768133874,3 bulan lalu,PURPLE,False,Subhanudin,0,False,False,Terima kasih telah berbelanja di CHINDO DIGITAL. Bagikan link toko kami https://www.tokopedia.com/chindo-digital kepada teman-teman kamu. Jangan lupa follow toko kami untuk tahu update terbaru tentang stok dan produk yang kami tawarkan.
Powerbank 20000 Mah Mini With 4 Usb Cable Lighrweight Universal Powerbank Led Display Baterai Pengisi Charger,1862843164,5,Kerenn,1768128259,3 bulan lalu,BLACK,True,Anonymous,0,False,False,
Powerbank 20000 Mah Mini With 4 Usb Cable Lighrweight Universal Powerbank Led Display Baterai Pengisi Charger,1862112087,5,"Bagus👍 sesuai pesanan, terimakasih",1768102127,3 bulan lalu,BLACK,True,Anonymous,0,True,False,
Powerbank 20000 Mah Mini With 4 Usb Cable Lighrweight Universal Powerbank Led Display Baterai Pengisi Charger,1862036340,5,"Kejernihan lensa: Sangat jernih
Kualitas pengerjaan: Baik
Performa: Bagus",1768099210,3 bulan lalu,BLACK,True,Anonymous,0,True,True,
Powerbank 20000 Mah Mini With 4 Usb Cable Lighrweight Universal Powerbank Led Display Baterai Pengisi Charger,1861862834,5,Udah d coba k hp yg ini cocok awet jg batrenya cepat jg mengisi daya nya pokoknya keren sih👍👍,1768089240,3 bulan lalu,PINK,True,Anonymous,0,True,False,
Powerbank 20000 Mah Mini With 4 Usb Cable Lighrweight Universal Powerbank Led Display Baterai Pengisi Charger,1861523017,5,Barang bagus.. mah nya sepertinya tidak 20rb,1768051864,3 bulan lalu,BLACK,True,Anonymous,0,True,False,
Powerbank 20000 Mah Mini With 4 Usb Cable Lighrweight Universal Powerbank Led Display Baterai Pengisi Charger,1861421709,2,Wkwkwk ta kira sepasang trnyta cmn sebelah,1768047851,3 bulan lalu,BLACK,True,Anonymous,0,True,False,
Powerbank 20000 Mah Mini With 4 Usb Cable Lighrweight Universal Powerbank Led Display Baterai Pengisi Charger,1861413420,5,Bagus cuma yang colokan type c nye ga masuk,1768047562,3 bulan lalu,BLACK,True,Anonymous,0,True,False,
Powerbank 20000 Mah Mini With 4 Usb Cable Lighrweight Universal Powerbank Led Display Baterai Pengisi Charger,1861212324,5,Performa: baik,1768041157,3 bulan lalu,BLACK,True,Anonymous,0,False,False,
Powerbank 20000 Mah Mini With 4 Usb Cable Lighrweight Universal Powerbank Led Display Baterai Pengisi Charger,1861171627,4,Mantap,1768039843,3 bulan lalu,BLACK,True,Anonymous,0,False,False,
Powerbank 20000 Mah Mini With 4 Usb Cable Lighrweight Universal Powerbank Led Display Baterai Pengisi Charger,1861117733,5,Barang sdh diterima packing rapi,1768037985,3 bulan lalu,BLACK,True,Anonymous,0,False,False,
Powerbank 20000 Mah Mini With 4 Usb Cable Lighrweight Universal Powerbank Led Display Baterai Pengisi Charger,1860662520,5,Mantap,1768021705,3 bulan lalu,BLACK,True,Anonymous,0,True,False,
Powerbank 20000 Mah Mini With 4 Usb Cable Lighrweight Universal Powerbank Led Display Baterai Pengisi Charger,1860638939,1,Ini kok gk awet ya di dus kapasitasnya 20000 mah di buat nge cas baterai 5000 mah gk sampe penuh dah habis mengecewakan sekali iklan penipuan,1768020950,3 bulan lalu,BLACK,True,Anonymous,0,False,False,
Powerbank 20000 Mah Mini With 4 Usb Cable Lighrweight Universal Powerbank Led Display Baterai Pengisi Charger,1860636986,5,Sangat puas dgn produknya..mudah&#34;n awet,1768020890,3 bulan lalu,BLACK,True,Anonymous,0,True,True,
Powerbank 20000 Mah Mini With 4 Usb Cable Lighrweight Universal Powerbank Led Display Baterai Pengisi Charger,1860238091,5,"bagus, cantik warnanyaa",1768005437,3 bulan lalu,PINK,True,Anonymous,0,False,False,
Powerbank 20000 Mah Mini With 4 Usb Cable Lighrweight Universal Powerbank Led Display Baterai Pengisi Charger,1860066027,5,"alhamdulillah datang dengan selamat, barang aman gak ada yang lecet semuanya berfungsi dengan baik, semoga awet yah kak🙏🏻☺️",1767978595,3 bulan lalu,PURPLE,True,Anonymous,1,True,False,
Powerbank 20000 Mah Mini With 4 Usb Cable Lighrweight Universal Powerbank Led Display Baterai Pengisi Charger,1859805246,5,"Paket dah sampai,,, tpi belum di tes, pa tahan batre@",1767963860,3 bulan lalu,BLACK,True,Anonymous,0,False,False,
Powerbank 20000 Mah Mini With 4 Usb Cable Lighrweight Universal Powerbank Led Display Baterai Pengisi Charger,1859646920,4,"Pengiriman cepat, barang sesuai",1767958691,3 bulan lalu,BLACK,True,Anonymous,0,False,False,
Powerbank 20000 Mah Mini With 4 Usb Cable Lighrweight Universal Powerbank Led Display Baterai Pengisi Charger,1859603157,5,Barang sesuai,1767957427,3 bulan lalu,PURPLE,True,Anonymous,0,False,False,
Powerbank 20000 Mah Mini With 4 Usb Cable Lighrweight Universal Powerbank Led Display Baterai Pengisi Charger,1859501764,5,Mantap sesuai pesanan nya 👍,1767954626,3 bulan lalu,BLACK,True,Anonymous,0,True,False,
Powerbank 20000 Mah Mini With 4 Usb Cable Lighrweight Universal Powerbank Led Display Baterai Pengisi Charger,1859349413,4,"cepat sampai,pekingan rapih barang nya mulus,terimaksih",1767949579,3 bulan lalu,BLACK,True,Anonymous,0,False,False,Terima kasih telah berbelanja di CHINDO DIGITAL. Bagikan link toko kami https://www.tokopedia.com/chindo-digital kepada teman-teman kamu. Jangan lupa follow toko kami untuk tahu update terbaru tentang stok dan produk yang kami tawarkan.
Powerbank 20000 Mah Mini With 4 Usb Cable Lighrweight Universal Powerbank Led Display Baterai Pengisi Charger,1859198258,5,Saya tdk menyenangkan  beli powerbank nya yg itu. Karna batterai nya tdk awet. Baru sekali di cas. Batterai nya udah habis,1767944040,3 bulan lalu,BLACK,True,Anonymous,0,False,False,
Powerbank 20000 Mah Mini With 4 Usb Cable Lighrweight Universal Powerbank Led Display Baterai Pengisi Charger,1858349079,2,"harga sgitu ga bangett deh ,kapasitas ga real 
baru cas 30% dari 18% batre udah ga kuat padahal udah di cas full smaleman ..
mkir2 dlu deh yg mau bli",1767896408,3 bulan lalu,BLACK,True,Anonymous,0,False,False,
Powerbank 20000 Mah Mini With 4 Usb Cable Lighrweight Universal Powerbank Led Display Baterai Pengisi Charger,1858329805,5,Packingnya rapi dan tidak ada kerusakan apapun dan semua kabel berfungsi dengan baik,1767893657,3 bulan lalu,BLACK,True,Anonymous,0,True,True,Terima kasih telah berbelanja di CHINDO DIGITAL. Bagikan link toko kami https://www.tokopedia.com/chindo-digital kepada teman-teman kamu. Jangan lupa follow toko kami untuk tahu update terbaru tentang stok dan produk yang kami tawarkan.
Powerbank 20000 Mah Mini With 4 Usb Cable Lighrweight Universal Powerbank Led Display Baterai Pengisi Charger,1858126960,5,"Mantul
Ak suka mini dan cepet pengisian",1767880473,3 bulan lalu,BLACK,True,Anonymous,0,False,False,
Powerbank 20000 Mah Mini With 4 Usb Cable Lighrweight Universal Powerbank Led Display Baterai Pengisi Charger,1858104733,5,Paket sudah nyampe sesuai pesanan,1767879606,3 bulan lalu,BLACK,True,Anonymous,0,False,False,
Powerbank 20000 Mah Mini With 4 Usb Cable Lighrweight Universal Powerbank Led Display Baterai Pengisi Charger,1858011550,1,saya kurang dari 1 bulan udah bermasalah cas cas nya,1767876316,3 bulan lalu,BLACK,False,cio,0,False,False,
Powerbank 20000 Mah Mini With 4 Usb Cable Lighrweight Universal Powerbank Led Display Baterai Pengisi Charger,1857836082,5,Barang sesuai deskripsi Respon penjual baik dan pengiriman cepat terimakasih,1767871148,3 bulan lalu,BLACK,False,Sadarull,0,True,True,Terima kasih telah berbelanja di CHINDO DIGITAL. Bagikan link toko kami https://www.tokopedia.com/chindo-digital kepada teman-teman kamu. Jangan lupa follow toko kami untuk tahu update terbaru tentang stok dan produk yang kami tawarkan.
Powerbank 20000 Mah Mini With 4 Usb Cable Lighrweight Universal Powerbank Led Display Baterai Pengisi Charger,1857812497,5,Barang sudah sampai terimakasih mudah&#34; awat barang 🙏,1767870541,3 bulan lalu,PINK,True,Anonymous,0,False,False,
Powerbank 20000 Mah Mini With 4 Usb Cable Lighrweight Universal Powerbank Led Display Baterai Pengisi Charger,1857725315,5,"Kejernihan lensa: Bagus
Kualitas pengerjaan: Sangat rapi",1767868173,3 bulan lalu,BLACK,True,Anonymous,0,False,False,
Powerbank 20000 Mah Mini With 4 Usb Cable Lighrweight Universal Powerbank Led Display Baterai Pengisi Charger,1857631117,5,Performa: bagus banget,1767865350,3 bulan lalu,BLACK,True,Anonymous,0,False,False,
Powerbank 20000 Mah Mini With 4 Usb Cable Lighrweight Universal Powerbank Led Display Baterai Pengisi Charger,1857488072,4,barang sudah sampai sudah saya cob,1767860623,3 bulan lalu,BLACK,True,Anonymous,0,True,False,
Powerbank 20000 Mah Mini With 4 Usb Cable Lighrweight Universal Powerbank Led Display Baterai Pengisi Charger,1857419072,5,"Dapat versi kotak kardus.. 
Semoga aja bagus dan tahan lama",1767858276,3 bulan lalu,PURPLE,True,Anonymous,0,True,False,
Powerbank 20000 Mah Mini With 4 Usb Cable Lighrweight Universal Powerbank Led Display Baterai Pengisi Charger,1857410069,2,"Kapasitas mengecewakan..
Cuma bisi isi hp hingga 11% doang nambah nya",1767857967,3 bulan lalu,BLACK,True,Anonymous,0,True,False,
Powerbank 20000 Mah Mini With 4 Usb Cable Lighrweight Universal Powerbank Led Display Baterai Pengisi Charger,1857320353,5,"Berfungsi dengan baik&amp;semoga awet,pengiriman cepat",1767854822,3 bulan lalu,BLACK,True,Anonymous,0,False,False,
Powerbank 20000 Mah Mini With 4 Usb Cable Lighrweight Universal Powerbank Led Display Baterai Pengisi Charger,1857206127,5,Barang sesuai semoga awet,1767850945,3 bulan lalu,BLACK,True,Anonymous,0,True,False,
Powerbank 20000 Mah Mini With 4 Usb Cable Lighrweight Universal Powerbank Led Display Baterai Pengisi Charger,1856836489,4,"tali cas an nya ga berfungsi, tapi kalo dicolokin pake tali cas an sendiri bisa kepake",1767839233,3 bulan lalu,PINK,True,Anonymous,0,False,False,
Powerbank 20000 Mah Mini With 4 Usb Cable Lighrweight Universal Powerbank Led Display Baterai Pengisi Charger,1856042710,5,"seller ramah dan gercep, Barang sesuai dengan Ekspektasi, Recommended Seller",1767786064,3 bulan lalu,BLACK,False,Yulius,0,True,False,Terima kasih telah berbelanja di CHINDO DIGITAL. Bagikan link toko kami https://www.tokopedia.com/chindo-digital kepada teman-teman kamu. Jangan lupa follow toko kami untuk tahu update terbaru tentang stok dan produk yang kami tawarkan.
Powerbank 20000 Mah Mini With 4 Usb Cable Lighrweight Universal Powerbank Led Display Baterai Pengisi Charger,1856032059,5,"Smoga awet.. Brg dtrima dgn baik, cm buble nya krg tebel soalnya brg elektronik..",1767785769,3 bulan lalu,BLACK,True,Anonymous,0,True,False,
Powerbank 20000 Mah Mini With 4 Usb Cable Lighrweight Universal Powerbank Led Display Baterai Pengisi Charger,1855858474,1,1 hp aja gk penuh,1767781442,3 bulan lalu,BLACK,True,Anonymous,0,False,False,
Powerbank 20000 Mah Mini With 4 Usb Cable Lighrweight Universal Powerbank Led Display Baterai Pengisi Charger,1855079760,5,"alhamdulillah paketan sudah mendarat dengan aman kemarin,maaf baru kasih ulasan sekarang 🙏 mudah2an awet PB nya",1767757154,3 bulan lalu,BLACK,True,Anonymous,0,True,False,
Powerbank 20000 Mah Mini With 4 Usb Cable Lighrweight Universal Powerbank Led Display Baterai Pengisi Charger,1855031255,3,yang di kirim beda,1767755634,3 bulan lalu,PINK,True,Anonymous,0,True,False,
Powerbank 20000 Mah Mini With 4 Usb Cable Lighrweight Universal Powerbank Led Display Baterai Pengisi Charger,1854319150,5,keren semua dan bintang berbicara,1767703467,3 bulan lalu,BLACK,True,Anonymous,0,True,False,Terima kasih telah berbelanja di CHINDO DIGITAL. Bagikan link toko kami https://www.tokopedia.com/chindo-digital kepada teman-teman kamu. Jangan lupa follow toko kami untuk tahu update terbaru tentang stok dan produk yang kami tawarkan.
Powerbank 20000 Mah Mini With 4 Usb Cable Lighrweight Universal Powerbank Led Display Baterai Pengisi Charger,1854035269,5,Terima kasih barang nya bagus,1767695115,3 bulan lalu,BLACK,True,Anonymous,0,False,False,
Powerbank 20000 Mah Mini With 4 Usb Cable Lighrweight Universal Powerbank Led Display Baterai Pengisi Charger,1853917482,1,"Performa: Sangat buruk
Pada keterangan dijelaskan berkapasitas 20.000 mah padahal baru dipake sebentar dah mati lalu selain itu port usb nya tidak berfungsi",1767691136,3 bulan lalu,BLACK,True,Anonymous,0,False,False,
Powerbank 20000 Mah Mini With 4 Usb Cable Lighrweight Universal Powerbank Led Display Baterai Pengisi Charger,1853898658,5,"bagus,, sangat bermanfaat untuk bepergian,, 👍👍",1767690464,3 bulan lalu,BLACK,True,Anonymous,0,False,False,
Powerbank 20000 Mah Mini With 4 Usb Cable Lighrweight Universal Powerbank Led Display Baterai Pengisi Charger,1853872150,5,Bagus,1767689480,3 bulan lalu,PINK,True,Anonymous,0,False,False,
Powerbank 20000 Mah Mini With 4 Usb Cable Lighrweight Universal Powerbank Led Display Baterai Pengisi Charger,1853872085,5,Mendarat dg mulus barang berfungsi dg baik untuk ketahanan blm d&#39;coba.. moga awet &amp; berkah,1767689477,3 bulan lalu,BLACK,True,Anonymous,0,True,True,
Powerbank 20000 Mah Mini With 4 Usb Cable Lighrweight Universal Powerbank Led Display Baterai Pengisi Charger,1853571144,5,Ok,1767678004,3 bulan lalu,PINK,True,Anonymous,0,False,False,
Powerbank 20000 Mah Mini With 4 Usb Cable Lighrweight Universal Powerbank Led Display Baterai Pengisi Charger,1853235062,4,"Bagus, 4x ngecas",1767665600,3 bulan lalu,BLACK,True,Anonymous,0,True,False,
Powerbank 20000 Mah Mini With 4 Usb Cable Lighrweight Universal Powerbank Led Display Baterai Pengisi Charger,1852961288,5,Puas barang sesuai pesanan,1767636062,3 bulan lalu,BLACK,True,Anonymous,0,False,False,
Powerbank 20000 Mah Mini With 4 Usb Cable Lighrweight Universal Powerbank Led Display Baterai Pengisi Charger,1852953734,5,Kejernihan lensa: Oke,1767634791,3 bulan lalu,BLACK,True,Anonymous,0,False,False,
Powerbank 20000 Mah Mini With 4 Usb Cable Lighrweight Universal Powerbank Led Display Baterai Pengisi Charger,1852880672,5,"Barang telah nyampe, barangnya bagus dan berkualitas, ga nyesal membelinya",1767627763,3 bulan lalu,BLACK,True,Anonymous,0,True,False,
Powerbank 20000 Mah Mini With 4 Usb Cable Lighrweight Universal Powerbank Led Display Baterai Pengisi Charger,1852681053,5,"Belum tes ,",1767619099,3 bulan lalu,BLACK,True,Anonymous,0,False,False,Terima kasih telah berbelanja di CHINDO DIGITAL. Bagikan link toko kami https://www.tokopedia.com/chindo-digital kepada teman-teman kamu. Jangan lupa follow toko kami untuk tahu update terbaru tentang stok dan produk yang kami tawarkan.
Powerbank 20000 Mah Mini With 4 Usb Cable Lighrweight Universal Powerbank Led Display Baterai Pengisi Charger,1852637086,5,Bagus❤️❤️❤️❤️❤️❤️❤️❤️❤️❤️❤️❤️❤️❤️,1767617559,3 bulan lalu,PINK,True,Anonymous,0,True,False,
Powerbank 20000 Mah Mini With 4 Usb Cable Lighrweight Universal Powerbank Led Display Baterai Pengisi Charger,1852572329,5,Bagus dan sesuai,1767615450,3 bulan lalu,BLACK,True,Anonymous,0,False,False,
Powerbank 20000 Mah Mini With 4 Usb Cable Lighrweight Universal Powerbank Led Display Baterai Pengisi Charger,1852563501,2,"buat sesuai dengan kapasitas yang sesuai dengan kapasitas yang dibuat, kapasitas yang dipakai dengan yang tertera tidak sesuai",1767615178,3 bulan lalu,BLACK,False,Haryadi,0,False,False,
Powerbank 20000 Mah Mini With 4 Usb Cable Lighrweight Universal Powerbank Led Display Baterai Pengisi Charger,1852423845,5,Bner2 fast charging.. goksss,1767611054,3 bulan lalu,BLACK,True,Anonymous,0,False,False,
Powerbank 20000 Mah Mini With 4 Usb Cable Lighrweight Universal Powerbank Led Display Baterai Pengisi Charger,1852229718,5,"Mantap. Barang sudh smpai, semogaa awett",1767604999,3 bulan lalu,BLACK,True,Anonymous,0,False,False,
Powerbank 20000 Mah Mini With 4 Usb Cable Lighrweight Universal Powerbank Led Display Baterai Pengisi Charger,1851893082,1,"baru dipake charge handphone 20% langsung habis, kapasitas tidak asli",1767593788,3 bulan lalu,BLACK,False,Muhamad,0,False,False,
Powerbank 20000 Mah Mini With 4 Usb Cable Lighrweight Universal Powerbank Led Display Baterai Pengisi Charger,1851453845,5,"Paket sangat aman dan gak ada yg lecet sedikit pun, untuk pesanan sangat tepat",1767581137,3 bulan lalu,PURPLE,True,Anonymous,0,True,False,
Powerbank 20000 Mah Mini With 4 Usb Cable Lighrweight Universal Powerbank Led Display Baterai Pengisi Charger,1851041785,5,Kualitas pengerjaan: Bagus,1767543093,3 bulan lalu,BLACK,True,Anonymous,0,False,False,
Powerbank 20000 Mah Mini With 4 Usb Cable Lighrweight Universal Powerbank Led Display Baterai Pengisi Charger,1850978190,5,Produk aman dan baik,1767540155,3 bulan lalu,BLACK,True,Anonymous,0,False,False,
Powerbank 20000 Mah Mini With 4 Usb Cable Lighrweight Universal Powerbank Led Display Baterai Pengisi Charger,1850626375,4,"Kejernihan lensa: Bagus
Kualitas pengerjaan: Rapih",1767527827,3 bulan lalu,PINK,True,Anonymous,0,True,True,
Powerbank 20000 Mah Mini With 4 Usb Cable Lighrweight Universal Powerbank Led Display Baterai Pengisi Charger,1850439952,5,Quality of work: bagus,1767522275,3 bulan lalu,BLACK,True,Anonymous,0,False,False,
Powerbank 20000 Mah Mini With 4 Usb Cable Lighrweight Universal Powerbank Led Display Baterai Pengisi Charger,1850308572,5,"Bagusss bangett plissss,cocok buatt dibawa pergii,approve di belii guys🩷🩷",1767517950,3 bulan lalu,BLACK,True,Anonymous,0,True,False,
Powerbank 20000 Mah Mini With 4 Usb Cable Lighrweight Universal Powerbank Led Display Baterai Pengisi Charger,1850005196,5,Ok,1767507247,3 bulan lalu,BLACK,True,Anonymous,0,False,False,
Powerbank 20000 Mah Mini With 4 Usb Cable Lighrweight Universal Powerbank Led Display Baterai Pengisi Charger,1849852550,5,"Berfungsi dg baik, kurirnya ramah, terimakasih",1767503313,3 bulan lalu,PURPLE,True,Anonymous,0,False,False,
Powerbank 20000 Mah Mini With 4 Usb Cable Lighrweight Universal Powerbank Led Display Baterai Pengisi Charger,1849811212,3,"Alhamdulillah barang bagus, sesuai dengan deskripsi nya. Tapi kurir nya lebih jujur lagi untuk cod karena tidak sesuai dengan harga cod",1767502032,3 bulan lalu,BLACK,True,Anonymous,0,False,False,
Powerbank 20000 Mah Mini With 4 Usb Cable Lighrweight Universal Powerbank Led Display Baterai Pengisi Charger,1849796590,3,Cuma bisa skali ngecas aja.,1767501587,3 bulan lalu,BLACK,True,Anonymous,0,False,False,
Powerbank 20000 Mah Mini With 4 Usb Cable Lighrweight Universal Powerbank Led Display Baterai Pengisi Charger,1849587232,5,"Barangnya sesuai dengan pesanan geys,dan pengiriman cepat",1767494559,3 bulan lalu,PURPLE,True,Anonymous,0,False,False,
Powerbank 20000 Mah Mini With 4 Usb Cable Lighrweight Universal Powerbank Led Display Baterai Pengisi Charger,1849576021,3,"sekali ngecas langsung habis baterainya, terus engga penuh ngisinya",1767494136,3 bulan lalu,PINK,True,Anonymous,0,False,False,
Powerbank 20000 Mah Mini With 4 Usb Cable Lighrweight Universal Powerbank Led Display Baterai Pengisi Charger,1849200707,5,"Barang bagus dan sesuai,, sukses selalu ☺☺",1767453231,3 bulan lalu,BLACK,True,Anonymous,0,True,True,
Powerbank 20000 Mah Mini With 4 Usb Cable Lighrweight Universal Powerbank Led Display Baterai Pengisi Charger,1849166233,5,Powerbanknya ok tp blm d coba mudah2an tdk mengecewakan👍🤗,1767451202,3 bulan lalu,PURPLE,True,Anonymous,0,False,False,
Powerbank 20000 Mah Mini With 4 Usb Cable Lighrweight Universal Powerbank Led Display Baterai Pengisi Charger,1849086291,5,Mantullll,1767447241,3 bulan lalu,PURPLE,True,Anonymous,0,True,False,
Powerbank 20000 Mah Mini With 4 Usb Cable Lighrweight Universal Powerbank Led Display Baterai Pengisi Charger,1849032647,1,"Kualitas pengerjaan: Ga sesuai .. 20.000 mAh .. di pke buat cas hp yg batre nya 4.000 mAh.. baru 50% uda abis .. padahal pengisian power bank nya 100%
Jgn nipu atuh ..",1767444990,3 bulan lalu,BLACK,True,Anonymous,0,False,False,
Powerbank 20000 Mah Mini With 4 Usb Cable Lighrweight Universal Powerbank Led Display Baterai Pengisi Charger,1849029291,5,"Bagus semoga ajah awet 
Sesuai dgn pesanan",1767444855,3 bulan lalu,BLACK,True,Anonymous,0,True,False,
Powerbank 20000 Mah Mini With 4 Usb Cable Lighrweight Universal Powerbank Led Display Baterai Pengisi Charger,1848866738,1,gak awet,1767439136,3 bulan lalu,PINK,False,User548951,0,False,False,
Powerbank 20000 Mah Mini With 4 Usb Cable Lighrweight Universal Powerbank Led Display Baterai Pengisi Charger,1848864844,5,"Power bank  minii nya enak bgt kalo dibawa kemana² , terimakasihh ya min👍🏻",1767439077,3 bulan lalu,BLACK,True,Anonymous,0,False,True,
Powerbank 20000 Mah Mini With 4 Usb Cable Lighrweight Universal Powerbank Led Display Baterai Pengisi Charger,1848493688,5,Sudah sampai paketnya semoga awet ya,1767425448,3 bulan lalu,BLACK,True,Anonymous,0,False,False,
Powerbank 20000 Mah Mini With 4 Usb Cable Lighrweight Universal Powerbank Led Display Baterai Pengisi Charger,1848299959,5,bagus banget gais udaa lengkap kabel&#34; naa,1767417586,3 bulan lalu,PURPLE,True,Anonymous,0,True,False,
Powerbank 20000 Mah Mini With 4 Usb Cable Lighrweight Universal Powerbank Led Display Baterai Pengisi Charger,1848098591,5,👍👍👍👍,1767410027,3 bulan lalu,BLACK,True,Anonymous,0,False,False,
Powerbank 20000 Mah Mini With 4 Usb Cable Lighrweight Universal Powerbank Led Display Baterai Pengisi Charger,1848069737,5,"Barang sesuai mantappppp
Bisa pesan lagi nih klo begini 
Bikin pelanggan puasssssss",1767408864,3 bulan lalu,BLACK,True,Anonymous,0,True,False,
Powerbank 20000 Mah Mini With 4 Usb Cable Lighrweight Universal Powerbank Led Display Baterai Pengisi Charger,1847750242,1,20000 mAh apa di pake 10 menit aja udah habis,1767372970,3 bulan lalu,BLACK,True,Anonymous,0,False,False,
Powerbank 20000 Mah Mini With 4 Usb Cable Lighrweight Universal Powerbank Led Display Baterai Pengisi Charger,1847658557,5,"Lens clarity: Good
Quality of work: Good
Performance: Good, semoga awet yaa",1767365758,3 bulan lalu,BLACK,True,Anonymous,0,True,False,
Powerbank 20000 Mah Mini With 4 Usb Cable Lighrweight Universal Powerbank Led Display Baterai Pengisi Charger,1847406844,5,Bagus 👍,1767354610,3 bulan lalu,PURPLE,True,Anonymous,0,False,False,
Powerbank 20000 Mah Mini With 4 Usb Cable Lighrweight Universal Powerbank Led Display Baterai Pengisi Charger,1847359606,4,"Kasih bintang 4 aja  
Kabel nya cuma 2 terhubung ke hp yang satu ga bisa ke pake 

Batrei nya cepat habis baru di pake bentar langsung 25% lagi",1767352902,3 bulan lalu,BLACK,True,Anonymous,0,True,True,
Powerbank 20000 Mah Mini With 4 Usb Cable Lighrweight Universal Powerbank Led Display Baterai Pengisi Charger,1847351672,5,"Semoga awettt ya barangnya, untuk semua good condition",1767352633,3 bulan lalu,BLACK,True,Anonymous,0,True,True,
Powerbank 20000 Mah Mini With 4 Usb Cable Lighrweight Universal Powerbank Led Display Baterai Pengisi Charger,1847349952,3,Imut bget,1767352578,3 bulan lalu,BLACK,True,Anonymous,0,True,False,
Powerbank 20000 Mah Mini With 4 Usb Cable Lighrweight Universal Powerbank Led Display Baterai Pengisi Charger,1847320982,5,"Bagus sesuai kaya yang di gambar 
Belum dicoba sih mungkin nanti klo mau pergi slalu tak bawa",1767351638,3 bulan lalu,BLACK,True,Anonymous,0,False,True,
Powerbank 20000 Mah Mini With 4 Usb Cable Lighrweight Universal Powerbank Led Display Baterai Pengisi Charger,1847287695,5,Mantap,1767350503,3 bulan lalu,BLACK,True,Anonymous,0,True,False,
Powerbank 20000 Mah Mini With 4 Usb Cable Lighrweight Universal Powerbank Led Display Baterai Pengisi Charger,1847245751,5,Mntpppp 👍,1767349036,3 bulan lalu,BLACK,True,Anonymous,0,False,False,
Powerbank 20000 Mah Mini With 4 Usb Cable Lighrweight Universal Powerbank Led Display Baterai Pengisi Charger,1847171564,3,Barang ya sesuaiu,1767346279,3 bulan lalu,PINK,True,Anonymous,0,False,False,
Powerbank 20000 Mah Mini With 4 Usb Cable Lighrweight Universal Powerbank Led Display Baterai Pengisi Charger,1847161951,3,Sy request warna hitam dan yang datang warna pink 😊. No komitmen,1767345914,3 bulan lalu,BLACK,True,Anonymous,0,True,False,
Powerbank 20000 Mah Mini With 4 Usb Cable Lighrweight Universal Powerbank Led Display Baterai Pengisi Charger,1847065369,5,"Mantul bagus dan sesuaiiii lengkap 
Mksihhhh buat toko yg sudah amanah",1767342288,3 bulan lalu,PURPLE,True,Anonymous,0,True,True,
Powerbank 20000 Mah Mini With 4 Usb Cable Lighrweight Universal Powerbank Led Display Baterai Pengisi Charger,1846900420,2,Pengiriman terlalu lama,1767336077,3 bulan lalu,PURPLE,True,Anonymous,0,False,False,
Powerbank 20000 Mah Mini With 4 Usb Cable Lighrweight Universal Powerbank Led Display Baterai Pengisi Charger,1846177314,5,Kualitas pengerjaan: Bagus,1767305384,3 bulan lalu,PURPLE,True,Anonymous,0,False,False,
Powerbank 20000 Mah Mini With 4 Usb Cable Lighrweight Universal Powerbank Led Display Baterai Pengisi Charger,1846172053,5,Sudah saya pakai kualitas ok.. Cocok dengan harganya.. Kurir ramah banget,1767304585,3 bulan lalu,BLACK,True,Anonymous,0,True,False,
Powerbank 20000 Mah Mini With 4 Usb Cable Lighrweight Universal Powerbank Led Display Baterai Pengisi Charger,1845896799,5,barang sampe dgn baik. berfungsi dgn baik. sama dgn yg difoto.,1767274322,3 bulan lalu,BLACK,True,Anonymous,0,True,False,Terima kasih telah berbelanja di CHINDO DIGITAL. Bagikan link toko kami https://www.tokopedia.com/chindo-digital kepada teman-teman kamu. Jangan lupa follow toko kami untuk tahu update terbaru tentang stok dan produk yang kami tawarkan.
Powerbank 20000 Mah Mini With 4 Usb Cable Lighrweight Universal Powerbank Led Display Baterai Pengisi Charger,1845807596,5,Sesuai harapan,1767270750,3 bulan lalu,PINK,True,Anonymous,0,False,False,
Powerbank 20000 Mah Mini With 4 Usb Cable Lighrweight Universal Powerbank Led Display Baterai Pengisi Charger,1845500565,5,Barang sampai dalam kondisi baik 👌🏻,1767260551,3 bulan lalu,BLACK,True,Anonymous,0,False,True,
Powerbank 20000 Mah Mini With 4 Usb Cable Lighrweight Universal Powerbank Led Display Baterai Pengisi Charger,1845434577,3,"Puaaaaas bnget masyaallah 
Seimut ini",1767258113,3 bulan lalu,BLACK,True,Anonymous,0,True,False,
Powerbank 20000 Mah Mini With 4 Usb Cable Lighrweight Universal Powerbank Led Display Baterai Pengisi Charger,1845340640,5,Barang nya ok sih...udah punya PB merk R***T tp agak berat..mknya cb bli PB yg ini yg ktnya enteng ...semoga aja kapasitasnya beneran 20.000mah ya...penjualnya sangat2 ramah..trimksh ya..,1767254475,3 bulan lalu,BLACK,True,Anonymous,0,True,False,Terima kasih telah berbelanja di CHINDO DIGITAL. Bagikan link toko kami https://www.tokopedia.com/chindo-digital kepada teman-teman kamu. Jangan lupa follow toko kami untuk tahu update terbaru tentang stok dan produk yang kami tawarkan.
Powerbank 20000 Mah Mini With 4 Usb Cable Lighrweight Universal Powerbank Led Display Baterai Pengisi Charger,1845283767,5,Sesuai pesanan,1767252216,3 bulan lalu,BLACK,True,Anonymous,0,False,False,
Powerbank 20000 Mah Mini With 4 Usb Cable Lighrweight Universal Powerbank Led Display Baterai Pengisi Charger,1845231155,5,mantab,1767250036,3 bulan lalu,PINK,False,Tonyekayana,0,False,False,Terima kasih telah berbelanja di CHINDO DIGITAL. Bagikan link toko kami https://www.tokopedia.com/chindo-digital kepada teman-teman kamu. Jangan lupa follow toko kami untuk tahu update terbaru tentang stok dan produk yang kami tawarkan.
Powerbank 20000 Mah Mini With 4 Usb Cable Lighrweight Universal Powerbank Led Display Baterai Pengisi Charger,1845046541,5,bagus,1767243046,3 bulan lalu,PURPLE,True,Anonymous,0,False,False,
Powerbank 20000 Mah Mini With 4 Usb Cable Lighrweight Universal Powerbank Led Display Baterai Pengisi Charger,1845004493,4,Bagus,1767241424,3 bulan lalu,BLACK,True,Anonymous,0,False,False,
Powerbank 20000 Mah Mini With 4 Usb Cable Lighrweight Universal Powerbank Led Display Baterai Pengisi Charger,1844993227,4,Kualitas pengerjaan: No komen,1767240981,3 bulan lalu,BLACK,True,Anonymous,0,False,True,
Powerbank 20000 Mah Mini With 4 Usb Cable Lighrweight Universal Powerbank Led Display Baterai Pengisi Charger,1844870520,5,Pengiriman Cepat,1767235920,3 bulan lalu,BLACK,True,Anonymous,0,False,False,
Powerbank 20000 Mah Mini With 4 Usb Cable Lighrweight Universal Powerbank Led Display Baterai Pengisi Charger,1844769047,5,barangg baik dan bagus dan pengirimannnya pun cepttt trimakasih tokopedia..............,1767230579,3 bulan lalu,PURPLE,True,Anonymous,0,True,False,Terima kasih telah berbelanja di CHINDO DIGITAL. Bagikan link toko kami https://www.tokopedia.com/chindo-digital kepada teman-teman kamu. Jangan lupa follow toko kami untuk tahu update terbaru tentang stok dan produk yang kami tawarkan.
Powerbank 20000 Mah Mini With 4 Usb Cable Lighrweight Universal Powerbank Led Display Baterai Pengisi Charger,1844699756,2,barangnya bguss sesuai cuma masa baru cas bntr lagi low batrenya,1767225440,3 bulan lalu,PINK,True,Anonymous,0,False,False,
Powerbank 20000 Mah Mini With 4 Usb Cable Lighrweight Universal Powerbank Led Display Baterai Pengisi Charger,1844538488,5,Produk bagus dan sesuai expektasiku bentuknya imut lucu,1767201693,3 bulan lalu,BLACK,True,Anonymous,0,True,False,
Powerbank 20000 Mah Mini With 4 Usb Cable Lighrweight Universal Powerbank Led Display Baterai Pengisi Charger,1844450626,3,Kenapa di cas cuma 25% terus ya ngak ngisi,1767194494,3 bulan lalu,BLACK,True,Anonymous,0,True,False,
Powerbank 20000 Mah Mini With 4 Usb Cable Lighrweight Universal Powerbank Led Display Baterai Pengisi Charger,1844161640,5,Barang sesuai produk bagus simple dan packing aman kurir ramah,1767179586,3 bulan lalu,BLACK,True,Anonymous,0,True,False,
Powerbank 20000 Mah Mini With 4 Usb Cable Lighrweight Universal Powerbank Led Display Baterai Pengisi Charger,1844137878,5,Mantapppp👍🏻👍🏻👍🏻 barangnya datang dalam keadaan full charger dua2nya,1767178790,3 bulan lalu,BLACK,True,Anonymous,0,True,False,
Powerbank 20000 Mah Mini With 4 Usb Cable Lighrweight Universal Powerbank Led Display Baterai Pengisi Charger,1844064413,5,"Ok pesanan mndrat dengn sempurna,pengiriman cpt.
Sesuai,pungsi  semua semoga awet...
Mksih semua🙏🙏🙏👍",1767176303,3 bulan lalu,BLACK,True,Anonymous,0,True,True,
Powerbank 20000 Mah Mini With 4 Usb Cable Lighrweight Universal Powerbank Led Display Baterai Pengisi Charger,1843907915,1,"nyesel banget baru Dateng pas di coba awal masih 100% ngg ada 15 menit udah hilang 3, nggaa sesuai banget, kardus nya juga kaya bohongan pake kardus biasa",1767170625,3 bulan lalu,PINK,True,Anonymous,0,True,False,
Powerbank 20000 Mah Mini With 4 Usb Cable Lighrweight Universal Powerbank Led Display Baterai Pengisi Charger,1843857213,5,Udh ampe semoga awet yah,1767168772,3 bulan lalu,BLACK,True,Anonymous,0,True,False,
Powerbank 20000 Mah Mini With 4 Usb Cable Lighrweight Universal Powerbank Led Display Baterai Pengisi Charger,1843566687,4,Lampunya ngga bisa hidup,1767158544,3 bulan lalu,PURPLE,True,Anonymous,0,False,False,
Powerbank 20000 Mah Mini With 4 Usb Cable Lighrweight Universal Powerbank Led Display Baterai Pengisi Charger,1843524578,5,"Kejernihan lensa: Sangat baik
Kualitas pengerjaan: Bagus
Performa: Sangat baik
Semoga barang nya awet",1767157246,3 bulan lalu,BLACK,True,Anonymous,0,True,False,
Powerbank 20000 Mah Mini With 4 Usb Cable Lighrweight Universal Powerbank Led Display Baterai Pengisi Charger,1843522265,5,Alhamdulillah udh datang power Bank nya SMG Awet dr kemasan Rapi&amp; Tokonya Amanah 🙏 makasih jga utx mas kurirnya sopan &amp; Ramah udh langganan 🙏,1767157176,3 bulan lalu,PURPLE,True,Anonymous,0,True,False,
Powerbank 20000 Mah Mini With 4 Usb Cable Lighrweight Universal Powerbank Led Display Baterai Pengisi Charger,1843380819,5,"Berfungsi dengan baik semua nya 
Terimakasih",1767152733,3 bulan lalu,PURPLE,True,Anonymous,0,False,False,
Powerbank 20000 Mah Mini With 4 Usb Cable Lighrweight Universal Powerbank Led Display Baterai Pengisi Charger,1843190819,5,"Songoni mantappp, sesuai ekspektasi..
Smoga awet☕",1767145448,3 bulan lalu,BLACK,True,Anonymous,0,True,False,
Powerbank 20000 Mah Mini With 4 Usb Cable Lighrweight Universal Powerbank Led Display Baterai Pengisi Charger,1843003674,5,"Paket mendarat dengan selamat... 
Keren power bank nya ada Lampu senternya...",1767130613,3 bulan lalu,PURPLE,True,Anonymous,0,False,True,
Powerbank 20000 Mah Mini With 4 Usb Cable Lighrweight Universal Powerbank Led Display Baterai Pengisi Charger,1842741214,5,Sesuainpesenan,1767102853,3 bulan lalu,BLACK,True,Anonymous,0,False,False,
Powerbank 20000 Mah Mini With 4 Usb Cable Lighrweight Universal Powerbank Led Display Baterai Pengisi Charger,1842684862,3,"Ngecas xiomi 13 C dengan powerbank pull masa 2 kali baru setengah habis, rusak atau emang kapasitas baterai nya gak iya",1767100446,3 bulan lalu,BLACK,True,Anonymous,0,True,False,
Powerbank 20000 Mah Mini With 4 Usb Cable Lighrweight Universal Powerbank Led Display Baterai Pengisi Charger,1842516545,5,belum di coba tapi semoga barangnya tahan lama.,1767094422,3 bulan lalu,PURPLE,True,Anonymous,0,True,False,
Powerbank 20000 Mah Mini With 4 Usb Cable Lighrweight Universal Powerbank Led Display Baterai Pengisi Charger,1842363639,5,"Jernih
Kualitas pengerjaan: Sangat bagus
Barang bagus seusai minn poko nya berfungsi dengan baik toplah poko nya",1767089424,3 bulan lalu,PURPLE,True,Anonymous,0,True,False,
Powerbank 20000 Mah Mini With 4 Usb Cable Lighrweight Universal Powerbank Led Display Baterai Pengisi Charger,1842294014,4,"Dan akhirnya punya powerbank semoga apa yang diharapkan pembeli dengan barang yang datang sesuai keinginan, mau review bingung Karna belum sempet makai 🙏🏻🙏🏻🙏🏻
Keren si desainnya dll",1767086768,3 bulan lalu,BLACK,True,Anonymous,0,True,False,
Powerbank 20000 Mah Mini With 4 Usb Cable Lighrweight Universal Powerbank Led Display Baterai Pengisi Charger,1842274064,5,"Barangnya sudah sampe, tidak ada kerusakan di powerbank nya",1767085958,3 bulan lalu,BLACK,True,Anonymous,0,True,True,
Powerbank 20000 Mah Mini With 4 Usb Cable Lighrweight Universal Powerbank Led Display Baterai Pengisi Charger,1842074851,3,Ngecasnya brp lama kak,1767077775,3 bulan lalu,BLACK,True,Anonymous,0,False,False,
Powerbank 20000 Mah Mini With 4 Usb Cable Lighrweight Universal Powerbank Led Display Baterai Pengisi Charger,1841999525,5,Bagus produknya,1767074674,3 bulan lalu,BLACK,True,Anonymous,0,True,False,
Powerbank 20000 Mah Mini With 4 Usb Cable Lighrweight Universal Powerbank Led Display Baterai Pengisi Charger,1841787057,5,Real,1767066725,3 bulan lalu,PURPLE,True,Anonymous,0,False,False,
Powerbank 20000 Mah Mini With 4 Usb Cable Lighrweight Universal Powerbank Led Display Baterai Pengisi Charger,1841672838,4,"Isinya sesuai warna yang saya inginkan, tetapi box nya warna Ungu…",1767062454,3 bulan lalu,BLACK,True,Anonymous,0,False,True,
Powerbank 20000 Mah Mini With 4 Usb Cable Lighrweight Universal Powerbank Led Display Baterai Pengisi Charger,1841145366,3,nyobain baru dipake nge cas blom..lama langsung abis sisa 25 dong🤔..knp ya??klo ngecas  angka100 nya mash kedap kedip dicabut ato.nunggu angka 100 nya mati sendiri?,1767017084,3 bulan lalu,PURPLE,True,Anonymous,0,True,False,
Powerbank 20000 Mah Mini With 4 Usb Cable Lighrweight Universal Powerbank Led Display Baterai Pengisi Charger,1841060867,5,"Kualitas pengerjaan: POWER BANK nya sdh sampai,  Mksh Seller dan Abang Kurir nya",1767013542,3 bulan lalu,BLACK,True,Anonymous,0,False,False,
Powerbank 20000 Mah Mini With 4 Usb Cable Lighrweight Universal Powerbank Led Display Baterai Pengisi Charger,1841052833,5,Kurir nya ramah,1767013215,3 bulan lalu,BLACK,True,Anonymous,0,False,False,
Powerbank 20000 Mah Mini With 4 Usb Cable Lighrweight Universal Powerbank Led Display Baterai Pengisi Charger,1840438187,1,Kecewa beli ini udah d cas penuh buat cash hp cuma dapat 30 persen udah habis.pikir&#34; LG klo mau beli,1766991852,3 bulan lalu,BLACK,True,Anonymous,0,True,False,
Powerbank 20000 Mah Mini With 4 Usb Cable Lighrweight Universal Powerbank Led Display Baterai Pengisi Charger,1840178998,5,Cepat Sampay barang nya,1766983235,3 bulan lalu,BLACK,True,Anonymous,0,False,False,
Powerbank 20000 Mah Mini With 4 Usb Cable Lighrweight Universal Powerbank Led Display Baterai Pengisi Charger,1840044122,5,Berfungsi dengan baik,1766978989,3 bulan lalu,PURPLE,True,Anonymous,0,False,False,
Powerbank 20000 Mah Mini With 4 Usb Cable Lighrweight Universal Powerbank Led Display Baterai Pengisi Charger,1839905224,5,"Paket sudah diterima dengan aman, rapih,cepat dan sesuai order, terimakasih seller amanah dan kurirnya ramah",1766974118,3 bulan lalu,PURPLE,True,Anonymous,0,True,False,
Powerbank 20000 Mah Mini With 4 Usb Cable Lighrweight Universal Powerbank Led Display Baterai Pengisi Charger,1839861435,4,"Brgny bgs, dan berfungsi dgn baik
Saya suka",1766972339,3 bulan lalu,BLACK,True,Anonymous,0,False,False,
Powerbank 20000 Mah Mini With 4 Usb Cable Lighrweight Universal Powerbank Led Display Baterai Pengisi Charger,1839788183,1,Proses pengantaran lama sekali di tiktok ini,1766968531,3 bulan lalu,BLACK,True,Anonymous,0,False,False,
Powerbank 20000 Mah Mini With 4 Usb Cable Lighrweight Universal Powerbank Led Display Baterai Pengisi Charger,1839488913,5,"Performa: Bagus
Kejernihan lensa: Sesuai
Kualitas pengerjaan: Baik",1766933857,3 bulan lalu,PINK,True,Anonymous,0,True,False,
Powerbank 20000 Mah Mini With 4 Usb Cable Lighrweight Universal Powerbank Led Display Baterai Pengisi Charger,1839417694,5,"Bagus,,sesuai gambar
Semoga awet
Pengiriman juga cepat",1766930569,3 bulan lalu,BLACK,True,Anonymous,0,False,False,
Powerbank 20000 Mah Mini With 4 Usb Cable Lighrweight Universal Powerbank Led Display Baterai Pengisi Charger,1839304933,5,pas mantap,1766926230,3 bulan lalu,BLACK,False,Rio,0,True,False,Terima kasih telah berbelanja di CHINDO DIGITAL. Bagikan link toko kami https://www.tokopedia.com/chindo-digital kepada teman-teman kamu. Jangan lupa follow toko kami untuk tahu update terbaru tentang stok dan produk yang kami tawarkan.
Powerbank 20000 Mah Mini With 4 Usb Cable Lighrweight Universal Powerbank Led Display Baterai Pengisi Charger,1839177478,5,"baguss, warnanya lucuu, lumayan cepat nge-charge nyaa, senternya juga terang, di isi batrenya nya ga ga terlalu lama, kurirnya ramah baik..",1766921964,3 bulan lalu,PINK,True,Anonymous,2,True,True,
Powerbank 20000 Mah Mini With 4 Usb Cable Lighrweight Universal Powerbank Led Display Baterai Pengisi Charger,1838879948,5,"Pengiriman cepat ,sesuai pesanan",1766911798,3 bulan lalu,BLACK,True,Anonymous,0,False,False,
Powerbank 20000 Mah Mini With 4 Usb Cable Lighrweight Universal Powerbank Led Display Baterai Pengisi Charger,1838818886,5,sesuai dengan yg di foto,1766909465,3 bulan lalu,BLACK,True,Anonymous,0,True,False,
Powerbank 20000 Mah Mini With 4 Usb Cable Lighrweight Universal Powerbank Led Display Baterai Pengisi Charger,1837925469,5,Good,1766853844,3 bulan lalu,BLACK,True,Anonymous,0,False,False,
Powerbank 20000 Mah Mini With 4 Usb Cable Lighrweight Universal Powerbank Led Display Baterai Pengisi Charger,1837551862,5,bagus sesuai,1766835589,3 bulan lalu,PURPLE,True,Anonymous,0,False,False,
Powerbank 20000 Mah Mini With 4 Usb Cable Lighrweight Universal Powerbank Led Display Baterai Pengisi Charger,1837204873,1,Indikator batrai nya mati gk nyala,1766823326,3 bulan lalu,BLACK,True,Anonymous,0,False,False,
Powerbank 20000 Mah Mini With 4 Usb Cable Lighrweight Universal Powerbank Led Display Baterai Pengisi Charger,1836376071,5,barang ok,1766780269,3 bulan lalu,PURPLE,False,Raditia,0,False,False,Terima kasih telah berbelanja di CHINDO DIGITAL. Bagikan link toko kami https://www.tokopedia.com/chindo-digital kepada teman-teman kamu. Jangan lupa follow toko kami untuk tahu update terbaru tentang stok dan produk yang kami tawarkan.
Powerbank 20000 Mah Mini With 4 Usb Cable Lighrweight Universal Powerbank Led Display Baterai Pengisi Charger,1836052931,1,tidak menyala kabelnya tidak muat di hp,1766753672,3 bulan lalu,PINK,True,Anonymous,0,False,True,
Powerbank 20000 Mah Mini With 4 Usb Cable Lighrweight Universal Powerbank Led Display Baterai Pengisi Charger,1836035757,1,Ga bagus bgt saya baterai cepet hbs pdhl powerbank baru di cash tp masuk di HP cuman mengisi 50℅ ga lebih. Nyesel beli powerbank ini,1766753009,3 bulan lalu,PURPLE,True,Anonymous,0,False,False,
Powerbank 20000 Mah Mini With 4 Usb Cable Lighrweight Universal Powerbank Led Display Baterai Pengisi Charger,1835703956,2,Baru dipakai powerbank nya cepat hbs baterai,1766742390,3 bulan lalu,BLACK,True,Anonymous,0,False,False,
Powerbank 20000 Mah Mini With 4 Usb Cable Lighrweight Universal Powerbank Led Display Baterai Pengisi Charger,1835662162,5,"Bagusss banget buat sekolah nanti, ke gunung cocok bangett",1766740873,3 bulan lalu,BLACK,True,Anonymous,0,False,False,
Powerbank 20000 Mah Mini With 4 Usb Cable Lighrweight Universal Powerbank Led Display Baterai Pengisi Charger,1835233251,5,"Datang cepet banget,barangnya bagus",1766725774,3 bulan lalu,BLACK,True,Anonymous,0,True,False,
Powerbank 20000 Mah Mini With 4 Usb Cable Lighrweight Universal Powerbank Led Display Baterai Pengisi Charger,1835083069,5,Terimakasih ya pesanan nya sudah sampai sesuai dengan keinginan,1766721329,3 bulan lalu,BLACK,True,Anonymous,0,False,True,
Powerbank 20000 Mah Mini With 4 Usb Cable Lighrweight Universal Powerbank Led Display Baterai Pengisi Charger,1835080680,5,Semua bagus 👍👍👍👍👍👍👍👍👍👍🙏🙏🙏trkas.....,1766721255,3 bulan lalu,BLACK,True,Anonymous,0,False,False,
Powerbank 20000 Mah Mini With 4 Usb Cable Lighrweight Universal Powerbank Led Display Baterai Pengisi Charger,1835059864,5,Kurang bagus kak. Pas Chargernya,1766720641,3 bulan lalu,BLACK,True,Anonymous,0,False,False,
Powerbank 20000 Mah Mini With 4 Usb Cable Lighrweight Universal Powerbank Led Display Baterai Pengisi Charger,1834873303,5,"Paket sudah datang dan paketnya sudah diterima dalam kondisi baik, datang cepat sesuai jadwal, kurirnya amanah sekali, ramah dalam melayani, 
Terima kasih.",1766714532,3 bulan lalu,PURPLE,True,Anonymous,0,True,False,
Powerbank 20000 Mah Mini With 4 Usb Cable Lighrweight Universal Powerbank Led Display Baterai Pengisi Charger,1834808434,5,"mantap barangnya sesuai, makasih buat sellernya",1766711772,3 bulan lalu,BLACK,False,Gelar,0,True,False,Terima kasih telah berbelanja di CHINDO DIGITAL. Bagikan link toko kami https://www.tokopedia.com/chindo-digital kepada teman-teman kamu. Jangan lupa follow toko kami untuk tahu update terbaru tentang stok dan produk yang kami tawarkan.
Powerbank 20000 Mah Mini With 4 Usb Cable Lighrweight Universal Powerbank Led Display Baterai Pengisi Charger,1834776216,5,Kejernihan lensa: sangatttt bangusssss sekaliiii,1766710051,3 bulan lalu,BLACK,True,Anonymous,0,True,False,
Powerbank 20000 Mah Mini With 4 Usb Cable Lighrweight Universal Powerbank Led Display Baterai Pengisi Charger,1834738305,4,Bagus oke,1766707789,3 bulan lalu,BLACK,True,Anonymous,0,False,False,
Powerbank 20000 Mah Mini With 4 Usb Cable Lighrweight Universal Powerbank Led Display Baterai Pengisi Charger,1834543218,5,Barang bagus,1766681354,3 bulan lalu,BLACK,True,Anonymous,0,False,False,
Powerbank 20000 Mah Mini With 4 Usb Cable Lighrweight Universal Powerbank Led Display Baterai Pengisi Charger,1834350419,5,"Kualitas pengerjaan: Bagus
Performa: Sangat baik",1766670088,3 bulan lalu,BLACK,True,Anonymous,0,True,False,
Powerbank 20000 Mah Mini With 4 Usb Cable Lighrweight Universal Powerbank Led Display Baterai Pengisi Charger,1834151778,4,"Performa: belom dicoba nanti klo padam ku coba
Kejernihan lensa: jernih
udah dapet kabel charger sama buku panduan, baguss warna ungu💜 nnti klo udh dicoba pake nya, ku edit lagi ulasannya",1766663165,3 bulan lalu,PURPLE,True,Anonymous,0,True,False,
Powerbank 20000 Mah Mini With 4 Usb Cable Lighrweight Universal Powerbank Led Display Baterai Pengisi Charger,1834016738,5,Alhamdllh brg sudh sampe walo rada telat terima kasih. Smg kdepannya bs lebih baik lg,1766659024,3 bulan lalu,BLACK,True,Anonymous,0,False,False,
Powerbank 20000 Mah Mini With 4 Usb Cable Lighrweight Universal Powerbank Led Display Baterai Pengisi Charger,1833541611,5,Barang tiba dengan baik,1766642214,3 bulan lalu,BLACK,True,Anonymous,0,False,False,
Powerbank 20000 Mah Mini With 4 Usb Cable Lighrweight Universal Powerbank Led Display Baterai Pengisi Charger,1832981063,1,barang kW gak jelas,1766621239,3 bulan lalu,BLACK,False,beriantus,0,False,False,
Powerbank 20000 Mah Mini With 4 Usb Cable Lighrweight Universal Powerbank Led Display Baterai Pengisi Charger,1832535185,5,"Barang nya udah datang,  sesuai gambar.....thanks seller",1766582691,4 bulan lalu,BLACK,True,Anonymous,0,False,False,
Powerbank 20000 Mah Mini With 4 Usb Cable Lighrweight Universal Powerbank Led Display Baterai Pengisi Charger,1832223537,5,Bagus bagusss.. Akan beli lagi dgn warna yg lain,1766572857,4 bulan lalu,BLACK,True,Anonymous,0,True,False,
Powerbank 20000 Mah Mini With 4 Usb Cable Lighrweight Universal Powerbank Led Display Baterai Pengisi Charger,1831946687,5,"Kejernihan lensa: ok
Kualitas pengerjaan: ok
Performa: ok
bagus banget warnnya sesuai,semoga awett🥰",1766563597,4 bulan lalu,PINK,True,Anonymous,0,True,False,
Powerbank 20000 Mah Mini With 4 Usb Cable Lighrweight Universal Powerbank Led Display Baterai Pengisi Charger,1831824693,5,oke sihh min👍🏼,1766559386,4 bulan lalu,BLACK,True,Anonymous,0,False,False,
Powerbank 20000 Mah Mini With 4 Usb Cable Lighrweight Universal Powerbank Led Display Baterai Pengisi Charger,1831765922,5,Kualitas pengerjaan: Sangat baik,1766557361,4 bulan lalu,BLACK,True,Anonymous,0,False,False,
Powerbank 20000 Mah Mini With 4 Usb Cable Lighrweight Universal Powerbank Led Display Baterai Pengisi Charger,1831340649,1,"Selalu ga pengisian baterai nya, bahan bekas powerbank ya",1766545063,4 bulan lalu,BLACK,True,Anonymous,0,True,False,
Powerbank 20000 Mah Mini With 4 Usb Cable Lighrweight Universal Powerbank Led Display Baterai Pengisi Charger,1831297163,5,pokoknya bagus dah,1766543626,4 bulan lalu,BLACK,True,Anonymous,0,True,False,
Powerbank 20000 Mah Mini With 4 Usb Cable Lighrweight Universal Powerbank Led Display Baterai Pengisi Charger,1831221890,5,"Maaf ga sempet videoin ,,dtang dengan keadaan baik bgus sesuai psenan,,harga segitu semoga awet mksih buat toko nya udh amanah🥰👍",1766540718,4 bulan lalu,PINK,True,Anonymous,0,False,False,
Powerbank 20000 Mah Mini With 4 Usb Cable Lighrweight Universal Powerbank Led Display Baterai Pengisi Charger,1831149756,5,Sesuai dg gambar ..bagus moga kuat dan tahan lama g cot rusak mksh,1766537660,4 bulan lalu,PINK,True,Anonymous,0,False,False,
Powerbank 20000 Mah Mini With 4 Usb Cable Lighrweight Universal Powerbank Led Display Baterai Pengisi Charger,1831108545,5,"Mantap utk harga segitu
Performa: Lumayan pokoknya, best pokoknya",1766535618,4 bulan lalu,BLACK,True,Anonymous,0,True,False,
Powerbank 20000 Mah Mini With 4 Usb Cable Lighrweight Universal Powerbank Led Display Baterai Pengisi Charger,1830755574,5,Barang nya bagus sesuai pesanan,1766500407,4 bulan lalu,PURPLE,True,Anonymous,0,False,False,
Powerbank 20000 Mah Mini With 4 Usb Cable Lighrweight Universal Powerbank Led Display Baterai Pengisi Charger,1830503151,5,Terima kasih. Pesanan sesuai deskripsi. Semoga awet pbnya,1766491161,4 bulan lalu,BLACK,True,Anonymous,0,False,False,
Powerbank 20000 Mah Mini With 4 Usb Cable Lighrweight Universal Powerbank Led Display Baterai Pengisi Charger,1830497582,5,Performa: Bagus sekali,1766490987,4 bulan lalu,BLACK,True,Anonymous,0,False,False,
Powerbank 20000 Mah Mini With 4 Usb Cable Lighrweight Universal Powerbank Led Display Baterai Pengisi Charger,1830473603,5,"kualitas bagus, ckup utk pengecasan 1 Hp sampai full",1766490210,4 bulan lalu,BLACK,True,Anonymous,0,False,False,
Powerbank 20000 Mah Mini With 4 Usb Cable Lighrweight Universal Powerbank Led Display Baterai Pengisi Charger,1830386092,5,Kuris ramah.  Mantap pengiriman cepat .,1766487468,4 bulan lalu,BLACK,True,Anonymous,0,False,False,
Powerbank 20000 Mah Mini With 4 Usb Cable Lighrweight Universal Powerbank Led Display Baterai Pengisi Charger,1830301126,5,Sesuai dengan ekspetasi baguss,1766484545,4 bulan lalu,BLACK,True,Anonymous,0,False,False,
Powerbank 20000 Mah Mini With 4 Usb Cable Lighrweight Universal Powerbank Led Display Baterai Pengisi Charger,1830232243,5,Kualitas pengerjaan: Bagus sekali ....puas,1766481929,4 bulan lalu,BLACK,True,Anonymous,0,False,False,
Powerbank 20000 Mah Mini With 4 Usb Cable Lighrweight Universal Powerbank Led Display Baterai Pengisi Charger,1830191177,1,"20.000 mah cuma gimik, sekalo charger hp 5.000 habis",1766480274,4 bulan lalu,BLACK,True,Anonymous,0,False,False,
Powerbank 20000 Mah Mini With 4 Usb Cable Lighrweight Universal Powerbank Led Display Baterai Pengisi Charger,1829743501,5,"Pengiriman sangat cepat, seller ramah, barang berfungsi dgn baik, sudah di coba charge dan dipakai 👍 terima kasih ya kak",1766463032,4 bulan lalu,BLACK,True,Anonymous,0,False,False,Terima kasih telah berbelanja di CHINDO DIGITAL. Bagikan link toko kami https://www.tokopedia.com/chindo-digital kepada teman-teman kamu. Jangan lupa follow toko kami untuk tahu update terbaru tentang stok dan produk yang kami tawarkan.
Powerbank 20000 Mah Mini With 4 Usb Cable Lighrweight Universal Powerbank Led Display Baterai Pengisi Charger,1829526909,5,bagus,1766455791,4 bulan lalu,BLACK,True,Anonymous,0,False,False,
Powerbank 20000 Mah Mini With 4 Usb Cable Lighrweight Universal Powerbank Led Display Baterai Pengisi Charger,1829255183,1,"MAti total,pengecasan mulai datang sampek skarang nggk nyala2.",1766427889,4 bulan lalu,BLACK,True,Anonymous,0,True,False,
Powerbank 20000 Mah Mini With 4 Usb Cable Lighrweight Universal Powerbank Led Display Baterai Pengisi Charger,1829162089,4,tidak rekomen karena kualitas buruk,1766417706,4 bulan lalu,PURPLE,True,Anonymous,0,False,False,
Powerbank 20000 Mah Mini With 4 Usb Cable Lighrweight Universal Powerbank Led Display Baterai Pengisi Charger,1829015874,5,imut mudah d bawa k mana²bagus simpel aku suka,1766410473,4 bulan lalu,BLACK,True,Anonymous,0,True,True,
Powerbank 20000 Mah Mini With 4 Usb Cable Lighrweight Universal Powerbank Led Display Baterai Pengisi Charger,1828981315,1,"Untuk packaging bagus mulus... Tapi pas di coba dan sudah di cass lebih dari 6 jam cuma bisa cas HP 20% aja, trus PB nya lowbet lagi... Keterangan 20000 MAH tp pas dteng zonk...",1766409043,4 bulan lalu,BLACK,True,Anonymous,0,False,False,
Powerbank 20000 Mah Mini With 4 Usb Cable Lighrweight Universal Powerbank Led Display Baterai Pengisi Charger,1828965373,1,"Performance: Tidak sesuai kalau 20000 mah, kondisi powerbank full 100% ketika charge ponsel posisi battery 20% lalu saya charge dengan powerbank cuma naik menjadi 29% dan powerbank langsung drop sampai 25%, sebenarnya sudah curiga kenapa 20000 mah ringan sekali",1766408410,4 bulan lalu,BLACK,True,Anonymous,0,False,False,
Powerbank 20000 Mah Mini With 4 Usb Cable Lighrweight Universal Powerbank Led Display Baterai Pengisi Charger,1828853006,5,"Mantap sesuai pesanan. mudahan-mudahan 
Awet",1766404421,4 bulan lalu,BLACK,True,Anonymous,0,False,True,
Powerbank 20000 Mah Mini With 4 Usb Cable Lighrweight Universal Powerbank Led Display Baterai Pengisi Charger,1828629101,5,"sudah 2x co di toko ini, sellernya ramah bgt, fast respon dan barang yang di pesen sesuai deskripsi, sangat sangat rekomendasi toko ini, jangan ragu co disini saya sudah buktikan sendiri",1766396722,4 bulan lalu,BLACK,False,Cindelaras,0,True,False,Terima kasih telah berbelanja di CHINDO DIGITAL. Bagikan link toko kami https://www.tokopedia.com/chindo-digital kepada teman-teman kamu. Jangan lupa follow toko kami untuk tahu update terbaru tentang stok dan produk yang kami tawarkan.
Powerbank 20000 Mah Mini With 4 Usb Cable Lighrweight Universal Powerbank Led Display Baterai Pengisi Charger,1828453150,5,Sesuai barangnya,1766390176,4 bulan lalu,BLACK,True,Anonymous,0,False,False,
Powerbank 20000 Mah Mini With 4 Usb Cable Lighrweight Universal Powerbank Led Display Baterai Pengisi Charger,1828178069,5,Mantap,1766380064,4 bulan lalu,PURPLE,True,Anonymous,0,True,False,
Powerbank 20000 Mah Mini With 4 Usb Cable Lighrweight Universal Powerbank Led Display Baterai Pengisi Charger,1827983690,1,"Parah tidak bisa mengisi, power bank di cas seharian juga tdk bisa di pakai",1766373538,4 bulan lalu,BLACK,True,Anonymous,0,False,False,
Powerbank 20000 Mah Mini With 4 Usb Cable Lighrweight Universal Powerbank Led Display Baterai Pengisi Charger,1827178124,1,"Jelek bgt udh di cas seharian ga nyala 25 persen trs, toko ga amanah",1766316203,4 bulan lalu,BLACK,True,Anonymous,0,True,True,
Powerbank 20000 Mah Mini With 4 Usb Cable Lighrweight Universal Powerbank Led Display Baterai Pengisi Charger,1827177928,3,Bagus...tp agak boros,1766316197,4 bulan lalu,BLACK,True,Anonymous,0,False,False,
Powerbank 20000 Mah Mini With 4 Usb Cable Lighrweight Universal Powerbank Led Display Baterai Pengisi Charger,1827152674,5,Bagus barangnya.dan jangan lupa di beli ya bagus soalnya,1766315356,4 bulan lalu,BLACK,True,Anonymous,0,True,True,
Powerbank 20000 Mah Mini With 4 Usb Cable Lighrweight Universal Powerbank Led Display Baterai Pengisi Charger,1827073500,5,Bagus,1766312694,4 bulan lalu,BLACK,True,Anonymous,0,False,False,
Powerbank 20000 Mah Mini With 4 Usb Cable Lighrweight Universal Powerbank Led Display Baterai Pengisi Charger,1827000931,4,Bagus sesuai harga cuma ada bekas baret ngak tau bekas apa,1766310055,4 bulan lalu,BLACK,True,Anonymous,0,True,False,
Powerbank 20000 Mah Mini With 4 Usb Cable Lighrweight Universal Powerbank Led Display Baterai Pengisi Charger,1826979192,5,barang nya sesuai,1766309221,4 bulan lalu,PURPLE,True,Anonymous,0,False,False,
Powerbank 20000 Mah Mini With 4 Usb Cable Lighrweight Universal Powerbank Led Display Baterai Pengisi Charger,1826588304,5,"barang sudah sampai 
mantap",1766293995,4 bulan lalu,BLACK,True,Anonymous,0,False,False,
Powerbank 20000 Mah Mini With 4 Usb Cable Lighrweight Universal Powerbank Led Display Baterai Pengisi Charger,1826087376,1,"tidak berguna sama sekali, baru di tancap langsung habis",1766266274,4 bulan lalu,BLACK,True,Anonymous,0,False,False,
Powerbank 20000 Mah Mini With 4 Usb Cable Lighrweight Universal Powerbank Led Display Baterai Pengisi Charger,1825994856,1,"Ga bisa dipakai, sama sekali ga nyala",1766249032,4 bulan lalu,BLACK,False,Walijo,0,False,False,
Powerbank 20000 Mah Mini With 4 Usb Cable Lighrweight Universal Powerbank Led Display Baterai Pengisi Charger,1825956877,5,Makasih kak barang bagus sesuai harapan,1766245872,4 bulan lalu,BLACK,True,Anonymous,0,False,False,
Powerbank 20000 Mah Mini With 4 Usb Cable Lighrweight Universal Powerbank Led Display Baterai Pengisi Charger,1825844273,1,"tolong kalau jualan tu yang jujur dikit,niat jualan gak sih apaan dikirim batu gini",1766239460,4 bulan lalu,BLACK,True,Anonymous,1,False,True,
Powerbank 20000 Mah Mini With 4 Usb Cable Lighrweight Universal Powerbank Led Display Baterai Pengisi Charger,1825651370,5,"Awal saya kira mati, ternyata power nol
Cas ok
Semoga awet",1766231539,4 bulan lalu,BLACK,True,Anonymous,0,True,False,
Powerbank 20000 Mah Mini With 4 Usb Cable Lighrweight Universal Powerbank Led Display Baterai Pengisi Charger,1825523447,5,Keren,1766227353,4 bulan lalu,BLACK,True,Anonymous,0,False,False,
Powerbank 20000 Mah Mini With 4 Usb Cable Lighrweight Universal Powerbank Led Display Baterai Pengisi Charger,1825251550,5,Barang dateng dengan selamat pekingan nya sangat rapi,1766217643,4 bulan lalu,BLACK,True,Anonymous,0,True,True,
Powerbank 20000 Mah Mini With 4 Usb Cable Lighrweight Universal Powerbank Led Display Baterai Pengisi Charger,1824815597,5,Bagus,1766202281,4 bulan lalu,BLACK,True,Anonymous,0,False,False,
Powerbank 20000 Mah Mini With 4 Usb Cable Lighrweight Universal Powerbank Led Display Baterai Pengisi Charger,1824603562,5,Bagus dan berfungsi dengan baik udah dicoba sesuai dgn deskripsi.,1766194207,4 bulan lalu,BLACK,True,Anonymous,0,True,False,
Powerbank 20000 Mah Mini With 4 Usb Cable Lighrweight Universal Powerbank Led Display Baterai Pengisi Charger,1824557556,1,Mantap sesuai dengan harapan,1766191379,4 bulan lalu,PURPLE,True,Anonymous,0,False,False,
Powerbank 20000 Mah Mini With 4 Usb Cable Lighrweight Universal Powerbank Led Display Baterai Pengisi Charger,1824410189,5,Kejernihan lensa: Mantap,1766172525,4 bulan lalu,BLACK,True,Anonymous,0,False,False,
Powerbank 20000 Mah Mini With 4 Usb Cable Lighrweight Universal Powerbank Led Display Baterai Pengisi Charger,1824399420,2,"batre boros, yang tebsi gabisa dipakek(longgar)",1766170633,4 bulan lalu,BLACK,True,Anonymous,0,False,False,
Powerbank 20000 Mah Mini With 4 Usb Cable Lighrweight Universal Powerbank Led Display Baterai Pengisi Charger,1824097730,5,"Kejernihan lensa: Inipowerbank ga pake lensa ,
Kualitas pengerjaan: Rapi berat ,
Performa: Hidup lancar nyala ,",1766149458,4 bulan lalu,PURPLE,True,Anonymous,0,True,False,
Powerbank 20000 Mah Mini With 4 Usb Cable Lighrweight Universal Powerbank Led Display Baterai Pengisi Charger,1823905003,5,Paket nya sdh sampai.. bagus banget saya suka.. trmksh 🥰,1766142926,4 bulan lalu,BLACK,True,Anonymous,0,False,True,
Powerbank 20000 Mah Mini With 4 Usb Cable Lighrweight Universal Powerbank Led Display Baterai Pengisi Charger,1823527129,5,"Kualitas pengerjaan: Sangat bagus &amp; terlihat exclusive
Performa: Mantap &amp; seusai kebutuhan",1766130291,4 bulan lalu,BLACK,True,Anonymous,0,False,False,
Powerbank 20000 Mah Mini With 4 Usb Cable Lighrweight Universal Powerbank Led Display Baterai Pengisi Charger,1823376876,5,"Bagus banget,,, makasih ya min semoga bisa awet penggunaannya",1766124836,4 bulan lalu,BLACK,True,Anonymous,0,True,True,
Powerbank 20000 Mah Mini With 4 Usb Cable Lighrweight Universal Powerbank Led Display Baterai Pengisi Charger,1823231866,4,Barang sesuai tapi belom di coba mudah mudahan awet baterai nyah kulir ok,1766120373,4 bulan lalu,BLACK,True,Anonymous,0,False,False,
Powerbank 20000 Mah Mini With 4 Usb Cable Lighrweight Universal Powerbank Led Display Baterai Pengisi Charger,1823215959,5,Performa: Bagus,1766119878,4 bulan lalu,BLACK,True,Anonymous,0,False,False,
Powerbank 20000 Mah Mini With 4 Usb Cable Lighrweight Universal Powerbank Led Display Baterai Pengisi Charger,1822984189,4,"Pengisian nya lumayan cepat, tapi ada kotor sedikit di bagian belakang",1766112427,4 bulan lalu,PURPLE,True,Anonymous,0,False,False,
Powerbank 20000 Mah Mini With 4 Usb Cable Lighrweight Universal Powerbank Led Display Baterai Pengisi Charger,1822984191,4,Pengisian nya lumayan cepat,1766112427,4 bulan lalu,BLACK,True,Anonymous,0,False,False,
Powerbank 20000 Mah Mini With 4 Usb Cable Lighrweight Universal Powerbank Led Display Baterai Pengisi Charger,1822560717,5,"good product , thanks",1766072827,4 bulan lalu,BLACK,False,Agustoni,0,False,False,Terima kasih telah berbelanja di CHINDO DIGITAL. Bagikan link toko kami https://www.tokopedia.com/chindo-digital kepada teman-teman kamu. Jangan lupa follow toko kami untuk tahu update terbaru tentang stok dan produk yang kami tawarkan.
Powerbank 20000 Mah Mini With 4 Usb Cable Lighrweight Universal Powerbank Led Display Baterai Pengisi Charger,1822473423,5,Barang sesua dengan pesan mantap,1766068196,4 bulan lalu,BLACK,True,Anonymous,0,True,False,
Powerbank 20000 Mah Mini With 4 Usb Cable Lighrweight Universal Powerbank Led Display Baterai Pengisi Charger,1822238990,5,sesuai pesanan nggak mengecewakan tahan lama lagi cepet ngisinya,1766059677,4 bulan lalu,BLACK,True,Anonymous,0,False,False,
Powerbank 20000 Mah Mini With 4 Usb Cable Lighrweight Universal Powerbank Led Display Baterai Pengisi Charger,1822012475,5,Produk terbaik dan kurirnya sangat good job,1766053184,4 bulan lalu,BLACK,True,Anonymous,0,False,False,
Powerbank 20000 Mah Mini With 4 Usb Cable Lighrweight Universal Powerbank Led Display Baterai Pengisi Charger,1821728016,5,masya allah sesuai pesanan dan cepat naik pas charger,1766043955,4 bulan lalu,BLACK,True,Anonymous,0,False,False,
Powerbank 20000 Mah Mini With 4 Usb Cable Lighrweight Universal Powerbank Led Display Baterai Pengisi Charger,1821716401,1,"sangat mengecewakan.
ngecas satu hp aja kga penuh.. ehhh malah powerbanknya yg laow.
padahal powerbanknya udah di cas ampe penuh..",1766043580,4 bulan lalu,BLACK,True,Anonymous,0,True,False,
Powerbank 20000 Mah Mini With 4 Usb Cable Lighrweight Universal Powerbank Led Display Baterai Pengisi Charger,1821656159,5,Mntp banget batreany kuat sehri,1766041508,4 bulan lalu,BLACK,True,Anonymous,0,False,False,
Powerbank 20000 Mah Mini With 4 Usb Cable Lighrweight Universal Powerbank Led Display Baterai Pengisi Charger,1821418994,5,Packing rapi.. Semoga awet dan berfungsi dengan baik..,1766033919,4 bulan lalu,BLACK,True,Anonymous,0,False,False,
Powerbank 20000 Mah Mini With 4 Usb Cable Lighrweight Universal Powerbank Led Display Baterai Pengisi Charger,1820561688,5,Tolong cepetin ya ka sampe nya soalnya aku butuh banget,1765979554,4 bulan lalu,BLACK,True,Anonymous,0,False,False,
Powerbank 20000 Mah Mini With 4 Usb Cable Lighrweight Universal Powerbank Led Display Baterai Pengisi Charger,1820312025,1,Barang nya tidak sesuai dgn deskripsi. Pengiriman sangat lama melebihi batas waktu yg dijanjikan.,1765971687,4 bulan lalu,BLACK,True,Anonymous,0,False,False,
Powerbank 20000 Mah Mini With 4 Usb Cable Lighrweight Universal Powerbank Led Display Baterai Pengisi Charger,1820288866,4,"saya kasih 4 dulu, untuk semua aman, pokoknya pas lah, tpii mau nnya sedikit dong, ini haruss di cas ulang atau gmn, pas saya mau pakai, belum 30 menit, layar display nampilin sisa 50, fast charg kok, tpii itu sih pertanyaannya, apakah hrus di cas ulang dluu, atau memng kapasitasnya ga smpe 20.000",1765971059,4 bulan lalu,BLACK,True,Anonymous,0,False,False,
Powerbank 20000 Mah Mini With 4 Usb Cable Lighrweight Universal Powerbank Led Display Baterai Pengisi Charger,1820112262,5,Kualitas pengerjaan: baterainya tahan lama ga bakal sia sia beli powerbank ini,1765966386,4 bulan lalu,PURPLE,True,Anonymous,0,False,False,
Powerbank 20000 Mah Mini With 4 Usb Cable Lighrweight Universal Powerbank Led Display Baterai Pengisi Charger,1819882414,5,Sangat baik,1765959450,4 bulan lalu,BLACK,True,Anonymous,0,False,False,
Powerbank 20000 Mah Mini With 4 Usb Cable Lighrweight Universal Powerbank Led Display Baterai Pengisi Charger,1819447185,2,"sesuai dengan pict ..

tapi untuk kualitas itu sangat rendah karena baru pemakaian 30menit baterai sudah habis .. posisi sebelum di gunakan 100% kemudian setelah 30 menit baterai 0",1765946129,4 bulan lalu,PINK,True,Anonymous,0,True,False,
Powerbank 20000 Mah Mini With 4 Usb Cable Lighrweight Universal Powerbank Led Display Baterai Pengisi Charger,1819375794,1,"Batre power bank nya rusak, msak lngsng habis.
Barang rusak yg kalian kirim",1765944098,4 bulan lalu,BLACK,True,Anonymous,0,False,False,
Powerbank 20000 Mah Mini With 4 Usb Cable Lighrweight Universal Powerbank Led Display Baterai Pengisi Charger,1819277065,1,Powerbank abal abal baru isi 5 menit ke HP dari 100%langsung drop ke 25% HP baru terisi 7%,1765941092,4 bulan lalu,BLACK,True,Anonymous,0,False,False,
Powerbank 20000 Mah Mini With 4 Usb Cable Lighrweight Universal Powerbank Led Display Baterai Pengisi Charger,1819206809,5,Terimakasih kaka,1765938719,4 bulan lalu,BLACK,True,Anonymous,0,False,False,
Powerbank 20000 Mah Mini With 4 Usb Cable Lighrweight Universal Powerbank Led Display Baterai Pengisi Charger,1819110988,2,kecewa si aku udah harganya aga mahal malah baru buat ngecas bentarr langsung abis batre nya,1765934983,4 bulan lalu,BLACK,True,Anonymous,0,False,False,
Powerbank 20000 Mah Mini With 4 Usb Cable Lighrweight Universal Powerbank Led Display Baterai Pengisi Charger,1818913215,5,Ok,1765921288,4 bulan lalu,BLACK,True,Anonymous,0,True,False,
Powerbank 20000 Mah Mini With 4 Usb Cable Lighrweight Universal Powerbank Led Display Baterai Pengisi Charger,1818909655,5,bagus dn simpel di bawa ke mana2,1765920666,4 bulan lalu,BLACK,True,Anonymous,0,True,False,
Powerbank 20000 Mah Mini With 4 Usb Cable Lighrweight Universal Powerbank Led Display Baterai Pengisi Charger,1818697682,1,Gak sesuai sama yang di bilang katanya 20k mah tapi baru buat cas hp dari 100% jadi nol hanya dapet 20 persen kurang banget sih,1765895725,4 bulan lalu,BLACK,True,Anonymous,0,False,False,
Powerbank 20000 Mah Mini With 4 Usb Cable Lighrweight Universal Powerbank Led Display Baterai Pengisi Charger,1818156466,5,Produk bagus...hanya pengiriman yg sangat Lelet,1765878575,4 bulan lalu,BLACK,True,Anonymous,0,False,False,
Powerbank 20000 Mah Mini With 4 Usb Cable Lighrweight Universal Powerbank Led Display Baterai Pengisi Charger,1817857868,2,Ga penuh penuh....bututttlah,1765868328,4 bulan lalu,BLACK,True,Anonymous,0,False,False,
Powerbank 20000 Mah Mini With 4 Usb Cable Lighrweight Universal Powerbank Led Display Baterai Pengisi Charger,1817824283,4,"Kejernihan lensa: Cukup jeenih
Kualitas pengerjaan: Cukup lama untuk pemakaian hp dengan kapasitas 5000 Mah
Performa: Ok",1765867101,4 bulan lalu,PURPLE,True,Anonymous,0,True,False,
Powerbank 20000 Mah Mini With 4 Usb Cable Lighrweight Universal Powerbank Led Display Baterai Pengisi Charger,1817640489,5,Ok,1765860940,4 bulan lalu,BLACK,True,Anonymous,0,False,False,
Powerbank 20000 Mah Mini With 4 Usb Cable Lighrweight Universal Powerbank Led Display Baterai Pengisi Charger,1817634270,5,"di cas ngisi tapi belum dipake , semoga bermanfaat dan awet .",1765860733,4 bulan lalu,BLACK,True,Anonymous,0,False,False,
Powerbank 20000 Mah Mini With 4 Usb Cable Lighrweight Universal Powerbank Led Display Baterai Pengisi Charger,1817484098,5,Luar biasa sangat terbaik,1765855852,4 bulan lalu,BLACK,True,Anonymous,0,True,False,
Powerbank 20000 Mah Mini With 4 Usb Cable Lighrweight Universal Powerbank Led Display Baterai Pengisi Charger,1817373755,5,Bagus,1765851999,4 bulan lalu,BLACK,True,Anonymous,0,False,False,
Powerbank 20000 Mah Mini With 4 Usb Cable Lighrweight Universal Powerbank Led Display Baterai Pengisi Charger,1817227395,5,Bagus ..simpel mini ..mudah&#34;an awet,1765845418,4 bulan lalu,BLACK,True,Anonymous,0,False,True,
Powerbank 20000 Mah Mini With 4 Usb Cable Lighrweight Universal Powerbank Led Display Baterai Pengisi Charger,1817001779,5,Alhamdulillah barang nya sesuai Mantap,1765817236,4 bulan lalu,BLACK,True,Anonymous,0,True,False,
Powerbank 20000 Mah Mini With 4 Usb Cable Lighrweight Universal Powerbank Led Display Baterai Pengisi Charger,1816823808,5,Bagus bgt bahanny,1765807436,4 bulan lalu,PURPLE,True,Anonymous,0,False,False,
Powerbank 20000 Mah Mini With 4 Usb Cable Lighrweight Universal Powerbank Led Display Baterai Pengisi Charger,1816806267,5,Lumayan,1765806768,4 bulan lalu,PURPLE,True,Anonymous,0,False,False,
Powerbank 20000 Mah Mini With 4 Usb Cable Lighrweight Universal Powerbank Led Display Baterai Pengisi Charger,1816776796,5,Mantap,1765805684,4 bulan lalu,BLACK,True,Anonymous,0,False,False,
Powerbank 20000 Mah Mini With 4 Usb Cable Lighrweight Universal Powerbank Led Display Baterai Pengisi Charger,1816544566,5,"Barang datang,,bagus",1765798532,4 bulan lalu,BLACK,True,Anonymous,0,False,False,
Powerbank 20000 Mah Mini With 4 Usb Cable Lighrweight Universal Powerbank Led Display Baterai Pengisi Charger,1816130660,5,barangnya bagus tapi mines kalau dices sering mati,1765786847,4 bulan lalu,BLACK,True,Anonymous,0,True,False,
Powerbank 20000 Mah Mini With 4 Usb Cable Lighrweight Universal Powerbank Led Display Baterai Pengisi Charger,1815740839,1,Jangan mau blik cepat habis bagaikan gas,1765775342,4 bulan lalu,BLACK,True,Anonymous,0,True,False,
Powerbank 20000 Mah Mini With 4 Usb Cable Lighrweight Universal Powerbank Led Display Baterai Pengisi Charger,1815296055,5,barang berfungsi dengan baik,1765762027,4 bulan lalu,BLACK,True,Anonymous,0,False,False,
Powerbank 20000 Mah Mini With 4 Usb Cable Lighrweight Universal Powerbank Led Display Baterai Pengisi Charger,1815262741,5,Mantap.. Barang sesuai orderan. 👍,1765760547,4 bulan lalu,BLACK,True,Anonymous,0,False,False,
Powerbank 20000 Mah Mini With 4 Usb Cable Lighrweight Universal Powerbank Led Display Baterai Pengisi Charger,1815033517,4,"ngecasnya agak lambat
but what do you expect its under 100k",1765734753,4 bulan lalu,BLACK,False,riffat,0,False,False,Terima kasih telah berbelanja di CHINDO DIGITAL. Bagikan link toko kami https://www.tokopedia.com/chindo-digital kepada teman-teman kamu. Jangan lupa follow toko kami untuk tahu update terbaru tentang stok dan produk yang kami tawarkan.
Powerbank 20000 Mah Mini With 4 Usb Cable Lighrweight Universal Powerbank Led Display Baterai Pengisi Charger,1814815164,5,workit,1765720637,4 bulan lalu,BLACK,True,Anonymous,0,False,False,
Powerbank 20000 Mah Mini With 4 Usb Cable Lighrweight Universal Powerbank Led Display Baterai Pengisi Charger,1814437044,5,"Kualitas pengerjaan: Sangat baik
Semua kabel berfungsi dengan baik & praktis di bawa ke mana-mana",1765709227,4 bulan lalu,BLACK,True,Anonymous,0,True,False,
Powerbank 20000 Mah Mini With 4 Usb Cable Lighrweight Universal Powerbank Led Display Baterai Pengisi Charger,1814374420,3,"Susah dipakai cas gak masuk, sekali masuk hanya beberapa detik mati kembali, yg bs hanya cas kipas angin portable, gk bs untuk hp",1765707486,4 bulan lalu,BLACK,True,Anonymous,0,False,False,
Powerbank 20000 Mah Mini With 4 Usb Cable Lighrweight Universal Powerbank Led Display Baterai Pengisi Charger,1814267470,5,"bagus, berpungsi dgn baik dan semoga awet batreinya.",1765704225,4 bulan lalu,BLACK,True,Anonymous,0,False,False,
Powerbank 20000 Mah Mini With 4 Usb Cable Lighrweight Universal Powerbank Led Display Baterai Pengisi Charger,1814159706,5,"Pengiriman cepat, mantap",1765700795,4 bulan lalu,BLACK,True,Anonymous,0,False,False,
Powerbank 20000 Mah Mini With 4 Usb Cable Lighrweight Universal Powerbank Led Display Baterai Pengisi Charger,1814043501,5,"Mantap barang bagus,saya sangat puas",1765697019,4 bulan lalu,BLACK,True,Anonymous,0,False,False,
Powerbank 20000 Mah Mini With 4 Usb Cable Lighrweight Universal Powerbank Led Display Baterai Pengisi Charger,1813655002,5,"Paket diterima dlm keadaan baik, produk sesuai orderan. Buatan negara Cina. Sempat dicb charge ke hp sih berfungsi. Cm blm tau soal ketahanannya krn blm benar2 dicb. Wkt diterima, powerbank dlm keadaan agak kosong, krn charge nya lumayan lama. Semoga sih cukup awet dlm pemakaiannya nanti 🙏🏻.",1765685268,4 bulan lalu,BLACK,True,Anonymous,0,True,False,
Powerbank 20000 Mah Mini With 4 Usb Cable Lighrweight Universal Powerbank Led Display Baterai Pengisi Charger,1813502507,5,Produk sesuai deskripsi &amp; barang yang di kirim sesuai pesanan...semoga awet... seller amanah... pengiriman cepat...makasih,1765680693,4 bulan lalu,BLACK,True,Anonymous,0,False,False,
Powerbank 20000 Mah Mini With 4 Usb Cable Lighrweight Universal Powerbank Led Display Baterai Pengisi Charger,1813474380,5,"Bagus, kecil tapi kuat",1765679695,4 bulan lalu,BLACK,True,Anonymous,0,False,False,
Powerbank 20000 Mah Mini With 4 Usb Cable Lighrweight Universal Powerbank Led Display Baterai Pengisi Charger,1813262780,1,Kok sekali cas habis batre..👼,1765667585,4 bulan lalu,BLACK,True,Anonymous,0,False,False,
Powerbank 20000 Mah Mini With 4 Usb Cable Lighrweight Universal Powerbank Led Display Baterai Pengisi Charger,1813179188,5,Bagus Power Bang Y Semoga Awet . Kurir Y Baik Sdh Jdi Langganan,1765652110,4 bulan lalu,BLACK,True,Anonymous,0,False,False,
Powerbank 20000 Mah Mini With 4 Usb Cable Lighrweight Universal Powerbank Led Display Baterai Pengisi Charger,1813036244,5,barang bagus banget tapi sayang untuk pengirimannya sangat lama,1765638662,4 bulan lalu,BLACK,True,Anonymous,0,False,False,
Powerbank 20000 Mah Mini With 4 Usb Cable Lighrweight Universal Powerbank Led Display Baterai Pengisi Charger,1812991199,5,barang diterima baik dan berfungsi. makasih,1765636522,4 bulan lalu,BLACK,True,Anonymous,0,False,False,
Powerbank 20000 Mah Mini With 4 Usb Cable Lighrweight Universal Powerbank Led Display Baterai Pengisi Charger,1812985450,3,Cepat bgt abisnya,1765636268,4 bulan lalu,BLACK,False,Arfa,0,False,False,
Powerbank 20000 Mah Mini With 4 Usb Cable Lighrweight Universal Powerbank Led Display Baterai Pengisi Charger,1812815142,2,Baterai hp terisi cuma sampai 40%,1765629604,4 bulan lalu,BLACK,True,Anonymous,0,True,False,
Powerbank 20000 Mah Mini With 4 Usb Cable Lighrweight Universal Powerbank Led Display Baterai Pengisi Charger,1812455416,4,Sesusai kren,1765618867,4 bulan lalu,BLACK,True,Anonymous,0,False,False,
Powerbank 20000 Mah Mini With 4 Usb Cable Lighrweight Universal Powerbank Led Display Baterai Pengisi Charger,1812367950,5,Berfungsi dengan baik,1765615878,4 bulan lalu,BLACK,False,Franciscus,0,False,False,Terima kasih telah berbelanja di CHINDO DIGITAL. Bagikan link toko kami https://www.tokopedia.com/chindo-digital kepada teman-teman kamu. Jangan lupa follow toko kami untuk tahu update terbaru tentang stok dan produk yang kami tawarkan.
Powerbank 20000 Mah Mini With 4 Usb Cable Lighrweight Universal Powerbank Led Display Baterai Pengisi Charger,1812033058,5,"Barang bagus, murah",1765604463,4 bulan lalu,BLACK,True,Anonymous,0,False,False,
Powerbank 20000 Mah Mini With 4 Usb Cable Lighrweight Universal Powerbank Led Display Baterai Pengisi Charger,1811974471,5,Mantap,1765602688,4 bulan lalu,BLACK,True,Anonymous,0,False,False,
Powerbank 20000 Mah Mini With 4 Usb Cable Lighrweight Universal Powerbank Led Display Baterai Pengisi Charger,1811791605,5,Ntap,1765596952,4 bulan lalu,PURPLE,True,Anonymous,0,False,False,
Powerbank 20000 Mah Mini With 4 Usb Cable Lighrweight Universal Powerbank Led Display Baterai Pengisi Charger,1811628539,5,"Kualitas pengerjaan: Sangat cepat
Performa: Bagus sekali cocok banget buat hp yang sering lobet",1765590791,4 bulan lalu,BLACK,True,Anonymous,0,False,False,
Powerbank 20000 Mah Mini With 4 Usb Cable Lighrweight Universal Powerbank Led Display Baterai Pengisi Charger,1811133961,5,Cakep,1765546332,4 bulan lalu,BLACK,True,Anonymous,0,False,False,
Powerbank 20000 Mah Mini With 4 Usb Cable Lighrweight Universal Powerbank Led Display Baterai Pengisi Charger,1811029417,5,Mantap,1765542444,4 bulan lalu,BLACK,True,Anonymous,0,False,False,
Powerbank 20000 Mah Mini With 4 Usb Cable Lighrweight Universal Powerbank Led Display Baterai Pengisi Charger,1810938813,5,Ok,1765539694,4 bulan lalu,BLACK,True,Anonymous,0,False,False,
Powerbank 20000 Mah Mini With 4 Usb Cable Lighrweight Universal Powerbank Led Display Baterai Pengisi Charger,1810868758,5,"Sudah di coba, berfungsi sempurna, semoga awet, next berikutnya",1765537587,4 bulan lalu,PURPLE,True,Anonymous,0,True,False,
Powerbank 20000 Mah Mini With 4 Usb Cable Lighrweight Universal Powerbank Led Display Baterai Pengisi Charger,1810732835,5,Bagussssss,1765533545,4 bulan lalu,PINK,True,Anonymous,0,False,False,
Powerbank 20000 Mah Mini With 4 Usb Cable Lighrweight Universal Powerbank Led Display Baterai Pengisi Charger,1810564727,5,"barangnya bagus mantab bos Q...terimakasih bos Q,terimakasih toko pedia dan kurir.semoga sukses selalu",1765527784,4 bulan lalu,BLACK,False,nanang,0,False,False,Terima kasih telah berbelanja di CHINDO DIGITAL. Bagikan link toko kami https://www.tokopedia.com/chindo-digital kepada teman-teman kamu. Jangan lupa follow toko kami untuk tahu update terbaru tentang stok dan produk yang kami tawarkan.
Powerbank 20000 Mah Mini With 4 Usb Cable Lighrweight Universal Powerbank Led Display Baterai Pengisi Charger,1810459433,3,"Lucuuuu si tp sumph gk awettttttt 🥲🥲🥲
Hp blom pnuh uda kelap kelip intiny powerbank 100 % cm bs isi btre ipon 50% sj",1765524257,4 bulan lalu,PINK,True,Anonymous,0,True,False,
Powerbank 20000 Mah Mini With 4 Usb Cable Lighrweight Universal Powerbank Led Display Baterai Pengisi Charger,1810156457,4,"Paket sudah sampai tapi belum di coba. Keadaan baterai kosong. Mudah mudahan fungsi, normal dan awet.",1765514284,4 bulan lalu,BLACK,True,Anonymous,0,True,True,
Powerbank 20000 Mah Mini With 4 Usb Cable Lighrweight Universal Powerbank Led Display Baterai Pengisi Charger,1809524862,2,Pket sudah sampai tapi saya kecewa pengecasan nya lambat Btre nya pun cepat hbis,1765471477,4 bulan lalu,BLACK,True,Anonymous,0,True,False,
Powerbank 20000 Mah Mini With 4 Usb Cable Lighrweight Universal Powerbank Led Display Baterai Pengisi Charger,1809079422,5,Sippp,1765453031,4 bulan lalu,PURPLE,True,Anonymous,0,True,False,
Powerbank 20000 Mah Mini With 4 Usb Cable Lighrweight Universal Powerbank Led Display Baterai Pengisi Charger,1809035881,1,Batunya boros terus tidak 20.000 mah,1765451825,4 bulan lalu,BLACK,True,Anonymous,0,False,False,
Powerbank 20000 Mah Mini With 4 Usb Cable Lighrweight Universal Powerbank Led Display Baterai Pengisi Charger,1808964057,5,Semoga awet,1765449876,4 bulan lalu,BLACK,True,Anonymous,0,False,False,
Powerbank 20000 Mah Mini With 4 Usb Cable Lighrweight Universal Powerbank Led Display Baterai Pengisi Charger,1808901677,1,"Baru dicoba blm 2 jam udh habis,kecewa dgn produknya",1765448103,4 bulan lalu,BLACK,True,Anonymous,0,False,False,
Powerbank 20000 Mah Mini With 4 Usb Cable Lighrweight Universal Powerbank Led Display Baterai Pengisi Charger,1808560842,5,Performa: bagus,1765436952,4 bulan lalu,BLACK,True,Anonymous,0,True,False,
Powerbank 20000 Mah Mini With 4 Usb Cable Lighrweight Universal Powerbank Led Display Baterai Pengisi Charger,1808486697,5,"Mantap bisa di bawa kemana mana
Dan baterainya besar",1765434491,4 bulan lalu,BLACK,True,Anonymous,0,False,False,
Powerbank 20000 Mah Mini With 4 Usb Cable Lighrweight Universal Powerbank Led Display Baterai Pengisi Charger,1808411873,5,Istimewa... Kurir cepat,1765432291,4 bulan lalu,BLACK,True,Anonymous,0,False,False,
Powerbank 20000 Mah Mini With 4 Usb Cable Lighrweight Universal Powerbank Led Display Baterai Pengisi Charger,1808076254,4,Semoga awet dan semoga gak ngecewain,1765422086,4 bulan lalu,BLACK,True,Anonymous,0,False,False,
Powerbank 20000 Mah Mini With 4 Usb Cable Lighrweight Universal Powerbank Led Display Baterai Pengisi Charger,1807810589,3,Keren Power bank nya,1765407396,4 bulan lalu,PINK,True,Anonymous,0,False,False,
Powerbank 20000 Mah Mini With 4 Usb Cable Lighrweight Universal Powerbank Led Display Baterai Pengisi Charger,1807757466,5,"Kejernihan lensa: Jernih&amp;belum di coba,smg awet
Kualitas pengerjaan: Rapi&amp;imut",1765401650,4 bulan lalu,PURPLE,True,Anonymous,0,False,False,
Powerbank 20000 Mah Mini With 4 Usb Cable Lighrweight Universal Powerbank Led Display Baterai Pengisi Charger,1807569427,5,Terima kasih sudah saya terima barangnya sesuai pesanan warnanya dan kurir ramah juga,1765377479,4 bulan lalu,BLACK,True,Anonymous,0,True,False,
Powerbank 20000 Mah Mini With 4 Usb Cable Lighrweight Universal Powerbank Led Display Baterai Pengisi Charger,1807332932,2,"Lens clarity: Colok bntar lgsng abs
Performance: Tidak real capasitas",1765368990,4 bulan lalu,BLACK,True,Anonymous,0,False,False,
Powerbank 20000 Mah Mini With 4 Usb Cable Lighrweight Universal Powerbank Led Display Baterai Pengisi Charger,1807209945,5,"bagus,bangett,wort it parahhh",1765365650,4 bulan lalu,BLACK,True,Anonymous,0,False,False,
Powerbank 20000 Mah Mini With 4 Usb Cable Lighrweight Universal Powerbank Led Display Baterai Pengisi Charger,1807080640,5,"Pesanan sesuai
Packing aman
Berfungsi semua cuman belom di coba ketahanan ny coz ny baru dateng bgtt
Smga awet &amp; bs ngecas sampe full🤲🤲",1765362411,4 bulan lalu,BLACK,True,Anonymous,0,True,False,
Powerbank 20000 Mah Mini With 4 Usb Cable Lighrweight Universal Powerbank Led Display Baterai Pengisi Charger,1807062067,4,Power bank nya bagus berfungsi juga tapi sayang nya tidak bisa untuk hp Infinix smart 8 jadi saya pakai charger Infinix,1765361865,4 bulan lalu,BLACK,True,Anonymous,0,True,True,
Powerbank 20000 Mah Mini With 4 Usb Cable Lighrweight Universal Powerbank Led Display Baterai Pengisi Charger,1806919801,5,Ok,1765357522,4 bulan lalu,BLACK,True,Anonymous,0,False,False,
Powerbank 20000 Mah Mini With 4 Usb Cable Lighrweight Universal Powerbank Led Display Baterai Pengisi Charger,1806829618,5,"Barang mendarat dengan selamat,, dan barang real pick no tipu tipu",1765354292,4 bulan lalu,BLACK,True,Anonymous,0,False,False,
Powerbank 20000 Mah Mini With 4 Usb Cable Lighrweight Universal Powerbank Led Display Baterai Pengisi Charger,1806647781,5,"Power bank mini tapi bagus, semoga awet",1765348490,4 bulan lalu,BLACK,True,Anonymous,0,True,False,
Powerbank 20000 Mah Mini With 4 Usb Cable Lighrweight Universal Powerbank Led Display Baterai Pengisi Charger,1806579040,5,Smoga awet,1765346272,4 bulan lalu,BLACK,True,Anonymous,0,False,False,
Powerbank 20000 Mah Mini With 4 Usb Cable Lighrweight Universal Powerbank Led Display Baterai Pengisi Charger,1806266417,5,Barang sampai dengan selamat pengemasan rapi dan tebal pengiriman juga cepat semoga berfungsi dengan baik👍👍👍😇,1765337002,4 bulan lalu,PURPLE,True,Anonymous,0,True,False,
Powerbank 20000 Mah Mini With 4 Usb Cable Lighrweight Universal Powerbank Led Display Baterai Pengisi Charger,1806128856,5,Kerenn,1765331996,4 bulan lalu,BLACK,True,Anonymous,0,True,False,
Powerbank 20000 Mah Mini With 4 Usb Cable Lighrweight Universal Powerbank Led Display Baterai Pengisi Charger,1806128631,2,"Performa: Cepat lowbat baru di pake bentar daya baterai sdh habis keterangan kapasitas baterai 20000 mah tp tdk real, not recommended",1765331985,4 bulan lalu,BLACK,True,Anonymous,0,True,False,
Powerbank 20000 Mah Mini With 4 Usb Cable Lighrweight Universal Powerbank Led Display Baterai Pengisi Charger,1805987907,5,"Bagus, semoga awet ...terima kasih",1765324450,4 bulan lalu,PINK,True,Anonymous,0,False,False,
Powerbank 20000 Mah Mini With 4 Usb Cable Lighrweight Universal Powerbank Led Display Baterai Pengisi Charger,1805970281,5,"Kejernihan lensa: A
Kualitas pengerjaan: A
Performa: A",1765323167,4 bulan lalu,PINK,True,Anonymous,0,False,False,
Powerbank 20000 Mah Mini With 4 Usb Cable Lighrweight Universal Powerbank Led Display Baterai Pengisi Charger,1805788036,5,Sangat berguna. Makasihhh,1765295733,4 bulan lalu,BLACK,True,Anonymous,0,False,False,
Powerbank 20000 Mah Mini With 4 Usb Cable Lighrweight Universal Powerbank Led Display Baterai Pengisi Charger,1805780876,5,Bagus ....semoga awet,1765295167,4 bulan lalu,BLACK,True,Anonymous,0,False,False,
Powerbank 20000 Mah Mini With 4 Usb Cable Lighrweight Universal Powerbank Led Display Baterai Pengisi Charger,1805592807,5,Trima kasih paket nya sudah datang sesuai pesanan kurirnya ramah👌🙏,1765286128,4 bulan lalu,BLACK,True,Anonymous,0,False,False,
Powerbank 20000 Mah Mini With 4 Usb Cable Lighrweight Universal Powerbank Led Display Baterai Pengisi Charger,1805504943,4,Sesuai gambar semoga awet,1765282993,4 bulan lalu,BLACK,True,Anonymous,0,False,False,
Powerbank 20000 Mah Mini With 4 Usb Cable Lighrweight Universal Powerbank Led Display Baterai Pengisi Charger,1805358227,1,"Pagi tadi baru mau cas hp lewat Pb dengan keaadan PB full 100% nah ditinggal sebentar rekap data dari batre hp 48% ke 50 tiba tiba indikator PB berubah ke 50%, tanda nya PB dari produk ini ga sesuai 20000mAh",1765278511,4 bulan lalu,BLACK,True,Anonymous,0,True,False,
Powerbank 20000 Mah Mini With 4 Usb Cable Lighrweight Universal Powerbank Led Display Baterai Pengisi Charger,1805080547,5,Bagus barangnya ...,1765269503,4 bulan lalu,BLACK,True,Anonymous,0,False,False,
Powerbank 20000 Mah Mini With 4 Usb Cable Lighrweight Universal Powerbank Led Display Baterai Pengisi Charger,1805044461,5,Terimakasih,1765268210,4 bulan lalu,BLACK,True,Anonymous,0,True,False,
Powerbank 20000 Mah Mini With 4 Usb Cable Lighrweight Universal Powerbank Led Display Baterai Pengisi Charger,1804890883,5,Langsung di test dsn hasilnys ok 👍🏻,1765262218,4 bulan lalu,BLACK,True,Anonymous,0,True,False,
Powerbank 20000 Mah Mini With 4 Usb Cable Lighrweight Universal Powerbank Led Display Baterai Pengisi Charger,1804826625,5,Bagus kualitas bagus,1765259752,4 bulan lalu,BLACK,True,Anonymous,0,False,False,
Powerbank 20000 Mah Mini With 4 Usb Cable Lighrweight Universal Powerbank Led Display Baterai Pengisi Charger,1804808963,5,Bagus barang nya,1765259065,4 bulan lalu,BLACK,True,Anonymous,0,False,False,
Powerbank 20000 Mah Mini With 4 Usb Cable Lighrweight Universal Powerbank Led Display Baterai Pengisi Charger,1804721258,5,Lg di coba,1765255842,4 bulan lalu,BLACK,True,Anonymous,0,False,False,
Powerbank 20000 Mah Mini With 4 Usb Cable Lighrweight Universal Powerbank Led Display Baterai Pengisi Charger,1804710782,5,Produk sesuai,1765255462,4 bulan lalu,PURPLE,True,Anonymous,0,False,False,
Powerbank 20000 Mah Mini With 4 Usb Cable Lighrweight Universal Powerbank Led Display Baterai Pengisi Charger,1804694197,5,"Brng mendarat dg aman kwalitas bagus,
Mudah2an awet kurir Ramah",1765254871,4 bulan lalu,PURPLE,True,Anonymous,0,True,False,
Powerbank 20000 Mah Mini With 4 Usb Cable Lighrweight Universal Powerbank Led Display Baterai Pengisi Charger,1804208133,5,Satu kata aja ( KEREN ),1765232309,4 bulan lalu,PURPLE,True,Anonymous,0,True,False,
Powerbank 20000 Mah Mini With 4 Usb Cable Lighrweight Universal Powerbank Led Display Baterai Pengisi Charger,1804042607,5,Pesanan sudah sampai dengan cepat dan baik semoga awet,1765206213,4 bulan lalu,BLACK,True,Anonymous,0,True,False,
Powerbank 20000 Mah Mini With 4 Usb Cable Lighrweight Universal Powerbank Led Display Baterai Pengisi Charger,1804009669,5,Bagus,1765204448,4 bulan lalu,BLACK,True,Anonymous,0,False,False,
Powerbank 20000 Mah Mini With 4 Usb Cable Lighrweight Universal Powerbank Led Display Baterai Pengisi Charger,1803762804,5,sesuai banget menyalaa💗😋✌🏼,1765194713,4 bulan lalu,PURPLE,True,Anonymous,0,True,True,
Powerbank 20000 Mah Mini With 4 Usb Cable Lighrweight Universal Powerbank Led Display Baterai Pengisi Charger,1803451832,5,Mantab PB berfungsi dg baik.  Tahan lama.,1765185211,4 bulan lalu,BLACK,True,Anonymous,0,True,False,Terima kasih telah berbelanja di CHINDO DIGITAL. Bagikan link toko kami https://www.tokopedia.com/chindo-digital kepada teman-teman kamu. Jangan lupa follow toko kami untuk tahu update terbaru tentang stok dan produk yang kami tawarkan.
Powerbank 20000 Mah Mini With 4 Usb Cable Lighrweight Universal Powerbank Led Display Baterai Pengisi Charger,1803431129,5,"Barang sesuai pesanan,dan kurir.y jg ramah",1765184495,4 bulan lalu,BLACK,True,Anonymous,0,False,False,
Powerbank 20000 Mah Mini With 4 Usb Cable Lighrweight Universal Powerbank Led Display Baterai Pengisi Charger,1803423931,2,Datang nya lama 😡😡😡😡,1765184252,4 bulan lalu,BLACK,True,Anonymous,0,False,False,
Powerbank 20000 Mah Mini With 4 Usb Cable Lighrweight Universal Powerbank Led Display Baterai Pengisi Charger,1803406256,2,Barang tidak bisa digunakan,1765183751,4 bulan lalu,BLACK,True,Anonymous,0,False,True,
Powerbank 20000 Mah Mini With 4 Usb Cable Lighrweight Universal Powerbank Led Display Baterai Pengisi Charger,1803346293,5,Bagus,1765181675,4 bulan lalu,BLACK,True,Anonymous,0,False,False,
Powerbank 20000 Mah Mini With 4 Usb Cable Lighrweight Universal Powerbank Led Display Baterai Pengisi Charger,1803264615,5,ok,1765179301,4 bulan lalu,PURPLE,True,Anonymous,0,False,False,
Powerbank 20000 Mah Mini With 4 Usb Cable Lighrweight Universal Powerbank Led Display Baterai Pengisi Charger,1803112658,4,Ok,1765174298,4 bulan lalu,PINK,True,Anonymous,0,False,False,
Powerbank 20000 Mah Mini With 4 Usb Cable Lighrweight Universal Powerbank Led Display Baterai Pengisi Charger,1803048858,5,Jos,1765172242,4 bulan lalu,BLACK,True,Anonymous,0,False,False,
Powerbank 20000 Mah Mini With 4 Usb Cable Lighrweight Universal Powerbank Led Display Baterai Pengisi Charger,1802845486,5,Masya Allah aku suka semoga awet ya,1765166653,4 bulan lalu,BLACK,True,Anonymous,0,True,False,
Powerbank 20000 Mah Mini With 4 Usb Cable Lighrweight Universal Powerbank Led Display Baterai Pengisi Charger,1802767655,5,Quality of work: Sangat baik,1765164273,4 bulan lalu,PURPLE,True,Anonymous,0,False,False,
Powerbank 20000 Mah Mini With 4 Usb Cable Lighrweight Universal Powerbank Led Display Baterai Pengisi Charger,1802713113,5,Barang cepat sampaindan oke 👍👍👍,1765162473,4 bulan lalu,BLACK,True,Anonymous,0,False,False,
Powerbank 20000 Mah Mini With 4 Usb Cable Lighrweight Universal Powerbank Led Display Baterai Pengisi Charger,1802676122,5,Bagus,1765161176,4 bulan lalu,BLACK,True,Anonymous,0,True,False,
Powerbank 20000 Mah Mini With 4 Usb Cable Lighrweight Universal Powerbank Led Display Baterai Pengisi Charger,1802349672,2,"Barang tidak sesuai iklan, katanya 20000 mah, ternyata tipu, baru ngecas HP, power bank sdh 25 trus mati... Padahal sy sdh cas semalaman.. Klo jualan yg betul bos",1765135140,4 bulan lalu,BLACK,True,Anonymous,0,False,False,
Powerbank 20000 Mah Mini With 4 Usb Cable Lighrweight Universal Powerbank Led Display Baterai Pengisi Charger,1802110584,5,Bagus sesuai pesanan,1765114352,4 bulan lalu,BLACK,True,Anonymous,1,True,True,
Powerbank 20000 Mah Mini With 4 Usb Cable Lighrweight Universal Powerbank Led Display Baterai Pengisi Charger,1802074850,5,"Barang sudah diterima , terima kasih atas fast response nya. Walaupun ada kesalahan warna tapi seller responnya sangat cepat. Terima kasih",1765112880,4 bulan lalu,BLACK,True,Anonymous,0,True,False,
Powerbank 20000 Mah Mini With 4 Usb Cable Lighrweight Universal Powerbank Led Display Baterai Pengisi Charger,1801896859,5,"Kejernihan lensa: Bgus
Kualitas pengerjaan: Bgus
Performa: Bgus",1765106662,4 bulan lalu,BLACK,True,Anonymous,0,False,False,
Powerbank 20000 Mah Mini With 4 Usb Cable Lighrweight Universal Powerbank Led Display Baterai Pengisi Charger,1801787812,5,Ok,1765103471,4 bulan lalu,BLACK,True,Anonymous,0,False,False,
Powerbank 20000 Mah Mini With 4 Usb Cable Lighrweight Universal Powerbank Led Display Baterai Pengisi Charger,1801723923,5,Terima kasih pesanan saya sudah sampai. Packagingnya bagus dan rapih. Produknya juga terlihat bagus. Mudah-mudahan berfungsi dengan baik dan awet. Terima kasih juga untuk bang Kurir.,1765101601,4 bulan lalu,BLACK,False,Muhammad,0,True,False,Terima kasih telah berbelanja di CHINDO DIGITAL. Bagikan link toko kami https://www.tokopedia.com/chindo-digital kepada teman-teman kamu. Jangan lupa follow toko kami untuk tahu update terbaru tentang stok dan produk yang kami tawarkan.
Powerbank 20000 Mah Mini With 4 Usb Cable Lighrweight Universal Powerbank Led Display Baterai Pengisi Charger,1801543295,4,Kemasan Kotaknya beda sendiri dan bat nya 0 persen lampu tdk bs on,1765095047,4 bulan lalu,PURPLE,True,Anonymous,0,False,True,
Powerbank 20000 Mah Mini With 4 Usb Cable Lighrweight Universal Powerbank Led Display Baterai Pengisi Charger,1801543294,4,Lampu senter tdk berfungsi,1765095047,4 bulan lalu,PINK,True,Anonymous,0,False,True,
Powerbank 20000 Mah Mini With 4 Usb Cable Lighrweight Universal Powerbank Led Display Baterai Pengisi Charger,1801543293,4,Lampu senter tdk berfungsi,1765095047,4 bulan lalu,BLACK,True,Anonymous,0,True,False,
Powerbank 20000 Mah Mini With 4 Usb Cable Lighrweight Universal Powerbank Led Display Baterai Pengisi Charger,1801474841,5,"Barangx sdh tiba ,sangat unik bentukx ,semoga barangx awet n tdk cepat low",1765092453,4 bulan lalu,PINK,True,Anonymous,0,True,False,
Powerbank 20000 Mah Mini With 4 Usb Cable Lighrweight Universal Powerbank Led Display Baterai Pengisi Charger,1801250320,5,Sesuai pesanan,1765084355,4 bulan lalu,BLACK,True,Anonymous,0,False,False,
Powerbank 20000 Mah Mini With 4 Usb Cable Lighrweight Universal Powerbank Led Display Baterai Pengisi Charger,1801057627,4,Ok,1765077753,4 bulan lalu,BLACK,True,Anonymous,0,False,False,
Powerbank 20000 Mah Mini With 4 Usb Cable Lighrweight Universal Powerbank Led Display Baterai Pengisi Charger,1800837806,1,"gajelas ini masa di charge ga nambah nambah, dr kemaren di charge ga nambah batrenya, tetep segini aja, pikirin lg guys kl mau beli",1765066468,4 bulan lalu,PINK,True,Anonymous,0,True,False,
Powerbank 20000 Mah Mini With 4 Usb Cable Lighrweight Universal Powerbank Led Display Baterai Pengisi Charger,1800681089,5,Barang sudah sampai 👍👍,1765040686,4 bulan lalu,BLACK,True,Anonymous,0,False,False,
Powerbank 20000 Mah Mini With 4 Usb Cable Lighrweight Universal Powerbank Led Display Baterai Pengisi Charger,1800662176,5,Mantap barang nya...,1765039387,4 bulan lalu,BLACK,True,Anonymous,0,False,False,
Powerbank 20000 Mah Mini With 4 Usb Cable Lighrweight Universal Powerbank Led Display Baterai Pengisi Charger,1800515932,5,ini power Bank memang debes,1765029725,4 bulan lalu,BLACK,True,Anonymous,0,False,False,
Powerbank 20000 Mah Mini With 4 Usb Cable Lighrweight Universal Powerbank Led Display Baterai Pengisi Charger,1800349842,5,Mantap,1765022781,4 bulan lalu,BLACK,True,Anonymous,0,False,False,
Powerbank 20000 Mah Mini With 4 Usb Cable Lighrweight Universal Powerbank Led Display Baterai Pengisi Charger,1800308132,2,"Qualitas jelek :
- Power bank tidak bisa di-charge sampe 100 walaupun sudah dicharge lebih dr 3 jam.
- Utk ng-charge hp A71 cuma bisa 40%. Setelah itu power bank mati.",1765021371,4 bulan lalu,BLACK,True,Anonymous,0,True,False,
Powerbank 20000 Mah Mini With 4 Usb Cable Lighrweight Universal Powerbank Led Display Baterai Pengisi Charger,1799990997,5,"Packing rapi, barang bagus. Terimakasih",1765011019,4 bulan lalu,BLACK,True,Anonymous,0,False,False,
Powerbank 20000 Mah Mini With 4 Usb Cable Lighrweight Universal Powerbank Led Display Baterai Pengisi Charger,1799983102,5,Ok siiip,1765010734,4 bulan lalu,PURPLE,True,Anonymous,0,False,False,
Powerbank 20000 Mah Mini With 4 Usb Cable Lighrweight Universal Powerbank Led Display Baterai Pengisi Charger,1799873654,5,"barang sdh sampai, tampilan bagus, tp belum coba, muda&#34;an awet",1765006998,4 bulan lalu,BLACK,True,Anonymous,0,False,False,
Powerbank 20000 Mah Mini With 4 Usb Cable Lighrweight Universal Powerbank Led Display Baterai Pengisi Charger,1799820257,4,Pas sesuai pesanan,1765005177,4 bulan lalu,PURPLE,True,Anonymous,0,False,False,
Powerbank 20000 Mah Mini With 4 Usb Cable Lighrweight Universal Powerbank Led Display Baterai Pengisi Charger,1799737360,5,Alhamdulillah paket sudah sampai dan sesuai dengan pesanan,1765002129,4 bulan lalu,PURPLE,True,Anonymous,0,False,False,
Powerbank 20000 Mah Mini With 4 Usb Cable Lighrweight Universal Powerbank Led Display Baterai Pengisi Charger,1799552347,5,Sesuai pesanan,1764996096,4 bulan lalu,BLACK,True,Anonymous,0,False,False,
Powerbank 20000 Mah Mini With 4 Usb Cable Lighrweight Universal Powerbank Led Display Baterai Pengisi Charger,1799454720,5,Mantull 👍👍👍,1764992944,4 bulan lalu,BLACK,True,Anonymous,0,False,False,
Powerbank 20000 Mah Mini With 4 Usb Cable Lighrweight Universal Powerbank Led Display Baterai Pengisi Charger,1799353709,5,Alhamdulillah paket sudah d terima...terima kasih,1764989439,4 bulan lalu,PURPLE,True,Anonymous,0,False,True,
Powerbank 20000 Mah Mini With 4 Usb Cable Lighrweight Universal Powerbank Led Display Baterai Pengisi Charger,1799014524,3,"Performa: Daya pb100% ke isi cuman 30%hp ku, langsung habis daya pb tapi lumayan fast charge juga sesuae harga sih ,harusnya gausah di tulis 20000 mAh ,cukup 3000mAh pun gpp yg penting jujur biar org ga salah beli",1764956580,4 bulan lalu,BLACK,True,Anonymous,0,False,False,
Powerbank 20000 Mah Mini With 4 Usb Cable Lighrweight Universal Powerbank Led Display Baterai Pengisi Charger,1798838097,1,"Baru dipake blum ada 5 menit udah lowbet ,blum juga ngisi ,kacau ga sesuai dengan 20000 mah nya",1764943512,4 bulan lalu,BLACK,True,Anonymous,0,False,False,
Powerbank 20000 Mah Mini With 4 Usb Cable Lighrweight Universal Powerbank Led Display Baterai Pengisi Charger,1798775409,5,Bagus,1764940858,4 bulan lalu,PURPLE,True,Anonymous,0,False,False,
Powerbank 20000 Mah Mini With 4 Usb Cable Lighrweight Universal Powerbank Led Display Baterai Pengisi Charger,1798705577,4,Ada sedikit lecet tapi tetap berfungsi dengan baik,1764938222,4 bulan lalu,BLACK,True,Anonymous,0,True,False,
Powerbank 20000 Mah Mini With 4 Usb Cable Lighrweight Universal Powerbank Led Display Baterai Pengisi Charger,1798578585,5,"Kejernihan lensa: Bagus 👍
Kualitas pengerjaan: Mamtap
Performa: Baik",1764934164,4 bulan lalu,PURPLE,True,Anonymous,0,True,False,
Powerbank 20000 Mah Mini With 4 Usb Cable Lighrweight Universal Powerbank Led Display Baterai Pengisi Charger,1798493945,5,bagus..berfungsi dgn baik,1764931602,4 bulan lalu,BLACK,True,Anonymous,0,True,False,
Powerbank 20000 Mah Mini With 4 Usb Cable Lighrweight Universal Powerbank Led Display Baterai Pengisi Charger,1798425781,5,"Mantap semoga awet, terimakasih..",1764929478,4 bulan lalu,BLACK,True,Anonymous,0,False,True,
Powerbank 20000 Mah Mini With 4 Usb Cable Lighrweight Universal Powerbank Led Display Baterai Pengisi Charger,1798410402,1,Toko gak jelas mengecewakan customer👎,1764929049,4 bulan lalu,BLACK,True,Anonymous,0,False,False,
Powerbank 20000 Mah Mini With 4 Usb Cable Lighrweight Universal Powerbank Led Display Baterai Pengisi Charger,1798410394,1,Pantes dikasih bintang 1 customer kecewa👎,1764929049,4 bulan lalu,PINK,True,Anonymous,0,False,False,
Powerbank 20000 Mah Mini With 4 Usb Cable Lighrweight Universal Powerbank Led Display Baterai Pengisi Charger,1798407703,1,"SELLER GAK JELAS, SAYA SANGAT KECEWA ORDER RATUSAN PCS TP KY GINI",1764928953,4 bulan lalu,BLACK,True,Anonymous,1,True,False,
Powerbank 20000 Mah Mini With 4 Usb Cable Lighrweight Universal Powerbank Led Display Baterai Pengisi Charger,1798407696,1,"KECEWE GAK AKAN BELI DISINI LAGI👎 pesanan kurang di peribet, udah dikasi bintang 5 minta diedit, pdhl tokonya sangat mengecewakan, skrg sy malah dikecewakan lagi packaging gak sesuai gak bisa diganti pdhl order 105 pcs👎",1764928953,4 bulan lalu,PINK,True,Anonymous,2,True,False,
Powerbank 20000 Mah Mini With 4 Usb Cable Lighrweight Universal Powerbank Led Display Baterai Pengisi Charger,1798402867,1,"Sangat mengecekan👎 orderan kurang 2 pcs mau minta hak di peribet, skrg orderan saya juga 15 pcs beda packaging gak ada konfirmasi dan tanggung jwb",1764928787,4 bulan lalu,BLACK,True,Anonymous,1,True,False,
Powerbank 20000 Mah Mini With 4 Usb Cable Lighrweight Universal Powerbank Led Display Baterai Pengisi Charger,1798402860,1,"KAPOK BELI DISINI GAK MAU LAGI, PACKAGING BEDA GAK KONFIRMASI DAN GABISA GANTI, ORDERAN KURANG DI PERIBET",1764928787,4 bulan lalu,PURPLE,True,Anonymous,1,True,False,
Powerbank 20000 Mah Mini With 4 Usb Cable Lighrweight Universal Powerbank Led Display Baterai Pengisi Charger,1798391934,1,"Sangat mengecewakan, saya selalu order tiap minggu 100 PCS, waktu itu pesanan saya kurang. Mereka sulit banget mau kirim sisanya, harus bintang 5 dulu, udah saya kasih bintang 5, eh suruh diedit, padahal itu hak saya, dan skrg saya pesen lagi 100 PCS eh 15 dr itu kemasannya beda tanpa konfirmasi👎",1764928421,4 bulan lalu,BLACK,True,Anonymous,2,True,False,
Powerbank 20000 Mah Mini With 4 Usb Cable Lighrweight Universal Powerbank Led Display Baterai Pengisi Charger,1798391935,1,"kecewa!!! pesen 105 pcs 15 dr itu kemasannya beda packaging sangat jelek tidak seperti sebelumnya dan mereka gak konfirmasi padahal saya langganan dan udah beli ratusan pcs, minta ganti kemasan gak bisa",1764928421,4 bulan lalu,PINK,True,Anonymous,3,True,False,
Powerbank 20000 Mah Mini With 4 Usb Cable Lighrweight Universal Powerbank Led Display Baterai Pengisi Charger,1798281049,5,"ok juga, barang bagus..",1764924461,4 bulan lalu,BLACK,True,Anonymous,0,True,False,Terima kasih telah berbelanja di CHINDO DIGITAL. Bagikan link toko kami https://www.tokopedia.com/chindo-digital kepada teman-teman kamu. Jangan lupa follow toko kami untuk tahu update terbaru tentang stok dan produk yang kami tawarkan.
Powerbank 20000 Mah Mini With 4 Usb Cable Lighrweight Universal Powerbank Led Display Baterai Pengisi Charger,1798243696,5,sesuai pesanan yah bosku mantap pokok nyah,1764923113,4 bulan lalu,BLACK,False,cecep,0,False,True,Terima kasih telah berbelanja di CHINDO DIGITAL. Bagikan link toko kami https://www.tokopedia.com/chindo-digital kepada teman-teman kamu. Jangan lupa follow toko kami untuk tahu update terbaru tentang stok dan produk yang kami tawarkan.
Powerbank 20000 Mah Mini With 4 Usb Cable Lighrweight Universal Powerbank Led Display Baterai Pengisi Charger,1798237560,5,Sangat baikkkkk⭐⭐⭐⭐⭐⭐⭐⭐,1764922888,4 bulan lalu,PINK,True,Anonymous,0,False,False,
Powerbank 20000 Mah Mini With 4 Usb Cable Lighrweight Universal Powerbank Led Display Baterai Pengisi Charger,1798088920,5,Good job,1764917489,4 bulan lalu,PINK,True,Anonymous,0,False,False,
Powerbank 20000 Mah Mini With 4 Usb Cable Lighrweight Universal Powerbank Led Display Baterai Pengisi Charger,1797839306,5,Paket nya bagus buat ngeces lancar udah ku coba semua hp bisa,1764908954,4 bulan lalu,BLACK,True,Anonymous,0,False,False,
Powerbank 20000 Mah Mini With 4 Usb Cable Lighrweight Universal Powerbank Led Display Baterai Pengisi Charger,1797704783,5,Sesuai harapan,1764904759,4 bulan lalu,BLACK,True,Anonymous,0,False,False,
Powerbank 20000 Mah Mini With 4 Usb Cable Lighrweight Universal Powerbank Led Display Baterai Pengisi Charger,1797453295,5,"Barang nya bagus, sesuai dengan yg di spill👍",1764893351,4 bulan lalu,BLACK,True,Anonymous,0,False,False,
Powerbank 20000 Mah Mini With 4 Usb Cable Lighrweight Universal Powerbank Led Display Baterai Pengisi Charger,1797374191,5,Produk bagus sesuai deskripsi,1764887471,4 bulan lalu,BLACK,True,Anonymous,0,False,False,
Powerbank 20000 Mah Mini With 4 Usb Cable Lighrweight Universal Powerbank Led Display Baterai Pengisi Charger,1797256170,1,Performa: Tidak stabil dan minus tidak bisa di pake,1764866270,4 bulan lalu,BLACK,True,Anonymous,0,False,True,
Powerbank 20000 Mah Mini With 4 Usb Cable Lighrweight Universal Powerbank Led Display Baterai Pengisi Charger,1797245929,4,Dari waktu pengiriman lumayan cepat. Kurangnya hanya di waktu Ngecas Hpnya terlalu lama... saya udah coba cas hp (type C) 30 menit dari 79% hanya sampai 92%,1764865188,4 bulan lalu,PURPLE,False,BINTANG,0,False,False,Terima kasih telah berbelanja di CHINDO DIGITAL. Bagikan link toko kami https://www.tokopedia.com/chindo-digital kepada teman-teman kamu. Jangan lupa follow toko kami untuk tahu update terbaru tentang stok dan produk yang kami tawarkan.
Powerbank 20000 Mah Mini With 4 Usb Cable Lighrweight Universal Powerbank Led Display Baterai Pengisi Charger,1797231204,2,Kurang,1764863850,4 bulan lalu,BLACK,True,Anonymous,0,False,False,
Powerbank 20000 Mah Mini With 4 Usb Cable Lighrweight Universal Powerbank Led Display Baterai Pengisi Charger,1797228183,5,Warna nya imut👍,1764863607,4 bulan lalu,PURPLE,True,Anonymous,0,True,False,
Powerbank 20000 Mah Mini With 4 Usb Cable Lighrweight Universal Powerbank Led Display Baterai Pengisi Charger,1797217850,5,"Design nya cakep , tersedia 3 port dengan jack berbeda , terima dalam kondisi fully charged , value for money , keren lah",1764862833,4 bulan lalu,BLACK,True,Anonymous,0,True,False,
Powerbank 20000 Mah Mini With 4 Usb Cable Lighrweight Universal Powerbank Led Display Baterai Pengisi Charger,1797204111,2,Lampu senternya ga nyala.. Pengiriman nya telat 2 hari,1764861898,4 bulan lalu,BLACK,True,Anonymous,0,False,False,
Powerbank 20000 Mah Mini With 4 Usb Cable Lighrweight Universal Powerbank Led Display Baterai Pengisi Charger,1797198487,5,bagus. tapi sayang cm bisa pakai kabel iphone. yang lain tidak bisa masuk di hp nya. pengiriman cepat. warna bagus.. packing rapi. thanks,1764861545,4 bulan lalu,PINK,False,sinta,0,True,True,Terima kasih telah berbelanja di CHINDO DIGITAL. Bagikan link toko kami https://www.tokopedia.com/chindo-digital kepada teman-teman kamu. Jangan lupa follow toko kami untuk tahu update terbaru tentang stok dan produk yang kami tawarkan.
Powerbank 20000 Mah Mini With 4 Usb Cable Lighrweight Universal Powerbank Led Display Baterai Pengisi Charger,1796654347,5,paket sdh sampai dengan aman dan rapih lengkap&#39; lampu lid nya ok ... kurir ok trimakasih,1764842346,4 bulan lalu,BLACK,True,Anonymous,0,False,True,
Powerbank 20000 Mah Mini With 4 Usb Cable Lighrweight Universal Powerbank Led Display Baterai Pengisi Charger,1796567024,1,Ape nih ngecas ya cuman 15 doang terus abis,1764839379,4 bulan lalu,BLACK,True,Anonymous,0,False,False,
Powerbank 20000 Mah Mini With 4 Usb Cable Lighrweight Universal Powerbank Led Display Baterai Pengisi Charger,1796540376,5,Semoga awet,1764838434,4 bulan lalu,BLACK,True,Anonymous,0,False,False,
Powerbank 20000 Mah Mini With 4 Usb Cable Lighrweight Universal Powerbank Led Display Baterai Pengisi Charger,1796424172,5,Mantap barang sesuai 👍👍👍,1764834144,4 bulan lalu,BLACK,True,Anonymous,0,False,False,
Powerbank 20000 Mah Mini With 4 Usb Cable Lighrweight Universal Powerbank Led Display Baterai Pengisi Charger,1796367045,5,"Dah sampai, tks",1764831884,4 bulan lalu,BLACK,True,Anonymous,0,False,False,
Powerbank 20000 Mah Mini With 4 Usb Cable Lighrweight Universal Powerbank Led Display Baterai Pengisi Charger,1795961152,4,Barang udh nyampe tapi belum di coba ke ujian tahan berapa lama,1764818590,4 bulan lalu,BLACK,True,Anonymous,0,True,False,
Powerbank 20000 Mah Mini With 4 Usb Cable Lighrweight Universal Powerbank Led Display Baterai Pengisi Charger,1795405919,5,Bagus banget,1764771994,4 bulan lalu,BLACK,True,Anonymous,0,False,False,
Powerbank 20000 Mah Mini With 4 Usb Cable Lighrweight Universal Powerbank Led Display Baterai Pengisi Charger,1795126471,5,A,1764761914,4 bulan lalu,BLACK,True,Anonymous,0,False,False,
Powerbank 20000 Mah Mini With 4 Usb Cable Lighrweight Universal Powerbank Led Display Baterai Pengisi Charger,1794968456,4,Ok,1764757375,4 bulan lalu,BLACK,True,Anonymous,0,False,False,
Powerbank 20000 Mah Mini With 4 Usb Cable Lighrweight Universal Powerbank Led Display Baterai Pengisi Charger,1794879488,5,"Barang sdh sampai, dalam kondisi baik. belym dicoba. cuma yg satu ga ada buku user manualnya",1764754640,4 bulan lalu,BLACK,False,Lita,0,True,True,Terima kasih telah berbelanja di CHINDO DIGITAL. Bagikan link toko kami https://www.tokopedia.com/chindo-digital kepada teman-teman kamu. Jangan lupa follow toko kami untuk tahu update terbaru tentang stok dan produk yang kami tawarkan.
Powerbank 20000 Mah Mini With 4 Usb Cable Lighrweight Universal Powerbank Led Display Baterai Pengisi Charger,1794614302,5,Barang dah sampai dgng cepat paking rapih ..barang sesuai dgn pesenan,1764745268,4 bulan lalu,PURPLE,True,Anonymous,0,True,False,
Powerbank 20000 Mah Mini With 4 Usb Cable Lighrweight Universal Powerbank Led Display Baterai Pengisi Charger,1794598257,2,"Barang udah nyampe dengan selamat, tapi sayang kalo dibuat cas HP sebentar cepat habis",1764744659,4 bulan lalu,BLACK,True,Anonymous,0,False,False,
Powerbank 20000 Mah Mini With 4 Usb Cable Lighrweight Universal Powerbank Led Display Baterai Pengisi Charger,1794537845,5,"Performance: So far oke si , isi dayanya juga lumayan cepet semoga kuat dan tahan lama",1764742562,4 bulan lalu,BLACK,True,Anonymous,0,True,False,
Powerbank 20000 Mah Mini With 4 Usb Cable Lighrweight Universal Powerbank Led Display Baterai Pengisi Charger,1794532088,5,"Barang sudah Saya terima
Bagus sesuai pesanan moga awet",1764742363,4 bulan lalu,BLACK,True,Anonymous,0,False,False,
Powerbank 20000 Mah Mini With 4 Usb Cable Lighrweight Universal Powerbank Led Display Baterai Pengisi Charger,1794506487,5,"Quality of work: great
Performance: good",1764741485,4 bulan lalu,BLACK,True,Anonymous,0,False,False,
Powerbank 20000 Mah Mini With 4 Usb Cable Lighrweight Universal Powerbank Led Display Baterai Pengisi Charger,1794289767,4,Suka banget,1764734622,4 bulan lalu,PURPLE,True,Anonymous,0,False,False,
Powerbank 20000 Mah Mini With 4 Usb Cable Lighrweight Universal Powerbank Led Display Baterai Pengisi Charger,1794289763,4,"Cantik kak wrnanya🤗
Dan adminnya pun ramah kali🤗",1764734622,4 bulan lalu,BLACK,True,Anonymous,0,False,False,
Powerbank 20000 Mah Mini With 4 Usb Cable Lighrweight Universal Powerbank Led Display Baterai Pengisi Charger,1794280248,5,Mudah2an berfungsi baik dan awet ya,1764734329,4 bulan lalu,BLACK,True,Anonymous,0,True,False,
Powerbank 20000 Mah Mini With 4 Usb Cable Lighrweight Universal Powerbank Led Display Baterai Pengisi Charger,1793952958,1,"Performa: Di chas ..penuh 100%
Begitu dipake (dicoba isi ke HP)  belum 5 menit sdh sisa 25%",1764718312,4 bulan lalu,BLACK,True,Anonymous,0,False,False,
Powerbank 20000 Mah Mini With 4 Usb Cable Lighrweight Universal Powerbank Led Display Baterai Pengisi Charger,1793916525,1,"Gak bisa dipakai semua kabelnya. 
Kalo jualan yang benar-benar aj iya min..
Kualitas pengerjaan: Kurang bagus semua kabel 3 kabel gak bisa di gunakan
Kejernihan lensa: Redup kelap kelip",1764714776,4 bulan lalu,BLACK,True,Anonymous,0,False,False,
Powerbank 20000 Mah Mini With 4 Usb Cable Lighrweight Universal Powerbank Led Display Baterai Pengisi Charger,1793834500,5,Power Bank bagus.harga murah.. awet baterai juga,1764696907,4 bulan lalu,BLACK,True,Anonymous,0,False,False,
Powerbank 20000 Mah Mini With 4 Usb Cable Lighrweight Universal Powerbank Led Display Baterai Pengisi Charger,1793771360,4,Ok barang mungil,1764689911,4 bulan lalu,BLACK,True,Anonymous,0,False,False,
Powerbank 20000 Mah Mini With 4 Usb Cable Lighrweight Universal Powerbank Led Display Baterai Pengisi Charger,1793761795,5,Sesuai,1764689240,4 bulan lalu,BLACK,True,Anonymous,0,False,False,
Powerbank 20000 Mah Mini With 4 Usb Cable Lighrweight Universal Powerbank Led Display Baterai Pengisi Charger,1793561356,5,"barang sudah sampai, kualitas ok. semoga awet. terimakasih",1764680220,4 bulan lalu,BLACK,True,Anonymous,0,True,False,
Powerbank 20000 Mah Mini With 4 Usb Cable Lighrweight Universal Powerbank Led Display Baterai Pengisi Charger,1793445289,1,"Barang busuk sampah, ngecash nya lama, ngisi hp cuman sanggup 10 %",1764676202,4 bulan lalu,BLACK,True,Anonymous,0,True,False,
Powerbank 20000 Mah Mini With 4 Usb Cable Lighrweight Universal Powerbank Led Display Baterai Pengisi Charger,1793182142,5,"Cepat dan berkualitas 👍🏻
Semoga awet",1764667290,4 bulan lalu,BLACK,True,Anonymous,0,False,False,
Powerbank 20000 Mah Mini With 4 Usb Cable Lighrweight Universal Powerbank Led Display Baterai Pengisi Charger,1793161802,5,Barang sudah diterima dan Bagu pokoknya pengirimannya cepat juga 🤗🤗🤗,1764666444,4 bulan lalu,BLACK,True,Anonymous,0,True,False,
Powerbank 20000 Mah Mini With 4 Usb Cable Lighrweight Universal Powerbank Led Display Baterai Pengisi Charger,1792558390,1,"Penjual tIdak amanah ,Udah dicas full ,pas dipakai langsung habis😅",1764641394,4 bulan lalu,BLACK,True,Anonymous,0,False,False,
Powerbank 20000 Mah Mini With 4 Usb Cable Lighrweight Universal Powerbank Led Display Baterai Pengisi Charger,1792408396,5,Barang bagus belum di coba,1764631603,4 bulan lalu,BLACK,True,Anonymous,0,False,False,
Powerbank 20000 Mah Mini With 4 Usb Cable Lighrweight Universal Powerbank Led Display Baterai Pengisi Charger,1792374346,5,Sesuay pesanan mantapppppp oke 👍👍👍👍👍👍,1764628477,4 bulan lalu,BLACK,True,Anonymous,0,False,False,
Powerbank 20000 Mah Mini With 4 Usb Cable Lighrweight Universal Powerbank Led Display Baterai Pengisi Charger,1792222636,5,Kualitas pengerjaan: mantap cepet cuman 1hari Dateng GK ad rusak,1764602818,4 bulan lalu,BLACK,True,Anonymous,0,False,False,
Powerbank 20000 Mah Mini With 4 Usb Cable Lighrweight Universal Powerbank Led Display Baterai Pengisi Charger,1791976617,1,"kualitas produk tidak sesuai deskripsi, sudah di isi full powerbank ketika di gunakan di HP berkapasitas 5000mah hp tidak penuh dan powerbank langsung habis padahal kondisi hp sedang tidak di gunakan",1764590763,4 bulan lalu,BLACK,True,Anonymous,0,False,False,
Powerbank 20000 Mah Mini With 4 Usb Cable Lighrweight Universal Powerbank Led Display Baterai Pengisi Charger,1791882045,2,Sudah saya test cepat lobet baru d tes satu Hp belum 50% power banknya SDH lobet. TDK sesuai iklan parah,1764587718,4 bulan lalu,BLACK,True,Anonymous,0,False,False,
Powerbank 20000 Mah Mini With 4 Usb Cable Lighrweight Universal Powerbank Led Display Baterai Pengisi Charger,1791827110,5,Bgus,1764585904,4 bulan lalu,BLACK,True,Anonymous,0,False,False,
Powerbank 20000 Mah Mini With 4 Usb Cable Lighrweight Universal Powerbank Led Display Baterai Pengisi Charger,1791801003,5,PENGIRIMAN CEPATT BGTT...MAKASIHH YA KAK🙏🏻,1764585041,4 bulan lalu,PINK,True,Anonymous,0,False,False,
Powerbank 20000 Mah Mini With 4 Usb Cable Lighrweight Universal Powerbank Led Display Baterai Pengisi Charger,1791637827,5,"Mantap, sesuai pesanan",1764579016,4 bulan lalu,BLACK,True,Anonymous,0,False,False,
Powerbank 20000 Mah Mini With 4 Usb Cable Lighrweight Universal Powerbank Led Display Baterai Pengisi Charger,1791608123,5,Bagus sekali,1764578402,4 bulan lalu,BLACK,True,Anonymous,0,False,True,
Powerbank 20000 Mah Mini With 4 Usb Cable Lighrweight Universal Powerbank Led Display Baterai Pengisi Charger,1791434332,5,Terimakasih Power Bank sudah sampai sukses selalu,1764572078,4 bulan lalu,BLACK,True,Anonymous,0,False,False,
Powerbank 20000 Mah Mini With 4 Usb Cable Lighrweight Universal Powerbank Led Display Baterai Pengisi Charger,1791350180,5,Paket sampe dengan cepat terima kasih 🙏,1764568763,4 bulan lalu,BLACK,True,Anonymous,0,True,False,
Powerbank 20000 Mah Mini With 4 Usb Cable Lighrweight Universal Powerbank Led Display Baterai Pengisi Charger,1791268381,3,"Untuk performa baik cuman pas sampe bagian samping lcd dan bawah lcd nya bengkok,mungkin sempet kebanting waktu pengiriman tapi overall oke lah buat harga segitu",1764565986,4 bulan lalu,BLACK,True,Anonymous,0,True,False,
Powerbank 20000 Mah Mini With 4 Usb Cable Lighrweight Universal Powerbank Led Display Baterai Pengisi Charger,1791122397,3,pengiriman lambat sekali n antar nya larutn belum di coba pengisian nya dan amperenya sesuai deskripsi,1764561003,4 bulan lalu,BLACK,True,Anonymous,0,False,False,
Powerbank 20000 Mah Mini With 4 Usb Cable Lighrweight Universal Powerbank Led Display Baterai Pengisi Charger,1791120083,4,Sesuai pesanan.... Mantap,1764560918,4 bulan lalu,PINK,True,Anonymous,0,False,True,
Powerbank 20000 Mah Mini With 4 Usb Cable Lighrweight Universal Powerbank Led Display Baterai Pengisi Charger,1790494066,1,Baru di cas PB nya pas mau pake di hp udah 25 lg aja parah sih😫,1764510849,4 bulan lalu,BLACK,True,Anonymous,0,False,False,
Powerbank 20000 Mah Mini With 4 Usb Cable Lighrweight Universal Powerbank Led Display Baterai Pengisi Charger,1790442449,5,Barang dah nyampe terima kasih,1764508469,4 bulan lalu,PURPLE,True,Anonymous,0,False,True,
Powerbank 20000 Mah Mini With 4 Usb Cable Lighrweight Universal Powerbank Led Display Baterai Pengisi Charger,1790438526,5,Bagus,1764508300,4 bulan lalu,BLACK,True,Anonymous,0,False,False,
Powerbank 20000 Mah Mini With 4 Usb Cable Lighrweight Universal Powerbank Led Display Baterai Pengisi Charger,1790403470,5,Kualitas pengerjaan: Bagus,1764506831,4 bulan lalu,BLACK,True,Anonymous,0,False,False,
Powerbank 20000 Mah Mini With 4 Usb Cable Lighrweight Universal Powerbank Led Display Baterai Pengisi Charger,1790260820,5,👍,1764501348,4 bulan lalu,BLACK,True,Anonymous,0,False,False,
Powerbank 20000 Mah Mini With 4 Usb Cable Lighrweight Universal Powerbank Led Display Baterai Pengisi Charger,1790142445,5,Mantap bangeett suka 🥰🫰,1764497269,4 bulan lalu,BLACK,True,Anonymous,0,False,True,
Powerbank 20000 Mah Mini With 4 Usb Cable Lighrweight Universal Powerbank Led Display Baterai Pengisi Charger,1790073119,1,Maaf nii ya senter LED nya gak bisa di nyalain udah di pencet pencetin juga😌,1764494571,4 bulan lalu,BLACK,True,Anonymous,0,False,False,
Powerbank 20000 Mah Mini With 4 Usb Cable Lighrweight Universal Powerbank Led Display Baterai Pengisi Charger,1789812405,4,"Semoga aweet...sdh d cba,isi full 100 hanya 5menit sdh ke angka 75, baterai dr 61% ke 92% ,gak tau d kasih nama awet atau himana..

Trimahkasih",1764483541,4 bulan lalu,BLACK,True,Anonymous,0,False,False,
Powerbank 20000 Mah Mini With 4 Usb Cable Lighrweight Universal Powerbank Led Display Baterai Pengisi Charger,1789616341,5,Kejernihan lensa: Baik,1764475934,4 bulan lalu,BLACK,True,Anonymous,0,False,False,
Powerbank 20000 Mah Mini With 4 Usb Cable Lighrweight Universal Powerbank Led Display Baterai Pengisi Charger,1789501499,5,"Performa: oke, berfungsi dengan baik",1764471537,4 bulan lalu,PURPLE,True,Anonymous,0,True,False,
Powerbank 20000 Mah Mini With 4 Usb Cable Lighrweight Universal Powerbank Led Display Baterai Pengisi Charger,1789473547,5,"Sangat bagus sekali
Saya suka",1764470329,4 bulan lalu,PURPLE,True,Anonymous,0,True,False,
Powerbank 20000 Mah Mini With 4 Usb Cable Lighrweight Universal Powerbank Led Display Baterai Pengisi Charger,1789295078,2,"Produk jelek, pengisian daya k hp hnya 20%, battrei powerbank langsung habis meskipun terisi full 100%😌😌",1764464303,4 bulan lalu,BLACK,True,Anonymous,0,True,False,
Powerbank 20000 Mah Mini With 4 Usb Cable Lighrweight Universal Powerbank Led Display Baterai Pengisi Charger,1789148986,1,20k maH tp pemakaiannya cepet banget padahal nge cas tanpa pemakaian,1764440204,4 bulan lalu,BLACK,True,Anonymous,0,False,False,
Powerbank 20000 Mah Mini With 4 Usb Cable Lighrweight Universal Powerbank Led Display Baterai Pengisi Charger,1789100109,5,Bagus,1764432881,4 bulan lalu,BLACK,True,Anonymous,0,False,False,
Powerbank 20000 Mah Mini With 4 Usb Cable Lighrweight Universal Powerbank Led Display Baterai Pengisi Charger,1789019125,5,"Barang sesuai gambar &amp; deskripsi, berfungsi normal. Proses seller cepat.",1764426654,4 bulan lalu,PURPLE,True,Anonymous,0,False,False,Terima kasih telah berbelanja di CHINDO DIGITAL. Bagikan link toko kami https://www.tokopedia.com/chindo-digital kepada teman-teman kamu. Jangan lupa follow toko kami untuk tahu update terbaru tentang stok dan produk yang kami tawarkan.
Powerbank 20000 Mah Mini With 4 Usb Cable Lighrweight Universal Powerbank Led Display Baterai Pengisi Charger,1788982904,3,Maff kk katanya 20000 mah kok buat ngecas cuman dapet 9 %udah habis batre nya padahal barusan di cas dan penuh dan juga kalok power bnk nya tuh gimana sih kok kalok untuk cas hp kadang masuk tapi kalok power bnk nya gak ngeluarin gambar angka batre nya gak masuk casanya,1764424523,4 bulan lalu,BLACK,True,Anonymous,0,False,False,
Powerbank 20000 Mah Mini With 4 Usb Cable Lighrweight Universal Powerbank Led Display Baterai Pengisi Charger,1788808952,5,Alhamdulillah,1764416374,4 bulan lalu,PURPLE,True,Anonymous,0,False,False,
Powerbank 20000 Mah Mini With 4 Usb Cable Lighrweight Universal Powerbank Led Display Baterai Pengisi Charger,1788695292,5,"Alhamdulillah sudah datang powerbank nya, semoga awet, packing ok banget, pengiriman cepat, kurirnya ramah....
Tq seller n Tik tok shop, next time repeat order lagi 👍🥰
Kualitas pengerjaan: Ok
Kejernihan lensa: Ok",1764412226,4 bulan lalu,PURPLE,True,Anonymous,0,True,False,
Powerbank 20000 Mah Mini With 4 Usb Cable Lighrweight Universal Powerbank Led Display Baterai Pengisi Charger,1788667355,5,Bagus,1764411160,4 bulan lalu,BLACK,True,Anonymous,0,False,False,
Powerbank 20000 Mah Mini With 4 Usb Cable Lighrweight Universal Powerbank Led Display Baterai Pengisi Charger,1788459632,5,Mantap gercep brg bagus ok banget pokoknya,1764402500,4 bulan lalu,PURPLE,True,Anonymous,0,True,False,
Powerbank 20000 Mah Mini With 4 Usb Cable Lighrweight Universal Powerbank Led Display Baterai Pengisi Charger,1788207575,3,ga sesuai iklan,1764392307,4 bulan lalu,BLACK,True,Anonymous,0,False,False,
Powerbank 20000 Mah Mini With 4 Usb Cable Lighrweight Universal Powerbank Led Display Baterai Pengisi Charger,1787704306,1,Cepet abis dari low batre belom sampe penuh hpnya udah abis serius bukan jatohin toko tapi produknya emang kualiatas kurang baGus dengan harga segini,1764352592,4 bulan lalu,BLACK,True,Anonymous,0,True,False,
Powerbank 20000 Mah Mini With 4 Usb Cable Lighrweight Universal Powerbank Led Display Baterai Pengisi Charger,1787592603,5,"Kualitas pengerjaan: Bagus
Bismillahirrahmanirrahim awet dan gak rewel",1764341231,4 bulan lalu,BLACK,True,Anonymous,0,False,True,
Powerbank 20000 Mah Mini With 4 Usb Cable Lighrweight Universal Powerbank Led Display Baterai Pengisi Charger,1787586178,5,Mantab sih,1764340861,4 bulan lalu,BLACK,True,Anonymous,0,True,False,
Powerbank 20000 Mah Mini With 4 Usb Cable Lighrweight Universal Powerbank Led Display Baterai Pengisi Charger,1787491412,3,Lumayan lahh,1764335939,4 bulan lalu,BLACK,True,Anonymous,0,False,False,
Powerbank 20000 Mah Mini With 4 Usb Cable Lighrweight Universal Powerbank Led Display Baterai Pengisi Charger,1787471913,4,Barang sdah diterima dgn baik ..smga awet hrga bersahabat respon pnjual baik cepat pngirimannya jga cepat..kurir ramah..terimkasih,1764335045,4 bulan lalu,BLACK,True,Anonymous,0,False,True,
Powerbank 20000 Mah Mini With 4 Usb Cable Lighrweight Universal Powerbank Led Display Baterai Pengisi Charger,1787398490,5,Sangat baik smwa na cuman pengiriman na terlambat 1 hr.,1764331940,4 bulan lalu,BLACK,True,Anonymous,0,True,False,
Powerbank 20000 Mah Mini With 4 Usb Cable Lighrweight Universal Powerbank Led Display Baterai Pengisi Charger,1787379857,5,Semogaa aweett,1764331221,4 bulan lalu,BLACK,True,Anonymous,0,True,False,
Powerbank 20000 Mah Mini With 4 Usb Cable Lighrweight Universal Powerbank Led Display Baterai Pengisi Charger,1787246275,5,Biar bintang yg berbicara👍👍👍,1764326511,4 bulan lalu,BLACK,True,Anonymous,0,False,False,
Powerbank 20000 Mah Mini With 4 Usb Cable Lighrweight Universal Powerbank Led Display Baterai Pengisi Charger,1787236738,4,"barang bagus, harga terjangkau👍",1764326164,4 bulan lalu,BLACK,True,Anonymous,0,True,False,
Powerbank 20000 Mah Mini With 4 Usb Cable Lighrweight Universal Powerbank Led Display Baterai Pengisi Charger,1786843511,5,Bagus dan amanah,1764310155,4 bulan lalu,PURPLE,True,Anonymous,0,True,False,
Powerbank 20000 Mah Mini With 4 Usb Cable Lighrweight Universal Powerbank Led Display Baterai Pengisi Charger,1786750808,2,Cuma cukup 1 kali ngcs hp doang cepat habis bngt 🥹,1764306366,4 bulan lalu,BLACK,True,Anonymous,0,False,False,
Powerbank 20000 Mah Mini With 4 Usb Cable Lighrweight Universal Powerbank Led Display Baterai Pengisi Charger,1786505073,5,"Kejernihan lensa: Ok
Kualitas pengerjaan: Ok
Performa: Ok",1764297596,4 bulan lalu,BLACK,True,Anonymous,0,False,False,
Powerbank 20000 Mah Mini With 4 Usb Cable Lighrweight Universal Powerbank Led Display Baterai Pengisi Charger,1786337291,1,Duapuluh ribu mah bener tulisan nya giliran PB di angka seratus buat ngecas hp dg kapasitas baterai lima ribu mah sudah habis sory y barang nya bagus kwalitas bagiku kurang buanget,1764288176,4 bulan lalu,BLACK,True,Anonymous,0,False,False,
Powerbank 20000 Mah Mini With 4 Usb Cable Lighrweight Universal Powerbank Led Display Baterai Pengisi Charger,1786233624,5,"Sesuai deskripsi , PB nya kecil jdi aman d tas",1764271046,4 bulan lalu,PURPLE,True,Anonymous,0,False,False,
Powerbank 20000 Mah Mini With 4 Usb Cable Lighrweight Universal Powerbank Led Display Baterai Pengisi Charger,1786117163,5,Umtuk baterai power bank nya yang 25 50 75 atau 100 kak?,1764254946,4 bulan lalu,BLACK,True,Anonymous,0,True,False,
Powerbank 20000 Mah Mini With 4 Usb Cable Lighrweight Universal Powerbank Led Display Baterai Pengisi Charger,1786058080,5,"Kejernihan lensa: Baguus saya suka
Kualitas pengerjaan: Mantaaf",1764251705,4 bulan lalu,BLACK,True,Anonymous,0,False,False,
Powerbank 20000 Mah Mini With 4 Usb Cable Lighrweight Universal Powerbank Led Display Baterai Pengisi Charger,1785910552,5,"Luar biasa barang cepet banget sampe nya,. Order hari rabu, hari kamis sore lngsung nyampe🔥",1764245276,4 bulan lalu,BLACK,True,Anonymous,0,False,False,
Powerbank 20000 Mah Mini With 4 Usb Cable Lighrweight Universal Powerbank Led Display Baterai Pengisi Charger,1785803092,3,Barang SDH sampai... Cuma tidak sesuai dengan pesanan warnanya... Pesan hitam yg datang ungu... Tapi ga apa2 kalo ungu masih mending daripada pink... Karna saya pria ....,1764241450,4 bulan lalu,BLACK,True,Anonymous,0,False,False,
Powerbank 20000 Mah Mini With 4 Usb Cable Lighrweight Universal Powerbank Led Display Baterai Pengisi Charger,1785614530,5,"Bagus
Kualitas pengerjaan: Cepat",1764234740,4 bulan lalu,BLACK,True,Anonymous,0,True,False,
Powerbank 20000 Mah Mini With 4 Usb Cable Lighrweight Universal Powerbank Led Display Baterai Pengisi Charger,1785387439,1,Cepat habis casnya,1764225410,4 bulan lalu,BLACK,True,Anonymous,0,False,False,
Powerbank 20000 Mah Mini With 4 Usb Cable Lighrweight Universal Powerbank Led Display Baterai Pengisi Charger,1785275244,1,Pengiriman lambat banget,1764220929,4 bulan lalu,BLACK,True,Anonymous,0,False,False,
Powerbank 20000 Mah Mini With 4 Usb Cable Lighrweight Universal Powerbank Led Display Baterai Pengisi Charger,1784514905,4,Baik,1764164058,4 bulan lalu,BLACK,True,Anonymous,0,False,False,
Powerbank 20000 Mah Mini With 4 Usb Cable Lighrweight Universal Powerbank Led Display Baterai Pengisi Charger,1784356004,1,Maaf ni buat ngecas HP opo kapasitas batre 5000 saja ngak bisa vul saya rasa  kecewa ngak sesuai speak,1764157758,4 bulan lalu,BLACK,True,Anonymous,1,True,False,
Powerbank 20000 Mah Mini With 4 Usb Cable Lighrweight Universal Powerbank Led Display Baterai Pengisi Charger,1783935407,5,Mantap 👍,1764143131,4 bulan lalu,BLACK,True,Anonymous,0,False,False,
Powerbank 20000 Mah Mini With 4 Usb Cable Lighrweight Universal Powerbank Led Display Baterai Pengisi Charger,1783886818,5,barag sesuai pesanan,1764141137,4 bulan lalu,BLACK,False,Phan,0,False,False,Terima kasih telah berbelanja di CHINDO DIGITAL. Bagikan link toko kami https://www.tokopedia.com/chindo-digital kepada teman-teman kamu. Jangan lupa follow toko kami untuk tahu update terbaru tentang stok dan produk yang kami tawarkan.
Powerbank 20000 Mah Mini With 4 Usb Cable Lighrweight Universal Powerbank Led Display Baterai Pengisi Charger,1783668935,5,Oke sip,1764132765,4 bulan lalu,PINK,True,Anonymous,0,False,False,
Powerbank 20000 Mah Mini With 4 Usb Cable Lighrweight Universal Powerbank Led Display Baterai Pengisi Charger,1783601084,5,"Udah Dateng langsung dicoba, semoga awet",1764130664,4 bulan lalu,BLACK,True,Anonymous,0,False,False,
Powerbank 20000 Mah Mini With 4 Usb Cable Lighrweight Universal Powerbank Led Display Baterai Pengisi Charger,1783235979,2,batrai cepat habis udah di cas sampai 100% setengah jam langsung habis,1764111345,4 bulan lalu,BLACK,True,Anonymous,0,False,False,
Powerbank 20000 Mah Mini With 4 Usb Cable Lighrweight Universal Powerbank Led Display Baterai Pengisi Charger,1782961867,5,"Untuk barang semua oke bagus berfungsi untuk harga segitu paslah
Klo untuk kapasitas msih di bawah saya rasa gak sama seperti yg tertera 🙏
Tapi dengan harga sgitu recommended lah",1764076233,4 bulan lalu,BLACK,True,Anonymous,0,True,False,
Powerbank 20000 Mah Mini With 4 Usb Cable Lighrweight Universal Powerbank Led Display Baterai Pengisi Charger,1782882118,4,Kejernihan lensa: 𝐵𝑎𝑟𝑎𝑛𝑔 𝑚𝑒𝑛𝑑𝑎𝑟𝑎𝑡 𝑑𝑒𝑛𝑔𝑎𝑛 𝑎𝑚𝑎𝑛... 𝑆𝑒𝑚𝑜𝑔𝑎 𝑘𝑢𝑎𝑙𝑖𝑡𝑎𝑠 𝑛𝑦𝑎 𝑏𝑔𝑢𝑠 &amp; 𝑎𝑤𝑒𝑡,1764072532,4 bulan lalu,PINK,True,Anonymous,0,True,False,
Powerbank 20000 Mah Mini With 4 Usb Cable Lighrweight Universal Powerbank Led Display Baterai Pengisi Charger,1782829939,5,Mantap ssesui  dgn yg diniklan tanxs seler,1764070403,4 bulan lalu,BLACK,True,Anonymous,0,False,False,
Powerbank 20000 Mah Mini With 4 Usb Cable Lighrweight Universal Powerbank Led Display Baterai Pengisi Charger,1782750674,5,Good product,1764067469,4 bulan lalu,PURPLE,True,Anonymous,0,False,False,
Powerbank 20000 Mah Mini With 4 Usb Cable Lighrweight Universal Powerbank Led Display Baterai Pengisi Charger,1782627567,5,kurir ramah super cepat datanya sayang ngk ada disnya Mukin karena promo murah super cepat datanya blum di coba semoga awet,1764062489,4 bulan lalu,BLACK,True,Anonymous,0,False,False,
Powerbank 20000 Mah Mini With 4 Usb Cable Lighrweight Universal Powerbank Led Display Baterai Pengisi Charger,1782431331,2,Baterai boros,1764052865,4 bulan lalu,BLACK,True,Anonymous,0,False,False,
Powerbank 20000 Mah Mini With 4 Usb Cable Lighrweight Universal Powerbank Led Display Baterai Pengisi Charger,1782396143,1,"Pesen hitam yg dikirim ungu, kapasitasnya juga gak real , buat Skali ngecas Habis gak sampe penuh,",1764050959,4 bulan lalu,BLACK,True,Anonymous,0,False,False,
Powerbank 20000 Mah Mini With 4 Usb Cable Lighrweight Universal Powerbank Led Display Baterai Pengisi Charger,1782335281,2,"powerbank ini lebih cocok jadi senter saja..
berharap powerbank ini memiliki kapasitas 20.000 MAh ternyata ZONK!
setelah saya coba charge full, ternyata saat dipakai malah langsung drop ke 25% dan hanya charge ke HP saya dibawah 20% kapasitas baterai HP. padahal saya harus gunakan saat perjalanan jauh.
sudah di tes 3 kali recharge, dan hasilnya tetap sama.

pengiriman tepat waktu dan dibungkus rapih jadi tambahan satu bintang..

semoga penjual memahami kekecewaan saya dan saya bisa mendapat penggantinya. thanks",1764047914,4 bulan lalu,BLACK,False,Sujud,2,True,True,
Powerbank 20000 Mah Mini With 4 Usb Cable Lighrweight Universal Powerbank Led Display Baterai Pengisi Charger,1782042136,5,Oke siip,1764032341,4 bulan lalu,PURPLE,True,Anonymous,0,False,False,
Powerbank 20000 Mah Mini With 4 Usb Cable Lighrweight Universal Powerbank Led Display Baterai Pengisi Charger,1781638537,1,"Powerbank 2.000MAH Jangan Ditulis 20.000MAH, Itu Namanya Penipuan. POWERBANKNYA 2.000MAH DOANG,NIPU.",1763985407,5 bulan lalu,PURPLE,True,Anonymous,1,True,False,
Powerbank 20000 Mah Mini With 4 Usb Cable Lighrweight Universal Powerbank Led Display Baterai Pengisi Charger,1781462550,5,Top paket sampe dengan aman ... Semoga awet .. makasi ya sukses selalu,1763977604,5 bulan lalu,BLACK,True,Anonymous,0,True,True,
Powerbank 20000 Mah Mini With 4 Usb Cable Lighrweight Universal Powerbank Led Display Baterai Pengisi Charger,1781446553,5,Sesuai pesanan terimakasih,1763976914,5 bulan lalu,PURPLE,True,Anonymous,0,False,False,
Powerbank 20000 Mah Mini With 4 Usb Cable Lighrweight Universal Powerbank Led Display Baterai Pengisi Charger,1781428397,5,kualitas bagud sesuai pesanan,1763976119,5 bulan lalu,BLACK,True,Anonymous,0,False,False,
Powerbank 20000 Mah Mini With 4 Usb Cable Lighrweight Universal Powerbank Led Display Baterai Pengisi Charger,1781216136,5,"mantap pokoknya
mendarat dengan mulus",1763966926,5 bulan lalu,PURPLE,False,Weka,0,True,False,Terima kasih telah berbelanja di CHINDO DIGITAL. Bagikan link toko kami https://www.tokopedia.com/chindo-digital kepada teman-teman kamu. Jangan lupa follow toko kami untuk tahu update terbaru tentang stok dan produk yang kami tawarkan.
Powerbank 20000 Mah Mini With 4 Usb Cable Lighrweight Universal Powerbank Led Display Baterai Pengisi Charger,1780242141,5,Bagus,1763897864,5 bulan lalu,BLACK,True,Anonymous,1,True,True,
Powerbank 20000 Mah Mini With 4 Usb Cable Lighrweight Universal Powerbank Led Display Baterai Pengisi Charger,1780070140,2,Kualitas pengerjaan: Baterai terlalu cepat habis blm 1 jam udh habis,1763890968,5 bulan lalu,BLACK,True,Anonymous,0,False,False,
Powerbank 20000 Mah Mini With 4 Usb Cable Lighrweight Universal Powerbank Led Display Baterai Pengisi Charger,1779881437,5,Mudah2an awet barangnya,1763882624,5 bulan lalu,BLACK,True,Anonymous,0,False,False,
Powerbank 20000 Mah Mini With 4 Usb Cable Lighrweight Universal Powerbank Led Display Baterai Pengisi Charger,1779596801,5,Semua nya sesuai ekspektasi,1763871433,5 bulan lalu,BLACK,True,Anonymous,0,False,False,
Powerbank 20000 Mah Mini With 4 Usb Cable Lighrweight Universal Powerbank Led Display Baterai Pengisi Charger,1779552139,1,"diisi 100%, dipakai 5 menit Turun sampai 25%. tidak Di rekomendasi",1763869684,5 bulan lalu,BLACK,False,anida,0,False,False,
Powerbank 20000 Mah Mini With 4 Usb Cable Lighrweight Universal Powerbank Led Display Baterai Pengisi Charger,1778956351,1,"Tiba2 lampu hidup dan powerbank tidak bisa digunakan. Saat dichat, tidak memberikan solusi apapun",1763814870,5 bulan lalu,BLACK,False,Abdurrosyid,0,True,False,
Powerbank 20000 Mah Mini With 4 Usb Cable Lighrweight Universal Powerbank Led Display Baterai Pengisi Charger,1778569407,1,batrenya cepet abis,1763798771,5 bulan lalu,PINK,True,Anonymous,0,False,False,
Powerbank 20000 Mah Mini With 4 Usb Cable Lighrweight Universal Powerbank Led Display Baterai Pengisi Charger,1778042162,5,"Barang sudah datang dengan selamat, pengirimannya doang yg lama",1763776712,5 bulan lalu,BLACK,True,Anonymous,0,False,False,
Powerbank 20000 Mah Mini With 4 Usb Cable Lighrweight Universal Powerbank Led Display Baterai Pengisi Charger,1777965072,1,"batreinya cuma buat ngisi 20% langsung habis, saran buat yg mau beli pikir&#34; ulang. luarnya oke cuma dalemnya bermasalah",1763771650,5 bulan lalu,BLACK,False,Andi,0,False,False,
Powerbank 20000 Mah Mini With 4 Usb Cable Lighrweight Universal Powerbank Led Display Baterai Pengisi Charger,1777856394,5,Barangx sesuai ya nudah2an awet smua proaes ngecas baik out sm in nya bs terisi cepat,1763759878,5 bulan lalu,BLACK,True,Anonymous,0,False,False,
Powerbank 20000 Mah Mini With 4 Usb Cable Lighrweight Universal Powerbank Led Display Baterai Pengisi Charger,1777389347,1,"Tidak sama warnanya beli warna hitam datang warna ungu ki
KULIATAS gak sesuai keinginan",1763722386,5 bulan lalu,BLACK,True,Anonymous,0,True,False,
Powerbank 20000 Mah Mini With 4 Usb Cable Lighrweight Universal Powerbank Led Display Baterai Pengisi Charger,1777361220,3,Ini ga fast charging ga sesuai SMA iklannya,1763721395,5 bulan lalu,BLACK,True,Anonymous,1,True,False,
Powerbank 20000 Mah Mini With 4 Usb Cable Lighrweight Universal Powerbank Led Display Baterai Pengisi Charger,1777271830,1,"sesuai sihh sesuai sm gambr,,, tpi cepet habis batre nya",1763718049,5 bulan lalu,PINK,True,Anonymous,0,True,False,
Powerbank 20000 Mah Mini With 4 Usb Cable Lighrweight Universal Powerbank Led Display Baterai Pengisi Charger,1777244256,5,Bungkusan aman dan produknya jempoll,1763716995,5 bulan lalu,BLACK,True,Anonymous,0,False,False,
Powerbank 20000 Mah Mini With 4 Usb Cable Lighrweight Universal Powerbank Led Display Baterai Pengisi Charger,1777125084,5,worth it buat lampu doang good,1763712318,5 bulan lalu,BLACK,True,Anonymous,0,False,False,
Powerbank 20000 Mah Mini With 4 Usb Cable Lighrweight Universal Powerbank Led Display Baterai Pengisi Charger,1776769121,5,recommended,1763698034,5 bulan lalu,BLACK,False,Iwan,0,True,False,Terima kasih telah berbelanja di CHINDO DIGITAL. Bagikan link toko kami https://www.tokopedia.com/chindo-digital kepada teman-teman kamu. Jangan lupa follow toko kami untuk tahu update terbaru tentang stok dan produk yang kami tawarkan.
Powerbank 20000 Mah Mini With 4 Usb Cable Lighrweight Universal Powerbank Led Display Baterai Pengisi Charger,1776240241,3,Batrai cepat habis,1763656475,5 bulan lalu,BLACK,True,Anonymous,0,False,False,
Powerbank 20000 Mah Mini With 4 Usb Cable Lighrweight Universal Powerbank Led Display Baterai Pengisi Charger,1775881588,1,Power bank apa baru 30%sudah habis,1763638079,5 bulan lalu,BLACK,True,Anonymous,0,False,False,
Powerbank 20000 Mah Mini With 4 Usb Cable Lighrweight Universal Powerbank Led Display Baterai Pengisi Charger,1775725850,1,paket saya bukan sampe ke saya melain kan ke orang lain gimana ini,1763632768,5 bulan lalu,BLACK,True,Anonymous,0,False,False,
Powerbank 20000 Mah Mini With 4 Usb Cable Lighrweight Universal Powerbank Led Display Baterai Pengisi Charger,1775491099,4,Kayanya 20.000 mAh nya ga beneran..soalnya baru dipake sekali ngecas lgsung cepet abis..tpi buat hrga segini worth it aja..,1763624291,5 bulan lalu,BLACK,True,Anonymous,0,False,False,
Powerbank 20000 Mah Mini With 4 Usb Cable Lighrweight Universal Powerbank Led Display Baterai Pengisi Charger,1775385128,5,Cukup puas sdh di coba pake 2 hari full 👍🏼👍🏼👍🏼,1763620406,5 bulan lalu,BLACK,False,Willyanto,0,False,False,Terima kasih telah berbelanja di CHINDO DIGITAL. Bagikan link toko kami https://www.tokopedia.com/chindo-digital kepada teman-teman kamu. Jangan lupa follow toko kami untuk tahu update terbaru tentang stok dan produk yang kami tawarkan.
Powerbank 20000 Mah Mini With 4 Usb Cable Lighrweight Universal Powerbank Led Display Baterai Pengisi Charger,1775232135,5,"Barang bagus , semoga awet",1763614806,5 bulan lalu,BLACK,True,Anonymous,0,False,False,
Powerbank 20000 Mah Mini With 4 Usb Cable Lighrweight Universal Powerbank Led Display Baterai Pengisi Charger,1775222163,5,bagus,1763614441,5 bulan lalu,PURPLE,True,Anonymous,0,False,False,
Powerbank 20000 Mah Mini With 4 Usb Cable Lighrweight Universal Powerbank Led Display Baterai Pengisi Charger,1775175280,2,"Powerbank nya cepet abis (bocor) + panas , padahal udah tulis di keterangan di cek dulu barangnya sebelum di kirim.",1763612859,5 bulan lalu,BLACK,True,Anonymous,0,False,False,
Powerbank 20000 Mah Mini With 4 Usb Cable Lighrweight Universal Powerbank Led Display Baterai Pengisi Charger,1775106942,5,"Kejernihan lensa: Blm dicoba
Kualitas pengerjaan: Blm dibuka paket nya",1763610471,5 bulan lalu,BLACK,True,Anonymous,0,False,False,
Powerbank 20000 Mah Mini With 4 Usb Cable Lighrweight Universal Powerbank Led Display Baterai Pengisi Charger,1774928680,5,Barang nya bagus SM yg di poto,1763603356,5 bulan lalu,BLACK,True,Anonymous,0,False,False,
Powerbank 20000 Mah Mini With 4 Usb Cable Lighrweight Universal Powerbank Led Display Baterai Pengisi Charger,1773719528,1,Fisik barang sih bagus cuma fungsi barang yang mengecewakan....batray power bank cepat bgt habis ini 20000 mah/2000 mah.,1763532407,5 bulan lalu,BLACK,True,Anonymous,0,False,True,
Powerbank 20000 Mah Mini With 4 Usb Cable Lighrweight Universal Powerbank Led Display Baterai Pengisi Charger,1773580381,5,berfungsi dengan baik,1763527168,5 bulan lalu,BLACK,True,Anonymous,0,True,False,
Powerbank 20000 Mah Mini With 4 Usb Cable Lighrweight Universal Powerbank Led Display Baterai Pengisi Charger,1772758879,5,Power b sudah sampe...oke bagus ..cepet kali pengiriman nya..joss,1763465770,5 bulan lalu,PINK,True,Anonymous,0,True,False,
Powerbank 20000 Mah Mini With 4 Usb Cable Lighrweight Universal Powerbank Led Display Baterai Pengisi Charger,1772523527,5,Alhamdulillah Sampek paket,1763456284,5 bulan lalu,BLACK,True,Anonymous,0,False,True,
Powerbank 20000 Mah Mini With 4 Usb Cable Lighrweight Universal Powerbank Led Display Baterai Pengisi Charger,1772486858,5,baik,1763454538,5 bulan lalu,PINK,True,Anonymous,0,False,False,
Powerbank 20000 Mah Mini With 4 Usb Cable Lighrweight Universal Powerbank Led Display Baterai Pengisi Charger,1772310876,2,"Powerbanknya ga bagus, dari 100% cepet bgt turunnya g nyampe 20 menit lgsg dibawah 25% dan hp yang baterai 10% cuman keisi sampe 30%an kurang lebih

powerbank baterainya kurang bagus",1763446255,5 bulan lalu,BLACK,False,Noval,0,False,False,
Powerbank 20000 Mah Mini With 4 Usb Cable Lighrweight Universal Powerbank Led Display Baterai Pengisi Charger,1772304335,2,Kok mudah abes batre ya ..padahal di produk tertera 2000mAh,1763445931,5 bulan lalu,BLACK,True,Anonymous,0,False,False,
Powerbank 20000 Mah Mini With 4 Usb Cable Lighrweight Universal Powerbank Led Display Baterai Pengisi Charger,1771906069,5,"Mantap kk,,, sesuai pesanan gk ada yg lecek sikit pun,,, 👍👍11👍👍",1763427205,5 bulan lalu,BLACK,True,Anonymous,0,False,False,
Powerbank 20000 Mah Mini With 4 Usb Cable Lighrweight Universal Powerbank Led Display Baterai Pengisi Charger,1771499458,5,Bagus sesuai deakripsi.warnanya juga lucu Mudah mudahan awet ta,1763383025,5 bulan lalu,PURPLE,True,Anonymous,0,True,True,
Powerbank 20000 Mah Mini With 4 Usb Cable Lighrweight Universal Powerbank Led Display Baterai Pengisi Charger,1771139623,3,Alhamdulilah barang nya datang dengan warna sesuai dan barang nya bagus seperti yg diinginkan tapi sedikit yg kurang berkenan alamat tidak tepat pada sasaran yg di tujuh,1763369117,5 bulan lalu,PURPLE,True,Anonymous,0,True,False,
Powerbank 20000 Mah Mini With 4 Usb Cable Lighrweight Universal Powerbank Led Display Baterai Pengisi Charger,1770973346,1,Isinya bukan 20000 mah....,1763362433,5 bulan lalu,BLACK,True,Anonymous,0,False,False,
Powerbank 20000 Mah Mini With 4 Usb Cable Lighrweight Universal Powerbank Led Display Baterai Pengisi Charger,1770941760,5,"trmksh bnyk akhirnya paket pesanan sya sdh sampai.. 
lumayan  puas, tp blm d&#39;coba jd blm puas..

syng Bru di pake sbntar, udh cpet hbis batrenya.. 
menang merek and capilitas nya ajh . 
kapilitas 20.000 MAH .. 
tp pas ngecas hp, lnsung cpet y hbis Btre PB nya..",1763361180,5 bulan lalu,BLACK,True,Anonymous,0,True,False,Terima kasih telah berbelanja di CHINDO DIGITAL. Bagikan link toko kami https://www.tokopedia.com/chindo-digital kepada teman-teman kamu. Jangan lupa follow toko kami untuk tahu update terbaru tentang stok dan produk yang kami tawarkan.
Powerbank 20000 Mah Mini With 4 Usb Cable Lighrweight Universal Powerbank Led Display Baterai Pengisi Charger,1770911292,1,Barang rusak di jual,1763359988,5 bulan lalu,BLACK,True,Anonymous,0,False,True,
Powerbank 20000 Mah Mini With 4 Usb Cable Lighrweight Universal Powerbank Led Display Baterai Pengisi Charger,1770850397,5,"brang cepat sampai barang dipacking rapi seller amanah, barang pun berfungsi dengan baik, terimakasih",1763357672,5 bulan lalu,BLACK,False,Aditya,0,True,False,Terima kasih telah berbelanja di CHINDO DIGITAL. Bagikan link toko kami https://www.tokopedia.com/chindo-digital kepada teman-teman kamu. Jangan lupa follow toko kami untuk tahu update terbaru tentang stok dan produk yang kami tawarkan.
Powerbank 20000 Mah Mini With 4 Usb Cable Lighrweight Universal Powerbank Led Display Baterai Pengisi Charger,1770582317,2,Punyaku malah g bisa nyala,1763348090,5 bulan lalu,BLACK,True,Anonymous,0,False,False,
Powerbank 20000 Mah Mini With 4 Usb Cable Lighrweight Universal Powerbank Led Display Baterai Pengisi Charger,1770380829,5,"Barangnya sudah diterima, terima kasih seller. Semoga awet",1763338248,5 bulan lalu,PURPLE,False,SITI,0,False,False,Terima kasih telah berbelanja di CHINDO DIGITAL. Bagikan link toko kami https://www.tokopedia.com/chindo-digital kepada teman-teman kamu. Jangan lupa follow toko kami untuk tahu update terbaru tentang stok dan produk yang kami tawarkan.
Powerbank 20000 Mah Mini With 4 Usb Cable Lighrweight Universal Powerbank Led Display Baterai Pengisi Charger,1770001750,5,Sangat bagus pengiriman barang cepat terimakasih 🙏,1763297893,5 bulan lalu,BLACK,True,Anonymous,0,False,False,
Powerbank 20000 Mah Mini With 4 Usb Cable Lighrweight Universal Powerbank Led Display Baterai Pengisi Charger,1769804884,5,Pesanan sudah sampai sesuai order... Respon toko sangat cepat.. toko amanah.. Kurir oke sekali. . Terimakasih Tokopedia.... Sukses terus untuk semua nya,1763290312,5 bulan lalu,BLACK,False,Yudhia,1,True,False,Terima kasih telah berbelanja di CHINDO DIGITAL. Bagikan link toko kami https://www.tokopedia.com/chindo-digital kepada teman-teman kamu. Jangan lupa follow toko kami untuk tahu update terbaru tentang stok dan produk yang kami tawarkan.
Powerbank 20000 Mah Mini With 4 Usb Cable Lighrweight Universal Powerbank Led Display Baterai Pengisi Charger,1769662952,5,brg berfungsi dgn baik.,1763284888,5 bulan lalu,BLACK,False,Happy,0,False,False,Terima kasih telah berbelanja di CHINDO DIGITAL. Bagikan link toko kami https://www.tokopedia.com/chindo-digital kepada teman-teman kamu. Jangan lupa follow toko kami untuk tahu update terbaru tentang stok dan produk yang kami tawarkan.
Powerbank 20000 Mah Mini With 4 Usb Cable Lighrweight Universal Powerbank Led Display Baterai Pengisi Charger,1769600017,4,Performa: Lumyan,1763282432,5 bulan lalu,PURPLE,True,Anonymous,0,False,False,
Powerbank 20000 Mah Mini With 4 Usb Cable Lighrweight Universal Powerbank Led Display Baterai Pengisi Charger,1769425132,1,maaf bos powerbank ya rusak gak bisa di pake sama sekali,1763275374,5 bulan lalu,PINK,True,Anonymous,0,False,True,
Powerbank 20000 Mah Mini With 4 Usb Cable Lighrweight Universal Powerbank Led Display Baterai Pengisi Charger,1769389990,5,Bagus,1763274007,5 bulan lalu,BLACK,True,Anonymous,0,False,False,
Powerbank 20000 Mah Mini With 4 Usb Cable Lighrweight Universal Powerbank Led Display Baterai Pengisi Charger,1768976704,5,Semoga awet,1763257238,5 bulan lalu,BLACK,True,Anonymous,0,True,False,
Powerbank 20000 Mah Mini With 4 Usb Cable Lighrweight Universal Powerbank Led Display Baterai Pengisi Charger,1768860433,3,payaahh! di casss semaleman cuman di pake dalam 5% batre doang! hadehhhhhh nyesel si beli disinii,1763247967,5 bulan lalu,PURPLE,True,Anonymous,0,True,False,
Powerbank 20000 Mah Mini With 4 Usb Cable Lighrweight Universal Powerbank Led Display Baterai Pengisi Charger,1768067530,5,barang sesuai pesanan dan pengiriman cepat,1763193943,5 bulan lalu,BLACK,False,Happy,0,True,False,Terima kasih telah berbelanja di CHINDO DIGITAL. Bagikan link toko kami https://www.tokopedia.com/chindo-digital kepada teman-teman kamu. Jangan lupa follow toko kami untuk tahu update terbaru tentang stok dan produk yang kami tawarkan.
Powerbank 20000 Mah Mini With 4 Usb Cable Lighrweight Universal Powerbank Led Display Baterai Pengisi Charger,1767281307,5,"siip barang sesuai deskripsi.
fungsi baik tampilan bagus.
fast respon.
terima kasih semoga awet",1763159095,5 bulan lalu,BLACK,False,budi,0,True,False,Terima kasih telah berbelanja di CHINDO DIGITAL. Bagikan link toko kami https://www.tokopedia.com/chindo-digital kepada teman-teman kamu. Jangan lupa follow toko kami untuk tahu update terbaru tentang stok dan produk yang kami tawarkan.
Powerbank 20000 Mah Mini With 4 Usb Cable Lighrweight Universal Powerbank Led Display Baterai Pengisi Charger,1767267944,2,"Performa: cuman di pake bentar langsung abis, trus kaga kecas&#34;",1763157434,5 bulan lalu,BLACK,True,Anonymous,0,False,False,
Powerbank 20000 Mah Mini With 4 Usb Cable Lighrweight Universal Powerbank Led Display Baterai Pengisi Charger,1765785128,5,"Mantap powerbank nya saya suka
Performa: Bagus",1763087051,5 bulan lalu,BLACK,True,Anonymous,0,True,True,
Powerbank 20000 Mah Mini With 4 Usb Cable Lighrweight Universal Powerbank Led Display Baterai Pengisi Charger,1764898787,5,"Paket sudah sampai,,packing rapih aman,,barang sesuai deskripsi👍",1763031768,5 bulan lalu,BLACK,True,Anonymous,0,True,False,
Powerbank 20000 Mah Mini With 4 Usb Cable Lighrweight Universal Powerbank Led Display Baterai Pengisi Charger,1764544494,5,Lumayan,1763021290,5 bulan lalu,PINK,True,Anonymous,0,False,False,
Powerbank 20000 Mah Mini With 4 Usb Cable Lighrweight Universal Powerbank Led Display Baterai Pengisi Charger,1764507089,5,Jos,1763020043,5 bulan lalu,PURPLE,True,Anonymous,0,False,False,
Powerbank 20000 Mah Mini With 4 Usb Cable Lighrweight Universal Powerbank Led Display Baterai Pengisi Charger,1763186683,5,Lumayan sesuai hrga,1762948647,5 bulan lalu,BLACK,True,Anonymous,0,False,False,
Powerbank 20000 Mah Mini With 4 Usb Cable Lighrweight Universal Powerbank Led Display Baterai Pengisi Charger,1763110798,5,Pengiriman cepat dan toko ramah,1762946467,5 bulan lalu,BLACK,True,Anonymous,0,False,False,
Powerbank 20000 Mah Mini With 4 Usb Cable Lighrweight Universal Powerbank Led Display Baterai Pengisi Charger,1763110811,5,"Pengiriman dan toko ramah
Barang juga sesuai.",1762946467,5 bulan lalu,PURPLE,True,Anonymous,0,False,False,
Powerbank 20000 Mah Mini With 4 Usb Cable Lighrweight Universal Powerbank Led Display Baterai Pengisi Charger,1762819964,5,"Kejernihan lensa: Bagus
Kualitas pengerjaan: Bagus
barang sudah diterima dengan keadaan baik ..bagus ,semua normal ..next time order lagi.. terimakasih",1762938041,5 bulan lalu,PURPLE,True,Anonymous,0,True,False,
Powerbank 20000 Mah Mini With 4 Usb Cable Lighrweight Universal Powerbank Led Display Baterai Pengisi Charger,1761264458,5,Terimakasih yaa bosKu..,1762855116,5 bulan lalu,BLACK,True,Anonymous,0,True,False,
Powerbank 20000 Mah Mini With 4 Usb Cable Lighrweight Universal Powerbank Led Display Baterai Pengisi Charger,1761068386,5,sesuai dengan gambar&amp;nyala... mudah2an awet,1762848016,5 bulan lalu,PURPLE,True,Anonymous,0,True,False,
Powerbank 20000 Mah Mini With 4 Usb Cable Lighrweight Universal Powerbank Led Display Baterai Pengisi Charger,1760513736,5,"Kualitas pengerjaan: Bagus&#39; banget
Kejernihan lensa: Terang bagus&#39; ok banget
No komen hehe 🤩",1762825466,5 bulan lalu,PURPLE,True,Anonymous,1,True,False,
Powerbank 20000 Mah Mini With 4 Usb Cable Lighrweight Universal Powerbank Led Display Baterai Pengisi Charger,1759774051,5,Semoga awet,1762769989,5 bulan lalu,PURPLE,True,Anonymous,0,False,False,
Powerbank 20000 Mah Mini With 4 Usb Cable Lighrweight Universal Powerbank Led Display Baterai Pengisi Charger,1758894041,5,"blm di coba ,mg aja awet",1762738273,5 bulan lalu,PURPLE,True,Anonymous,0,False,False,Terima kasih telah berbelanja di CHINDO DIGITAL. Bagikan link toko kami https://www.tokopedia.com/chindo-digital kepada teman-teman kamu. Jangan lupa follow toko kami untuk tahu update terbaru tentang stok dan produk yang kami tawarkan.
Powerbank 20000 Mah Mini With 4 Usb Cable Lighrweight Universal Powerbank Led Display Baterai Pengisi Charger,1757899198,5,"barang sesuai deskripsi, ada kendala pada awalnya. tapi seller sangat responsif, komunikatif dan informatif. thank you seller",1762672279,5 bulan lalu,PINK,True,Anonymous,0,True,False,Terima kasih telah berbelanja di CHINDO DIGITAL. Bagikan link toko kami https://www.tokopedia.com/chindo-digital kepada teman-teman kamu. Jangan lupa follow toko kami untuk tahu update terbaru tentang stok dan produk yang kami tawarkan.
Powerbank 20000 Mah Mini With 4 Usb Cable Lighrweight Universal Powerbank Led Display Baterai Pengisi Charger,1757717556,5,Kualitas bagus,1762664945,5 bulan lalu,BLACK,True,Anonymous,0,True,False,
Powerbank 20000 Mah Mini With 4 Usb Cable Lighrweight Universal Powerbank Led Display Baterai Pengisi Charger,1756847073,5,mantap 👍 produk bagus cepat untuk isi batre hp,1762600506,5 bulan lalu,BLACK,True,Anonymous,0,True,False,Terima kasih telah berbelanja di CHINDO DIGITAL. Bagikan link toko kami https://www.tokopedia.com/chindo-digital kepada teman-teman kamu. Jangan lupa follow toko kami untuk tahu update terbaru tentang stok dan produk yang kami tawarkan.
Powerbank 20000 Mah Mini With 4 Usb Cable Lighrweight Universal Powerbank Led Display Baterai Pengisi Charger,1756700849,5,"Barang sampai tanpa cacat. sudah di coba juga, hasilnya bagus👍",1762595270,5 bulan lalu,BLACK,False,Ai,0,True,False,Terima kasih telah berbelanja di CHINDO DIGITAL. Bagikan link toko kami https://www.tokopedia.com/chindo-digital kepada teman-teman kamu. Jangan lupa follow toko kami untuk tahu update terbaru tentang stok dan produk yang kami tawarkan.
Powerbank 20000 Mah Mini With 4 Usb Cable Lighrweight Universal Powerbank Led Display Baterai Pengisi Charger,1756675771,5,"Barang bagus, seller cepat tanggap, belum dicoba kemampuannya bisa ngechargenya segimana, so far sih bagus ya.
Cuman JnT kenapa pengirimannya nyasar terus kalau ke sini ya",1762594293,5 bulan lalu,BLACK,False,Ronny,2,True,True,Terima kasih telah berbelanja di CHINDO DIGITAL. Bagikan link toko kami https://www.tokopedia.com/chindo-digital kepada teman-teman kamu. Jangan lupa follow toko kami untuk tahu update terbaru tentang stok dan produk yang kami tawarkan.
Powerbank 20000 Mah Mini With 4 Usb Cable Lighrweight Universal Powerbank Led Display Baterai Pengisi Charger,1756642520,5,"pelayanan nya 🌟 5 bngtt, adminnya selalu update tentang pesanan kita",1762592965,5 bulan lalu,PINK,True,Anonymous,0,False,False,
Powerbank 20000 Mah Mini With 4 Usb Cable Lighrweight Universal Powerbank Led Display Baterai Pengisi Charger,1756109459,4,Bagus,1762572064,5 bulan lalu,BLACK,True,Anonymous,0,False,False,
Powerbank 20000 Mah Mini With 4 Usb Cable Lighrweight Universal Powerbank Led Display Baterai Pengisi Charger,1756087640,5,Berfungsi dengan baik,1762571207,5 bulan lalu,BLACK,True,Anonymous,0,False,False,
Powerbank 20000 Mah Mini With 4 Usb Cable Lighrweight Universal Powerbank Led Display Baterai Pengisi Charger,1755807879,5,Barang sudah mendarat semoga awet,1762552196,5 bulan lalu,BLACK,True,Anonymous,0,False,False,
Powerbank 20000 Mah Mini With 4 Usb Cable Lighrweight Universal Powerbank Led Display Baterai Pengisi Charger,1755699885,5,"Oke barang nya berfungsi baik, keadaan oke, pengiriman cepat toko amanah dn respon baik
Semoga awet barangnya.",1762531120,5 bulan lalu,BLACK,True,Anonymous,0,True,False,
Powerbank 20000 Mah Mini With 4 Usb Cable Lighrweight Universal Powerbank Led Display Baterai Pengisi Charger,1755362820,2,"Powerbank.nya kenapa gini sih😭baru isi 1% mati sendiri harus di pencet lagi,mau nyampek 100% apa gak capek mencet terus astagaa",1762515499,5 bulan lalu,BLACK,True,Anonymous,0,False,False,
Powerbank 20000 Mah Mini With 4 Usb Cable Lighrweight Universal Powerbank Led Display Baterai Pengisi Charger,1754430992,5,barang sesuai dan ukuran kecil gampang di bawa kemana mana,1762481573,5 bulan lalu,BLACK,True,Anonymous,0,False,False,Terima kasih telah berbelanja di CHINDO DIGITAL. Bagikan link toko kami https://www.tokopedia.com/chindo-digital kepada teman-teman kamu. Jangan lupa follow toko kami untuk tahu update terbaru tentang stok dan produk yang kami tawarkan.
Powerbank 20000 Mah Mini With 4 Usb Cable Lighrweight Universal Powerbank Led Display Baterai Pengisi Charger,1754367156,5,bagus,1762478493,5 bulan lalu,BLACK,True,Anonymous,0,False,False,
Powerbank 20000 Mah Mini With 4 Usb Cable Lighrweight Universal Powerbank Led Display Baterai Pengisi Charger,1754004559,3,Warna tidak sesuai pesanan,1762438158,5 bulan lalu,BLACK,True,Anonymous,0,True,False,
Powerbank 20000 Mah Mini With 4 Usb Cable Lighrweight Universal Powerbank Led Display Baterai Pengisi Charger,1753593762,5,Packing aman banget barang sesuai,1762423732,5 bulan lalu,BLACK,True,Anonymous,0,False,True,
Powerbank 20000 Mah Mini With 4 Usb Cable Lighrweight Universal Powerbank Led Display Baterai Pengisi Charger,1753565063,3,"Sedikit kecewa minta hitam dikirim pink,klo kualitas awet nggaknya blm di coba tapi barang hidup",1762422783,5 bulan lalu,BLACK,True,Anonymous,0,False,False,
Powerbank 20000 Mah Mini With 4 Usb Cable Lighrweight Universal Powerbank Led Display Baterai Pengisi Charger,1753365045,5,Kualitas pengerjaan: Bagus banget dan tahan lama terimakasih,1762415566,5 bulan lalu,BLACK,True,Anonymous,0,False,False,
Powerbank 20000 Mah Mini With 4 Usb Cable Lighrweight Universal Powerbank Led Display Baterai Pengisi Charger,1752845605,5,"packinye bagus,jadi aman",1762397767,5 bulan lalu,BLACK,False,Detal,0,False,False,Terima kasih telah berbelanja di CHINDO DIGITAL. Bagikan link toko kami https://www.tokopedia.com/chindo-digital kepada teman-teman kamu. Jangan lupa follow toko kami untuk tahu update terbaru tentang stok dan produk yang kami tawarkan.
Powerbank 20000 Mah Mini With 4 Usb Cable Lighrweight Universal Powerbank Led Display Baterai Pengisi Charger,1752740517,3,Powerbanknya cuma sebentar GK lama x,1762393419,5 bulan lalu,PINK,True,Anonymous,0,False,False,
Powerbank 20000 Mah Mini With 4 Usb Cable Lighrweight Universal Powerbank Led Display Baterai Pengisi Charger,1752634819,5,Bagus mungil juga warna nya 👍🏼,1762387083,5 bulan lalu,PURPLE,True,Anonymous,0,False,False,
Powerbank 20000 Mah Mini With 4 Usb Cable Lighrweight Universal Powerbank Led Display Baterai Pengisi Charger,1752401542,5,"bagus, sesuai, dan pengiriman cepat",1762358581,5 bulan lalu,PINK,True,Anonymous,0,False,False,
Powerbank 20000 Mah Mini With 4 Usb Cable Lighrweight Universal Powerbank Led Display Baterai Pengisi Charger,1752374117,2,"batrenya gak sampe 20000 mah,batre aku 5000 mah dicas dari 7 sampai 63 udah mau habis",1762356502,5 bulan lalu,BLACK,True,Anonymous,0,False,False,
Powerbank 20000 Mah Mini With 4 Usb Cable Lighrweight Universal Powerbank Led Display Baterai Pengisi Charger,1752045474,5,"Barang sesuai,, kurir juga ramah walau posisi lagih hujan , mantap buat kurir nya the bhest",1762343119,5 bulan lalu,BLACK,True,Anonymous,0,True,False,
Powerbank 20000 Mah Mini With 4 Usb Cable Lighrweight Universal Powerbank Led Display Baterai Pengisi Charger,1752024145,5,"Bagus 
Semoga awet ya",1762342488,5 bulan lalu,BLACK,True,Anonymous,0,False,False,
Powerbank 20000 Mah Mini With 4 Usb Cable Lighrweight Universal Powerbank Led Display Baterai Pengisi Charger,1751902359,5,Produk bagus,1762339019,5 bulan lalu,BLACK,True,Anonymous,0,False,False,
Powerbank 20000 Mah Mini With 4 Usb Cable Lighrweight Universal Powerbank Led Display Baterai Pengisi Charger,1751902346,5,Produk bagus,1762339019,5 bulan lalu,PURPLE,True,Anonymous,0,False,False,
Powerbank 20000 Mah Mini With 4 Usb Cable Lighrweight Universal Powerbank Led Display Baterai Pengisi Charger,1751902354,5,Produk bagus,1762339019,5 bulan lalu,PINK,True,Anonymous,0,False,False,
Powerbank 20000 Mah Mini With 4 Usb Cable Lighrweight Universal Powerbank Led Display Baterai Pengisi Charger,1751852646,5,barang tersegel dan berfungsi dgn baik. respon dan pengiriman cepat. mantap,1762337553,5 bulan lalu,BLACK,False,Torah,0,True,False,Terima kasih telah berbelanja di CHINDO DIGITAL. Bagikan link toko kami https://www.tokopedia.com/chindo-digital kepada teman-teman kamu. Jangan lupa follow toko kami untuk tahu update terbaru tentang stok dan produk yang kami tawarkan.
Powerbank 20000 Mah Mini With 4 Usb Cable Lighrweight Universal Powerbank Led Display Baterai Pengisi Charger,1751738738,5,Kualitas pengerjaan: Bagus real pick mantab.,1762333838,5 bulan lalu,BLACK,True,Anonymous,0,True,False,
Powerbank 20000 Mah Mini With 4 Usb Cable Lighrweight Universal Powerbank Led Display Baterai Pengisi Charger,1751103679,5,"Pengiriman nya cepat, kuri nya juga ramah. Paket mendarat dengan selamat, tanpa ada kecacatan sedikit pun. Packing nya juga rapi. Aman lah pokoknya. Mines nya cuman beda warna. Tapi gak masalah. Semoga barang nya awet",1762311827,5 bulan lalu,PINK,True,Anonymous,0,True,False,
Powerbank 20000 Mah Mini With 4 Usb Cable Lighrweight Universal Powerbank Led Display Baterai Pengisi Charger,1749233501,5,"unit barang bagus
packing bagus banget, aman dan rapih
pengiriman cepar
terima kasih Seller, recommended
terima kasih Pak Kurir
semoga semua selalu sehat dan sukses dalam usahanya
aamiin",1762193079,5 bulan lalu,BLACK,False,Bugi,0,True,False,Terima kasih telah berbelanja di CHINDO DIGITAL. Bagikan link toko kami https://www.tokopedia.com/chindo-digital kepada teman-teman kamu. Jangan lupa follow toko kami untuk tahu update terbaru tentang stok dan produk yang kami tawarkan.
Powerbank 20000 Mah Mini With 4 Usb Cable Lighrweight Universal Powerbank Led Display Baterai Pengisi Charger,1749163074,5,"Kejernihan lensa: Jernih
Kualitas pengerjaan: Mulus
Semoga awet",1762183755,5 bulan lalu,BLACK,True,Anonymous,0,True,False,
Powerbank 20000 Mah Mini With 4 Usb Cable Lighrweight Universal Powerbank Led Display Baterai Pengisi Charger,1748932373,5,BRG SDH tiba dirmh sesuai pesanan wrn htm,1762172642,5 bulan lalu,BLACK,False,Ningsih,0,True,True,Terima kasih telah berbelanja di CHINDO DIGITAL. Bagikan link toko kami https://www.tokopedia.com/chindo-digital kepada teman-teman kamu. Jangan lupa follow toko kami untuk tahu update terbaru tentang stok dan produk yang kami tawarkan.
Powerbank 20000 Mah Mini With 4 Usb Cable Lighrweight Universal Powerbank Led Display Baterai Pengisi Charger,1748873831,3,Okeeee,1762170434,5 bulan lalu,BLACK,True,Anonymous,0,False,False,
Powerbank 20000 Mah Mini With 4 Usb Cable Lighrweight Universal Powerbank Led Display Baterai Pengisi Charger,1747836991,4,berfungsi tapi first impression kaya barang lama soalnya uda ada baret2nya. padahal packaging uda oke banget jadi bukan pada saat transport kurir,1762131231,5 bulan lalu,BLACK,False,rianaldy,0,True,False,Terima kasih telah berbelanja di CHINDO DIGITAL. Bagikan link toko kami https://www.tokopedia.com/chindo-digital kepada teman-teman kamu. Jangan lupa follow toko kami untuk tahu update terbaru tentang stok dan produk yang kami tawarkan.
Powerbank 20000 Mah Mini With 4 Usb Cable Lighrweight Universal Powerbank Led Display Baterai Pengisi Charger,1747218433,5,"Sudah di coba baik barang nya trima kasih kurir sudah langganan
Bagus",1762081255,5 bulan lalu,PURPLE,True,Anonymous,0,True,False,
Powerbank 20000 Mah Mini With 4 Usb Cable Lighrweight Universal Powerbank Led Display Baterai Pengisi Charger,1746317292,4,"Kejernihan lensa: Bagus
Kualitas pengerjaan: Baik
Performa: Sesuai dengan harga wkwk",1762038874,5 bulan lalu,BLACK,True,Anonymous,0,True,True,
Powerbank 20000 Mah Mini With 4 Usb Cable Lighrweight Universal Powerbank Led Display Baterai Pengisi Charger,1745878374,5,Bagus,1761996698,5 bulan lalu,BLACK,True,Anonymous,0,False,False,
Powerbank 20000 Mah Mini With 4 Usb Cable Lighrweight Universal Powerbank Led Display Baterai Pengisi Charger,1745417947,2,"Katanya fast cahrging pas make belom hp blom nambah 1 persen,powerbanknya udah ngurang 50 persen sungguh mengecewakan",1761976907,5 bulan lalu,BLACK,True,Anonymous,0,True,True,
Powerbank 20000 Mah Mini With 4 Usb Cable Lighrweight Universal Powerbank Led Display Baterai Pengisi Charger,1744702337,5,alhamdulillah barang bagus,1761923746,5 bulan lalu,PINK,True,Anonymous,0,False,False,
Powerbank 20000 Mah Mini With 4 Usb Cable Lighrweight Universal Powerbank Led Display Baterai Pengisi Charger,1744635905,5,Berfungsi dengan baik,1761919697,5 bulan lalu,BLACK,True,Anonymous,0,False,False,
Powerbank 20000 Mah Mini With 4 Usb Cable Lighrweight Universal Powerbank Led Display Baterai Pengisi Charger,1744483541,5,"Packaging-nya extra safe, bentuk sama warna pink-nya lucu bangeettt!",1761912589,5 bulan lalu,PINK,False,Yuuchan,0,True,False,Terima kasih telah berbelanja di CHINDO DIGITAL. Bagikan link toko kami https://www.tokopedia.com/chindo-digital kepada teman-teman kamu. Jangan lupa follow toko kami untuk tahu update terbaru tentang stok dan produk yang kami tawarkan.
Powerbank 20000 Mah Mini With 4 Usb Cable Lighrweight Universal Powerbank Led Display Baterai Pengisi Charger,1743903497,5,bagus banget,1761889666,5 bulan lalu,PURPLE,True,Anonymous,0,False,False,
Powerbank 20000 Mah Mini With 4 Usb Cable Lighrweight Universal Powerbank Led Display Baterai Pengisi Charger,1741904725,5,Bagus sesuai iklan,1761782855,5 bulan lalu,PURPLE,True,Anonymous,0,False,False,
Powerbank 20000 Mah Mini With 4 Usb Cable Lighrweight Universal Powerbank Led Display Baterai Pengisi Charger,1740695992,5,mantulllll,1761712795,5 bulan lalu,BLACK,False,ipin,0,False,False,Terima kasih telah berbelanja di CHINDO DIGITAL. Bagikan link toko kami https://www.tokopedia.com/chindo-digital kepada teman-teman kamu. Jangan lupa follow toko kami untuk tahu update terbaru tentang stok dan produk yang kami tawarkan.
Powerbank 20000 Mah Mini With 4 Usb Cable Lighrweight Universal Powerbank Led Display Baterai Pengisi Charger,1740149024,5,alhamdullillah barang sesuai tidak ada kendala...aman dan berfungsi dengan baik...kurirnya juga ramah,1761665899,5 bulan lalu,BLACK,False,Supriyanto,0,True,False,Terima kasih telah berbelanja di CHINDO DIGITAL. Bagikan link toko kami https://www.tokopedia.com/chindo-digital kepada teman-teman kamu. Jangan lupa follow toko kami untuk tahu update terbaru tentang stok dan produk yang kami tawarkan.
Powerbank 20000 Mah Mini With 4 Usb Cable Lighrweight Universal Powerbank Led Display Baterai Pengisi Charger,1740034058,5,👍👍,1761658664,5 bulan lalu,BLACK,True,Anonymous,0,False,False,
Powerbank 20000 Mah Mini With 4 Usb Cable Lighrweight Universal Powerbank Led Display Baterai Pengisi Charger,1739457617,5,Barang mantap berfungsi dgn baik..,1761633756,5 bulan lalu,BLACK,True,Anonymous,0,False,False,
Powerbank 20000 Mah Mini With 4 Usb Cable Lighrweight Universal Powerbank Led Display Baterai Pengisi Charger,1739453529,2,"gak sesuai deskripsi dipakai ngecas 5500 mau, cuma mengisi 60% langsung habis 
gak fast charging juga",1761633566,5 bulan lalu,BLACK,True,Anonymous,0,False,False,
Powerbank 20000 Mah Mini With 4 Usb Cable Lighrweight Universal Powerbank Led Display Baterai Pengisi Charger,1738993761,5,power bank bagus moga awet,1761610127,5 bulan lalu,BLACK,True,Anonymous,0,False,True,Terima kasih telah berbelanja di CHINDO DIGITAL. Bagikan link toko kami https://www.tokopedia.com/chindo-digital kepada teman-teman kamu. Jangan lupa follow toko kami untuk tahu update terbaru tentang stok dan produk yang kami tawarkan.
Powerbank 20000 Mah Mini With 4 Usb Cable Lighrweight Universal Powerbank Led Display Baterai Pengisi Charger,1738912232,1,Yg di pesen power bank yg datang kipas angin mini elektrik sangat kecewa kapok saya beli baeang di toko anda sellernya tidak jujur,1761598699,5 bulan lalu,BLACK,True,Anonymous,1,False,False,
Powerbank 20000 Mah Mini With 4 Usb Cable Lighrweight Universal Powerbank Led Display Baterai Pengisi Charger,1738451188,5,"Kejernihan lensa: Sangat baik
Kualitas pengerjaan: Sangat bagusss",1761560747,5 bulan lalu,PINK,True,Anonymous,0,False,False,
Powerbank 20000 Mah Mini With 4 Usb Cable Lighrweight Universal Powerbank Led Display Baterai Pengisi Charger,1737583014,5,Mantap sesuai pesanan,1761524118,5 bulan lalu,BLACK,True,Anonymous,0,False,False,
Powerbank 20000 Mah Mini With 4 Usb Cable Lighrweight Universal Powerbank Led Display Baterai Pengisi Charger,1737543694,5,Recommended seller.Respon dan proses cepat. Packing aman. Power bank bagus sesuai deskripsi. PB berfungsi dg baik.terimakasih,1761520613,5 bulan lalu,PINK,False,Axel,0,False,False,Terima kasih telah berbelanja di CHINDO DIGITAL. Bagikan link toko kami https://www.tokopedia.com/chindo-digital kepada teman-teman kamu. Jangan lupa follow toko kami untuk tahu update terbaru tentang stok dan produk yang kami tawarkan.
Powerbank 20000 Mah Mini With 4 Usb Cable Lighrweight Universal Powerbank Led Display Baterai Pengisi Charger,1737224626,5,mantap barang benar,1761484085,5 bulan lalu,BLACK,False,Azhamil,0,True,False,Terima kasih telah berbelanja di CHINDO DIGITAL. Bagikan link toko kami https://www.tokopedia.com/chindo-digital kepada teman-teman kamu. Jangan lupa follow toko kami untuk tahu update terbaru tentang stok dan produk yang kami tawarkan.
Powerbank 20000 Mah Mini With 4 Usb Cable Lighrweight Universal Powerbank Led Display Baterai Pengisi Charger,1736984832,5,tampilannya bagus Dan port yang disediakan cukup banyak. mudah2an awet dipakai,1761474363,5 bulan lalu,PURPLE,False,Anindito,4,True,True,Terima kasih telah berbelanja di CHINDO DIGITAL. Bagikan link toko kami https://www.tokopedia.com/chindo-digital kepada teman-teman kamu. Jangan lupa follow toko kami untuk tahu update terbaru tentang stok dan produk yang kami tawarkan.
Powerbank 20000 Mah Mini With 4 Usb Cable Lighrweight Universal Powerbank Led Display Baterai Pengisi Charger,1736840444,5,Masyaallah barang sudah diterima. trimakasih seller dan kurir. Mantap,1761469034,5 bulan lalu,BLACK,True,Anonymous,0,True,False,
Powerbank 20000 Mah Mini With 4 Usb Cable Lighrweight Universal Powerbank Led Display Baterai Pengisi Charger,1736398829,4,"kurang puasnya kenapa colokan utk usb tdk kompactable dengan kabel usb yg ada dlm bok dan  dengan kabel usb yg lain ngak bisa masuk juga,jadi tdk bisa di recharge power banknya",1761449249,5 bulan lalu,BLACK,False,Henry,0,False,False,Terima kasih telah berbelanja di CHINDO DIGITAL. Bagikan link toko kami https://www.tokopedia.com/chindo-digital kepada teman-teman kamu. Jangan lupa follow toko kami untuk tahu update terbaru tentang stok dan produk yang kami tawarkan.
Powerbank 20000 Mah Mini With 4 Usb Cable Lighrweight Universal Powerbank Led Display Baterai Pengisi Charger,1736011270,5,"Baguss bangett, oke banget ada banyak type cas, worth to buy bangettt",1761407195,6 bulan lalu,PURPLE,True,Anonymous,0,True,False,
Powerbank 20000 Mah Mini With 4 Usb Cable Lighrweight Universal Powerbank Led Display Baterai Pengisi Charger,1735895977,5,Kualitas pengerjaan: Bagua,1761398929,6 bulan lalu,BLACK,True,Anonymous,0,False,False,
Powerbank 20000 Mah Mini With 4 Usb Cable Lighrweight Universal Powerbank Led Display Baterai Pengisi Charger,1735309138,5,Barangnya sudah datang.. semoga awet ya.. 🥰😍,1761378809,6 bulan lalu,PURPLE,True,Anonymous,0,False,False,
Powerbank 20000 Mah Mini With 4 Usb Cable Lighrweight Universal Powerbank Led Display Baterai Pengisi Charger,1735277630,4,"Barang sudah diterima,sesuai peasanan
Thx",1761377384,6 bulan lalu,BLACK,True,Anonymous,0,False,False,
Powerbank 20000 Mah Mini With 4 Usb Cable Lighrweight Universal Powerbank Led Display Baterai Pengisi Charger,1734476067,5,bagus,1761315400,6 bulan lalu,BLACK,False,Ziyad,0,False,False,Terima kasih telah berbelanja di CHINDO DIGITAL. Bagikan link toko kami https://www.tokopedia.com/chindo-digital kepada teman-teman kamu. Jangan lupa follow toko kami untuk tahu update terbaru tentang stok dan produk yang kami tawarkan.
Powerbank 20000 Mah Mini With 4 Usb Cable Lighrweight Universal Powerbank Led Display Baterai Pengisi Charger,1734422291,5,Baguss .....,1761312169,6 bulan lalu,BLACK,True,Anonymous,0,False,False,
Powerbank 20000 Mah Mini With 4 Usb Cable Lighrweight Universal Powerbank Led Display Baterai Pengisi Charger,1734336020,5,"Ok 
Ok 
Ok",1761307991,6 bulan lalu,BLACK,True,Anonymous,0,False,False,
Powerbank 20000 Mah Mini With 4 Usb Cable Lighrweight Universal Powerbank Led Display Baterai Pengisi Charger,1734297868,5,Terima kasih barang nya sudah sampai sesuai pesenan,1761306279,6 bulan lalu,BLACK,True,Anonymous,0,True,False,Terima kasih telah berbelanja di CHINDO DIGITAL. Bagikan link toko kami https://www.tokopedia.com/chindo-digital kepada teman-teman kamu. Jangan lupa follow toko kami untuk tahu update terbaru tentang stok dan produk yang kami tawarkan.
Powerbank 20000 Mah Mini With 4 Usb Cable Lighrweight Universal Powerbank Led Display Baterai Pengisi Charger,1734153440,5,"Paket aman, kurir ny ramah",1761301341,6 bulan lalu,BLACK,True,Anonymous,0,False,False,
Powerbank 20000 Mah Mini With 4 Usb Cable Lighrweight Universal Powerbank Led Display Baterai Pengisi Charger,1733908922,1,Baru di pake nge cas setengah udah mati.  Nge cas lama habis nya cepet kecewa berat ta sesuai,1761291150,6 bulan lalu,PURPLE,True,Anonymous,0,True,False,
Powerbank 20000 Mah Mini With 4 Usb Cable Lighrweight Universal Powerbank Led Display Baterai Pengisi Charger,1733298324,5,Bagusss keren mantap,1761260750,6 bulan lalu,BLACK,True,Anonymous,1,True,False,
Powerbank 20000 Mah Mini With 4 Usb Cable Lighrweight Universal Powerbank Led Display Baterai Pengisi Charger,1733132916,5,"Barang sesuai di gambar
Kualitas produk bagus
Semoga awet",1761231298,6 bulan lalu,BLACK,True,Anonymous,0,True,False,
Powerbank 20000 Mah Mini With 4 Usb Cable Lighrweight Universal Powerbank Led Display Baterai Pengisi Charger,1732665095,1,"Tidak sesuai pesanan,jelik lgi🥹gak kuat sama sekali power bank nya, satu hp aja blum penuh power bank nya malah drof total
Performa: Nol sama sekali tidak dapat berfungsi dengan baik",1761209864,6 bulan lalu,BLACK,True,Anonymous,2,True,False,
Powerbank 20000 Mah Mini With 4 Usb Cable Lighrweight Universal Powerbank Led Display Baterai Pengisi Charger,1732470923,5,PUAS. 40 Power Bank diterima dengan baik. CS baik juga. ada dikit dos penyok sedang di review. Mau order lagi.,1761201385,6 bulan lalu,PURPLE,False,SanGun,0,False,False,Terima kasih telah berbelanja di CHINDO DIGITAL. Bagikan link toko kami https://www.tokopedia.com/chindo-digital kepada teman-teman kamu. Jangan lupa follow toko kami untuk tahu update terbaru tentang stok dan produk yang kami tawarkan.
Powerbank 20000 Mah Mini With 4 Usb Cable Lighrweight Universal Powerbank Led Display Baterai Pengisi Charger,1732413736,4,bisa digunakan semoga tahan lama,1761199092,6 bulan lalu,BLACK,True,Anonymous,0,True,False,
Powerbank 20000 Mah Mini With 4 Usb Cable Lighrweight Universal Powerbank Led Display Baterai Pengisi Charger,1732328143,3,Baterai nya cpet habis,1761195538,6 bulan lalu,BLACK,True,Anonymous,0,False,False,
Powerbank 20000 Mah Mini With 4 Usb Cable Lighrweight Universal Powerbank Led Display Baterai Pengisi Charger,1732177668,5,"Bagus
Kejernihan lensa: Jernih
Kualitas pengerjaan: Sangat bagus
Performa: Bagus",1761189550,6 bulan lalu,BLACK,True,Anonymous,0,False,False,
Powerbank 20000 Mah Mini With 4 Usb Cable Lighrweight Universal Powerbank Led Display Baterai Pengisi Charger,1731908491,3,Pengisian cuman 1x itu juga gk full ke batre,1761171098,6 bulan lalu,BLACK,True,Anonymous,0,False,False,
Powerbank 20000 Mah Mini With 4 Usb Cable Lighrweight Universal Powerbank Led Display Baterai Pengisi Charger,1731321055,5,"Bagus
Kejernihan lensa: Bagus",1761128156,6 bulan lalu,BLACK,True,Anonymous,0,False,False,
Powerbank 20000 Mah Mini With 4 Usb Cable Lighrweight Universal Powerbank Led Display Baterai Pengisi Charger,1731208220,5,Alhamdulillah barangnya datang cepat dan tepat waktu terimakasih kurir dan Tokopedia semoga tokonya makin sukses,1761124145,6 bulan lalu,PURPLE,True,Anonymous,1,True,False,
Powerbank 20000 Mah Mini With 4 Usb Cable Lighrweight Universal Powerbank Led Display Baterai Pengisi Charger,1731032893,5,Bagus banget batre awet sama cepet banget ngecas nya,1761116740,6 bulan lalu,BLACK,True,Anonymous,0,False,False,
Powerbank 20000 Mah Mini With 4 Usb Cable Lighrweight Universal Powerbank Led Display Baterai Pengisi Charger,1730843071,4,"Kualitas pengerjaan: bagus kok pas sampe ada sisa batre di pb nya sekitar 75 dan pas fi coba alhamdulilah barang berfungsi normal, semoga aja awet. aminn",1761108844,6 bulan lalu,BLACK,True,Anonymous,0,False,True,
Powerbank 20000 Mah Mini With 4 Usb Cable Lighrweight Universal Powerbank Led Display Baterai Pengisi Charger,1730381542,4,"Kondisi baik, tidak ada cacat, berfungsi dengan baik",1761066837,6 bulan lalu,BLACK,True,Anonymous,0,False,True,
Powerbank 20000 Mah Mini With 4 Usb Cable Lighrweight Universal Powerbank Led Display Baterai Pengisi Charger,1730357532,5,Barang nya realpict sesuai dan keren,1761064796,6 bulan lalu,BLACK,True,Anonymous,0,False,False,
Powerbank 20000 Mah Mini With 4 Usb Cable Lighrweight Universal Powerbank Led Display Baterai Pengisi Charger,1729744341,5,Barang sudah ke terima dengan baik,1761033321,6 bulan lalu,PURPLE,True,Anonymous,0,False,True,
Powerbank 20000 Mah Mini With 4 Usb Cable Lighrweight Universal Powerbank Led Display Baterai Pengisi Charger,1729145579,5,Performa: Sangat bagus,1760999573,6 bulan lalu,BLACK,True,Anonymous,0,False,False,
Powerbank 20000 Mah Mini With 4 Usb Cable Lighrweight Universal Powerbank Led Display Baterai Pengisi Charger,1728847614,5,Keren,1760966258,6 bulan lalu,PINK,True,Anonymous,0,False,False,
Powerbank 20000 Mah Mini With 4 Usb Cable Lighrweight Universal Powerbank Led Display Baterai Pengisi Charger,1728833714,5,🥰,1760965506,6 bulan lalu,PURPLE,True,Anonymous,0,False,False,
Powerbank 20000 Mah Mini With 4 Usb Cable Lighrweight Universal Powerbank Led Display Baterai Pengisi Charger,1728351825,5,"Packing aman, isi utuh, sesuai pesanan, berfungsi.",1760946659,6 bulan lalu,PURPLE,True,Anonymous,0,True,False,Terima kasih telah berbelanja di CHINDO DIGITAL. Bagikan link toko kami https://www.tokopedia.com/chindo-digital kepada teman-teman kamu. Jangan lupa follow toko kami untuk tahu update terbaru tentang stok dan produk yang kami tawarkan.
Powerbank 20000 Mah Mini With 4 Usb Cable Lighrweight Universal Powerbank Led Display Baterai Pengisi Charger,1727882129,5,Kejernihan lensa: Bagus,1760927146,6 bulan lalu,BLACK,True,Anonymous,0,False,False,
Powerbank 20000 Mah Mini With 4 Usb Cable Lighrweight Universal Powerbank Led Display Baterai Pengisi Charger,1727368706,5,"Mantaps mendarat dengan mulus, semoga berpungsi dengan baik",1760876212,6 bulan lalu,PURPLE,True,Anonymous,0,False,False,
Powerbank 20000 Mah Mini With 4 Usb Cable Lighrweight Universal Powerbank Led Display Baterai Pengisi Charger,1727311522,5,Good,1760873564,6 bulan lalu,PURPLE,True,Anonymous,0,True,False,
Powerbank 20000 Mah Mini With 4 Usb Cable Lighrweight Universal Powerbank Led Display Baterai Pengisi Charger,1726640590,5,"Pliss nyesel banget beli 1, kapan&#34; aku mau beli lagi soalnya ini butuh bangetttt😌",1760842528,6 bulan lalu,BLACK,True,Anonymous,0,False,False,
Powerbank 20000 Mah Mini With 4 Usb Cable Lighrweight Universal Powerbank Led Display Baterai Pengisi Charger,1726422536,5,Performa: Semoga fast charging,1760819662,6 bulan lalu,BLACK,True,Anonymous,0,True,False,
Powerbank 20000 Mah Mini With 4 Usb Cable Lighrweight Universal Powerbank Led Display Baterai Pengisi Charger,1726258969,5,Bagus,1760795885,6 bulan lalu,BLACK,True,Anonymous,0,False,False,
Powerbank 20000 Mah Mini With 4 Usb Cable Lighrweight Universal Powerbank Led Display Baterai Pengisi Charger,1726059111,5,Lucu dan recommend,1760785970,6 bulan lalu,PINK,True,Anonymous,0,False,False,
Powerbank 20000 Mah Mini With 4 Usb Cable Lighrweight Universal Powerbank Led Display Baterai Pengisi Charger,1725711079,5,"Alhamdulillah paket nya udah nyampek kualitas nya gak maen maen,wajip kalian beli karna ini senang kalian bawak ukuran nya juga mini senang di bawa kemana mana",1760770043,6 bulan lalu,BLACK,True,Anonymous,0,False,True,
Powerbank 20000 Mah Mini With 4 Usb Cable Lighrweight Universal Powerbank Led Display Baterai Pengisi Charger,1724536666,5,sesuai pesanan terimakasih semoga awet sukses slalu buat tokonya dan bang kurir,1760688385,6 bulan lalu,BLACK,True,Anonymous,0,True,False,
Powerbank 20000 Mah Mini With 4 Usb Cable Lighrweight Universal Powerbank Led Display Baterai Pengisi Charger,1724508586,2,Buat cas 1hp langsung habis gak sampai penuh,1760687034,6 bulan lalu,BLACK,True,Anonymous,0,False,False,
Powerbank 20000 Mah Mini With 4 Usb Cable Lighrweight Universal Powerbank Led Display Baterai Pengisi Charger,1724374581,5,Berfungsi dg baikk makasihh,1760680789,6 bulan lalu,BLACK,True,Anonymous,0,False,False,
Powerbank 20000 Mah Mini With 4 Usb Cable Lighrweight Universal Powerbank Led Display Baterai Pengisi Charger,1724216035,5,.,1760673999,6 bulan lalu,BLACK,True,Anonymous,0,False,False,
Powerbank 20000 Mah Mini With 4 Usb Cable Lighrweight Universal Powerbank Led Display Baterai Pengisi Charger,1723517328,5,"barang nya bagus,packaging bagus,dan kuat,inti nya barang sampai dengan baik🙏",1760616686,6 bulan lalu,BLACK,True,Anonymous,0,False,True,
Powerbank 20000 Mah Mini With 4 Usb Cable Lighrweight Universal Powerbank Led Display Baterai Pengisi Charger,1723487655,5,Sdh smpe smga awet,1760615462,6 bulan lalu,PURPLE,True,Anonymous,0,False,False,
Powerbank 20000 Mah Mini With 4 Usb Cable Lighrweight Universal Powerbank Led Display Baterai Pengisi Charger,1723441317,4,"Bagus ,lumayan awet jg",1760613603,6 bulan lalu,BLACK,True,Anonymous,0,True,False,
Powerbank 20000 Mah Mini With 4 Usb Cable Lighrweight Universal Powerbank Led Display Baterai Pengisi Charger,1722010035,5,"Bagus sih, tapi kok ringan ya, trus nyalain senternya gimana min?",1760527090,6 bulan lalu,BLACK,True,Anonymous,0,False,False,
Powerbank 20000 Mah Mini With 4 Usb Cable Lighrweight Universal Powerbank Led Display Baterai Pengisi Charger,1721919488,3,"Performance: Agak drop, baru dipakai charge tdk lama lsg drop ke 50-25%",1760524064,6 bulan lalu,BLACK,True,Anonymous,0,False,False,
Powerbank 20000 Mah Mini With 4 Usb Cable Lighrweight Universal Powerbank Led Display Baterai Pengisi Charger,1720896818,5,Bagus banger semoga weet😙❤️,1760457592,6 bulan lalu,BLACK,True,Anonymous,1,True,False,
Powerbank 20000 Mah Mini With 4 Usb Cable Lighrweight Universal Powerbank Led Display Baterai Pengisi Charger,1720437256,5,barangnya bagus,1760435172,6 bulan lalu,BLACK,False,Omar,0,False,False,Terima kasih telah berbelanja di CHINDO DIGITAL. Bagikan link toko kami https://www.tokopedia.com/chindo-digital kepada teman-teman kamu. Jangan lupa follow toko kami untuk tahu update terbaru tentang stok dan produk yang kami tawarkan.
Powerbank 20000 Mah Mini With 4 Usb Cable Lighrweight Universal Powerbank Led Display Baterai Pengisi Charger,1720183783,4,barang diterima lengkap,1760422960,6 bulan lalu,BLACK,False,Heri,0,False,False,Terima kasih telah berbelanja di CHINDO DIGITAL. Bagikan link toko kami https://www.tokopedia.com/chindo-digital kepada teman-teman kamu. Jangan lupa follow toko kami untuk tahu update terbaru tentang stok dan produk yang kami tawarkan.
Powerbank 20000 Mah Mini With 4 Usb Cable Lighrweight Universal Powerbank Led Display Baterai Pengisi Charger,1720103078,5,Mntap co,1760419117,6 bulan lalu,PURPLE,True,Anonymous,0,False,False,
Powerbank 20000 Mah Mini With 4 Usb Cable Lighrweight Universal Powerbank Led Display Baterai Pengisi Charger,1720047198,5,Bagus sesuai,1760416634,6 bulan lalu,PINK,True,Anonymous,0,False,False,
Powerbank 20000 Mah Mini With 4 Usb Cable Lighrweight Universal Powerbank Led Display Baterai Pengisi Charger,1719249762,5,Barang yh rellpict sesuai pesanan tapi blm di coba lagi di cass dulu nanti di riview lagi,1760353258,6 bulan lalu,BLACK,True,Anonymous,0,False,False,
Powerbank 20000 Mah Mini With 4 Usb Cable Lighrweight Universal Powerbank Led Display Baterai Pengisi Charger,1717870045,5,Mantap bener power bank nya,1760271055,6 bulan lalu,BLACK,True,Anonymous,0,True,False,
Powerbank 20000 Mah Mini With 4 Usb Cable Lighrweight Universal Powerbank Led Display Baterai Pengisi Charger,1717606672,5,"Bagus, semoga awet ya",1760260899,6 bulan lalu,BLACK,True,Anonymous,0,False,False,
Powerbank 20000 Mah Mini With 4 Usb Cable Lighrweight Universal Powerbank Led Display Baterai Pengisi Charger,1716705062,5,oke,1760205644,6 bulan lalu,BLACK,False,JOKO,0,False,False,Terima kasih telah berbelanja di CHINDO DIGITAL. Bagikan link toko kami https://www.tokopedia.com/chindo-digital kepada teman-teman kamu. Jangan lupa follow toko kami untuk tahu update terbaru tentang stok dan produk yang kami tawarkan.
Powerbank 20000 Mah Mini With 4 Usb Cable Lighrweight Universal Powerbank Led Display Baterai Pengisi Charger,1716526500,4,"Mudah2an bagus alatnya, baru dicoba",1760189781,6 bulan lalu,BLACK,True,Anonymous,0,False,False,
Powerbank 20000 Mah Mini With 4 Usb Cable Lighrweight Universal Powerbank Led Display Baterai Pengisi Charger,1716465617,5,"kalau kalian cari yg urgent, gercep. toko ini super bisa diandalkan Wooii🥹🤏🏻",1760186719,6 bulan lalu,BLACK,True,Anonymous,0,False,False,
Powerbank 20000 Mah Mini With 4 Usb Cable Lighrweight Universal Powerbank Led Display Baterai Pengisi Charger,1715017858,5,"Bagus 
Terimakasih dapet bonus speaker",1760101853,6 bulan lalu,BLACK,True,Anonymous,0,False,False,
Powerbank 20000 Mah Mini With 4 Usb Cable Lighrweight Universal Powerbank Led Display Baterai Pengisi Charger,1714044010,5,Kejernihan lensa: Bagus awet tahan lama mantap lah,1760062900,6 bulan lalu,BLACK,True,Anonymous,0,False,False,
Powerbank 20000 Mah Mini With 4 Usb Cable Lighrweight Universal Powerbank Led Display Baterai Pengisi Charger,1713381227,4,Barang sudah sampai dan diterima dengan baik,1760009410,6 bulan lalu,BLACK,True,Anonymous,0,True,True,
Powerbank 20000 Mah Mini With 4 Usb Cable Lighrweight Universal Powerbank Led Display Baterai Pengisi Charger,1711084709,4,"Bagus fast charging, tp kyknya kurang akurat kapasitasnya, buat iphone 1x ngecharge kondisi kapasitas 100% lsg abis, batre hp blm full, tp packaging bagus &amp; aman",1759895381,6 bulan lalu,BLACK,False,Andrezurri,0,False,False,Terima kasih telah berbelanja di CHINDO DIGITAL. Bagikan link toko kami https://www.tokopedia.com/chindo-digital kepada teman-teman kamu. Jangan lupa follow toko kami untuk tahu update terbaru tentang stok dan produk yang kami tawarkan.
Powerbank 20000 Mah Mini With 4 Usb Cable Lighrweight Universal Powerbank Led Display Baterai Pengisi Charger,1710730348,5,"PB nya udah sampai dalam keadaan baik,sudah q cas,semoga kondisinya bisa di pakai dgn normal",1759868242,6 bulan lalu,PURPLE,True,Anonymous,0,False,False,
Powerbank 20000 Mah Mini With 4 Usb Cable Lighrweight Universal Powerbank Led Display Baterai Pengisi Charger,1710581943,5,"proses dan pengiriman cepat, sementat berfungsi dengan baik, tinggal keawetannya bertahan berapa lama",1759847594,6 bulan lalu,BLACK,True,Anonymous,1,True,False,Terima kasih telah berbelanja di CHINDO DIGITAL. Bagikan link toko kami https://www.tokopedia.com/chindo-digital kepada teman-teman kamu. Jangan lupa follow toko kami untuk tahu update terbaru tentang stok dan produk yang kami tawarkan.
Powerbank 20000 Mah Mini With 4 Usb Cable Lighrweight Universal Powerbank Led Display Baterai Pengisi Charger,1709809428,4,Bentuk sesuai gambar,1759817257,6 bulan lalu,BLACK,True,Anonymous,0,False,False,
Powerbank 20000 Mah Mini With 4 Usb Cable Lighrweight Universal Powerbank Led Display Baterai Pengisi Charger,1707757484,5,"Sempet ada kendala diawal tp untung sellernya gercep bales chat akuu, dan teratasi dengan baik, pokoknya best deh buat toko inii",1759675503,6 bulan lalu,PURPLE,True,Anonymous,0,True,False,
Powerbank 20000 Mah Mini With 4 Usb Cable Lighrweight Universal Powerbank Led Display Baterai Pengisi Charger,1706340602,5,"mantap, seller fast respon, barang berfungsi dengan baik",1759587814,6 bulan lalu,PINK,True,Anonymous,0,True,False,Terima kasih telah berbelanja di CHINDO DIGITAL. Bagikan link toko kami https://www.tokopedia.com/chindo-digital kepada teman-teman kamu. Jangan lupa follow toko kami untuk tahu update terbaru tentang stok dan produk yang kami tawarkan.
Powerbank 20000 Mah Mini With 4 Usb Cable Lighrweight Universal Powerbank Led Display Baterai Pengisi Charger,1703784819,1,Saya pesannya power bank tp kenapa yg dtg malah kipas,1759457148,6 bulan lalu,PINK,True,Anonymous,0,True,False,
Powerbank 20000 Mah Mini With 4 Usb Cable Lighrweight Universal Powerbank Led Display Baterai Pengisi Charger,1703488026,5,Pelayanan baik ramah barang sesuai deskripsi pengiriman cepat sampai.,1759426714,6 bulan lalu,BLACK,False,Supendi,0,True,False,Terima kasih telah berbelanja di CHINDO DIGITAL. Bagikan link toko kami https://www.tokopedia.com/chindo-digital kepada teman-teman kamu. Jangan lupa follow toko kami untuk tahu update terbaru tentang stok dan produk yang kami tawarkan.
Powerbank 20000 Mah Mini With 4 Usb Cable Lighrweight Universal Powerbank Led Display Baterai Pengisi Charger,1703246283,5,semoga awet,1759410321,6 bulan lalu,BLACK,True,Anonymous,0,False,False,
Powerbank 20000 Mah Mini With 4 Usb Cable Lighrweight Universal Powerbank Led Display Baterai Pengisi Charger,1703220446,5,"semuanya dalam keadaan bagus,segel,barang berfungsi dengan baik,,maaf ga unboxing di buka sama anak,,terima kasih toped,kurir,toko puas,puas,puas,terima kasih sudah memberikan pelayanan terbaik,,👍👍👍",1759409276,6 bulan lalu,BLACK,False,kori,0,False,False,Terima kasih telah berbelanja di CHINDO DIGITAL. Bagikan link toko kami https://www.tokopedia.com/chindo-digital kepada teman-teman kamu. Jangan lupa follow toko kami untuk tahu update terbaru tentang stok dan produk yang kami tawarkan.
Powerbank 20000 Mah Mini With 4 Usb Cable Lighrweight Universal Powerbank Led Display Baterai Pengisi Charger,1702807422,5,"Kejernihan lensa: Jernih
Kualitas pengerjaan: Bagus
MasyaAllah bgs bgt sesuai wrna ungu yg d pesan terimakasih seller dan kurir ny amanah sekali tidak ad yg rusak pengiriman cpt Semoga awet",1759394908,6 bulan lalu,PURPLE,True,Anonymous,0,True,True,
Powerbank 20000 Mah Mini With 4 Usb Cable Lighrweight Universal Powerbank Led Display Baterai Pengisi Charger,1702355360,5,Kualitas pengerjaan: Oke,1759377850,6 bulan lalu,BLACK,True,Anonymous,0,True,False,
Powerbank 20000 Mah Mini With 4 Usb Cable Lighrweight Universal Powerbank Led Display Baterai Pengisi Charger,1702141297,5,"Bagus bgt sesuai pesanan👍👍👍👍🥰
Pengemasan sangat bagus.",1759368684,6 bulan lalu,PURPLE,True,Anonymous,0,True,False,
Powerbank 20000 Mah Mini With 4 Usb Cable Lighrweight Universal Powerbank Led Display Baterai Pengisi Charger,1700915021,5,Kualitas pengerjaan: Biar bintang yang berbicara,1759295233,6 bulan lalu,BLACK,True,Anonymous,0,False,False,
Powerbank 20000 Mah Mini With 4 Usb Cable Lighrweight Universal Powerbank Led Display Baterai Pengisi Charger,1700203206,5,Sesuai yg di inginkan,1759238263,6 bulan lalu,BLACK,False,Arfan,0,False,False,Terima kasih telah berbelanja di CHINDO DIGITAL. Bagikan link toko kami https://www.tokopedia.com/chindo-digital kepada teman-teman kamu. Jangan lupa follow toko kami untuk tahu update terbaru tentang stok dan produk yang kami tawarkan.
Powerbank 20000 Mah Mini With 4 Usb Cable Lighrweight Universal Powerbank Led Display Baterai Pengisi Charger,1699917664,5,"Mantap sesuai 
Blom d coba mau tak coba",1759226283,6 bulan lalu,BLACK,True,Anonymous,0,True,False,
Powerbank 20000 Mah Mini With 4 Usb Cable Lighrweight Universal Powerbank Led Display Baterai Pengisi Charger,1699060780,5,Sesuai yg d pesan...menyala bos kyu...packing rapi &amp; aman,1759160531,6 bulan lalu,BLACK,True,Anonymous,0,True,True,
Powerbank 20000 Mah Mini With 4 Usb Cable Lighrweight Universal Powerbank Led Display Baterai Pengisi Charger,1696264124,5,"sesuai dngn pesanan, packing aman",1758981011,6 bulan lalu,BLACK,False,Baihaki,0,False,False,Terima kasih telah berbelanja di CHINDO DIGITAL. Bagikan link toko kami https://www.tokopedia.com/chindo-digital kepada teman-teman kamu. Jangan lupa follow toko kami untuk tahu update terbaru tentang stok dan produk yang kami tawarkan.
Powerbank 20000 Mah Mini With 4 Usb Cable Lighrweight Universal Powerbank Led Display Baterai Pengisi Charger,1696044282,5,"Barang sesuai real pic, untuk kwalitas semoga awet dan sesuai iklan 20.000 mah 👍",1758970716,6 bulan lalu,PURPLE,True,Anonymous,0,True,False,
Powerbank 20000 Mah Mini With 4 Usb Cable Lighrweight Universal Powerbank Led Display Baterai Pengisi Charger,1695961296,5,barangnya sudah sampai dengan selamat 👍,1758967399,6 bulan lalu,BLACK,True,Anonymous,0,False,False,Terima kasih telah berbelanja di CHINDO DIGITAL. Bagikan link toko kami https://www.tokopedia.com/chindo-digital kepada teman-teman kamu. Jangan lupa follow toko kami untuk tahu update terbaru tentang stok dan produk yang kami tawarkan.
Powerbank 20000 Mah Mini With 4 Usb Cable Lighrweight Universal Powerbank Led Display Baterai Pengisi Charger,1695504782,5,Bagus,1758947817,6 bulan lalu,PURPLE,True,Anonymous,0,False,False,
Powerbank 20000 Mah Mini With 4 Usb Cable Lighrweight Universal Powerbank Led Display Baterai Pengisi Charger,1694506916,5,Bagus,1758877175,6 bulan lalu,BLACK,True,Anonymous,0,False,False,
Powerbank 20000 Mah Mini With 4 Usb Cable Lighrweight Universal Powerbank Led Display Baterai Pengisi Charger,1694331704,4,Mdh2an awet,1758869280,6 bulan lalu,PINK,True,Anonymous,0,False,False,
Powerbank 20000 Mah Mini With 4 Usb Cable Lighrweight Universal Powerbank Led Display Baterai Pengisi Charger,1694046085,5,"Sudah sampai
Power hidup
Semoga berkualitas dan tahan lama",1758857750,6 bulan lalu,BLACK,True,Anonymous,1,True,True,
Powerbank 20000 Mah Mini With 4 Usb Cable Lighrweight Universal Powerbank Led Display Baterai Pengisi Charger,1693657618,1,"Prodak tidak bisa di cas , dan tidak bisa menyalurkan arus ke Handpone sudah di coba pakai kabel pada powerbank atau pun pakai kabel sambung baterai bukanya nambah malah kurang trima kasih saya bicara dgn fakta 🙏🙏🙏",1758820926,7 bulan lalu,BLACK,True,Anonymous,0,False,False,
Powerbank 20000 Mah Mini With 4 Usb Cable Lighrweight Universal Powerbank Led Display Baterai Pengisi Charger,1693507725,5,"Barang sudah di test, ok punya 
Murah 
Sepadan dengan harga
Klo mati buat lempar maling kontrakan",1758808566,7 bulan lalu,PINK,False,fendy,0,True,False,Terima kasih telah berbelanja di CHINDO DIGITAL. Bagikan link toko kami https://www.tokopedia.com/chindo-digital kepada teman-teman kamu. Jangan lupa follow toko kami untuk tahu update terbaru tentang stok dan produk yang kami tawarkan.
Powerbank 20000 Mah Mini With 4 Usb Cable Lighrweight Universal Powerbank Led Display Baterai Pengisi Charger,1692089708,5,"Pesanan sudah sampai barang realpict, pengemasan ok tokonya amanah pengiriman standar, mudah&#34;n awet",1758723142,7 bulan lalu,BLACK,True,Anonymous,0,True,True,
Powerbank 20000 Mah Mini With 4 Usb Cable Lighrweight Universal Powerbank Led Display Baterai Pengisi Charger,1691900614,5,"Terima kasih
paket sdh sampai...
kondisi baik, packing apik, pengiriman cepat",1758714674,7 bulan lalu,PINK,False,Artha,0,True,False,Terima kasih telah berbelanja di CHINDO DIGITAL. Bagikan link toko kami https://www.tokopedia.com/chindo-digital kepada teman-teman kamu. Jangan lupa follow toko kami untuk tahu update terbaru tentang stok dan produk yang kami tawarkan.
Powerbank 20000 Mah Mini With 4 Usb Cable Lighrweight Universal Powerbank Led Display Baterai Pengisi Charger,1690613491,1,Tidak maksimal kapasitas daya kecewa,1758636649,7 bulan lalu,BLACK,True,Anonymous,0,False,False,
Powerbank 20000 Mah Mini With 4 Usb Cable Lighrweight Universal Powerbank Led Display Baterai Pengisi Charger,1690180661,1,Barang mati ga bisa di pakai ko di jual dasar penipu,1758617781,7 bulan lalu,BLACK,True,Anonymous,1,True,False,
Powerbank 20000 Mah Mini With 4 Usb Cable Lighrweight Universal Powerbank Led Display Baterai Pengisi Charger,1689796140,5,"Bagus banget, terimakasih",1758599775,7 bulan lalu,BLACK,True,Anonymous,0,False,False,
Powerbank 20000 Mah Mini With 4 Usb Cable Lighrweight Universal Powerbank Led Display Baterai Pengisi Charger,1688693887,5,"Kualitas pengerjaan: Bagus sekali cara bungkus barang nya.barang jd aman.
👍👍👍",1758520088,7 bulan lalu,BLACK,True,Anonymous,0,True,False,
Powerbank 20000 Mah Mini With 4 Usb Cable Lighrweight Universal Powerbank Led Display Baterai Pengisi Charger,1687805212,5,Performa: Cept hbis,1758453694,7 bulan lalu,BLACK,True,Anonymous,0,False,False,
Powerbank 20000 Mah Mini With 4 Usb Cable Lighrweight Universal Powerbank Led Display Baterai Pengisi Charger,1687606269,5,"Barang sampai dengan aman, diberi buble wrap yang tebal jadi tidak penyok. Semoga awet.",1758445414,7 bulan lalu,BLACK,True,Anonymous,0,True,False,
Powerbank 20000 Mah Mini With 4 Usb Cable Lighrweight Universal Powerbank Led Display Baterai Pengisi Charger,1687603343,5,"Kemasan aman &amp; baik .
Sesuai dgn pesanan: Hitam.
Bahan &amp; rancangannya bagus.",1758445281,7 bulan lalu,BLACK,True,Anonymous,0,True,False,Terima kasih telah berbelanja di CHINDO DIGITAL. Bagikan link toko kami https://www.tokopedia.com/chindo-digital kepada teman-teman kamu. Jangan lupa follow toko kami untuk tahu update terbaru tentang stok dan produk yang kami tawarkan.
Powerbank 20000 Mah Mini With 4 Usb Cable Lighrweight Universal Powerbank Led Display Baterai Pengisi Charger,1687067766,4,Barang bagus udah sampai dg selamat. Moga awet...,1758420523,7 bulan lalu,PURPLE,True,Anonymous,0,False,False,
Powerbank 20000 Mah Mini With 4 Usb Cable Lighrweight Universal Powerbank Led Display Baterai Pengisi Charger,1685457056,4,Pesanan sesuai dengan yang pesan dan barang bagus,1758299409,7 bulan lalu,PURPLE,True,Anonymous,0,False,False,
Powerbank 20000 Mah Mini With 4 Usb Cable Lighrweight Universal Powerbank Led Display Baterai Pengisi Charger,1685182930,5,Berfungsi dengan baik cakep👍,1758283065,7 bulan lalu,PINK,True,Anonymous,0,True,False,
Powerbank 20000 Mah Mini With 4 Usb Cable Lighrweight Universal Powerbank Led Display Baterai Pengisi Charger,1685074646,5,bagusssss packing juga aman👍🥰,1758279057,7 bulan lalu,PINK,True,Anonymous,0,False,False,
Powerbank 20000 Mah Mini With 4 Usb Cable Lighrweight Universal Powerbank Led Display Baterai Pengisi Charger,1684364876,5,Blm coba,1758254095,7 bulan lalu,BLACK,True,Anonymous,0,False,False,
Powerbank 20000 Mah Mini With 4 Usb Cable Lighrweight Universal Powerbank Led Display Baterai Pengisi Charger,1683783618,5,desainnya bagus,1758207670,7 bulan lalu,BLACK,True,Anonymous,0,True,False,Terima kasih telah berbelanja di CHINDO DIGITAL. Bagikan link toko kami https://www.tokopedia.com/chindo-digital kepada teman-teman kamu. Jangan lupa follow toko kami untuk tahu update terbaru tentang stok dan produk yang kami tawarkan.
Powerbank 20000 Mah Mini With 4 Usb Cable Lighrweight Universal Powerbank Led Display Baterai Pengisi Charger,1682102180,5,bagus bgt siii aku udah coba td,1758117997,7 bulan lalu,PINK,True,Anonymous,0,True,False,
Powerbank 20000 Mah Mini With 4 Usb Cable Lighrweight Universal Powerbank Led Display Baterai Pengisi Charger,1680462674,5,"Bagus, saya suka warna dan modelnya...pengiriman cepat dan berfungsi dengan baik.",1758031420,7 bulan lalu,PINK,True,Anonymous,0,False,False,
Powerbank 20000 Mah Mini With 4 Usb Cable Lighrweight Universal Powerbank Led Display Baterai Pengisi Charger,1678550465,5,Bagus,1757922967,7 bulan lalu,PINK,True,Anonymous,0,False,False,
Powerbank 20000 Mah Mini With 4 Usb Cable Lighrweight Universal Powerbank Led Display Baterai Pengisi Charger,1678492301,5,Mantap,1757920608,7 bulan lalu,BLACK,True,Anonymous,0,False,False,
Powerbank 20000 Mah Mini With 4 Usb Cable Lighrweight Universal Powerbank Led Display Baterai Pengisi Charger,1678485166,5,"Power bank nya bagus,,baru nyampe...blm dicoba,semoga awet",1757920310,7 bulan lalu,BLACK,True,Anonymous,0,True,False,
Powerbank 20000 Mah Mini With 4 Usb Cable Lighrweight Universal Powerbank Led Display Baterai Pengisi Charger,1678457165,1,"katanya 20k mah eh pake ngcas sekali aja langsung abis, padahal hp gw xr bukan hp yang batrai nya gede kecewa bngt sumpah",1757919142,7 bulan lalu,BLACK,True,Anonymous,0,True,False,
Powerbank 20000 Mah Mini With 4 Usb Cable Lighrweight Universal Powerbank Led Display Baterai Pengisi Charger,1677401424,4,Kurang puass dengan packingannya,1757850672,7 bulan lalu,BLACK,True,Anonymous,0,False,False,
Powerbank 20000 Mah Mini With 4 Usb Cable Lighrweight Universal Powerbank Led Display Baterai Pengisi Charger,1674571727,5,Brg bgs sesuai gmbr,1757687397,7 bulan lalu,PURPLE,True,Anonymous,0,False,False,
Powerbank 20000 Mah Mini With 4 Usb Cable Lighrweight Universal Powerbank Led Display Baterai Pengisi Charger,1674125629,3,"Wkwkw kualitas nya kurang ngisi samsung dri 1 persen cuma sampe 75 persen doang , pb nya dri full di cas ulang di rumah",1757670817,7 bulan lalu,BLACK,True,Anonymous,0,False,False,
Powerbank 20000 Mah Mini With 4 Usb Cable Lighrweight Universal Powerbank Led Display Baterai Pengisi Charger,1673894640,5,sangattttt bagusssss dan cepatttt,1757662292,7 bulan lalu,PINK,True,Anonymous,0,False,False,
Powerbank 20000 Mah Mini With 4 Usb Cable Lighrweight Universal Powerbank Led Display Baterai Pengisi Charger,1673807583,5,powerbank berfungsi dengan baik,1757658793,7 bulan lalu,BLACK,False,Danny,0,False,False,Terima kasih telah berbelanja di CHINDO DIGITAL. Bagikan link toko kami https://www.tokopedia.com/chindo-digital kepada teman-teman kamu. Jangan lupa follow toko kami untuk tahu update terbaru tentang stok dan produk yang kami tawarkan.
Powerbank 20000 Mah Mini With 4 Usb Cable Lighrweight Universal Powerbank Led Display Baterai Pengisi Charger,1672614373,5,Barang berfungsi sangat baik.  packingnya WOW banget  . the best pokoknya.. 👍👍👍👍,1757591534,7 bulan lalu,BLACK,True,Anonymous,0,True,False,
Powerbank 20000 Mah Mini With 4 Usb Cable Lighrweight Universal Powerbank Led Display Baterai Pengisi Charger,1668693578,5,bagus,1757397180,7 bulan lalu,PINK,True,Anonymous,0,False,False,
Powerbank 20000 Mah Mini With 4 Usb Cable Lighrweight Universal Powerbank Led Display Baterai Pengisi Charger,1668496589,5,"seller fast respon, pesanan lgsg dikirim hari itu juga, packing bubble, kurir oke, dicek berfungsi",1757388784,7 bulan lalu,PURPLE,False,dhani,0,False,False,Terima kasih telah berbelanja di CHINDO DIGITAL. Bagikan link toko kami https://www.tokopedia.com/chindo-digital kepada teman-teman kamu. Jangan lupa follow toko kami untuk tahu update terbaru tentang stok dan produk yang kami tawarkan.
Powerbank 20000 Mah Mini With 4 Usb Cable Lighrweight Universal Powerbank Led Display Baterai Pengisi Charger,1658753761,5,Bagus sesuai ambar,1756864490,7 bulan lalu,PURPLE,True,Anonymous,0,True,False,
Powerbank 20000 Mah Mini With 4 Usb Cable Lighrweight Universal Powerbank Led Display Baterai Pengisi Charger,1655680197,5,Pengemasan aman barang sesuai deskripsi,1756696120,7 bulan lalu,PINK,True,Anonymous,0,False,False,
Powerbank 20000 Mah Mini With 4 Usb Cable Lighrweight Universal Powerbank Led Display Baterai Pengisi Charger,1654795802,4,"Sesuai,toko amana",1756642233,7 bulan lalu,PINK,True,Anonymous,0,False,False,
Powerbank 20000 Mah Mini With 4 Usb Cable Lighrweight Universal Powerbank Led Display Baterai Pengisi Charger,1648881799,5,"Paket mendarat dg aman, terbungkus apik, rapi, n aman,, power bank nya berfungsi dg baik, semoga awet,
Dapet bonus speaker kecil,, terimakasih seller, skses trus,,",1756292697,7 bulan lalu,BLACK,True,Anonymous,0,True,False,
Powerbank 20000 Mah Mini With 4 Usb Cable Lighrweight Universal Powerbank Led Display Baterai Pengisi Charger,1641394936,5,💯,1755844858,8 bulan lalu,PINK,True,Anonymous,0,False,True,
Powerbank 20000 Mah Mini With 4 Usb Cable Lighrweight Universal Powerbank Led Display Baterai Pengisi Charger,1641303589,5,Alhamdulillah barang relpick.,1755840867,8 bulan lalu,PINK,True,Anonymous,0,False,False,
Powerbank 20000 Mah Mini With 4 Usb Cable Lighrweight Universal Powerbank Led Display Baterai Pengisi Charger,1638502317,5,Bagusss sekaliii,1755687261,8 bulan lalu,PINK,True,Anonymous,0,False,False,
Powerbank 20000 Mah Mini With 4 Usb Cable Lighrweight Universal Powerbank Led Display Baterai Pengisi Charger,1635342831,5,"kualitas cukup bagus, pengiriman cepat dan keadaan barang di packing rapih",1755493432,8 bulan lalu,PINK,False,Agus,0,False,False,Terima kasih telah berbelanja di CHINDO DIGITAL. Bagikan link toko kami https://www.tokopedia.com/chindo-digital kepada teman-teman kamu. Jangan lupa follow toko kami untuk tahu update terbaru tentang stok dan produk yang kami tawarkan.
Powerbank 20000 Mah Mini With 4 Usb Cable Lighrweight Universal Powerbank Led Display Baterai Pengisi Charger,1634238651,4,Nagus banget barang nya lucuuu bangett,1755428443,8 bulan lalu,PINK,True,Anonymous,0,False,False,
Powerbank 20000 Mah Mini With 4 Usb Cable Lighrweight Universal Powerbank Led Display Baterai Pengisi Charger,1628092640,5,Bagus recommended pokoknya 👍 ga kaya toko sebelah sampe retur 🤭 gara² ga berfungsi,1755134971,8 bulan lalu,PURPLE,True,Anonymous,0,True,False,
Powerbank 20000 Mah Mini With 4 Usb Cable Lighrweight Universal Powerbank Led Display Baterai Pengisi Charger,1626270210,4,Performa: Lumayan bagus dengan harga segitu 😍,1755055143,8 bulan lalu,PURPLE,True,Anonymous,0,False,False,
Powerbank 20000 Mah Mini With 4 Usb Cable Lighrweight Universal Powerbank Led Display Baterai Pengisi Charger,1622396807,2,Pawer bengk nya ga bisa ngecas,1754865168,8 bulan lalu,PINK,True,Anonymous,0,False,False,
Powerbank 20000 Mah Mini With 4 Usb Cable Lighrweight Universal Powerbank Led Display Baterai Pengisi Charger,1621115697,5,"Bagus bgt pbnya sesuai,yg digambar,dan pengirimannya cepet bgt dah sampai aja nih",1754805484,8 bulan lalu,PINK,True,Anonymous,0,False,True,
Powerbank 20000 Mah Mini With 4 Usb Cable Lighrweight Universal Powerbank Led Display Baterai Pengisi Charger,1620979667,5,bagus mdh2n awet. sudah dicoba beberapa hari tanpa kendala...,1754801202,8 bulan lalu,PINK,False,Ronie,0,True,False,Terima kasih telah berbelanja di CHINDO DIGITAL. Bagikan link toko kami https://www.tokopedia.com/chindo-digital kepada teman-teman kamu. Jangan lupa follow toko kami untuk tahu update terbaru tentang stok dan produk yang kami tawarkan.
Powerbank 20000 Mah Mini With 4 Usb Cable Lighrweight Universal Powerbank Led Display Baterai Pengisi Charger,1612415056,5,Kualitas pengerjaan: Bgus,1754418046,8 bulan lalu,PURPLE,True,Anonymous,0,False,False,
Powerbank 20000 Mah Mini With 4 Usb Cable Lighrweight Universal Powerbank Led Display Baterai Pengisi Charger,1610242521,4,baguss mantap cepat,1754306935,8 bulan lalu,PURPLE,False,Arjuna,0,False,False,Terima kasih telah berbelanja di CHINDO DIGITAL. Bagikan link toko kami https://www.tokopedia.com/chindo-digital kepada teman-teman kamu. Jangan lupa follow toko kami untuk tahu update terbaru tentang stok dan produk yang kami tawarkan.
Powerbank 20000 Mah Mini With 4 Usb Cable Lighrweight Universal Powerbank Led Display Baterai Pengisi Charger,1602851517,5,"Barang udah sampai,tapi kenapa batre hp belum penuh tapi batre powerbanknya dh habis duluan ya,padahal batre di powerbanknya 100.",1753963416,8 bulan lalu,PURPLE,True,Anonymous,1,True,False,
Powerbank 20000 Mah Mini With 4 Usb Cable Lighrweight Universal Powerbank Led Display Baterai Pengisi Charger,1598269192,5,"Pokoknya ok GK mengecewakan,biarkan bintang yg berbicara",1753769540,8 bulan lalu,PURPLE,True,Anonymous,0,False,False,
Powerbank 20000 Mah Mini With 4 Usb Cable Lighrweight Universal Powerbank Led Display Baterai Pengisi Charger,1586673924,1,"Parah banget tokonya, barang rusak dikirim, ga dicek dulu, minta retur slow respon, penjual ga jujur",1753258883,9 bulan lalu,BLACK,True,Anonymous,0,False,False,
Powerbank 20000 Mah Mini With 4 Usb Cable Lighrweight Universal Powerbank Led Display Baterai Pengisi Charger,1585204137,5,Bagus dan berfungsi dengan baik..toko amanah terimakasih,1753179034,9 bulan lalu,PURPLE,True,Anonymous,0,True,False,
Powerbank 20000 Mah Mini With 4 Usb Cable Lighrweight Universal Powerbank Led Display Baterai Pengisi Charger,1581328732,3,"Alhamdulillah paket sudah diterima terimakasi,satuvpcs produk tidak berfungsi,tidak bisa di cas,di cas tidak menyimpan",1752979302,9 bulan lalu,BLACK,True,Anonymous,0,False,False,
Powerbank 20000 Mah Mini With 4 Usb Cable Lighrweight Universal Powerbank Led Display Baterai Pengisi Charger,1581175177,5,Bagus jih,1752966940,9 bulan lalu,PURPLE,True,Anonymous,0,False,False,
Powerbank 20000 Mah Mini With 4 Usb Cable Lighrweight Universal Powerbank Led Display Baterai Pengisi Charger,1580708641,5,Barang bagus mudahan awet aja,1752923935,9 bulan lalu,PURPLE,True,Anonymous,0,False,False,
Powerbank 20000 Mah Mini With 4 Usb Cable Lighrweight Universal Powerbank Led Display Baterai Pengisi Charger,1580300380,5,Bagus chargernya,1752908209,9 bulan lalu,BLACK,True,Anonymous,0,False,False,
Powerbank 20000 Mah Mini With 4 Usb Cable Lighrweight Universal Powerbank Led Display Baterai Pengisi Charger,1579872845,1,"Powerbank rusak tidak nyala, konfirmasi di chat tidak dikasih solusi tidak bisa return.",1752895096,9 bulan lalu,BLACK,True,Anonymous,0,False,True,
Powerbank 20000 Mah Mini With 4 Usb Cable Lighrweight Universal Powerbank Led Display Baterai Pengisi Charger,1579728851,5,Terimakasih,1752888734,9 bulan lalu,BLACK,True,Anonymous,0,False,False,
Powerbank 20000 Mah Mini With 4 Usb Cable Lighrweight Universal Powerbank Led Display Baterai Pengisi Charger,1579476455,5,"Maaf kak belum sempat nge review barangnya sudah dibawa ke negri sebrang
Tapi aku yakin barang sangat sesuai dan berkualitas baik kak",1752855377,9 bulan lalu,PINK,True,Anonymous,0,False,False,
Powerbank 20000 Mah Mini With 4 Usb Cable Lighrweight Universal Powerbank Led Display Baterai Pengisi Charger,1579356277,5,Ok sip,1752849172,9 bulan lalu,PURPLE,True,Anonymous,0,False,False,
Powerbank 20000 Mah Mini With 4 Usb Cable Lighrweight Universal Powerbank Led Display Baterai Pengisi Charger,1578592772,5,Baguus sesuai experasi,1752818863,9 bulan lalu,PINK,True,Anonymous,0,False,False,
Powerbank 20000 Mah Mini With 4 Usb Cable Lighrweight Universal Powerbank Led Display Baterai Pengisi Charger,1577227516,1,Parah,1752743767,9 bulan lalu,BLACK,True,Anonymous,1,False,True,
Powerbank 20000 Mah Mini With 4 Usb Cable Lighrweight Universal Powerbank Led Display Baterai Pengisi Charger,1577180042,5,.,1752742014,9 bulan lalu,BLACK,True,Anonymous,0,False,False,
Powerbank 20000 Mah Mini With 4 Usb Cable Lighrweight Universal Powerbank Led Display Baterai Pengisi Charger,1574735006,1,untuk senter memang nyala. untuk pada bagian kaca layarnya sedikit mengangkat. pada saat digunakan mengecas batrai tidak bertambah malah berkurang pdhl keadaan HP normal sudah cek 3hp berbeda.,1752608062,9 bulan lalu,PURPLE,False,Annisa,1,False,True,
Powerbank 20000 Mah Mini With 4 Usb Cable Lighrweight Universal Powerbank Led Display Baterai Pengisi Charger,1574238118,5,Bagussss pinknya soft soka,1752577740,9 bulan lalu,PINK,True,Anonymous,0,True,False,
Powerbank 20000 Mah Mini With 4 Usb Cable Lighrweight Universal Powerbank Led Display Baterai Pengisi Charger,1572860618,5,"sesuaii dengann gambar nyaa dan cepatt juga pengantaran nyaa, terimakasih",1752498413,9 bulan lalu,PURPLE,True,Anonymous,0,True,False,
Powerbank 20000 Mah Mini With 4 Usb Cable Lighrweight Universal Powerbank Led Display Baterai Pengisi Charger,1570001706,5,"Pengiriman cepat, barang sesuai pesanan.. &amp; kualitas bagus",1752326671,9 bulan lalu,BLACK,True,Anonymous,0,False,False,
Powerbank 20000 Mah Mini With 4 Usb Cable Lighrweight Universal Powerbank Led Display Baterai Pengisi Charger,1569291801,1,Brang nya pas nyampe rusak gl bisa di gunain gk ad ftonya udah aku buang ngapain di simpen toh jg brngnya rusak,1752301483,9 bulan lalu,PURPLE,True,Anonymous,0,False,False,
Powerbank 20000 Mah Mini With 4 Usb Cable Lighrweight Universal Powerbank Led Display Baterai Pengisi Charger,1564780917,4,Bagus banget,1752112588,9 bulan lalu,PINK,True,Anonymous,0,False,False,
Powerbank 20000 Mah Mini With 4 Usb Cable Lighrweight Universal Powerbank Led Display Baterai Pengisi Charger,1563503517,5,"Bagus , tampilan sesuai gambar . Blm di coba semoga awet. 
Pengiriman lumayan lama",1752045257,9 bulan lalu,BLACK,True,Anonymous,0,True,False,
Powerbank 20000 Mah Mini With 4 Usb Cable Lighrweight Universal Powerbank Led Display Baterai Pengisi Charger,1562666794,5,"Sangat puas dengan produk ini,terima kasih.",1751991003,9 bulan lalu,BLACK,True,Anonymous,0,False,False,
Powerbank 20000 Mah Mini With 4 Usb Cable Lighrweight Universal Powerbank Led Display Baterai Pengisi Charger,1562369423,4,Smg bermanfaat utk perjalanan umroh ku ya Allah,1751975373,9 bulan lalu,BLACK,True,Anonymous,0,False,False,
Powerbank 20000 Mah Mini With 4 Usb Cable Lighrweight Universal Powerbank Led Display Baterai Pengisi Charger,1561781522,5,I love this one,1751951128,9 bulan lalu,PURPLE,True,Anonymous,0,False,False,
Powerbank 20000 Mah Mini With 4 Usb Cable Lighrweight Universal Powerbank Led Display Baterai Pengisi Charger,1561620551,4,Barang smpai dengan aman terimakasih reseller Smoga berkah selalu mantapppppp minus lampu senter tidak menyala,1751945022,9 bulan lalu,BLACK,True,Anonymous,0,True,False,
Powerbank 20000 Mah Mini With 4 Usb Cable Lighrweight Universal Powerbank Led Display Baterai Pengisi Charger,1560948737,5,"pesanan sesuai , jumlah barang pas , sangat bagus , sukses selalu 🙏🙏",1751892367,9 bulan lalu,PINK,True,Anonymous,0,True,False,
Powerbank 20000 Mah Mini With 4 Usb Cable Lighrweight Universal Powerbank Led Display Baterai Pengisi Charger,1560948731,5,"pesanan sesuai , jumlah barang pas , sangat bagus , sukses selalu 🙏🙏",1751892367,9 bulan lalu,BLACK,True,Anonymous,0,True,False,
Powerbank 20000 Mah Mini With 4 Usb Cable Lighrweight Universal Powerbank Led Display Baterai Pengisi Charger,1560948733,5,"pesanan sesuai , jumlah barang pas , sangat bagus , sukses selalu 🙏🙏",1751892367,9 bulan lalu,PURPLE,True,Anonymous,0,True,False,
Powerbank 20000 Mah Mini With 4 Usb Cable Lighrweight Universal Powerbank Led Display Baterai Pengisi Charger,1560469515,4,"sdh d trma dgn baik,, smga aw3t,, bt tokonya smga tmbh sukses",1751873689,9 bulan lalu,BLACK,True,Anonymous,0,False,False,
Powerbank 20000 Mah Mini With 4 Usb Cable Lighrweight Universal Powerbank Led Display Baterai Pengisi Charger,1560330709,5,"Barang datang tepat waktu,, semua sudah dicoba dan berfungsi dengan baik, kurir ramah. Semoga barang awet 🥰",1751868036,9 bulan lalu,BLACK,True,Anonymous,2,True,True,
Powerbank 20000 Mah Mini With 4 Usb Cable Lighrweight Universal Powerbank Led Display Baterai Pengisi Charger,1559524306,5,mantapp,1751823122,9 bulan lalu,PURPLE,True,Anonymous,0,False,False,
Powerbank 20000 Mah Mini With 4 Usb Cable Lighrweight Universal Powerbank Led Display Baterai Pengisi Charger,1558962697,5,"Sampah dgn baik ,paking rapih aman",1751792356,9 bulan lalu,BLACK,True,Anonymous,0,False,False,
Powerbank 20000 Mah Mini With 4 Usb Cable Lighrweight Universal Powerbank Led Display Baterai Pengisi Charger,1558780455,1,Senter GK menyala produk taik,1751784936,9 bulan lalu,BLACK,True,Anonymous,0,False,False,
Powerbank 20000 Mah Mini With 4 Usb Cable Lighrweight Universal Powerbank Led Display Baterai Pengisi Charger,1558084552,5,Mantappp kemasan sangat bagusss anti benturan sehingga barang aman sampe tujuann 👌👍👍👍,1751737317,9 bulan lalu,BLACK,True,Anonymous,0,False,False,
Powerbank 20000 Mah Mini With 4 Usb Cable Lighrweight Universal Powerbank Led Display Baterai Pengisi Charger,1558038071,5,Mantap,1751731405,9 bulan lalu,BLACK,True,Anonymous,0,True,False,
Powerbank 20000 Mah Mini With 4 Usb Cable Lighrweight Universal Powerbank Led Display Baterai Pengisi Charger,1557561955,5,"Real jangan ragu beli ditoko ini.
Anak saya suka.
Kurir sudah langanan",1751709330,9 bulan lalu,PURPLE,True,Anonymous,0,False,False,
Powerbank 20000 Mah Mini With 4 Usb Cable Lighrweight Universal Powerbank Led Display Baterai Pengisi Charger,1556619105,1,Ngga sesuai,1751669851,9 bulan lalu,BLACK,True,Anonymous,0,False,False,
Powerbank 20000 Mah Mini With 4 Usb Cable Lighrweight Universal Powerbank Led Display Baterai Pengisi Charger,1556196661,5,Good,1751657103,9 bulan lalu,BLACK,True,Anonymous,0,False,False,
Powerbank 20000 Mah Mini With 4 Usb Cable Lighrweight Universal Powerbank Led Display Baterai Pengisi Charger,1555576223,3,Kata nya kapasitas 20rb MAH..Tp d pake cas 1 hp aja ga sampe full 100% udh abis batre nya..padahal power bank d cas sampe full 3 jam...pas PB nya d pake cas hp g bs sampe full hp nya udh kburu abis PB nya,1751635656,9 bulan lalu,BLACK,True,Anonymous,1,False,False,
Powerbank 20000 Mah Mini With 4 Usb Cable Lighrweight Universal Powerbank Led Display Baterai Pengisi Charger,1554962988,4,Katanya 20000 mAh tapi kok charge hp yang cuma 5000 mAh aja ga full padahal baterai power banknya full,1751614380,9 bulan lalu,BLACK,True,Anonymous,0,False,False,
Powerbank 20000 Mah Mini With 4 Usb Cable Lighrweight Universal Powerbank Led Display Baterai Pengisi Charger,1554928741,5,Keren bgttt,1751611142,9 bulan lalu,PURPLE,True,Anonymous,0,False,False,
Powerbank 20000 Mah Mini With 4 Usb Cable Lighrweight Universal Powerbank Led Display Baterai Pengisi Charger,1553611196,5,"Dai cara ngepaknya aja udah amanah banget,, terimakasih banyak amanah barang sampe dlm waktu 2 hari",1751557744,9 bulan lalu,PURPLE,True,Anonymous,0,True,False,
Powerbank 20000 Mah Mini With 4 Usb Cable Lighrweight Universal Powerbank Led Display Baterai Pengisi Charger,1553521958,5,Paking nya aman bngt....brang juga ok...pkonya top deh....mkasih seller dan kurirnya🤗,1751554446,9 bulan lalu,BLACK,True,Anonymous,0,False,False,
Powerbank 20000 Mah Mini With 4 Usb Cable Lighrweight Universal Powerbank Led Display Baterai Pengisi Charger,1553438871,5,Tampilan cantik tapi sudah cas 100% saat buat cas hp masuk 40%saja . Gpp untuk semua bagus packing bagus barang bagus GK Ada cacat Dan rusak nya,1751552046,9 bulan lalu,PURPLE,True,Anonymous,0,False,False,
Powerbank 20000 Mah Mini With 4 Usb Cable Lighrweight Universal Powerbank Led Display Baterai Pengisi Charger,1552827260,5,"Sesuai gambar, pakingnya super aman pakai bubble yang tebal, semoga awet dan lain lainnya semoga sesusi sedkripsi..
Led ok, lampu senter nyala,",1751535701,9 bulan lalu,BLACK,True,Anonymous,0,False,False,
Powerbank 20000 Mah Mini With 4 Usb Cable Lighrweight Universal Powerbank Led Display Baterai Pengisi Charger,1552705888,4,Barangnya bgus,1751529050,9 bulan lalu,PINK,True,Anonymous,0,True,False,
Powerbank 20000 Mah Mini With 4 Usb Cable Lighrweight Universal Powerbank Led Display Baterai Pengisi Charger,1552350040,5,Mantap,1751492142,9 bulan lalu,BLACK,True,Anonymous,0,False,False,
Powerbank 20000 Mah Mini With 4 Usb Cable Lighrweight Universal Powerbank Led Display Baterai Pengisi Charger,1552058537,1,"Kok diisi udah 5 jam tetap kerlip angka 25 aja ya?
Dan gak bisa mengisi daya hp.",1751480463,9 bulan lalu,BLACK,True,Anonymous,0,False,True,
Powerbank 20000 Mah Mini With 4 Usb Cable Lighrweight Universal Powerbank Led Display Baterai Pengisi Charger,1551370722,5,Bagus,1751457991,9 bulan lalu,BLACK,True,Anonymous,0,True,False,
Powerbank 20000 Mah Mini With 4 Usb Cable Lighrweight Universal Powerbank Led Display Baterai Pengisi Charger,1550748993,5,B,1751420802,9 bulan lalu,BLACK,True,Anonymous,0,True,False,
Powerbank 20000 Mah Mini With 4 Usb Cable Lighrweight Universal Powerbank Led Display Baterai Pengisi Charger,1550602327,5,Berfungsi dengan baik. Tp blom coba u tuk ngecas hp.lg diisi batrenya. Mudah2n ok.tampilan bagus dan worth it,1751405552,9 bulan lalu,PURPLE,True,Anonymous,0,False,True,
Powerbank 20000 Mah Mini With 4 Usb Cable Lighrweight Universal Powerbank Led Display Baterai Pengisi Charger,1550357044,5,"Maaf baru kasih ulasan, brg berfungsi dan sesuai orderan. Thx sellee, tiktok and abang kurir🙏👍",1751398350,9 bulan lalu,BLACK,True,Anonymous,0,False,False,
Powerbank 20000 Mah Mini With 4 Usb Cable Lighrweight Universal Powerbank Led Display Baterai Pengisi Charger,1550257740,4,"Baguss TPI gampang habis Btre nya , trs aman bngt pengemasan nya kurir nya jga ramah bngt love² dehh",1751394693,9 bulan lalu,BLACK,True,Anonymous,0,True,False,
Powerbank 20000 Mah Mini With 4 Usb Cable Lighrweight Universal Powerbank Led Display Baterai Pengisi Charger,1550218432,4,bgss multifungsii,1751393175,9 bulan lalu,BLACK,True,Anonymous,0,False,False,
Powerbank 20000 Mah Mini With 4 Usb Cable Lighrweight Universal Powerbank Led Display Baterai Pengisi Charger,1550069988,5,suka banget  mungil dan serba guna,1751388526,9 bulan lalu,PINK,True,Anonymous,0,False,False,
Powerbank 20000 Mah Mini With 4 Usb Cable Lighrweight Universal Powerbank Led Display Baterai Pengisi Charger,1549940183,5,"Maaf baru kasih ulasan yh..barang.y SDH sampai kk..terimakasih seller.y amanah.
Warna sesuai pesanan..kurir.y baik sekali
Terimakasih..",1751382783,9 bulan lalu,BLACK,True,Anonymous,0,False,True,
Powerbank 20000 Mah Mini With 4 Usb Cable Lighrweight Universal Powerbank Led Display Baterai Pengisi Charger,1549908542,5,"Good brgx, ramah sellernya, cepat pengirimannya👍👍👍👍👍",1751381587,9 bulan lalu,PURPLE,True,Anonymous,0,True,False,
Powerbank 20000 Mah Mini With 4 Usb Cable Lighrweight Universal Powerbank Led Display Baterai Pengisi Charger,1549617658,5,𝕋𝕣𝕚𝕞𝕒 𝕜𝕒𝕤𝕚𝕙 𝕦𝕕𝕒𝕙 𝕤𝕒𝕞𝕡𝕖 𝕦𝕕𝕒𝕙 𝕕𝕚 𝕔𝕠𝕓𝕒 𝕔𝕠𝕔𝕠𝕜 𝕜𝕦𝕣𝕚𝕣𝕟𝕪𝕒 𝕣𝕒𝕞𝕒𝕙,1751368300,9 bulan lalu,BLACK,True,Anonymous,0,True,False,
Powerbank 20000 Mah Mini With 4 Usb Cable Lighrweight Universal Powerbank Led Display Baterai Pengisi Charger,1549561286,5,Barang sudah sampai,1751365774,9 bulan lalu,BLACK,True,Anonymous,0,False,False,
Powerbank 20000 Mah Mini With 4 Usb Cable Lighrweight Universal Powerbank Led Display Baterai Pengisi Charger,1549462356,5,"Barang bagus, berfungsi normal, respon penjual cepat, packing juga rapih, sayang ekspedisi sangat lambat untuk menyampaikan ke alamat penerima",1751363665,9 bulan lalu,BLACK,True,Anonymous,0,False,False,
Powerbank 20000 Mah Mini With 4 Usb Cable Lighrweight Universal Powerbank Led Display Baterai Pengisi Charger,1549334417,5,Suka banget barang dh nyampai sesuai pesanan,1751357211,9 bulan lalu,PURPLE,True,Anonymous,0,True,False,
Powerbank 20000 Mah Mini With 4 Usb Cable Lighrweight Universal Powerbank Led Display Baterai Pengisi Charger,1548485711,5,josssss,1751301415,9 bulan lalu,PURPLE,True,Anonymous,0,True,False,
Powerbank 20000 Mah Mini With 4 Usb Cable Lighrweight Universal Powerbank Led Display Baterai Pengisi Charger,1548441245,5,Brngnya minimalis tdk trllu besar jdi mudh di bawa ke mna”,1751299709,9 bulan lalu,PURPLE,True,Anonymous,0,True,False,
Powerbank 20000 Mah Mini With 4 Usb Cable Lighrweight Universal Powerbank Led Display Baterai Pengisi Charger,1548433963,2,"Kurang bagus, batre 100% masa cuma ngisi batre 1% langsung sisa 50% lawak",1751299376,9 bulan lalu,BLACK,True,Anonymous,0,False,False,
Powerbank 20000 Mah Mini With 4 Usb Cable Lighrweight Universal Powerbank Led Display Baterai Pengisi Charger,1548425007,1,Kualitas jelek.. Baterai hp nggk terisi..padahal baterai powerbank  sudah babis.. Powerbank awal 100%,1751298965,9 bulan lalu,BLACK,True,Anonymous,0,False,False,
Powerbank 20000 Mah Mini With 4 Usb Cable Lighrweight Universal Powerbank Led Display Baterai Pengisi Charger,1548397454,5,"Alhamdulillah, pesanan sudah sampai dgn baik.packing nya juga rapi &amp; aman sekira nya kena banting.
Orderan pun sesuai dengan pesanan, sudah saya tes dan berfungsi dengan baik barang nya pun sangat bagus.semoga tetap menjaga kepuasan pelanggan. terimakasih seler dan juga toped.",1751297762,9 bulan lalu,BLACK,True,Anonymous,2,True,True,
Powerbank 20000 Mah Mini With 4 Usb Cable Lighrweight Universal Powerbank Led Display Baterai Pengisi Charger,1548222374,5,Terimakasih seller,1751290997,9 bulan lalu,PINK,True,Anonymous,0,False,False,
Powerbank 20000 Mah Mini With 4 Usb Cable Lighrweight Universal Powerbank Led Display Baterai Pengisi Charger,1548222375,5,Terimakasih seller,1751290997,9 bulan lalu,PURPLE,True,Anonymous,0,False,False,
Powerbank 20000 Mah Mini With 4 Usb Cable Lighrweight Universal Powerbank Led Display Baterai Pengisi Charger,1548117678,1,"Gasesuai sama yg dibilang dilive, bilang katanya kuat untuk 3 hp sampe 100% casnya, ini dicas satu hp udah langsung abis dan itupun belom penuh, kalo dagang yg jujur ngapa busetdah",1751286709,9 bulan lalu,BLACK,True,Anonymous,0,False,False,
Powerbank 20000 Mah Mini With 4 Usb Cable Lighrweight Universal Powerbank Led Display Baterai Pengisi Charger,1548036614,5,"Maaf ya kak baru kasi ulasan🙏🏻🙏🏻 
Dipacking dengan sangat baik dan powerbanknya sangat sesuai ekspektasi!!",1751284391,9 bulan lalu,BLACK,True,Anonymous,0,False,True,
Powerbank 20000 Mah Mini With 4 Usb Cable Lighrweight Universal Powerbank Led Display Baterai Pengisi Charger,1547967828,1,"Sy kecewa...power bank dah full 100%..
Saya coba charger hp saya...cuma 50 menit power bank nya dah mati...hp sy cuma terisi 15%.",1751281823,9 bulan lalu,PURPLE,True,Anonymous,0,False,False,
Powerbank 20000 Mah Mini With 4 Usb Cable Lighrweight Universal Powerbank Led Display Baterai Pengisi Charger,1547909275,4,Berfungsi dengan baik..,1751280119,9 bulan lalu,PURPLE,True,Anonymous,0,True,False,
Powerbank 20000 Mah Mini With 4 Usb Cable Lighrweight Universal Powerbank Led Display Baterai Pengisi Charger,1547595467,5,Good,1751261454,9 bulan lalu,BLACK,True,Anonymous,0,False,False,
Powerbank 20000 Mah Mini With 4 Usb Cable Lighrweight Universal Powerbank Led Display Baterai Pengisi Charger,1547515032,1,Jelek banget ngedrop batrainya  bos  jangan di kirim att yang jelek mah sok. Baru 3 hari jelek ga ke lake,1751241215,9 bulan lalu,PURPLE,True,Anonymous,0,False,False,
Powerbank 20000 Mah Mini With 4 Usb Cable Lighrweight Universal Powerbank Led Display Baterai Pengisi Charger,1547390714,2,"Toko,a nipu..tulisan 20000 mah..tp bohong..mna harga mahal lgi..nyesel belanja d,toko ini",1751231062,9 bulan lalu,PURPLE,True,Anonymous,0,False,False,
Powerbank 20000 Mah Mini With 4 Usb Cable Lighrweight Universal Powerbank Led Display Baterai Pengisi Charger,1547220143,1,"Nggk nyala power bank nya nih, bisa di balikin nggk ini?",1751222494,9 bulan lalu,BLACK,True,Anonymous,0,False,False,
Powerbank 20000 Mah Mini With 4 Usb Cable Lighrweight Universal Powerbank Led Display Baterai Pengisi Charger,1547009272,5,"Semua bagus dan benar, terimakasih",1751216108,9 bulan lalu,BLACK,True,Anonymous,0,False,False,
Powerbank 20000 Mah Mini With 4 Usb Cable Lighrweight Universal Powerbank Led Display Baterai Pengisi Charger,1546824944,5,Mantap,1751210072,9 bulan lalu,BLACK,True,Anonymous,0,False,False,
Powerbank 20000 Mah Mini With 4 Usb Cable Lighrweight Universal Powerbank Led Display Baterai Pengisi Charger,1546737026,5,Alhamdulillah paket sudah mendarat dengan selamat terimakasih seller terimakasih abang pengantar yang ramah juga toko pedia sebagai penjembatan,1751207545,9 bulan lalu,BLACK,True,Anonymous,0,True,False,
Powerbank 20000 Mah Mini With 4 Usb Cable Lighrweight Universal Powerbank Led Display Baterai Pengisi Charger,1546564364,4,"Mantulll bangett barengnya sesuai difoto, 😁😁",1751201485,9 bulan lalu,BLACK,True,Anonymous,0,True,False,
Powerbank 20000 Mah Mini With 4 Usb Cable Lighrweight Universal Powerbank Led Display Baterai Pengisi Charger,1546387353,1,"apaan bgt,buat ngecas gak masuk,skalinya bisa malah ngurangin batrai.
padahal mau berpergian jauh malah dpt bgini",1751193774,9 bulan lalu,BLACK,True,Anonymous,1,True,False,
Powerbank 20000 Mah Mini With 4 Usb Cable Lighrweight Universal Powerbank Led Display Baterai Pengisi Charger,1546319196,3,Bagus sip,1751190963,9 bulan lalu,BLACK,True,Anonymous,0,False,False,
Powerbank 20000 Mah Mini With 4 Usb Cable Lighrweight Universal Powerbank Led Display Baterai Pengisi Charger,1546316899,5,Sesuai dengan gambar,1751190845,9 bulan lalu,PURPLE,True,Anonymous,0,False,False,
Powerbank 20000 Mah Mini With 4 Usb Cable Lighrweight Universal Powerbank Led Display Baterai Pengisi Charger,1546237192,5,Bagus,1751185994,9 bulan lalu,BLACK,True,Anonymous,0,False,False,
Powerbank 20000 Mah Mini With 4 Usb Cable Lighrweight Universal Powerbank Led Display Baterai Pengisi Charger,1546169980,1,"Pengiriman cepat,,,tapi barang tidak berfungsi.",1751179223,9 bulan lalu,BLACK,True,Anonymous,0,False,False,
Powerbank 20000 Mah Mini With 4 Usb Cable Lighrweight Universal Powerbank Led Display Baterai Pengisi Charger,1546071647,1,Gab bisa di charge,1751158952,9 bulan lalu,BLACK,True,Anonymous,0,True,False,
Powerbank 20000 Mah Mini With 4 Usb Cable Lighrweight Universal Powerbank Led Display Baterai Pengisi Charger,1545829124,1,"Barang jelek di jual, gak fast charging dan cepat habis baterainya",1751139317,9 bulan lalu,BLACK,True,Anonymous,0,True,False,
Powerbank 20000 Mah Mini With 4 Usb Cable Lighrweight Universal Powerbank Led Display Baterai Pengisi Charger,1545700964,5,barang bagus,1751134836,9 bulan lalu,BLACK,True,Anonymous,0,False,False,
Powerbank 20000 Mah Mini With 4 Usb Cable Lighrweight Universal Powerbank Led Display Baterai Pengisi Charger,1545570951,5,"Barang sesuai 
Pngiriman cepat",1751129132,9 bulan lalu,BLACK,True,Anonymous,0,True,False,
Powerbank 20000 Mah Mini With 4 Usb Cable Lighrweight Universal Powerbank Led Display Baterai Pengisi Charger,1545456954,5,Baik,1751123750,9 bulan lalu,BLACK,True,Anonymous,0,False,False,
Powerbank 20000 Mah Mini With 4 Usb Cable Lighrweight Universal Powerbank Led Display Baterai Pengisi Charger,1545319881,1,"barang tidak bagus,tidak bisa digunain,estimasi waktu sampai tujuan juga tidak sesuai telat bbrp hari,dan barang sudah di cas 8jam malah ttp ga bisa,uda ganti kabel charge ttp gabisa juga,malah barang rusak yg dikasi",1751118392,9 bulan lalu,BLACK,True,Anonymous,1,False,True,
Powerbank 20000 Mah Mini With 4 Usb Cable Lighrweight Universal Powerbank Led Display Baterai Pengisi Charger,1544982656,5,"Barang nya sdh sampai kecil mungil sdh tak coba Fas charnging , barang bagus kecil mungil, mudah mudahan, powerbank ku. pengisian cepat",1751110373,9 bulan lalu,PURPLE,True,Anonymous,0,False,True,
Powerbank 20000 Mah Mini With 4 Usb Cable Lighrweight Universal Powerbank Led Display Baterai Pengisi Charger,1544597007,5,Bagus banget. Puas.,1751093180,9 bulan lalu,PINK,True,Anonymous,0,False,False,
Powerbank 20000 Mah Mini With 4 Usb Cable Lighrweight Universal Powerbank Led Display Baterai Pengisi Charger,1544573466,5,Mantap powerbank nya brng berfungsi,1751090316,9 bulan lalu,PURPLE,True,Anonymous,0,False,False,
Powerbank 20000 Mah Mini With 4 Usb Cable Lighrweight Universal Powerbank Led Display Baterai Pengisi Charger,1544163482,5,Mantull,1751054982,10 bulan lalu,BLACK,True,Anonymous,0,False,False,
Powerbank 20000 Mah Mini With 4 Usb Cable Lighrweight Universal Powerbank Led Display Baterai Pengisi Charger,1544132070,5,Ok,1751053358,10 bulan lalu,BLACK,True,Anonymous,0,False,False,
Powerbank 20000 Mah Mini With 4 Usb Cable Lighrweight Universal Powerbank Led Display Baterai Pengisi Charger,1542968876,5,barang telah sampai di tempat dg aman,1751003442,10 bulan lalu,BLACK,True,Anonymous,0,False,False,
Powerbank 20000 Mah Mini With 4 Usb Cable Lighrweight Universal Powerbank Led Display Baterai Pengisi Charger,1542731200,5,"Mantap keren , pengisian juga cepat",1750979339,10 bulan lalu,BLACK,True,Anonymous,0,False,False,
Powerbank 20000 Mah Mini With 4 Usb Cable Lighrweight Universal Powerbank Led Display Baterai Pengisi Charger,1542557015,5,Barang bagus sudah di test berfungsi dgn baik..pokonya oke derh..trims,1750968374,10 bulan lalu,PURPLE,True,Anonymous,0,False,False,
Powerbank 20000 Mah Mini With 4 Usb Cable Lighrweight Universal Powerbank Led Display Baterai Pengisi Charger,1542531698,2,Cepat bgt hbis batre nya baru sekali pakai,1750967562,10 bulan lalu,PURPLE,True,Anonymous,0,False,False,
Powerbank 20000 Mah Mini With 4 Usb Cable Lighrweight Universal Powerbank Led Display Baterai Pengisi Charger,1540829531,4,"Mksih kurir,smga berkah barakah",1750878960,10 bulan lalu,PURPLE,True,Anonymous,0,True,False,
Powerbank 20000 Mah Mini With 4 Usb Cable Lighrweight Universal Powerbank Led Display Baterai Pengisi Charger,1540571355,4,Barangnya Baguss gw suka bgt semua kabel dalam kondisi baik kemasannya terjaga bener 👌,1750869859,10 bulan lalu,BLACK,True,Anonymous,0,True,True,
Powerbank 20000 Mah Mini With 4 Usb Cable Lighrweight Universal Powerbank Led Display Baterai Pengisi Charger,1540355461,1,Type c nya gak bisaaa. Anjenkk,1750861672,10 bulan lalu,PURPLE,True,Anonymous,0,True,False,
Powerbank 20000 Mah Mini With 4 Usb Cable Lighrweight Universal Powerbank Led Display Baterai Pengisi Charger,1539501402,5,"Bagus PB nya, semoga awet",1750831887,10 bulan lalu,PURPLE,True,Anonymous,0,False,False,
Powerbank 20000 Mah Mini With 4 Usb Cable Lighrweight Universal Powerbank Led Display Baterai Pengisi Charger,1539003382,5,Alhamdulillah barang nya sesuai,1750794843,10 bulan lalu,PINK,True,Anonymous,0,True,False,
Powerbank 20000 Mah Mini With 4 Usb Cable Lighrweight Universal Powerbank Led Display Baterai Pengisi Charger,1538979909,4,Bagus,1750793895,10 bulan lalu,BLACK,True,Anonymous,0,True,False,
Powerbank 20000 Mah Mini With 4 Usb Cable Lighrweight Universal Powerbank Led Display Baterai Pengisi Charger,1538960766,1,"Produk tdk berfungsi normal, pdhl sdh di charge cepat habis, saat pengechargesan pun cepat sekali penuhnya",1750793084,10 bulan lalu,BLACK,True,Anonymous,0,True,False,
Powerbank 20000 Mah Mini With 4 Usb Cable Lighrweight Universal Powerbank Led Display Baterai Pengisi Charger,1538858558,2,"Paket mendarat dengan baik,,,tapi sayang,sekali ngisi juga ga penuh,cuma 40%",1750789561,10 bulan lalu,BLACK,True,Anonymous,0,True,False,
Powerbank 20000 Mah Mini With 4 Usb Cable Lighrweight Universal Powerbank Led Display Baterai Pengisi Charger,1538383820,5,Barangnya okee,1750768129,10 bulan lalu,BLACK,True,Anonymous,0,True,False,
Powerbank 20000 Mah Mini With 4 Usb Cable Lighrweight Universal Powerbank Led Display Baterai Pengisi Charger,1538276569,5,Barangnya oke sesuai pesanan,1750763007,10 bulan lalu,PURPLE,True,Anonymous,0,True,False,
Powerbank 20000 Mah Mini With 4 Usb Cable Lighrweight Universal Powerbank Led Display Baterai Pengisi Charger,1537973208,3,Gak sesuai harapan ya kka,1750747216,10 bulan lalu,PINK,True,Anonymous,0,False,False,
Powerbank 20000 Mah Mini With 4 Usb Cable Lighrweight Universal Powerbank Led Display Baterai Pengisi Charger,1537912170,5,Sangat baguss sesuai klau ada bintang 10 ksih bintang 10 🫶,1750743660,10 bulan lalu,PINK,True,Anonymous,0,False,False,
Powerbank 20000 Mah Mini With 4 Usb Cable Lighrweight Universal Powerbank Led Display Baterai Pengisi Charger,1537820410,3,Biasa aja tidak fast charging,1750724773,10 bulan lalu,PURPLE,True,Anonymous,0,True,False,
Powerbank 20000 Mah Mini With 4 Usb Cable Lighrweight Universal Powerbank Led Display Baterai Pengisi Charger,1537327454,5,perfect😍,1750696156,10 bulan lalu,PURPLE,True,Anonymous,0,True,False,
Powerbank 20000 Mah Mini With 4 Usb Cable Lighrweight Universal Powerbank Led Display Baterai Pengisi Charger,1537170837,1,"Gk sesuai 
Gk bisa di cas 
On of gk bisa 
Gk bisa di pake",1750689401,10 bulan lalu,PURPLE,True,Anonymous,0,False,False,
Powerbank 20000 Mah Mini With 4 Usb Cable Lighrweight Universal Powerbank Led Display Baterai Pengisi Charger,1536369398,1,"Coba dong di cek sebelum di kirim, barang ga nyala,on/of rusak",1750626240,10 bulan lalu,BLACK,True,Anonymous,4,True,True,
Powerbank 20000 Mah Mini With 4 Usb Cable Lighrweight Universal Powerbank Led Display Baterai Pengisi Charger,1536020267,5,Barang sudah di coba.. lumayan buat di jln,1750615638,10 bulan lalu,BLACK,True,Anonymous,0,False,False,
Powerbank 20000 Mah Mini With 4 Usb Cable Lighrweight Universal Powerbank Led Display Baterai Pengisi Charger,1535987831,5,Jos,1750614310,10 bulan lalu,PURPLE,True,Anonymous,0,False,False,
Powerbank 20000 Mah Mini With 4 Usb Cable Lighrweight Universal Powerbank Led Display Baterai Pengisi Charger,1535922488,5,Terimakasih barangnya sudah sampai dengan selamat dan baik.. Sesuai gambar dan berfungsi sekali.. Good job..,1750611275,10 bulan lalu,BLACK,True,Anonymous,0,True,False,
Powerbank 20000 Mah Mini With 4 Usb Cable Lighrweight Universal Powerbank Led Display Baterai Pengisi Charger,1535895122,5,BAgus banget,1750609905,10 bulan lalu,PURPLE,True,Anonymous,0,False,False,
Powerbank 20000 Mah Mini With 4 Usb Cable Lighrweight Universal Powerbank Led Display Baterai Pengisi Charger,1535889800,5,"Bagus, sesuai gambar...semoga awet teruss... terimakasih",1750609636,10 bulan lalu,PINK,True,Anonymous,0,False,False,
Powerbank 20000 Mah Mini With 4 Usb Cable Lighrweight Universal Powerbank Led Display Baterai Pengisi Charger,1535769508,1,"Bagaimana ini bos dari tadi di cas tpi timernya tdk berubah,cas nya gak bertambah dari tadi",1750604078,10 bulan lalu,BLACK,True,Anonymous,0,True,False,
Powerbank 20000 Mah Mini With 4 Usb Cable Lighrweight Universal Powerbank Led Display Baterai Pengisi Charger,1535612554,5,Barang datang sesuai estimasi..packing rapi..pokoknya rekomendasi sekali👍👍,1750595995,10 bulan lalu,BLACK,True,Anonymous,0,True,False,
Powerbank 20000 Mah Mini With 4 Usb Cable Lighrweight Universal Powerbank Led Display Baterai Pengisi Charger,1535178386,1,"Pakingnya bagus rapi tapi barang yg dijual tdk sesuai ,,, dicas 1 malam tdk menyala,,, barangny rusak saya sangat kecewa,,, karena barang yg dikirim rusak,,",1750559889,10 bulan lalu,PURPLE,True,Anonymous,0,True,False,
Powerbank 20000 Mah Mini With 4 Usb Cable Lighrweight Universal Powerbank Led Display Baterai Pengisi Charger,1534692414,5,Barang dh nyampe tpat waktu cma blum di buka karena pesanan teman jdi blum brani buka,1750526399,10 bulan lalu,BLACK,True,Anonymous,0,False,False,
Powerbank 20000 Mah Mini With 4 Usb Cable Lighrweight Universal Powerbank Led Display Baterai Pengisi Charger,1534404656,5,Bagus berpungsi dgn baik,1750517252,10 bulan lalu,BLACK,True,Anonymous,0,False,False,
Powerbank 20000 Mah Mini With 4 Usb Cable Lighrweight Universal Powerbank Led Display Baterai Pengisi Charger,1534042065,5,Barangnya bagus,1750506259,10 bulan lalu,BLACK,True,Anonymous,0,False,False,
Powerbank 20000 Mah Mini With 4 Usb Cable Lighrweight Universal Powerbank Led Display Baterai Pengisi Charger,1532485618,5,"Bagus,smoga awaett",1750418270,10 bulan lalu,PURPLE,True,Anonymous,0,False,False,
Powerbank 20000 Mah Mini With 4 Usb Cable Lighrweight Universal Powerbank Led Display Baterai Pengisi Charger,1531724117,5,Mantap,1750361590,10 bulan lalu,PURPLE,True,Anonymous,0,False,False,
Powerbank 20000 Mah Mini With 4 Usb Cable Lighrweight Universal Powerbank Led Display Baterai Pengisi Charger,1531646280,5,"Keren sekali Power Bank nya,simple,SDH sy coba semua... berfungsi dgn baik, pengisian cepat dua hp sekaligus 👍👍👍terima kasih seller sukses selalu ♥️🙏",1750358931,10 bulan lalu,BLACK,True,Anonymous,0,True,False,
Powerbank 20000 Mah Mini With 4 Usb Cable Lighrweight Universal Powerbank Led Display Baterai Pengisi Charger,1531395687,5,Sesuai pesan an dateng nya cepet,1750355647,10 bulan lalu,PURPLE,True,Anonymous,0,False,False,
Powerbank 20000 Mah Mini With 4 Usb Cable Lighrweight Universal Powerbank Led Display Baterai Pengisi Charger,1531105468,5,"Alhamdulillah barng sdh nympk canciik bngt, syuka..",1750351673,10 bulan lalu,PURPLE,True,Anonymous,0,False,False,
Powerbank 20000 Mah Mini With 4 Usb Cable Lighrweight Universal Powerbank Led Display Baterai Pengisi Charger,1531087749,5,Paketan sudah emoga berguna dengan bauk dan manfaat..mksh seller,1750351117,10 bulan lalu,PURPLE,True,Anonymous,0,True,True,
Powerbank 20000 Mah Mini With 4 Usb Cable Lighrweight Universal Powerbank Led Display Baterai Pengisi Charger,1530965643,5,"Ma kasih bos ku, barangnya uda sampai",1750346943,10 bulan lalu,BLACK,True,Anonymous,0,False,False,
Powerbank 20000 Mah Mini With 4 Usb Cable Lighrweight Universal Powerbank Led Display Baterai Pengisi Charger,1530858683,5,Belum tau gimana kualitasnya semiga sih awet,1750343667,10 bulan lalu,PURPLE,True,Anonymous,0,False,False,
Powerbank 20000 Mah Mini With 4 Usb Cable Lighrweight Universal Powerbank Led Display Baterai Pengisi Charger,1530835943,4,bagus tapi ada beberapa bagian didaerah tempat tulisannya yang lecet²,1750342785,10 bulan lalu,BLACK,True,Anonymous,0,False,False,
Powerbank 20000 Mah Mini With 4 Usb Cable Lighrweight Universal Powerbank Led Display Baterai Pengisi Charger,1530816104,5,Alhamdulilah paket udah di Terima blm di coba,1750341891,10 bulan lalu,PURPLE,True,Anonymous,0,False,False,
Powerbank 20000 Mah Mini With 4 Usb Cable Lighrweight Universal Powerbank Led Display Baterai Pengisi Charger,1530755453,5,Pengiriman cepat dan bagus,1750339105,10 bulan lalu,PINK,True,Anonymous,0,False,False,
Powerbank 20000 Mah Mini With 4 Usb Cable Lighrweight Universal Powerbank Led Display Baterai Pengisi Charger,1530379745,5,Cepat sampai nya dan semoga awet ya,1750327672,10 bulan lalu,BLACK,True,Anonymous,0,False,False,
Powerbank 20000 Mah Mini With 4 Usb Cable Lighrweight Universal Powerbank Led Display Baterai Pengisi Charger,1529950805,2,"Barang diterima dan di packing rapi, cuma sayang gakbtahan lama. Cuma kuat ngisi hp sampe 40% saja.",1750286476,10 bulan lalu,BLACK,True,Anonymous,0,False,False,
Powerbank 20000 Mah Mini With 4 Usb Cable Lighrweight Universal Powerbank Led Display Baterai Pengisi Charger,1529894339,5,Bagus cpt ngisi,1750283863,10 bulan lalu,PURPLE,True,Anonymous,0,False,False,
Powerbank 20000 Mah Mini With 4 Usb Cable Lighrweight Universal Powerbank Led Display Baterai Pengisi Charger,1529461101,5,"Barang sudah saya terima
Barang sesuai dengan gambar 
Dan Alhamdulillah normal.pengiriman juga cepat 
Respon toko bagus",1750272536,10 bulan lalu,BLACK,True,Anonymous,0,True,False,
Powerbank 20000 Mah Mini With 4 Usb Cable Lighrweight Universal Powerbank Led Display Baterai Pengisi Charger,1527561319,5,Mkasih pkett udah mndarat,1750188808,10 bulan lalu,BLACK,True,Anonymous,0,False,False,
Powerbank 20000 Mah Mini With 4 Usb Cable Lighrweight Universal Powerbank Led Display Baterai Pengisi Charger,1527131132,5,BAGUSSSSS BANGETTT IHH WARNAAANYAAA😻,1750172075,10 bulan lalu,PINK,True,Anonymous,0,True,False,
Powerbank 20000 Mah Mini With 4 Usb Cable Lighrweight Universal Powerbank Led Display Baterai Pengisi Charger,1526966242,5,Bagus sk👍,1750164918,10 bulan lalu,BLACK,True,Anonymous,0,False,False,
Powerbank 20000 Mah Mini With 4 Usb Cable Lighrweight Universal Powerbank Led Display Baterai Pengisi Charger,1524869234,5,"Mantap sesuai deskripsi dan harga, respon dan pengiriman cepat sangat puas",1750032076,10 bulan lalu,BLACK,True,Anonymous,0,False,False,
Powerbank 20000 Mah Mini With 4 Usb Cable Lighrweight Universal Powerbank Led Display Baterai Pengisi Charger,1524339216,5,"Mantap ,sesuai",1750002184,10 bulan lalu,BLACK,True,Anonymous,0,False,False,
Powerbank 20000 Mah Mini With 4 Usb Cable Lighrweight Universal Powerbank Led Display Baterai Pengisi Charger,1515801215,5,Terimakasih,1749635097,10 bulan lalu,BLACK,True,Anonymous,0,False,False,
Powerbank 20000 Mah Mini With 4 Usb Cable Lighrweight Universal Powerbank Led Display Baterai Pengisi Charger,1512461906,5,Bagus bngt,1749482225,10 bulan lalu,BLACK,True,Anonymous,0,True,False,
Powerbank 20000 Mah Mini With 4 Usb Cable Lighrweight Universal Powerbank Led Display Baterai Pengisi Charger,1501706075,5,Kualitas baguss🥰🥰,1748947171,10 bulan lalu,BLACK,True,Anonymous,0,True,False,
Powerbank 20000 Mah Mini With 4 Usb Cable Lighrweight Universal Powerbank Led Display Baterai Pengisi Charger,1501706119,5,Semua ok,1748560821,10 bulan lalu,BLACK,True,Anonymous,0,False,False,
Powerbank 20000 Mah Mini With 4 Usb Cable Lighrweight Universal Powerbank Led Display Baterai Pengisi Charger,1501706094,5,Toko ini amanah,1748381977,11 bulan lalu,PURPLE,True,Anonymous,0,False,False,
Powerbank 20000 Mah Mini With 4 Usb Cable Lighrweight Universal Powerbank Led Display Baterai Pengisi Charger,1501706074,5,"Pengiriman cepat,mudah dibawa  gak makan tempat hasil lumayan semoga awet
Mantab pokoknya, kalau puas bisa belilagi",1748092778,11 bulan lalu,BLACK,True,Anonymous,0,True,True,
Powerbank 20000 Mah Mini With 4 Usb Cable Lighrweight Universal Powerbank Led Display Baterai Pengisi Charger,1501706085,5,Bagus bangeeet,1747847724,11 bulan lalu,BLACK,True,Anonymous,0,False,False,
Powerbank 20000 Mah Mini With 4 Usb Cable Lighrweight Universal Powerbank Led Display Baterai Pengisi Charger,1501706122,5,Keren lah,1747517768,11 bulan lalu,BLACK,True,Anonymous,0,False,False,
Powerbank 20000 Mah Mini With 4 Usb Cable Lighrweight Universal Powerbank Led Display Baterai Pengisi Charger,1501706086,4,Good,1747247645,11 bulan lalu,BLACK,True,Anonymous,0,False,False,
Powerbank 20000 Mah Mini With 4 Usb Cable Lighrweight Universal Powerbank Led Display Baterai Pengisi Charger,1501706083,5,Ok bagus,1747016954,11 bulan lalu,PINK,True,Anonymous,0,False,False,
Powerbank 20000 Mah Mini With 4 Usb Cable Lighrweight Universal Powerbank Led Display Baterai Pengisi Charger,1501706071,5,Semoga awet power Bank ini,1746973730,11 bulan lalu,PURPLE,True,Anonymous,0,True,False,
Powerbank 20000 Mah Mini With 4 Usb Cable Lighrweight Universal Powerbank Led Display Baterai Pengisi Charger,1501706120,5,Mantap,1746962692,11 bulan lalu,BLACK,True,Anonymous,0,True,False,
Powerbank 20000 Mah Mini With 4 Usb Cable Lighrweight Universal Powerbank Led Display Baterai Pengisi Charger,1501706105,5,mantap,1746645068,11 bulan lalu,PINK,True,Anonymous,0,False,False,
Powerbank 20000 Mah Mini With 4 Usb Cable Lighrweight Universal Powerbank Led Display Baterai Pengisi Charger,1501706081,5,"Paket di terima baik, dan berfungsi. Thanks",1746550664,11 bulan lalu,PURPLE,True,Anonymous,0,False,False,
Powerbank 20000 Mah Mini With 4 Usb Cable Lighrweight Universal Powerbank Led Display Baterai Pengisi Charger,1501706067,5,Mantap tidak sia² saya CO di tokok ini,1746468926,11 bulan lalu,BLACK,True,Anonymous,0,False,False,
Powerbank 20000 Mah Mini With 4 Usb Cable Lighrweight Universal Powerbank Led Display Baterai Pengisi Charger,1501706115,4,"Bagus,barang sesuai deskripsi,pengiriman juga cepat,Trmksih untuk semuanya 🙏",1746371142,11 bulan lalu,BLACK,True,Anonymous,0,False,False,
Powerbank 20000 Mah Mini With 4 Usb Cable Lighrweight Universal Powerbank Led Display Baterai Pengisi Charger,1501706126,5,"Terimakasih kak🙏
Barangnya sudah sampai kak sesuai pesanan aku suka🥰",1746002693,11 bulan lalu,BLACK,True,Anonymous,0,True,False,
Powerbank 20000 Mah Mini With 4 Usb Cable Lighrweight Universal Powerbank Led Display Baterai Pengisi Charger,1501706123,1,"Barang ampas,ufah di cas 100% tiba di pake baru ngisi 5% udah langsung habis,
 Jangan di beli dah ntar pada nyesal lu pada",1745978371,11 bulan lalu,BLACK,True,Anonymous,1,True,False,
Powerbank 20000 Mah Mini With 4 Usb Cable Lighrweight Universal Powerbank Led Display Baterai Pengisi Charger,1501706489,5,Alhamdulilah barang sudah sampai dengan baik dan berfungsi🙏trimakasih Tokopedia dan seller,1745833564,12 bulan lalu,PURPLE,True,Anonymous,0,False,True,
Powerbank 20000 Mah Mini With 4 Usb Cable Lighrweight Universal Powerbank Led Display Baterai Pengisi Charger,1501706477,5,Oke mantappppppp,1745674612,12 bulan lalu,PURPLE,True,Anonymous,0,True,False,
Powerbank 20000 Mah Mini With 4 Usb Cable Lighrweight Universal Powerbank Led Display Baterai Pengisi Charger,1501706494,5,Barangnya udah nyampe pengemasan sangat rapi semoga awet dipakai 🫰👍👍,1745668340,12 bulan lalu,PINK,True,Anonymous,0,True,True,
Powerbank 20000 Mah Mini With 4 Usb Cable Lighrweight Universal Powerbank Led Display Baterai Pengisi Charger,1501706461,5,Barangnya sudah di trima dalam kondisi baik 🙏🏻,1745578921,12 bulan lalu,BLACK,True,Anonymous,0,False,False,
Powerbank 20000 Mah Mini With 4 Usb Cable Lighrweight Universal Powerbank Led Display Baterai Pengisi Charger,1501706499,5,Makasih,1745506781,12 bulan lalu,PURPLE,True,Anonymous,0,False,False,
Powerbank 20000 Mah Mini With 4 Usb Cable Lighrweight Universal Powerbank Led Display Baterai Pengisi Charger,1501706524,2,Barang pungsi.. namun... Lemah,1745339436,Lebih dari 1 tahun lalu,BLACK,True,Anonymous,0,True,False,
Powerbank 20000 Mah Mini With 4 Usb Cable Lighrweight Universal Powerbank Led Display Baterai Pengisi Charger,1501706418,5,Sesuai,1745250172,Lebih dari 1 tahun lalu,BLACK,True,Anonymous,0,False,False,
Powerbank 20000 Mah Mini With 4 Usb Cable Lighrweight Universal Powerbank Led Display Baterai Pengisi Charger,1501706495,5,"Dari sekian bnyk toko elektronik yg pernah sy beli,disini terbaik ya..Pengemasan barang sangat terjaga,meskipun dibanting2 ttp aman..tokonya amanah top dah👌👌🫰🫰",1745240928,Lebih dari 1 tahun lalu,PURPLE,True,Anonymous,0,True,True,
Powerbank 20000 Mah Mini With 4 Usb Cable Lighrweight Universal Powerbank Led Display Baterai Pengisi Charger,1501706455,5,"Dari sekian bnyk toko elektronik yg pernah sy beli,disini terbaik ya..Pengemasan barang sangat terjaga,meskipun dibanting2 ttp aman..tokonya amanah top dah👌👌🫰🫰",1745240928,Lebih dari 1 tahun lalu,BLACK,True,Anonymous,0,True,True,
Powerbank 20000 Mah Mini With 4 Usb Cable Lighrweight Universal Powerbank Led Display Baterai Pengisi Charger,1501706408,3,"Prtama unboxing brg sesuai batrai full 100% dicoba pakai sebentar langsung mati sendiri chargerannya ditekan tombol hidupkan die nd hidup pdhal pas awal nya hidup masih 💯, tolong dijelaskn dong min atau saya yang kurg paham pakeknya apa gimana. Ini saya coba cas ulang pwrbnk nya",1745019116,Lebih dari 1 tahun lalu,PINK,True,Anonymous,13,True,True,
Powerbank 20000 Mah Mini With 4 Usb Cable Lighrweight Universal Powerbank Led Display Baterai Pengisi Charger,1501706527,5,Mantap sesuai pesanan kurir baik n ramah . makasih,1744728365,Lebih dari 1 tahun lalu,BLACK,True,Anonymous,0,False,False,
Powerbank 20000 Mah Mini With 4 Usb Cable Lighrweight Universal Powerbank Led Display Baterai Pengisi Charger,1501706486,5,Barang sesuai pesanan pokonya mantap,1744558139,Lebih dari 1 tahun lalu,BLACK,True,Anonymous,0,True,False,
Powerbank 20000 Mah Mini With 4 Usb Cable Lighrweight Universal Powerbank Led Display Baterai Pengisi Charger,1501706501,5,jujur fast chargee,1744458301,Lebih dari 1 tahun lalu,PURPLE,True,Anonymous,0,False,False,
Powerbank 20000 Mah Mini With 4 Usb Cable Lighrweight Universal Powerbank Led Display Baterai Pengisi Charger,1501706498,4,Powerbankx sdh dcas xala to blm dcoba ketahananx..,1743932706,Lebih dari 1 tahun lalu,PINK,True,Anonymous,0,False,False,
Powerbank 20000 Mah Mini With 4 Usb Cable Lighrweight Universal Powerbank Led Display Baterai Pengisi Charger,1501706468,5,Bagus,1743680503,Lebih dari 1 tahun lalu,PURPLE,True,Anonymous,0,False,False,
Powerbank 20000 Mah Mini With 4 Usb Cable Lighrweight Universal Powerbank Led Display Baterai Pengisi Charger,1501706485,5,"Tidak mengecewakan,penjual cepat respon..saat pesanan masuk langsung diproses dan dikemas juga langsung dikirim..hanya lama diperjalanan nya.",1743101682,Lebih dari 1 tahun lalu,PURPLE,True,Anonymous,0,False,False,
Powerbank 20000 Mah Mini With 4 Usb Cable Lighrweight Universal Powerbank Led Display Baterai Pengisi Charger,1501706928,5,Baguss,1742756942,Lebih dari 1 tahun lalu,PINK,True,Anonymous,0,True,False,
Powerbank 20000 Mah Mini With 4 Usb Cable Lighrweight Universal Powerbank Led Display Baterai Pengisi Charger,1501706956,5,Barang sesuai dan berfungsi dgn baik,1742650964,Lebih dari 1 tahun lalu,PURPLE,True,Anonymous,0,False,False,
Powerbank 20000 Mah Mini With 4 Usb Cable Lighrweight Universal Powerbank Led Display Baterai Pengisi Charger,1501706887,5,"Alkhamdulillah, terimakasih abang kurir, toko, tiktok, PB sdh sampai dgn selamat, keren barang nya 👍👍👍👍👍",1742443238,Lebih dari 1 tahun lalu,BLACK,True,Anonymous,0,True,False,
Powerbank 20000 Mah Mini With 4 Usb Cable Lighrweight Universal Powerbank Led Display Baterai Pengisi Charger,1501706919,1,Baru nyampek TPI GK bisa nyalaaaaaaaaa,1741968229,Lebih dari 1 tahun lalu,PURPLE,True,Anonymous,0,False,False,
Powerbank 20000 Mah Mini With 4 Usb Cable Lighrweight Universal Powerbank Led Display Baterai Pengisi Charger,1501706895,2,"Baru Sekali cas hp langsung habis,,, jd di cas  ulang lg PB nya,,, menurut sya ya,klo gni mnding g pake PB, langsung aja di cas hpnya",1741899879,Lebih dari 1 tahun lalu,PURPLE,True,Anonymous,0,False,False,
Powerbank 20000 Mah Mini With 4 Usb Cable Lighrweight Universal Powerbank Led Display Baterai Pengisi Charger,1501706903,5,Trimakasih,1741631396,Lebih dari 1 tahun lalu,PURPLE,True,Anonymous,0,False,False,
Powerbank 20000 Mah Mini With 4 Usb Cable Lighrweight Universal Powerbank Led Display Baterai Pengisi Charger,1501706886,5,"Bagus banget masya Allah, sesuai ekspektasi dan aman juga packingannya",1741597241,Lebih dari 1 tahun lalu,PINK,True,Anonymous,0,True,True,
Powerbank 20000 Mah Mini With 4 Usb Cable Lighrweight Universal Powerbank Led Display Baterai Pengisi Charger,1501706884,5,"Barangnya bagus banget kalau bisa kasih bintang 10 pasti ta kasih bintang 10, hehehe. Makasih min barangnya tiba dengan keadaan baik-baik saja 🤓",1741438991,Lebih dari 1 tahun lalu,PINK,True,Anonymous,0,True,False,
Powerbank 20000 Mah Mini With 4 Usb Cable Lighrweight Universal Powerbank Led Display Baterai Pengisi Charger,1501706863,5,"produkk sesuaiii,baguss bangettt",1741373496,Lebih dari 1 tahun lalu,PINK,True,Anonymous,0,False,False,
Powerbank 20000 Mah Mini With 4 Usb Cable Lighrweight Universal Powerbank Led Display Baterai Pengisi Charger,1501706905,5,"Terimakasih kak pb nya sudah saya terima, bagus , semoga tetap amanah selalu kak.",1741099772,Lebih dari 1 tahun lalu,PINK,True,Anonymous,0,True,False,
Powerbank 20000 Mah Mini With 4 Usb Cable Lighrweight Universal Powerbank Led Display Baterai Pengisi Charger,1501706900,5,masyallah keren warna cantik sesuai ekspetasi,1740952142,Lebih dari 1 tahun lalu,PINK,True,Anonymous,0,True,False,
Powerbank 20000 Mah Mini With 4 Usb Cable Lighrweight Universal Powerbank Led Display Baterai Pengisi Charger,1501706966,5,Berfungsi dgn baik,1740863126,Lebih dari 1 tahun lalu,PINK,True,Anonymous,0,False,False,
Powerbank 20000 Mah Mini With 4 Usb Cable Lighrweight Universal Powerbank Led Display Baterai Pengisi Charger,1501706896,5,Baranya  udah sya Terima barangnya sesuai pesanan Terima kasih yah,1740833553,Lebih dari 1 tahun lalu,PURPLE,True,Anonymous,0,True,False,
Powerbank 20000 Mah Mini With 4 Usb Cable Lighrweight Universal Powerbank Led Display Baterai Pengisi Charger,1501706913,5,Kecil2 cabe rawit,1740433975,Lebih dari 1 tahun lalu,PURPLE,True,Anonymous,0,True,False,
Powerbank 20000 Mah Mini With 4 Usb Cable Lighrweight Universal Powerbank Led Display Baterai Pengisi Charger,1501706890,5,"Bagus mudah2an ja awet y 
Makasi y 🙏🙏",1740390546,Lebih dari 1 tahun lalu,PURPLE,True,Anonymous,0,False,False,
Powerbank 20000 Mah Mini With 4 Usb Cable Lighrweight Universal Powerbank Led Display Baterai Pengisi Charger,1501706961,5,"mantap puas belanja di toko ini,, barang tiba dgn aman dan sesuai pesanan👍👍👍👍",1740155853,Lebih dari 1 tahun lalu,PURPLE,True,Anonymous,0,True,False,
Powerbank 20000 Mah Mini With 4 Usb Cable Lighrweight Universal Powerbank Led Display Baterai Pengisi Charger,1501706954,5,Alhamdullilah paketan cpt nyampe langsung tak coba mantap banget..,1739784993,Lebih dari 1 tahun lalu,PURPLE,True,Anonymous,0,True,False,
Powerbank 20000 Mah Mini With 4 Usb Cable Lighrweight Universal Powerbank Led Display Baterai Pengisi Charger,1501706960,5,"bagus bnget powerbank nya lucu warna nya dpet harga 65,5k dah gratis ongkir next time beli lagi jngan ragu beli di toko ini",1739727196,Lebih dari 1 tahun lalu,PURPLE,True,Anonymous,0,True,True,
Powerbank 20000 Mah Mini With 4 Usb Cable Lighrweight Universal Powerbank Led Display Baterai Pengisi Charger,1501706880,5,Bag7uuuud,1739715531,Lebih dari 1 tahun lalu,PURPLE,True,Anonymous,0,False,False,
Powerbank 20000 Mah Mini With 4 Usb Cable Lighrweight Universal Powerbank Led Display Baterai Pengisi Charger,1501707365,5,"Sangatt baguss berfungsi dengan baik, lumayan fastcharging udah dicobaa",1739450703,Lebih dari 1 tahun lalu,PINK,True,Anonymous,0,True,False,
Powerbank 20000 Mah Mini With 4 Usb Cable Lighrweight Universal Powerbank Led Display Baterai Pengisi Charger,1501707384,5,"Powerbank oesanan saya sudah samapi dan di terima dengan baik, bagus powerbank nya dengan harha segitu, semoga tahan lama dan ttp bagus, kurir nya jg ramah danntepat waktu",1739444343,Lebih dari 1 tahun lalu,PINK,True,Anonymous,0,True,True,
Powerbank 20000 Mah Mini With 4 Usb Cable Lighrweight Universal Powerbank Led Display Baterai Pengisi Charger,1501707338,5,"Berfungsi baik, warnanya lucuuu, packaging nya safety bgt.. pengiriman dan balesan owner jg gercep
Quality of work: Good
Performance: Good",1739372104,Lebih dari 1 tahun lalu,PURPLE,True,Anonymous,0,False,False,
Powerbank 20000 Mah Mini With 4 Usb Cable Lighrweight Universal Powerbank Led Display Baterai Pengisi Charger,1501707374,5,"PBnya baru datang barangnya mungil enak dibawa kemana²,datang dengan aman terimakasih seller 🥰",1739352991,Lebih dari 1 tahun lalu,BLACK,True,Anonymous,0,True,False,
Powerbank 20000 Mah Mini With 4 Usb Cable Lighrweight Universal Powerbank Led Display Baterai Pengisi Charger,1501707270,5,Blm d coba semoga aj bgs dan awet,1739187692,Lebih dari 1 tahun lalu,BLACK,True,Anonymous,0,False,False,
Powerbank 20000 Mah Mini With 4 Usb Cable Lighrweight Universal Powerbank Led Display Baterai Pengisi Charger,1501707372,5,"bagus bangett, semoga awet ya",1739022294,Lebih dari 1 tahun lalu,BLACK,True,Anonymous,0,True,False,
Powerbank 20000 Mah Mini With 4 Usb Cable Lighrweight Universal Powerbank Led Display Baterai Pengisi Charger,1501707275,5,Bagus bgt ... Smoga awet ya..,1739009119,Lebih dari 1 tahun lalu,PURPLE,True,Anonymous,0,True,False,
Powerbank 20000 Mah Mini With 4 Usb Cable Lighrweight Universal Powerbank Led Display Baterai Pengisi Charger,1501707328,5,"Dari awal pemesanan hingga landing nya br dirmh, oke semua, cepat dan paket rapih, aman diwrapp bubble, dicek jg bagus, semoga awet terus, kurir nya jg sopan, ThankU toko dan kurir nya amanah 🤗",1738859008,Lebih dari 1 tahun lalu,BLACK,True,Anonymous,0,True,False,
Powerbank 20000 Mah Mini With 4 Usb Cable Lighrweight Universal Powerbank Led Display Baterai Pengisi Charger,1501707269,5,Bagus sesuaii,1738587054,Lebih dari 1 tahun lalu,PURPLE,True,Anonymous,0,False,False,
Powerbank 20000 Mah Mini With 4 Usb Cable Lighrweight Universal Powerbank Led Display Baterai Pengisi Charger,1501707419,5,Ok mantap barang bagus sesuai expetasi,1738581505,Lebih dari 1 tahun lalu,BLACK,True,Anonymous,0,True,False,
Powerbank 20000 Mah Mini With 4 Usb Cable Lighrweight Universal Powerbank Led Display Baterai Pengisi Charger,1501707366,5,Bagus,1738573644,Lebih dari 1 tahun lalu,BLACK,True,Anonymous,0,False,False,
Powerbank 20000 Mah Mini With 4 Usb Cable Lighrweight Universal Powerbank Led Display Baterai Pengisi Charger,1501707309,5,bagussss gemasss jugaaa🎀🎀🎀,1738505913,Lebih dari 1 tahun lalu,PURPLE,True,Anonymous,0,False,False,
Powerbank 20000 Mah Mini With 4 Usb Cable Lighrweight Universal Powerbank Led Display Baterai Pengisi Charger,1501707381,5,Alhamdulillah Barang sudah tiba. Walaupun Kecil berguna juga. Chash HP model apapun.,1738361685,Lebih dari 1 tahun lalu,BLACK,True,Anonymous,0,True,False,
Powerbank 20000 Mah Mini With 4 Usb Cable Lighrweight Universal Powerbank Led Display Baterai Pengisi Charger,1501707293,5,Sesuai gambar dan barang nya bagus dan berfungsi,1738342137,Lebih dari 1 tahun lalu,BLACK,True,Anonymous,1,True,True,
Powerbank 20000 Mah Mini With 4 Usb Cable Lighrweight Universal Powerbank Led Display Baterai Pengisi Charger,1501707273,5,Saya kira tdi brang padam...sempat kecewa ternyata barang mantul,1738143315,Lebih dari 1 tahun lalu,PURPLE,True,Anonymous,0,False,False,
Powerbank 20000 Mah Mini With 4 Usb Cable Lighrweight Universal Powerbank Led Display Baterai Pengisi Charger,1501707260,5,"Berpungsi dengan baik,puas pko nya",1737884026,Lebih dari 1 tahun lalu,PURPLE,True,Anonymous,0,False,True,
Powerbank 20000 Mah Mini With 4 Usb Cable Lighrweight Universal Powerbank Led Display Baterai Pengisi Charger,1501707418,5,Alhamdulillah produk datang dengan selamat walaupun dengan kondisi packing rusak (sobek). Berfungsi dengan normal dan lancar.,1737363763,Lebih dari 1 tahun lalu,PINK,True,Anonymous,0,False,True,
Powerbank 20000 Mah Mini With 4 Usb Cable Lighrweight Universal Powerbank Led Display Baterai Pengisi Charger,1501707288,5,Produknya sesuai hargalah,1737208795,Lebih dari 1 tahun lalu,BLACK,True,Anonymous,0,True,False,
Powerbank 20000 Mah Mini With 4 Usb Cable Lighrweight Universal Powerbank Led Display Baterai Pengisi Charger,1501707400,5,"barang bagus masih menyala semua, packaging aman barang aman masih bersegel",1737189358,Lebih dari 1 tahun lalu,BLACK,True,Anonymous,0,False,True,
Powerbank 20000 Mah Mini With 4 Usb Cable Lighrweight Universal Powerbank Led Display Baterai Pengisi Charger,1501707627,5,Barang sudah diterima dan berfungsi dgn baik,1737135778,Lebih dari 1 tahun lalu,BLACK,True,Anonymous,0,True,False,
Powerbank 20000 Mah Mini With 4 Usb Cable Lighrweight Universal Powerbank Led Display Baterai Pengisi Charger,1501707635,5,Mantapppp,1737119968,Lebih dari 1 tahun lalu,PURPLE,True,Anonymous,0,False,False,
Powerbank 20000 Mah Mini With 4 Usb Cable Lighrweight Universal Powerbank Led Display Baterai Pengisi Charger,1501707792,5,Mantap,1737114628,Lebih dari 1 tahun lalu,BLACK,True,Anonymous,0,False,False,
Powerbank 20000 Mah Mini With 4 Usb Cable Lighrweight Universal Powerbank Led Display Baterai Pengisi Charger,1501707720,5,Barang bagus,1736966054,Lebih dari 1 tahun lalu,PURPLE,True,Anonymous,0,False,False,
Powerbank 20000 Mah Mini With 4 Usb Cable Lighrweight Universal Powerbank Led Display Baterai Pengisi Charger,1501707768,5,"barang sudah datang dan kondisi sempurna dan lengkap
semoga awet",1736864072,Lebih dari 1 tahun lalu,BLACK,True,Anonymous,0,False,False,
Powerbank 20000 Mah Mini With 4 Usb Cable Lighrweight Universal Powerbank Led Display Baterai Pengisi Charger,1501707805,1,"Kabel cas dr sna nya ga brfungsi ,mau cas tapi ga msuk²
Udh ksh tau seller tp layanan ny tak bgs . Nyesal beli d TOKO ini !! 
Ga bakalan beli lgi",1736851993,Lebih dari 1 tahun lalu,BLACK,True,Anonymous,0,True,False,
Powerbank 20000 Mah Mini With 4 Usb Cable Lighrweight Universal Powerbank Led Display Baterai Pengisi Charger,1501707770,5,Paketan nya rapih belum di coba semoga awet dan bagus powerbank nya terimakasih,1736790017,Lebih dari 1 tahun lalu,BLACK,True,Anonymous,0,True,False,
Powerbank 20000 Mah Mini With 4 Usb Cable Lighrweight Universal Powerbank Led Display Baterai Pengisi Charger,1501707731,5,sesuai dengan pesanan puas belanjaa di CHINDO DIGITAL,1736708007,Lebih dari 1 tahun lalu,PURPLE,True,Anonymous,0,False,False,
Powerbank 20000 Mah Mini With 4 Usb Cable Lighrweight Universal Powerbank Led Display Baterai Pengisi Charger,1501707779,5,Bagus barangnya berfungsi dengan baik👍,1736628400,Lebih dari 1 tahun lalu,PURPLE,True,Anonymous,0,False,False,
Powerbank 20000 Mah Mini With 4 Usb Cable Lighrweight Universal Powerbank Led Display Baterai Pengisi Charger,1501707776,5,Lucuuu bangett aku sukaaaaa🤍🤍,1736592987,Lebih dari 1 tahun lalu,PURPLE,True,Anonymous,0,False,False,
Powerbank 20000 Mah Mini With 4 Usb Cable Lighrweight Universal Powerbank Led Display Baterai Pengisi Charger,1501707784,5,Buat ngecas cepet habis kacow,1736583470,Lebih dari 1 tahun lalu,BLACK,True,Anonymous,0,False,False,
Powerbank 20000 Mah Mini With 4 Usb Cable Lighrweight Universal Powerbank Led Display Baterai Pengisi Charger,1501707758,5,bagus sesuai warna,1736528618,Lebih dari 1 tahun lalu,PINK,True,Anonymous,0,True,False,
Powerbank 20000 Mah Mini With 4 Usb Cable Lighrweight Universal Powerbank Led Display Baterai Pengisi Charger,1501707782,5,"Paket sudah. Datang .dengan selamat 
Bagus .pawer beng nya .  .trimakasih",1736494352,Lebih dari 1 tahun lalu,PURPLE,True,Anonymous,0,False,False,
Powerbank 20000 Mah Mini With 4 Usb Cable Lighrweight Universal Powerbank Led Display Baterai Pengisi Charger,1501707637,5,"Alhamdulillahbsudah sampai powerbank nya,pengiriman cepat dan kondisi barang aman mulus tdk ada yg cacat..semoga awet di pake nya
Terimakasih untuk ttk toped dn mmg kurirnya..🙏",1736355681,Lebih dari 1 tahun lalu,BLACK,True,Anonymous,0,True,False,
Powerbank 20000 Mah Mini With 4 Usb Cable Lighrweight Universal Powerbank Led Display Baterai Pengisi Charger,1501707752,5,Barang nya udah nyampe mudah&#34;an bagus da kuat  belum d coba,1736351091,Lebih dari 1 tahun lalu,PINK,True,Anonymous,0,False,False,
Powerbank 20000 Mah Mini With 4 Usb Cable Lighrweight Universal Powerbank Led Display Baterai Pengisi Charger,1501707775,5,Mantap 👍👍👍,1736270144,Lebih dari 1 tahun lalu,PURPLE,True,Anonymous,0,True,False,
Powerbank 20000 Mah Mini With 4 Usb Cable Lighrweight Universal Powerbank Led Display Baterai Pengisi Charger,1501707793,2,Powerbank tidak mengisi saat di cas,1736230937,Lebih dari 1 tahun lalu,PURPLE,True,Anonymous,0,True,False,
Powerbank 20000 Mah Mini With 4 Usb Cable Lighrweight Universal Powerbank Led Display Baterai Pengisi Charger,1501707780,5,"Baguss, semiga aja awett",1736198830,Lebih dari 1 tahun lalu,PINK,True,Anonymous,0,True,False,
Powerbank 20000 Mah Mini With 4 Usb Cable Lighrweight Universal Powerbank Led Display Baterai Pengisi Charger,1501707809,1,Tidak bagus 20000 mAh HP saya baru mengisi 30 persen udah low ini PB😡,1736196785,Lebih dari 1 tahun lalu,PURPLE,True,Anonymous,0,False,False,
Powerbank 20000 Mah Mini With 4 Usb Cable Lighrweight Universal Powerbank Led Display Baterai Pengisi Charger,1501707730,5,Good,1736009455,Lebih dari 1 tahun lalu,PURPLE,True,Anonymous,0,False,False,
Powerbank 20000 Mah Mini With 4 Usb Cable Lighrweight Universal Powerbank Led Display Baterai Pengisi Charger,1501707728,5,Alhamdulillah paket sudah sampai sesuai deskripsi tks,1735932618,Lebih dari 1 tahun lalu,BLACK,True,Anonymous,0,True,False,
Powerbank 20000 Mah Mini With 4 Usb Cable Lighrweight Universal Powerbank Led Display Baterai Pengisi Charger,1501707757,5,Bagus,1735895029,Lebih dari 1 tahun lalu,PINK,True,Anonymous,0,False,False,
Powerbank 20000 Mah Mini With 4 Usb Cable Lighrweight Universal Powerbank Led Display Baterai Pengisi Charger,1501707787,5,Sesuai pesanan,1735568953,Lebih dari 1 tahun lalu,BLACK,True,Anonymous,0,False,False,
Powerbank 20000 Mah Mini With 4 Usb Cable Lighrweight Universal Powerbank Led Display Baterai Pengisi Charger,1501707732,1,Saya belum menerima paket ny gimana saya tulis ulasan ny,1735563723,Lebih dari 1 tahun lalu,PURPLE,True,Anonymous,0,False,False,
Powerbank 20000 Mah Mini With 4 Usb Cable Lighrweight Universal Powerbank Led Display Baterai Pengisi Charger,1501707628,1,Pesen power bank kenapa yang di kirim spiker blutut. Tipu tipu nih,1734438319,Lebih dari 1 tahun lalu,BLACK,True,Anonymous,0,True,False,
Powerbank 20000 Mah Mini With 4 Usb Cable Lighrweight Universal Powerbank Led Display Baterai Pengisi Charger,1501708142,2,"Perasaan saya pesan yang powerbank, yg datang keyboard 🫢",1734383275,Lebih dari 1 tahun lalu,BLACK,True,Anonymous,0,False,True,
Powerbank 20000 Mah Mini With 4 Usb Cable Lighrweight Universal Powerbank Led Display Baterai Pengisi Charger,1501708140,5,"warna:hitam 
kualitasnya bagus 
masih dipelajari kegunaannya apa saja",1734189159,Lebih dari 1 tahun lalu,BLACK,True,Anonymous,0,True,True,
Powerbank 20000 Mah Mini With 4 Usb Cable Lighrweight Universal Powerbank Led Display Baterai Pengisi Charger,1501708146,5,"Sesuai kriteria, untuk kualitas tahan lama masih uji coba, semoga awet",1733766007,Lebih dari 1 tahun lalu,BLACK,True,Anonymous,0,False,False,
Powerbank 20000 Mah Mini With 4 Usb Cable Lighrweight Universal Powerbank Led Display Baterai Pengisi Charger,1501708319,5,"Makasih kak, semoga awet",1733656839,Lebih dari 1 tahun lalu,BLACK,True,Anonymous,0,False,False,
Powerbank 20000 Mah Mini With 4 Usb Cable Lighrweight Universal Powerbank Led Display Baterai Pengisi Charger,1501708349,5,"Produk Sangat sangat memuaskan,dijamin tidak mengecewakan🤩🔥",1733648708,Lebih dari 1 tahun lalu,BLACK,True,Anonymous,0,False,False,
Powerbank 20000 Mah Mini With 4 Usb Cable Lighrweight Universal Powerbank Led Display Baterai Pengisi Charger,1501708316,5,Barang nya sama dengan yg di posting bagus,1733418406,Lebih dari 1 tahun lalu,PURPLE,True,Anonymous,0,False,False,
Powerbank 20000 Mah Mini With 4 Usb Cable Lighrweight Universal Powerbank Led Display Baterai Pengisi Charger,1501708351,5,Berfungsi dg baik pkok ny amanah bngt tokoh ini buat kalian jgn ragu dn jgn bimbang klo mau blik di tokoh ini,1733254386,Lebih dari 1 tahun lalu,BLACK,True,Anonymous,0,False,True,
Powerbank 20000 Mah Mini With 4 Usb Cable Lighrweight Universal Powerbank Led Display Baterai Pengisi Charger,1501708326,4,"Baguss,cuma pas ngecas nya aja lamaa,tapii gapapaa yang penting keisi👍🏻",1732900303,Lebih dari 1 tahun lalu,PINK,True,Anonymous,0,False,False,
Powerbank 20000 Mah Mini With 4 Usb Cable Lighrweight Universal Powerbank Led Display Baterai Pengisi Charger,1501708350,5,"Pengemasan rapi aman, barang bagus",1732889602,Lebih dari 1 tahun lalu,BLACK,True,Anonymous,0,False,False,
Powerbank 20000 Mah Mini With 4 Usb Cable Lighrweight Universal Powerbank Led Display Baterai Pengisi Charger,1501708346,3,Alhamdulillah sudah sampai barangnya bagus cuma agak lama kaya gak ada tegangan tp lama kelamaan hidup juga,1732807402,Lebih dari 1 tahun lalu,BLACK,True,Anonymous,0,True,False,
Powerbank 20000 Mah Mini With 4 Usb Cable Lighrweight Universal Powerbank Led Display Baterai Pengisi Charger,1501708348,4,Barang SDH sampai smga kualitasnya bgus,1732367702,Lebih dari 1 tahun lalu,PURPLE,True,Anonymous,0,True,False,
Powerbank 20000 Mah Mini With 4 Usb Cable Lighrweight Universal Powerbank Led Display Baterai Pengisi Charger,1501708307,4,Cocok,1732313884,Lebih dari 1 tahun lalu,BLACK,True,Anonymous,0,False,False,
Powerbank 20000 Mah Mini With 4 Usb Cable Lighrweight Universal Powerbank Led Display Baterai Pengisi Charger,1501708362,5,mantap nyo,1732056498,Lebih dari 1 tahun lalu,BLACK,True,Anonymous,0,False,False,
Powerbank 20000 Mah Mini With 4 Usb Cable Lighrweight Universal Powerbank Led Display Baterai Pengisi Charger,1501708321,5,Alhamdulilah bagus,1731957321,Lebih dari 1 tahun lalu,PURPLE,True,Anonymous,0,False,False,
Powerbank 20000 Mah Mini With 4 Usb Cable Lighrweight Universal Powerbank Led Display Baterai Pengisi Charger,1501708317,5,Barang sesuai dan aman pengiriman nya cepat,1731931604,Lebih dari 1 tahun lalu,BLACK,True,Anonymous,0,False,False,
Powerbank 20000 Mah Mini With 4 Usb Cable Lighrweight Universal Powerbank Led Display Baterai Pengisi Charger,1501708330,5,"Sudah sampai Thank you , Semoga Awet yaa",1731783154,Lebih dari 1 tahun lalu,BLACK,True,Anonymous,0,True,False,
Powerbank 20000 Mah Mini With 4 Usb Cable Lighrweight Universal Powerbank Led Display Baterai Pengisi Charger,1501708334,5,"Pengemasan sangat aman, pengiriman cepat, barang bagus",1731768379,Lebih dari 1 tahun lalu,BLACK,True,Anonymous,0,False,False,
Powerbank 20000 Mah Mini With 4 Usb Cable Lighrweight Universal Powerbank Led Display Baterai Pengisi Charger,1501708315,5,mantap,1731671626,Lebih dari 1 tahun lalu,PURPLE,True,Anonymous,0,False,False,
Powerbank 20000 Mah Mini With 4 Usb Cable Lighrweight Universal Powerbank Led Display Baterai Pengisi Charger,1501708344,1,Punya saya gak bisa masuk casan nya tipe saya type c tapi gak bisa masuk,1731669558,Lebih dari 1 tahun lalu,BLACK,True,Anonymous,0,False,False,
Powerbank 20000 Mah Mini With 4 Usb Cable Lighrweight Universal Powerbank Led Display Baterai Pengisi Charger,1501708306,1,"Kejernihan lensa: Bissa
Kualitas pengerjaan: Pengerjaan PB ny jlk
Performa: Kualitas abal2..katanya 20.000mah ..baru dipake buat ngecash 3% langsung habis .NOT RECOMMENDED..NYESEL
..",1731575059,Lebih dari 1 tahun lalu,BLACK,True,Anonymous,0,True,False,
Powerbank 20000 Mah Mini With 4 Usb Cable Lighrweight Universal Powerbank Led Display Baterai Pengisi Charger,1501708560,5,Keren dan sangat bgus di bawh bwh jauh,1731540072,Lebih dari 1 tahun lalu,PURPLE,True,Anonymous,0,True,False,
Powerbank 20000 Mah Mini With 4 Usb Cable Lighrweight Universal Powerbank Led Display Baterai Pengisi Charger,1501708690,5,Bagus,1731515990,Lebih dari 1 tahun lalu,PURPLE,True,Anonymous,0,False,False,
Powerbank 20000 Mah Mini With 4 Usb Cable Lighrweight Universal Powerbank Led Display Baterai Pengisi Charger,1501708552,1,Nyesel beli disini ktnya 20000mah tapi baru pake kurang dari 30menit cuma naik 30-40%,1731369197,Lebih dari 1 tahun lalu,BLACK,True,Anonymous,0,False,False,
Powerbank 20000 Mah Mini With 4 Usb Cable Lighrweight Universal Powerbank Led Display Baterai Pengisi Charger,1501708661,5,ckp 👍,1731321410,Lebih dari 1 tahun lalu,PURPLE,True,Anonymous,0,False,False,
Powerbank 20000 Mah Mini With 4 Usb Cable Lighrweight Universal Powerbank Led Display Baterai Pengisi Charger,1501708721,5,Sdh trima,1731167219,Lebih dari 1 tahun lalu,BLACK,True,Anonymous,0,False,False,
Powerbank 20000 Mah Mini With 4 Usb Cable Lighrweight Universal Powerbank Led Display Baterai Pengisi Charger,1501708637,5,Makasih barang udah nyampe sesuai dengan pesanan semoga awet....,1730916165,Lebih dari 1 tahun lalu,BLACK,True,Anonymous,0,True,False,
Powerbank 20000 Mah Mini With 4 Usb Cable Lighrweight Universal Powerbank Led Display Baterai Pengisi Charger,1501708689,4,Sesuai real pic tp maaf kok batre nya CPt habis,1730664595,Lebih dari 1 tahun lalu,BLACK,True,Anonymous,0,False,False,
Powerbank 20000 Mah Mini With 4 Usb Cable Lighrweight Universal Powerbank Led Display Baterai Pengisi Charger,1501708711,4,Mantap sesuai pesanan kulitnya ramah dan cepat pokoknya jos beli di toko ini jangan kuatir ya jangan takut beli aja di toko ini orangnya amanah dan ramah Oke jos jos jos jos jos jos,1730659464,Lebih dari 1 tahun lalu,BLACK,True,Anonymous,1,False,True,
Powerbank 20000 Mah Mini With 4 Usb Cable Lighrweight Universal Powerbank Led Display Baterai Pengisi Charger,1501708746,5,sesuai dan baguss,1730635393,Lebih dari 1 tahun lalu,BLACK,True,Anonymous,0,True,False,
Powerbank 20000 Mah Mini With 4 Usb Cable Lighrweight Universal Powerbank Led Display Baterai Pengisi Charger,1501708738,1,Baru ngisi udah bicor trus saya cas lg fb ny masa ia blm ada setengah jam udah penuh bner2 kecewa saya,1730503726,Lebih dari 1 tahun lalu,PURPLE,True,Anonymous,0,True,False,
Powerbank 20000 Mah Mini With 4 Usb Cable Lighrweight Universal Powerbank Led Display Baterai Pengisi Charger,1501708574,5,"Packagingnya bagus, Pelayanan bagus chat pengen dikirim segera krn mau keluar kota, powerbanknya oke berjalan dgn baik, imut dan warnanya cantik, Terima kasih",1730309912,Lebih dari 1 tahun lalu,PURPLE,True,Anonymous,0,True,False,
Powerbank 20000 Mah Mini With 4 Usb Cable Lighrweight Universal Powerbank Led Display Baterai Pengisi Charger,1501708722,1,power bank nya ga awet,1730109163,Lebih dari 1 tahun lalu,PINK,True,Anonymous,0,False,False,
Powerbank 20000 Mah Mini With 4 Usb Cable Lighrweight Universal Powerbank Led Display Baterai Pengisi Charger,1501708693,5,"Bagus, berfungsi dg baik, pengiriman cepat, recommended seller, terima kasih.",1730043467,Lebih dari 1 tahun lalu,PURPLE,True,Anonymous,0,True,False,
Powerbank 20000 Mah Mini With 4 Usb Cable Lighrweight Universal Powerbank Led Display Baterai Pengisi Charger,1501708777,5,Realpick,1729938946,Lebih dari 1 tahun lalu,PURPLE,True,Anonymous,0,True,False,
Powerbank 20000 Mah Mini With 4 Usb Cable Lighrweight Universal Powerbank Led Display Baterai Pengisi Charger,1501708554,4,Matap sesuai pesanan cepat sampainya 👍🏻👍🏻👍🏻👍🏻👍🏻👍🏻👍🏻👍🏻👍🏻👍🏻👍🏻👍🏻👍🏻👍🏻👍🏻👍🏻👍🏻👍🏻👍🏻👍🏻 poko jangan kuwatir ya beli di toko ini,1729760847,Lebih dari 1 tahun lalu,BLACK,True,Anonymous,0,False,False,
Powerbank 20000 Mah Mini With 4 Usb Cable Lighrweight Universal Powerbank Led Display Baterai Pengisi Charger,1501708706,5,bintang yg berbicara ga mengecewakan,1729638556,Lebih dari 1 tahun lalu,PINK,True,Anonymous,0,False,False,
Powerbank 20000 Mah Mini With 4 Usb Cable Lighrweight Universal Powerbank Led Display Baterai Pengisi Charger,1501708719,5,Semuanya bagus berfungsi dengan baik lg di cas cuma pengiriman agak lama karena promo 10.10 masih ada JD harus menunggu dtg paket seminggu lbh,1729417509,Lebih dari 1 tahun lalu,BLACK,True,Anonymous,0,False,True,
Powerbank 20000 Mah Mini With 4 Usb Cable Lighrweight Universal Powerbank Led Display Baterai Pengisi Charger,1501708640,5,Bagus,1729275684,Lebih dari 1 tahun lalu,PURPLE,True,Anonymous,0,False,False,
Powerbank 20000 Mah Mini With 4 Usb Cable Lighrweight Universal Powerbank Led Display Baterai Pengisi Charger,1501708572,5,Barangnya bagus kurirnya jg ramah,1729256310,Lebih dari 1 tahun lalu,BLACK,True,Anonymous,0,False,False,
Powerbank 20000 Mah Mini With 4 Usb Cable Lighrweight Universal Powerbank Led Display Baterai Pengisi Charger,1501708700,5,Powerbank ada microusb sesuai yang saya butuhkan,1729196415,Lebih dari 1 tahun lalu,BLACK,True,Anonymous,0,False,True,
Powerbank 20000 Mah Mini With 4 Usb Cable Lighrweight Universal Powerbank Led Display Baterai Pengisi Charger,1501708996,5,bgusss bgttt kaaa pliss lucu juga warnanyaaa 🥹🫰🏻🫰🏻🫰🏻,1729186891,Lebih dari 1 tahun lalu,PURPLE,True,Anonymous,0,False,True,
Powerbank 20000 Mah Mini With 4 Usb Cable Lighrweight Universal Powerbank Led Display Baterai Pengisi Charger,1501709008,5,Baru nyampei ..trus di coba bagus ..semuanya berfungsi dgn baik ..mksh buat toko dan tiktok ..,1729105751,Lebih dari 1 tahun lalu,PURPLE,True,Anonymous,0,True,False,
Powerbank 20000 Mah Mini With 4 Usb Cable Lighrweight Universal Powerbank Led Display Baterai Pengisi Charger,1501709182,5,"Barangnya bagus, pengiriman cepat",1728820083,Lebih dari 1 tahun lalu,BLACK,True,Anonymous,0,False,False,
Powerbank 20000 Mah Mini With 4 Usb Cable Lighrweight Universal Powerbank Led Display Baterai Pengisi Charger,1501709129,5,Mantap pooolll,1728639293,Lebih dari 1 tahun lalu,PURPLE,True,Anonymous,0,True,False,
Powerbank 20000 Mah Mini With 4 Usb Cable Lighrweight Universal Powerbank Led Display Baterai Pengisi Charger,1501709072,5,Barangnya jadi pas di coba,1727782474,Lebih dari 1 tahun lalu,BLACK,True,Anonymous,0,True,False,
Powerbank 20000 Mah Mini With 4 Usb Cable Lighrweight Universal Powerbank Led Display Baterai Pengisi Charger,1501709121,5,Barangnya jadi,1727782474,Lebih dari 1 tahun lalu,PURPLE,True,Anonymous,0,True,False,
Powerbank 20000 Mah Mini With 4 Usb Cable Lighrweight Universal Powerbank Led Display Baterai Pengisi Charger,1501709138,5,"Mantappp ,, bagus kak",1727254004,Lebih dari 1 tahun lalu,PURPLE,True,Anonymous,0,True,False,
Powerbank 20000 Mah Mini With 4 Usb Cable Lighrweight Universal Powerbank Led Display Baterai Pengisi Charger,1095245844,5,bagus,1726848592,Lebih dari 1 tahun lalu,Pink,True,Anonymous,0,False,False,Terima kasih telah berbelanja di CHINDO DIGITAL. Bagikan link toko kami https://www.tokopedia.com/chindodigital kepada teman-teman kamu. Jangan lupa follow toko kami untuk tahu update terbaru tentang stok dan produk yang kami tawarkan.
Powerbank 20000 Mah Mini With 4 Usb Cable Lighrweight Universal Powerbank Led Display Baterai Pengisi Charger,1501709125,5,Bagus bangets sesuai dengan yang diinginkan sumpah ini dengan harga segitu perfect bangetttytttttttttttttttt woyyyyyyy cepetan beliiii,1726174031,Lebih dari 1 tahun lalu,PINK,True,Anonymous,0,False,True,
Powerbank 20000 Mah Mini With 4 Usb Cable Lighrweight Universal Powerbank Led Display Baterai Pengisi Charger,1501709190,4,"warnanya baguss  cute trs barangnya juga awett rekomen bnget deh,maaf ya baru kasi ulasaannya",1726092170,Lebih dari 1 tahun lalu,PURPLE,True,Anonymous,0,True,False,
Powerbank 20000 Mah Mini With 4 Usb Cable Lighrweight Universal Powerbank Led Display Baterai Pengisi Charger,1501709069,5,Mantap satu barangnya fungsinya banyak,1725699486,Lebih dari 1 tahun lalu,PINK,True,Anonymous,0,False,False,
Powerbank 20000 Mah Mini With 4 Usb Cable Lighrweight Universal Powerbank Led Display Baterai Pengisi Charger,1501709130,2,K knp power Bank ny g jln ya ... Itu d cas g mju trs aja 52 gmna ini bs retur,1723987042,Lebih dari 1 tahun lalu,BLACK,True,Anonymous,0,True,False,
Powerbank 20000 Mah Mini With 4 Usb Cable Lighrweight Universal Powerbank Led Display Baterai Pengisi Charger,1501709102,5,Like,1723145476,Lebih dari 1 tahun lalu,BLACK,True,Anonymous,0,False,False,
Powerbank 20000 Mah Mini With 4 Usb Cable Lighrweight Universal Powerbank Led Display Baterai Pengisi Charger,1501709135,5,Terima kasih .Mantap sesuai pesanan,1719080852,Lebih dari 1 tahun lalu,PURPLE,True,Anonymous,0,False,False,
Powerbank 20000 Mah Mini With 4 Usb Cable Lighrweight Universal Powerbank Led Display Baterai Pengisi Charger,1501709123,5,Sesuai gambar,1716041631,Lebih dari 1 tahun lalu,PURPLE,True,Anonymous,0,False,False,
Powerbank 20000 Mah Mini With 4 Usb Cable Lighrweight Universal Powerbank Led Display Baterai Pengisi Charger,1501709116,5,Bagus,1716024077,Lebih dari 1 tahun lalu,PURPLE,True,Anonymous,0,False,False,
Powerbank 20000 Mah Mini With 4 Usb Cable Lighrweight Universal Powerbank Led Display Baterai Pengisi Charger,1501709113,5,Suka bangat sama produknya mudahan awet next beli lagi,1714850371,Lebih dari 1 tahun lalu,PURPLE,True,Anonymous,0,True,False,
Powerbank 20000 Mah Mini With 4 Usb Cable Lighrweight Universal Powerbank Led Display Baterai Pengisi Charger,1501709112,2,"Barangnya bagus.
Makasih🙏",1712783420,Lebih dari 1 tahun lalu,BLACK,True,Anonymous,0,False,False,
Powerbank 20000 Mah Mini With 4 Usb Cable Lighrweight Universal Powerbank Led Display Baterai Pengisi Charger,1501709096,5,"Mantap, cepat, dan real kualitasnya
Pas nyampe kaget juga packaging nya 👍👍👍",1712445962,Lebih dari 1 tahun lalu,BLACK,True,Anonymous,0,False,False,
Powerbank 20000 Mah Mini With 4 Usb Cable Lighrweight Universal Powerbank Led Display Baterai Pengisi Charger,1501709457,5,"Kondisi bagus, pengiriman cepat juga.",1711815276,Lebih dari 1 tahun lalu,BLACK,True,Anonymous,0,True,False,
Powerbank 20000 Mah Mini With 4 Usb Cable Lighrweight Universal Powerbank Led Display Baterai Pengisi Charger,1501709526,1,"Kecewa, ... KECEWA..... Toko  gak teliti   gaaak Aman aaaah.... Nyesel",1711497775,Lebih dari 1 tahun lalu,BLACK,True,Anonymous,0,False,False,
Powerbank 20000 Mah Mini With 4 Usb Cable Lighrweight Universal Powerbank Led Display Baterai Pengisi Charger,1501709547,5,Alus lah arek meli deui,1711197418,Lebih dari 1 tahun lalu,BLACK,True,Anonymous,0,False,False,
Powerbank 20000 Mah Mini With 4 Usb Cable Lighrweight Universal Powerbank Led Display Baterai Pengisi Charger,1501709530,5,Brfungsi dgn normal😌,1710463179,Lebih dari 1 tahun lalu,PURPLE,True,Anonymous,0,False,False,
Powerbank 20000 Mah Mini With 4 Usb Cable Lighrweight Universal Powerbank Led Display Baterai Pengisi Charger,1501709520,5,👍🏻,1710431617,Lebih dari 1 tahun lalu,PURPLE,True,Anonymous,0,False,False,
Powerbank 20000 Mah Mini With 4 Usb Cable Lighrweight Universal Powerbank Led Display Baterai Pengisi Charger,1501709465,5,Sangat bgus,1710327699,Lebih dari 1 tahun lalu,PURPLE,True,Anonymous,0,True,False,
Powerbank 20000 Mah Mini With 4 Usb Cable Lighrweight Universal Powerbank Led Display Baterai Pengisi Charger,1011856616,3,"Produk sesuai pesanan, dikemas aman, berfungsi baik, hanya pengiriman dari penjual ke ekspedisi/kurirnya sangat lama. Padahal di keterangan toko di atas pukul 15.00 dikirim hari berikutnya. Saya order tgl 4 Maret pkl 13.24, harusnya hari yang sama dikirim ke kurir, tapi baru proses delivery 2 hari berikutnya, tgl 6 Maret, mengecewakan. Tadinya mau repeat order, tapi khawatir lama lagi dikirimnya. Agar dapat diperbaiki layanannya. Terima kasih.",1709928313,Lebih dari 1 tahun lalu,Black,False,Viny,0,False,False,Terima kasih telah berbelanja di CHINDO DIGITAL. Bagikan link toko kami https://www.tokopedia.com/chindodigital kepada teman-teman kamu. Jangan lupa follow toko kami untuk tahu update terbaru tentang stok dan produk yang kami tawarkan.
Powerbank 20000 Mah Mini With 4 Usb Cable Lighrweight Universal Powerbank Led Display Baterai Pengisi Charger,1501709414,5,Bagus,1709625580,Lebih dari 1 tahun lalu,PURPLE,True,Anonymous,0,False,False,
Powerbank 20000 Mah Mini With 4 Usb Cable Lighrweight Universal Powerbank Led Display Baterai Pengisi Charger,1501709534,4,Alhamdulillah bagus banget barang nya hehe,1709489831,Lebih dari 1 tahun lalu,PINK,True,Anonymous,0,False,False,
Powerbank 20000 Mah Mini With 4 Usb Cable Lighrweight Universal Powerbank Led Display Baterai Pengisi Charger,1501709463,5,Bagus,1709472154,Lebih dari 1 tahun lalu,PINK,True,Anonymous,0,False,False,
Powerbank 20000 Mah Mini With 4 Usb Cable Lighrweight Universal Powerbank Led Display Baterai Pengisi Charger,1501709533,5,Bgus smoga awet,1709363061,Lebih dari 1 tahun lalu,BLACK,True,Anonymous,0,False,False,
Powerbank 20000 Mah Mini With 4 Usb Cable Lighrweight Universal Powerbank Led Display Baterai Pengisi Charger,1501709561,5,Mantap,1709052997,Lebih dari 1 tahun lalu,PURPLE,True,Anonymous,0,False,False,
Powerbank 20000 Mah Mini With 4 Usb Cable Lighrweight Universal Powerbank Led Display Baterai Pengisi Charger,1501709413,4,Bagus,1708509560,Lebih dari 1 tahun lalu,PURPLE,True,Anonymous,0,False,False,
Powerbank 20000 Mah Mini With 4 Usb Cable Lighrweight Universal Powerbank Led Display Baterai Pengisi Charger,1501709402,5,Aku suka bentuknya krna gak perlu lgi ribet bawa kbel usb,1708428618,Lebih dari 1 tahun lalu,PINK,True,Anonymous,0,False,False,
Powerbank 20000 Mah Mini With 4 Usb Cable Lighrweight Universal Powerbank Led Display Baterai Pengisi Charger,1501709562,5,Bagus,1708178287,Lebih dari 1 tahun lalu,PURPLE,True,Anonymous,0,True,True,
Powerbank 20000 Mah Mini With 4 Usb Cable Lighrweight Universal Powerbank Led Display Baterai Pengisi Charger,1501709529,5,Sip,1708119952,Lebih dari 1 tahun lalu,BLACK,True,Anonymous,0,False,False,
Powerbank 20000 Mah Mini With 4 Usb Cable Lighrweight Universal Powerbank Led Display Baterai Pengisi Charger,1501709517,5,Aktif,1707645032,Lebih dari 1 tahun lalu,PINK,True,Anonymous,0,False,False,
Powerbank 20000 Mah Mini With 4 Usb Cable Lighrweight Universal Powerbank Led Display Baterai Pengisi Charger,1501709564,4,Barang sesuai pesenan bgus 👍,1707591354,Lebih dari 1 tahun lalu,BLACK,True,Anonymous,0,False,False,
Powerbank 20000 Mah Mini With 4 Usb Cable Lighrweight Universal Powerbank Led Display Baterai Pengisi Charger,1501709568,2,"🤞🤍 ini knp tiap dicolok kalo indikator nya mati ikutan mati juga nda ngisi, 😫",1706634165,Lebih dari 1 tahun lalu,PURPLE,True,Anonymous,0,True,False,
Powerbank 20000 Mah Mini With 4 Usb Cable Lighrweight Universal Powerbank Led Display Baterai Pengisi Charger,1501709421,3,Baterai nya tidak tahan lama,1705998602,Lebih dari 1 tahun lalu,PURPLE,True,Anonymous,0,False,False,
Powerbank 20000 Mah Mini With 4 Usb Cable Lighrweight Universal Powerbank Led Display Baterai Pengisi Charger,1501709468,5,sangat bagus,1705853014,Lebih dari 1 tahun lalu,PINK,True,Anonymous,0,False,False,
Powerbank 20000 Mah Mini With 4 Usb Cable Lighrweight Universal Powerbank Led Display Baterai Pengisi Charger,1501709518,5,👍,1705696171,Lebih dari 1 tahun lalu,BLACK,True,Anonymous,0,False,False,
Powerbank 20000 Mah Mini With 4 Usb Cable Lighrweight Universal Powerbank Led Display Baterai Pengisi Charger,1501709406,5,Ok mantap,1705663839,Lebih dari 1 tahun lalu,BLACK,True,Anonymous,0,False,False,
Powerbank 20000 Mah Mini With 4 Usb Cable Lighrweight Universal Powerbank Led Display Baterai Pengisi Charger,1501709532,5,"Puas belanja di tokonya, barangnya bagus, pengiriman cepat, kurir ramah",1705645193,Lebih dari 1 tahun lalu,PINK,True,Anonymous,0,False,False,
Powerbank 20000 Mah Mini With 4 Usb Cable Lighrweight Universal Powerbank Led Display Baterai Pengisi Charger,1501709525,3,Masih pantau karena unt ke hp kok gk bisa kabel lain harus kabel ygnempel di bodynya agak pendek. Jd lg pantau,1705411399,Lebih dari 1 tahun lalu,PURPLE,True,Anonymous,0,False,False,
Powerbank 20000 Mah Mini With 4 Usb Cable Lighrweight Universal Powerbank Led Display Baterai Pengisi Charger,1501709418,5,Bagus,1705359809,Lebih dari 1 tahun lalu,PURPLE,True,Anonymous,0,False,False,
Powerbank 20000 Mah Mini With 4 Usb Cable Lighrweight Universal Powerbank Led Display Baterai Pengisi Charger,1501709558,5,Good quality,1705344457,Lebih dari 1 tahun lalu,PINK,True,Anonymous,0,False,False,
Powerbank 20000 Mah Mini With 4 Usb Cable Lighrweight Universal Powerbank Led Display Baterai Pengisi Charger,1501709407,5,Bagus.. Batre nya beneran kuat,1705322897,Lebih dari 1 tahun lalu,PURPLE,True,Anonymous,0,False,False,
Powerbank 20000 Mah Mini With 4 Usb Cable Lighrweight Universal Powerbank Led Display Baterai Pengisi Charger,1501709419,5,"Produk ini sngat bgs, kualitas nya jg bgs, dan pastinya recomend si buat klian&#34; yg punya hp ip",1705262377,Lebih dari 1 tahun lalu,PURPLE,True,Anonymous,0,False,False,
Powerbank 20000 Mah Mini With 4 Usb Cable Lighrweight Universal Powerbank Led Display Baterai Pengisi Charger,1501709470,5,"barang bagus,mungil ,sesuai rekomendasi,cpt dtngnya nggak pake lama.",1705254487,Lebih dari 1 tahun lalu,BLACK,True,Anonymous,0,False,False,
Powerbank 20000 Mah Mini With 4 Usb Cable Lighrweight Universal Powerbank Led Display Baterai Pengisi Charger,1501709557,5,"Memuaskan,,sesuai warna pengiriman jg cepat..",1705185639,Lebih dari 1 tahun lalu,PURPLE,True,Anonymous,0,False,False,
Powerbank 20000 Mah Mini With 4 Usb Cable Lighrweight Universal Powerbank Led Display Baterai Pengisi Charger,1501709494,5,ntaps,1705145537,Lebih dari 1 tahun lalu,BLACK,True,Anonymous,0,False,False,
Powerbank 20000 Mah Mini With 4 Usb Cable Lighrweight Universal Powerbank Led Display Baterai Pengisi Charger,1501709461,5,👍🏻,1705079802,Lebih dari 1 tahun lalu,PINK,True,Anonymous,0,False,False,
Powerbank 20000 Mah Mini With 4 Usb Cable Lighrweight Universal Powerbank Led Display Baterai Pengisi Charger,1501709521,5,Kualitas pengerjaan: Baik,1705076210,Lebih dari 1 tahun lalu,PURPLE,True,Anonymous,0,False,False,
Powerbank 20000 Mah Mini With 4 Usb Cable Lighrweight Universal Powerbank Led Display Baterai Pengisi Charger,1501709528,4,👍👍👍,1705061498,Lebih dari 1 tahun lalu,PURPLE,True,Anonymous,0,False,False,
Powerbank 20000 Mah Mini With 4 Usb Cable Lighrweight Universal Powerbank Led Display Baterai Pengisi Charger,1501709531,4,Tidak ada USB nya,1705057607,Lebih dari 1 tahun lalu,PURPLE,True,Anonymous,0,False,False,
Powerbank 20000 Mah Mini With 4 Usb Cable Lighrweight Universal Powerbank Led Display Baterai Pengisi Charger,1501709497,5,Assalamu&#39;alaikum..alhamdulillah barang sdh sampai. Kak ini cara nyalain lampu nya dri tombol mn ya,1705053822,Lebih dari 1 tahun lalu,PURPLE,True,Anonymous,0,False,False,
Powerbank 20000 Mah Mini With 4 Usb Cable Lighrweight Universal Powerbank Led Display Baterai Pengisi Charger,1501709474,5,Real pict smg awet,1704997229,Lebih dari 1 tahun lalu,PINK,True,Anonymous,0,False,False,
Powerbank 20000 Mah Mini With 4 Usb Cable Lighrweight Universal Powerbank Led Display Baterai Pengisi Charger,1501709545,5,Baik,1704984894,Lebih dari 1 tahun lalu,PURPLE,True,Anonymous,0,False,False,
Powerbank 20000 Mah Mini With 4 Usb Cable Lighrweight Universal Powerbank Led Display Baterai Pengisi Charger,1501709546,5,Bagus banget,1704911151,Lebih dari 1 tahun lalu,PINK,True,Anonymous,0,False,False,
Powerbank 20000 Mah Mini With 4 Usb Cable Lighrweight Universal Powerbank Led Display Baterai Pengisi Charger,1501709569,5,Bagus,1704817702,Lebih dari 1 tahun lalu,PURPLE,True,Anonymous,0,False,False,
Powerbank 20000 Mah Mini With 4 Usb Cable Lighrweight Universal Powerbank Led Display Baterai Pengisi Charger,1501709522,5,Bagus power banknya.. Saya suka😍,1704739510,Lebih dari 1 tahun lalu,PURPLE,True,Anonymous,0,False,False,
Powerbank 20000 Mah Mini With 4 Usb Cable Lighrweight Universal Powerbank Led Display Baterai Pengisi Charger,1501709587,5,"Warnanya cantik bgt, lucu keren pokoknya",1704723226,Lebih dari 1 tahun lalu,PURPLE,True,Anonymous,0,True,False,
Powerbank 20000 Mah Mini With 4 Usb Cable Lighrweight Universal Powerbank Led Display Baterai Pengisi Charger,1501709813,5,bgss bgt,1704624270,Lebih dari 1 tahun lalu,PURPLE,True,Anonymous,0,False,False,
Powerbank 20000 Mah Mini With 4 Usb Cable Lighrweight Universal Powerbank Led Display Baterai Pengisi Charger,1501709797,5,oke,1704561651,Lebih dari 1 tahun lalu,PURPLE,True,Anonymous,0,False,False,
Powerbank 20000 Mah Mini With 4 Usb Cable Lighrweight Universal Powerbank Led Display Baterai Pengisi Charger,1501709812,5,Bagus,1704547936,Lebih dari 1 tahun lalu,PINK,True,Anonymous,0,False,False,
Powerbank 20000 Mah Mini With 4 Usb Cable Lighrweight Universal Powerbank Led Display Baterai Pengisi Charger,1501709793,5,sesuai dengan gambar,1704386121,Lebih dari 1 tahun lalu,PINK,True,Anonymous,0,False,False,
Powerbank 20000 Mah Mini With 4 Usb Cable Lighrweight Universal Powerbank Led Display Baterai Pengisi Charger,1501709794,5,Bagus,1704358031,Lebih dari 1 tahun lalu,PINK,True,Anonymous,0,False,False,
Powerbank 20000 Mah Mini With 4 Usb Cable Lighrweight Universal Powerbank Led Display Baterai Pengisi Charger,1501709814,5,sesuai dgn yg ad di gmbr,1703955401,Lebih dari 1 tahun lalu,PURPLE,True,Anonymous,0,False,False,
Powerbank 20000 Mah Mini With 4 Usb Cable Lighrweight Universal Powerbank Led Display Baterai Pengisi Charger,1501709815,5,Bagus dan cepat kirim nya,1703659911,Lebih dari 1 tahun lalu,PURPLE,True,Anonymous,0,False,False,
Powerbank 20000 Mah Mini With 4 Usb Cable Lighrweight Universal Powerbank Led Display Baterai Pengisi Charger,1501709790,4,Sesuai description tapi blom di coba semoga bagus dan awet barangnya,1703530900,Lebih dari 1 tahun lalu,BLACK,True,Anonymous,0,True,False,
Powerbank 20000 Mah Mini With 4 Usb Cable Lighrweight Universal Powerbank Led Display Baterai Pengisi Charger,980048369,5,"pengiriman cepet banget dan barang sesuai deskripsi,",1703328462,Lebih dari 1 tahun lalu,Pink,False,Imam,0,True,False,Terima kasih telah berbelanja di CHINDO DIGITAL. Bagikan link toko kami https://www.tokopedia.com/chindodigital kepada teman-teman kamu. Jangan lupa follow toko kami untuk tahu update terbaru tentang stok dan produk yang kami tawarkan.
Powerbank 20000 Mah Mini With 4 Usb Cable Lighrweight Universal Powerbank Led Display Baterai Pengisi Charger,1501709811,5,Keren,1703322814,Lebih dari 1 tahun lalu,PINK,True,Anonymous,0,False,False,
Powerbank 20000 Mah Mini With 4 Usb Cable Lighrweight Universal Powerbank Led Display Baterai Pengisi Charger,979941901,5,Best Price ✔️ Safety Packing ✔️ Fast Delivery ✔️ Good Product 💯 Top Seller 🔝,1703288806,Lebih dari 1 tahun lalu,Black,False,Edi,0,True,False,Terima kasih telah berbelanja di CHINDO DIGITAL. Bagikan link toko kami https://www.tokopedia.com/chindodigital kepada teman-teman kamu. Jangan lupa follow toko kami untuk tahu update terbaru tentang stok dan produk yang kami tawarkan.
