product_name,id,rating,message,date,timestamp,variant,is_anonymous,username,total_likes,has_image,has_video,seller_reply
Paket Isi 2Pcs 50Rb Kaos Distro Motif Simple Cocok Untuk Pria Dan Wanita Motif Random,2060941743,1,Sip kaosnya,1776928131,Hari ini,COKSU+ABU MUDA - L,True,Anonymous,0,False,False,
Paket Isi 2Pcs 50Rb Kaos Distro Motif Simple Cocok Untuk Pria Dan Wanita Motif Random,2060900402,5,Sangatttt memuaskan... Barang bagus tebel halus GK trawang ...,1776926591,Hari ini,ALMOND+KUNING - L,True,Anonymous,0,True,False,
Paket Isi 2Pcs 50Rb Kaos Distro Motif Simple Cocok Untuk Pria Dan Wanita Motif Random,2060854486,5,Bagus,1776924926,Hari ini,ABU MUDA+TOSCA - XL,True,Anonymous,0,True,False,
Paket Isi 2Pcs 50Rb Kaos Distro Motif Simple Cocok Untuk Pria Dan Wanita Motif Random,2060854099,5,Baru sampai bagus lumayan tebal,1776924911,Hari ini,ABU MUDA+TOSCA - XL,True,Anonymous,0,False,False,
Paket Isi 2Pcs 50Rb Kaos Distro Motif Simple Cocok Untuk Pria Dan Wanita Motif Random,2060806446,5,Warna menarik bahan halus jahitan rapi cocok di kantong,1776923192,Hari ini,ABU MUDA+TOSCA - XXXL,True,Anonymous,0,True,False,
Paket Isi 2Pcs 50Rb Kaos Distro Motif Simple Cocok Untuk Pria Dan Wanita Motif Random,2060615988,5,Sesuai,1776917264,Hari ini,TOSCA+COKPOL - XXXL,True,Anonymous,0,False,False,
Paket Isi 2Pcs 50Rb Kaos Distro Motif Simple Cocok Untuk Pria Dan Wanita Motif Random,2060573305,5,"Barang bagus,rapi jahitan ok bahannya adem pas ukuranya diaku",1776915909,Hari ini,KUNING+WARDAH - M,True,Anonymous,0,True,False,
Paket Isi 2Pcs 50Rb Kaos Distro Motif Simple Cocok Untuk Pria Dan Wanita Motif Random,2060558557,5,Bahan nya bagus banget gak tipis,1776915430,Hari ini,PUTIH+HITAM - XL,True,Anonymous,0,True,False,
Paket Isi 2Pcs 50Rb Kaos Distro Motif Simple Cocok Untuk Pria Dan Wanita Motif Random,2060552427,5,"Kualitas produk: Baik sangat keren,bahan tebal,lembut",1776915240,Hari ini,DUSTY+COKSU - XL,True,Anonymous,0,True,False,
Paket Isi 2Pcs 50Rb Kaos Distro Motif Simple Cocok Untuk Pria Dan Wanita Motif Random,2060512906,5,Bahan bagus tebal,1776913993,Hari ini,COKSU+ABU MUDA - L,True,Anonymous,0,False,False,
Paket Isi 2Pcs 50Rb Kaos Distro Motif Simple Cocok Untuk Pria Dan Wanita Motif Random,2060507389,5,Bahan nya sgt bagus,1776913815,Hari ini,PUTIH+HITAM - M,True,Anonymous,0,False,False,
Paket Isi 2Pcs 50Rb Kaos Distro Motif Simple Cocok Untuk Pria Dan Wanita Motif Random,2060489853,5,"Bahannya bagus.. adem,gak bikin gerah...",1776913254,Hari ini,BIRU MUDA+DUSTY - L,True,Anonymous,0,True,False,
Paket Isi 2Pcs 50Rb Kaos Distro Motif Simple Cocok Untuk Pria Dan Wanita Motif Random,2060476505,5,"Pengiriman cepat,kualitas produk bagus",1776912811,Hari ini,HITAM+ABU TUA - XL,True,Anonymous,0,True,False,
Paket Isi 2Pcs 50Rb Kaos Distro Motif Simple Cocok Untuk Pria Dan Wanita Motif Random,2060442980,5,Kualitas produk: Bagus tp warna GK cocok kecewa dg warnanya,1776911714,Hari ini,ALMOND+KUNING - XL,True,Anonymous,0,False,False,
Paket Isi 2Pcs 50Rb Kaos Distro Motif Simple Cocok Untuk Pria Dan Wanita Motif Random,2060440880,5,Bahanya bagus ga terawangg enak dipake juga nyaman,1776911641,Hari ini,ABU MUDA+TOSCA - XL,True,Anonymous,0,False,False,
Paket Isi 2Pcs 50Rb Kaos Distro Motif Simple Cocok Untuk Pria Dan Wanita Motif Random,2060417488,5,"Nice,sesuai pesanan dan,bahannya bagus enak di pake untuk sehari hari,terbaik..tidak mengecewakan",1776910834,Hari ini,2PCS WARNA HITAM - L,True,Anonymous,0,True,False,
Paket Isi 2Pcs 50Rb Kaos Distro Motif Simple Cocok Untuk Pria Dan Wanita Motif Random,2060411513,5,Ukuran Mnya kecil kaya ukuran S. Kaos bagus jahitan rapi dan bahannya halus. Sangat rekomen,1776910616,Hari ini,COKSU+ABU MUDA - M,True,Anonymous,0,True,False,
Paket Isi 2Pcs 50Rb Kaos Distro Motif Simple Cocok Untuk Pria Dan Wanita Motif Random,2060407509,5,Alhamdulillah yg di tggu&#34; akirya yampe jg..bhn ok wrna y jg bgus bgt..next mau order lg,1776910462,Hari ini,BIRU MUDA+DUSTY - XL,True,Anonymous,0,True,False,
Paket Isi 2Pcs 50Rb Kaos Distro Motif Simple Cocok Untuk Pria Dan Wanita Motif Random,2060388053,4,Pesan nya coksu tapi yg datang abu,1776909718,Hari ini,COKSU+HITAM - XL,True,Anonymous,0,True,False,
Paket Isi 2Pcs 50Rb Kaos Distro Motif Simple Cocok Untuk Pria Dan Wanita Motif Random,2060296934,4,"Warna oke, tpi yg dtang di rak leher gak polosan di iklan tpi polosan, itu aja sih, selebihnya oke",1776905681,Hari ini,ALMOND+KUNING - L,True,Anonymous,0,False,False,
Paket Isi 2Pcs 50Rb Kaos Distro Motif Simple Cocok Untuk Pria Dan Wanita Motif Random,2060260261,5,bagus sesuai deskripsi 👍👍👍👍👍👍🙏🙏,1776903593,Hari ini,NAVY+ABU TUA - XL,True,Anonymous,0,False,False,
Paket Isi 2Pcs 50Rb Kaos Distro Motif Simple Cocok Untuk Pria Dan Wanita Motif Random,2060248800,5,"Bagus, tapi kalo buat dewasa paksu yang biasa pake size M jdi harus upside. L agak ngepres katanya next belinya xl kali yaa",1776902833,Hari ini,COKSU+HITAM - L,True,Anonymous,0,True,False,
Paket Isi 2Pcs 50Rb Kaos Distro Motif Simple Cocok Untuk Pria Dan Wanita Motif Random,2060192409,5,Barang nya bagus..ukurannya juga pas..gak terlalu tipis juga dengan harga segitu mah..kurirnya juga baik..pengiriman cepat,1776898498,1 hari lalu,COKSU+HITAM - XXXL,True,Anonymous,0,False,False,
Paket Isi 2Pcs 50Rb Kaos Distro Motif Simple Cocok Untuk Pria Dan Wanita Motif Random,2059998631,5,Sesuai warna,1776870581,1 hari lalu,TERACOTA +BIRU MUDA - L,True,Anonymous,0,False,False,
Paket Isi 2Pcs 50Rb Kaos Distro Motif Simple Cocok Untuk Pria Dan Wanita Motif Random,2059986931,3,Sesuai harga,1776869948,1 hari lalu,MARUN+HIJAU BOTOL - L,True,Anonymous,0,False,False,
Paket Isi 2Pcs 50Rb Kaos Distro Motif Simple Cocok Untuk Pria Dan Wanita Motif Random,2059947276,5,Bagus sekali. Sesuai pesanan. Amanah lagi..,1776868006,1 hari lalu,DUSTY+COKSU - XL,True,Anonymous,0,False,False,
Paket Isi 2Pcs 50Rb Kaos Distro Motif Simple Cocok Untuk Pria Dan Wanita Motif Random,2059682934,5,Pengiriman cepat barang lumayan bagus dan tebal,1776858274,1 hari lalu,PUTIH+HITAM - XL,True,Anonymous,0,True,False,
Paket Isi 2Pcs 50Rb Kaos Distro Motif Simple Cocok Untuk Pria Dan Wanita Motif Random,2059682933,5,Bagus,1776858274,1 hari lalu,NAVY+MARUN - XL,True,Anonymous,0,True,False,
Paket Isi 2Pcs 50Rb Kaos Distro Motif Simple Cocok Untuk Pria Dan Wanita Motif Random,2059653678,5,Kualitas produk: Sangat bagus,1776857383,1 hari lalu,COKSU+ABU MUDA - L,True,Anonymous,0,False,False,
Paket Isi 2Pcs 50Rb Kaos Distro Motif Simple Cocok Untuk Pria Dan Wanita Motif Random,2059499258,5,Kualitas produk: Sangat baik,1776852913,1 hari lalu,MARUN+HITAM - XL,True,Anonymous,0,False,False,
Paket Isi 2Pcs 50Rb Kaos Distro Motif Simple Cocok Untuk Pria Dan Wanita Motif Random,2059495858,5,sangat baik,1776852808,1 hari lalu,ABU TUA +TERACOTA - XL,True,Anonymous,0,False,False,
Paket Isi 2Pcs 50Rb Kaos Distro Motif Simple Cocok Untuk Pria Dan Wanita Motif Random,2059371363,5,Paket udah nyampe&#39; Alhamdulillah sesuai pesanan makasih seller kaosnya bagus lembut adem pas juga,1776848863,1 hari lalu,ALMOND+KUNING - M,True,Anonymous,0,True,False,
Paket Isi 2Pcs 50Rb Kaos Distro Motif Simple Cocok Untuk Pria Dan Wanita Motif Random,2059335161,5,"Bagus,mksh bos, untuk BB 85 Xxxl",1776847654,1 hari lalu,HIJAU BOTOL +ABU TUA - XXXL,True,Anonymous,0,True,False,
Paket Isi 2Pcs 50Rb Kaos Distro Motif Simple Cocok Untuk Pria Dan Wanita Motif Random,2059331924,5,"alhmdh, sesuai pesanan",1776847541,1 hari lalu,HIJAU BOTOL +ABU TUA - XXL,True,Anonymous,0,True,False,
Paket Isi 2Pcs 50Rb Kaos Distro Motif Simple Cocok Untuk Pria Dan Wanita Motif Random,2059331741,5,Ok bgus bhn tbel gak tpis lmyan dpat hrga murah q udah co lgi 4pcs,1776847536,1 hari lalu,NAVY+MARUN - M,True,Anonymous,0,True,False,
Paket Isi 2Pcs 50Rb Kaos Distro Motif Simple Cocok Untuk Pria Dan Wanita Motif Random,2059142207,5,Murah tapi tidak murahan..barang berkualitas..kain nya juga tebal..next order lagi,1776842120,1 hari lalu,MARUN+HITAM - XXL,True,Anonymous,0,False,False,
Paket Isi 2Pcs 50Rb Kaos Distro Motif Simple Cocok Untuk Pria Dan Wanita Motif Random,2059054302,5,Produk bagus dan sesuai pesanan nyaman,1776839461,1 hari lalu,HITAM+ABU TUA - XL,True,Anonymous,0,False,False,
Paket Isi 2Pcs 50Rb Kaos Distro Motif Simple Cocok Untuk Pria Dan Wanita Motif Random,2059051939,5,Sesuai pesanan dan gambar...maknya saya chek out lgi,1776839375,1 hari lalu,ABU MUDA+TOSCA - M,True,Anonymous,0,False,False,
Paket Isi 2Pcs 50Rb Kaos Distro Motif Simple Cocok Untuk Pria Dan Wanita Motif Random,2058923772,1,"Bukan L , ini M ditempel stiker L. Kecil banget bajunya ngetat. Kebiasaan seller oren main ke toped begini jadinya",1776835164,1 hari lalu,NAVY+ABU TUA - L,False,Umar,0,True,False,
Paket Isi 2Pcs 50Rb Kaos Distro Motif Simple Cocok Untuk Pria Dan Wanita Motif Random,2058862617,5,"Bagus, penjual juga ramah dan pengiriman nya cepat",1776833350,1 hari lalu,NAVY+ABU TUA - L,True,Anonymous,0,True,False,
Paket Isi 2Pcs 50Rb Kaos Distro Motif Simple Cocok Untuk Pria Dan Wanita Motif Random,2058861053,5,"Bagus kaosnya.. Sesuai ukuran.. 
Ternyata 2 merk ya.. Tapi bagus semua kok cuma agak tebal sedikit yg satunya..",1776833305,1 hari lalu,TERACOTA +BIRU MUDA - XL,True,Anonymous,0,True,False,
Paket Isi 2Pcs 50Rb Kaos Distro Motif Simple Cocok Untuk Pria Dan Wanita Motif Random,2058855098,5,Bagus pas di pakai anak saya,1776833126,1 hari lalu,HITAM+NAVY - L,True,Anonymous,0,False,False,
Paket Isi 2Pcs 50Rb Kaos Distro Motif Simple Cocok Untuk Pria Dan Wanita Motif Random,2058850545,5,"Kualitas produk: Barang bagus harga murah , ukuran sesuai
Terimakasih",1776832994,1 hari lalu,TOSCA+COKPOL - XXXL,True,Anonymous,0,False,False,
Paket Isi 2Pcs 50Rb Kaos Distro Motif Simple Cocok Untuk Pria Dan Wanita Motif Random,2058541437,4,"Bahannya oke si cma kuningnya Aq kira kuning cerah ternyata kuning gelap, Tpi gppa lah buat shari², untuk bhannya adem lembut",1776823099,1 hari lalu,ALMOND+KUNING - XL,True,Anonymous,0,True,False,
Paket Isi 2Pcs 50Rb Kaos Distro Motif Simple Cocok Untuk Pria Dan Wanita Motif Random,2058514578,1,Ukurannya agak kecil,1776821995,1 hari lalu,MARUN+HITAM - L,True,Anonymous,0,False,False,
Paket Isi 2Pcs 50Rb Kaos Distro Motif Simple Cocok Untuk Pria Dan Wanita Motif Random,2058449711,5,bagus,1776818670,1 hari lalu,COKSU+HITAM - XL,True,Anonymous,0,False,False,
Paket Isi 2Pcs 50Rb Kaos Distro Motif Simple Cocok Untuk Pria Dan Wanita Motif Random,2058393753,5,Bahannya halus dan harga terjangkau,1776815200,2 hari lalu,NAVY+ABU TUA - XL,True,Anonymous,0,False,False,
Paket Isi 2Pcs 50Rb Kaos Distro Motif Simple Cocok Untuk Pria Dan Wanita Motif Random,2058228903,5,Cakep bjunya nex order lagi,1776788107,2 hari lalu,ABU MUDA+TOSCA - XXL,True,Anonymous,0,False,False,
Paket Isi 2Pcs 50Rb Kaos Distro Motif Simple Cocok Untuk Pria Dan Wanita Motif Random,2058107785,5,Kualitas produk: Bagus,1776780663,2 hari lalu,NAVY+ABU TUA - M,True,Anonymous,0,False,False,
Paket Isi 2Pcs 50Rb Kaos Distro Motif Simple Cocok Untuk Pria Dan Wanita Motif Random,2058078994,5,Puas pas,1776779369,2 hari lalu,NAVY+ABU TUA - XXL,True,Anonymous,0,False,False,
Paket Isi 2Pcs 50Rb Kaos Distro Motif Simple Cocok Untuk Pria Dan Wanita Motif Random,2057940486,4,Bahan adem gk tipis enak pakai  bajunya,1776774429,2 hari lalu,WARDAH+COKSU - XL,True,Anonymous,0,False,False,
Paket Isi 2Pcs 50Rb Kaos Distro Motif Simple Cocok Untuk Pria Dan Wanita Motif Random,2057859857,5,"Terimakasih barang dah sampe 
Dan sangat amanah",1776771694,2 hari lalu,HITAM+ABU TUA - XL,True,Anonymous,0,False,False,
Paket Isi 2Pcs 50Rb Kaos Distro Motif Simple Cocok Untuk Pria Dan Wanita Motif Random,2057846544,5,Bagus si tp kecewa krn tulisan gk sesui gmbar,1776771261,2 hari lalu,MARUN+HIJAU BOTOL - L,True,Anonymous,0,False,False,
Paket Isi 2Pcs 50Rb Kaos Distro Motif Simple Cocok Untuk Pria Dan Wanita Motif Random,2057748414,5,Mantap sesuai,1776768149,2 hari lalu,HITAM+NAVY - XL,True,Anonymous,0,False,False,
Paket Isi 2Pcs 50Rb Kaos Distro Motif Simple Cocok Untuk Pria Dan Wanita Motif Random,2057712682,1,Pesennya biru navi dan hitam. Yg datang knp biru emeral. Padahal butuh biru namanya😌,1776766966,2 hari lalu,HITAM+NAVY - XL,True,Anonymous,0,False,False,
Paket Isi 2Pcs 50Rb Kaos Distro Motif Simple Cocok Untuk Pria Dan Wanita Motif Random,2057685522,5,"Alhamdulillah sesuai sama pesanan, pengiriman nya cepat, Abang kurirnya udah biasa kesini orang nya sabar dan baik🙏🏻",1776766008,2 hari lalu,PUTIH+HITAM - XL,True,Anonymous,0,True,False,
Paket Isi 2Pcs 50Rb Kaos Distro Motif Simple Cocok Untuk Pria Dan Wanita Motif Random,2057652184,4,"Bagus 
Kaosnya baru sampai🙂🙂🙂🙂🙂🙂🙂",1776764834,2 hari lalu,MARUN+HITAM - L,True,Anonymous,0,True,False,
Paket Isi 2Pcs 50Rb Kaos Distro Motif Simple Cocok Untuk Pria Dan Wanita Motif Random,2057604449,4,Bahannya bagus,1776763115,2 hari lalu,2PCS WARNA HITAM - XL,True,Anonymous,0,False,False,
Paket Isi 2Pcs 50Rb Kaos Distro Motif Simple Cocok Untuk Pria Dan Wanita Motif Random,2057333795,5,"Suda diterima barang nya kemarin sore baru dibukak cuma kekecilan..
ukuran haruse pilh yg L",1776754717,2 hari lalu,KUNING+WARDAH - M,True,Anonymous,0,False,False,
Paket Isi 2Pcs 50Rb Kaos Distro Motif Simple Cocok Untuk Pria Dan Wanita Motif Random,2057079753,5,Bagus sesuai pesanan... Terimakasih,1776745458,2 hari lalu,NAVY+MARUN - M,True,Anonymous,0,False,False,
Paket Isi 2Pcs 50Rb Kaos Distro Motif Simple Cocok Untuk Pria Dan Wanita Motif Random,2056937948,4,Lumayan,1776740519,2 hari lalu,COKSU+HITAM - M,True,Anonymous,0,True,False,
Paket Isi 2Pcs 50Rb Kaos Distro Motif Simple Cocok Untuk Pria Dan Wanita Motif Random,2056924413,4,"Barang datang tidak sesuai dgn yg dipesan,pesan warna kuning dtnge bkn kuning,koyok hijau olive",1776740038,2 hari lalu,ALMOND+KUNING - XXXL,True,Anonymous,0,False,True,
Paket Isi 2Pcs 50Rb Kaos Distro Motif Simple Cocok Untuk Pria Dan Wanita Motif Random,2056898027,5,Kualitas produk: Sesuai pesanan terimakasih kakak semoga tokonya amanah,1776739169,2 hari lalu,COKSU+ABU MUDA - L,True,Anonymous,0,False,False,
Paket Isi 2Pcs 50Rb Kaos Distro Motif Simple Cocok Untuk Pria Dan Wanita Motif Random,2056851686,1,Ini pesan motif nya sama aja just like do it semua dari pertama kali pesan gak ada motif lain aja dahhh,1776737267,2 hari lalu,PUTIH+HITAM - XL,True,Anonymous,0,False,False,
Paket Isi 2Pcs 50Rb Kaos Distro Motif Simple Cocok Untuk Pria Dan Wanita Motif Random,2056850044,5,"Kualitas produk: Bgs bhn ny dingin
, gk nerawang, motif nya menarik",1776737198,2 hari lalu,MARUN+HIJAU BOTOL - XL,True,Anonymous,0,False,False,
Paket Isi 2Pcs 50Rb Kaos Distro Motif Simple Cocok Untuk Pria Dan Wanita Motif Random,2056770683,5,Bagus kain nya tebal,1776733484,2 hari lalu,MARUN+HITAM - XXL,True,Anonymous,0,False,False,
Paket Isi 2Pcs 50Rb Kaos Distro Motif Simple Cocok Untuk Pria Dan Wanita Motif Random,2056754335,5,"Kualitas produk: Sesuai harga kualitas ok, bahan nya juga lumayan sesuai harga lah. .",1776732493,2 hari lalu,ALMOND+KUNING - XL,True,Anonymous,0,True,False,
Paket Isi 2Pcs 50Rb Kaos Distro Motif Simple Cocok Untuk Pria Dan Wanita Motif Random,2056688517,5,"Nyaman di pakai,,",1776727767,3 hari lalu,COKSU+ABU MUDA - XL,True,Anonymous,0,False,False,
Paket Isi 2Pcs 50Rb Kaos Distro Motif Simple Cocok Untuk Pria Dan Wanita Motif Random,2056638884,5,Kualitas produk: Kualitas bagus,1776722663,3 hari lalu,HIJAU BOTOL +ABU TUA - XL,True,Anonymous,0,False,False,
Paket Isi 2Pcs 50Rb Kaos Distro Motif Simple Cocok Untuk Pria Dan Wanita Motif Random,2056429817,4,"Cukup bagus, dengan harga segitu",1776695222,3 hari lalu,HIJAU BOTOL +ABU TUA - L,True,Anonymous,0,False,False,
Paket Isi 2Pcs 50Rb Kaos Distro Motif Simple Cocok Untuk Pria Dan Wanita Motif Random,2056409417,3,Y bagus dengan hrga segitu,1776694298,3 hari lalu,COKSU+HITAM - M,True,Anonymous,0,False,False,
Paket Isi 2Pcs 50Rb Kaos Distro Motif Simple Cocok Untuk Pria Dan Wanita Motif Random,2056376858,5,Mantul amanah sukses sll buat smuanya,1776692869,3 hari lalu,HITAM+ABU TUA - XL,True,Anonymous,0,False,False,
Paket Isi 2Pcs 50Rb Kaos Distro Motif Simple Cocok Untuk Pria Dan Wanita Motif Random,2056361253,5,Realpic . bagus bnget. 50 ribuan dapet 2 pcs. Amanah tokonya .makasih kurirnya.,1776692195,3 hari lalu,TOSCA+COKPOL - XL,True,Anonymous,0,False,False,
Paket Isi 2Pcs 50Rb Kaos Distro Motif Simple Cocok Untuk Pria Dan Wanita Motif Random,2056283782,5,Bagus sih bahan nya size m kecil banget,1776689097,3 hari lalu,HITAM+NAVY - M,True,Anonymous,0,False,False,
Paket Isi 2Pcs 50Rb Kaos Distro Motif Simple Cocok Untuk Pria Dan Wanita Motif Random,2056238884,4,Kualitas produk: Bguss tebal,1776687407,3 hari lalu,HIJAU BOTOL +ABU TUA - XL,True,Anonymous,0,False,True,
Paket Isi 2Pcs 50Rb Kaos Distro Motif Simple Cocok Untuk Pria Dan Wanita Motif Random,2055985748,3,Sesuai harga,1776679600,3 hari lalu,NAVY+MARUN - XL,True,Anonymous,0,False,False,
Paket Isi 2Pcs 50Rb Kaos Distro Motif Simple Cocok Untuk Pria Dan Wanita Motif Random,2055868633,5,Mantaf kain halus lembut pengiriman cepat top markotop,1776675548,3 hari lalu,ABU MUDA+TOSCA - XL,True,Anonymous,0,True,False,
Paket Isi 2Pcs 50Rb Kaos Distro Motif Simple Cocok Untuk Pria Dan Wanita Motif Random,2055722017,4,Bgus gak tipis gak tebal biasa.. Bhn enak,1776670616,3 hari lalu,HIJAU BOTOL +ABU TUA - XXL,True,Anonymous,0,False,False,
Paket Isi 2Pcs 50Rb Kaos Distro Motif Simple Cocok Untuk Pria Dan Wanita Motif Random,2055691756,4,Kualitas produk: lumayan buat pakaian sehari hari,1776669617,3 hari lalu,COKSU+ABU MUDA - L,True,Anonymous,0,True,False,
Paket Isi 2Pcs 50Rb Kaos Distro Motif Simple Cocok Untuk Pria Dan Wanita Motif Random,2055685206,5,Ok,1776669389,3 hari lalu,HIJAU BOTOL +ABU TUA - XL,True,Anonymous,0,False,False,
Paket Isi 2Pcs 50Rb Kaos Distro Motif Simple Cocok Untuk Pria Dan Wanita Motif Random,2055669354,4,Sesuai harga,1776668829,3 hari lalu,NAVY+ABU TUA - M,True,Anonymous,0,False,False,
Paket Isi 2Pcs 50Rb Kaos Distro Motif Simple Cocok Untuk Pria Dan Wanita Motif Random,2055642869,5,Bajunya bagus tebal ga nerawang,1776667907,3 hari lalu,PUTIH+HITAM - M,True,Anonymous,0,True,False,
Paket Isi 2Pcs 50Rb Kaos Distro Motif Simple Cocok Untuk Pria Dan Wanita Motif Random,2055569204,5,Sesuai digambar warnanx tidak mengecewakan dan mas kurirnx sangat sopan dan ramah lagi,1776665323,3 hari lalu,HITAM+NAVY - XXL,True,Anonymous,0,False,False,
Paket Isi 2Pcs 50Rb Kaos Distro Motif Simple Cocok Untuk Pria Dan Wanita Motif Random,2055497415,5,bagus bahan adem,1776662842,3 hari lalu,DUSTY+COKSU - XL,True,Anonymous,0,False,False,
Paket Isi 2Pcs 50Rb Kaos Distro Motif Simple Cocok Untuk Pria Dan Wanita Motif Random,2055444650,5,Bagus,1776661017,3 hari lalu,TOSCA+COKPOL - XL,True,Anonymous,0,False,False,
Paket Isi 2Pcs 50Rb Kaos Distro Motif Simple Cocok Untuk Pria Dan Wanita Motif Random,2055409517,5,Bagus nyaman,1776659842,3 hari lalu,TOSCA+COKPOL - XXL,True,Anonymous,0,False,False,
Paket Isi 2Pcs 50Rb Kaos Distro Motif Simple Cocok Untuk Pria Dan Wanita Motif Random,2055402205,5,Tokoh Amanah mantap sesuai dengan tayangan nya,1776659599,3 hari lalu,ABU MUDA+TOSCA - XL,True,Anonymous,0,False,False,
Paket Isi 2Pcs 50Rb Kaos Distro Motif Simple Cocok Untuk Pria Dan Wanita Motif Random,2055217495,5,Kualitas produk: Ok,1776653569,3 hari lalu,COKSU+ABU MUDA - XXXL,True,Anonymous,0,False,False,
Paket Isi 2Pcs 50Rb Kaos Distro Motif Simple Cocok Untuk Pria Dan Wanita Motif Random,2055213947,5,"Alhmdulilah barang nya udah sampai puas bngt dengan harga sgtu GK terlalu tebal GK terlalu tipis toko nya amanah wrna SMA ukrannya pas kurir nya jg ramah bngt, mlh Pngin psen LG ini buat mmk sy Pngin ini kaos nya bisa buat cwk cwok kn ya",1776653447,3 hari lalu,HIJAU BOTOL +ABU TUA - XL,True,Anonymous,0,False,False,
Paket Isi 2Pcs 50Rb Kaos Distro Motif Simple Cocok Untuk Pria Dan Wanita Motif Random,2055176872,5,Badus dan sesuwai denggan warnanya semo&#39;ga tokonya ber amanah,1776652127,3 hari lalu,PUTIH+HITAM - L,True,Anonymous,0,False,False,
Paket Isi 2Pcs 50Rb Kaos Distro Motif Simple Cocok Untuk Pria Dan Wanita Motif Random,2055108726,5,"Sampai...terimakasig
Uk xl belum di coba karna pak suami masih kerja, warna hitam dan navy.tak kira navy nya agak gelap ternyata agak terang
Kainya juga lembut tidak tebal tidak tipis",1776649406,3 hari lalu,HITAM+NAVY - XL,True,Anonymous,0,True,False,
Paket Isi 2Pcs 50Rb Kaos Distro Motif Simple Cocok Untuk Pria Dan Wanita Motif Random,2055036710,5,"Baikkk,bahan juga tebrl,nggak tipis² banget",1776645760,3 hari lalu,HITAM+BIRU MUDA - XL,True,Anonymous,0,True,False,
Paket Isi 2Pcs 50Rb Kaos Distro Motif Simple Cocok Untuk Pria Dan Wanita Motif Random,2054901759,4,Bagus tp gak melar ya .malah JD ngepres bngt di BB 91,1776628183,4 hari lalu,HITAM+BIRU MUDA - XXXL,True,Anonymous,0,False,False,
Paket Isi 2Pcs 50Rb Kaos Distro Motif Simple Cocok Untuk Pria Dan Wanita Motif Random,2054895381,5,Kualitas produk: Bagus,1776625756,4 hari lalu,ALMOND+HITAM - XXXL,True,Anonymous,0,False,False,
Paket Isi 2Pcs 50Rb Kaos Distro Motif Simple Cocok Untuk Pria Dan Wanita Motif Random,2054764401,5,Sip sesuai,1776610892,4 hari lalu,HITAM+ABU TUA - XL,True,Anonymous,0,False,False,
Paket Isi 2Pcs 50Rb Kaos Distro Motif Simple Cocok Untuk Pria Dan Wanita Motif Random,2054708548,5,Bguuuus bgt dpet harga 35 🥰🥰🥰🥰,1776608101,4 hari lalu,MARUN+HIJAU BOTOL - L,True,Anonymous,0,True,False,
Paket Isi 2Pcs 50Rb Kaos Distro Motif Simple Cocok Untuk Pria Dan Wanita Motif Random,2054476395,5,Baguss,1776598931,4 hari lalu,HITAM+NAVY - XL,True,Anonymous,0,False,False,
Paket Isi 2Pcs 50Rb Kaos Distro Motif Simple Cocok Untuk Pria Dan Wanita Motif Random,2054438850,5,Bagus,1776597644,4 hari lalu,TERACOTA +BIRU MUDA - L,True,Anonymous,0,False,False,
Paket Isi 2Pcs 50Rb Kaos Distro Motif Simple Cocok Untuk Pria Dan Wanita Motif Random,2054357342,5,Paket udah sampai bagus dan murah 👍👍👍👍,1776594904,4 hari lalu,ABU TUA +TERACOTA - XL,True,Anonymous,0,False,False,
Paket Isi 2Pcs 50Rb Kaos Distro Motif Simple Cocok Untuk Pria Dan Wanita Motif Random,2054333423,5,bagus bgt,1776594082,4 hari lalu,COKSU+ABU MUDA - XXL,True,Anonymous,0,False,False,
Paket Isi 2Pcs 50Rb Kaos Distro Motif Simple Cocok Untuk Pria Dan Wanita Motif Random,2054322458,5,Kualitas produk: Bagus banget,1776593686,4 hari lalu,HITAM+ABU TUA - L,True,Anonymous,0,True,False,
Paket Isi 2Pcs 50Rb Kaos Distro Motif Simple Cocok Untuk Pria Dan Wanita Motif Random,2054311465,5,"S

esuai pesanan, barang nya bagus.",1776593293,4 hari lalu,MARUN+HIJAU BOTOL - L,True,Anonymous,0,False,False,
Paket Isi 2Pcs 50Rb Kaos Distro Motif Simple Cocok Untuk Pria Dan Wanita Motif Random,2054256954,5,"Pktnya udah nyampai,,Kaosnya bgs. Mksih",1776591260,4 hari lalu,ABU MUDA+TOSCA - L,True,Anonymous,0,True,False,
Paket Isi 2Pcs 50Rb Kaos Distro Motif Simple Cocok Untuk Pria Dan Wanita Motif Random,2054219337,5,Bahan nya adem murah untuk harga segitu toko nya amanah,1776589835,4 hari lalu,HIJAU BOTOL +ABU TUA - XL,True,Anonymous,0,False,False,
Paket Isi 2Pcs 50Rb Kaos Distro Motif Simple Cocok Untuk Pria Dan Wanita Motif Random,2054205572,5,Kualitas produk: Ok,1776589317,4 hari lalu,ABU TUA +TERACOTA - XXL,True,Anonymous,0,False,False,
Paket Isi 2Pcs 50Rb Kaos Distro Motif Simple Cocok Untuk Pria Dan Wanita Motif Random,2054188942,5,Baju bagus dan lembut..tapi sayang kekecilan ......,1776588668,4 hari lalu,HITAM+NAVY - M,True,Anonymous,0,True,False,
Paket Isi 2Pcs 50Rb Kaos Distro Motif Simple Cocok Untuk Pria Dan Wanita Motif Random,2054114734,5,Cocok kain lembut mntp,1776585762,4 hari lalu,MARUN+HITAM - XL,True,Anonymous,0,False,False,
Paket Isi 2Pcs 50Rb Kaos Distro Motif Simple Cocok Untuk Pria Dan Wanita Motif Random,2054078244,4,"Bagus ,lumayan lah dengan harga segitu suka",1776584351,4 hari lalu,PUTIH+HITAM - XL,True,Anonymous,0,False,False,
Paket Isi 2Pcs 50Rb Kaos Distro Motif Simple Cocok Untuk Pria Dan Wanita Motif Random,2054055742,5,"kaos sdh diterima, ukuran L nya ternyata lebar dada ga sampai 100 (96) jd agak sempit... warna hijau botol diganti army walopun sdh kasih catatan...tapi okelah...
respon cepet, packing aman , bahan oke dg harga segitu... tkx admin.",1776583465,4 hari lalu,HIJAU BOTOL +ABU TUA - L,False,Retno,0,True,False,Terima kasih telah berbelanja di INDAH MODE 20. Bagikan link toko kami https://www.tokopedia.com/indah-mode-20 kepada teman-teman kamu. Jangan lupa follow toko kami untuk tahu update terbaru tentang stok dan produk yang kami tawarkan.
Paket Isi 2Pcs 50Rb Kaos Distro Motif Simple Cocok Untuk Pria Dan Wanita Motif Random,2054029810,5,"Bagus nyaman di pake 
Kurir baik 
Makasih semoga penjual slalu amanah",1776582433,4 hari lalu,MARUN+HIJAU BOTOL - XL,True,Anonymous,0,False,False,
Paket Isi 2Pcs 50Rb Kaos Distro Motif Simple Cocok Untuk Pria Dan Wanita Motif Random,2053965591,5,Bagus banget sesuai pesanan,1776579892,4 hari lalu,HITAM+NAVY - M,True,Anonymous,0,True,False,
Paket Isi 2Pcs 50Rb Kaos Distro Motif Simple Cocok Untuk Pria Dan Wanita Motif Random,2053942872,5,Sukaa bahan nya dengan harga sigtu mah baguss,1776579036,4 hari lalu,TOSCA+COKPOL - M,True,Anonymous,0,False,False,
Paket Isi 2Pcs 50Rb Kaos Distro Motif Simple Cocok Untuk Pria Dan Wanita Motif Random,2053882878,5,Semua barang bagus suka,1776576793,4 hari lalu,PLUM+ALMOND - XL,True,Anonymous,0,False,False,
Paket Isi 2Pcs 50Rb Kaos Distro Motif Simple Cocok Untuk Pria Dan Wanita Motif Random,2053858540,5,"Bahan baguss , lumayan worth it",1776575939,4 hari lalu,TOSCA+COKPOL - L,True,Anonymous,0,False,False,
Paket Isi 2Pcs 50Rb Kaos Distro Motif Simple Cocok Untuk Pria Dan Wanita Motif Random,2053824297,5,Kualitas produk: Bagus,1776574777,4 hari lalu,NAVY+ABU TUA - XXL,True,Anonymous,0,False,False,
Paket Isi 2Pcs 50Rb Kaos Distro Motif Simple Cocok Untuk Pria Dan Wanita Motif Random,2053819031,4,Pas d badan anak syh bb 40,1776574603,4 hari lalu,HITAM+ABU TUA - M,True,Anonymous,0,False,False,
Paket Isi 2Pcs 50Rb Kaos Distro Motif Simple Cocok Untuk Pria Dan Wanita Motif Random,2053770163,5,Sesuai pesanan kaos ny jg tebal  .mksh..,1776573015,4 hari lalu,HITAM+ABU TUA - XL,True,Anonymous,0,False,False,
Paket Isi 2Pcs 50Rb Kaos Distro Motif Simple Cocok Untuk Pria Dan Wanita Motif Random,2053714305,5,Kaos datang sesuai pesanan Toko amanah kurir ramah 👍🏻🙏🏻,1776571186,4 hari lalu,HITAM+NAVY - XXL,True,Anonymous,0,True,False,
Paket Isi 2Pcs 50Rb Kaos Distro Motif Simple Cocok Untuk Pria Dan Wanita Motif Random,2053653512,5,Barang ini saya beli,1776569159,4 hari lalu,COKSU+HITAM - L,True,Anonymous,0,False,False,
Paket Isi 2Pcs 50Rb Kaos Distro Motif Simple Cocok Untuk Pria Dan Wanita Motif Random,2053589539,5,Bagusss sekali bahnnya adem cocok,1776566889,4 hari lalu,TERACOTA +KUNING - L,True,Anonymous,0,True,False,
Paket Isi 2Pcs 50Rb Kaos Distro Motif Simple Cocok Untuk Pria Dan Wanita Motif Random,2053569707,3,Minta dikirim yang merek king sudah setuju tetep aja dikirim yang dbest,1776566150,4 hari lalu,2PCS WARNA HITAM - XL,True,Anonymous,0,False,False,
Paket Isi 2Pcs 50Rb Kaos Distro Motif Simple Cocok Untuk Pria Dan Wanita Motif Random,2053495506,1,Gak sesuai pesanan wara yg dikirim,1776562964,4 hari lalu,TERACOTA +BIRU MUDA - XL,True,Anonymous,0,False,False,
Paket Isi 2Pcs 50Rb Kaos Distro Motif Simple Cocok Untuk Pria Dan Wanita Motif Random,2053379620,5,👍,1776554496,5 hari lalu,COKSU+ABU MUDA - XL,True,Anonymous,0,False,False,
Paket Isi 2Pcs 50Rb Kaos Distro Motif Simple Cocok Untuk Pria Dan Wanita Motif Random,2053349356,5,Alhamdulillah barang udah sampai bagus kainya adem,1776551215,5 hari lalu,ALMOND+HITAM - XXL,True,Anonymous,0,True,False,
Paket Isi 2Pcs 50Rb Kaos Distro Motif Simple Cocok Untuk Pria Dan Wanita Motif Random,2053222576,5,Bagus bahan tebel,1776528110,5 hari lalu,NAVY+MARUN - XL,True,Anonymous,0,False,False,
Paket Isi 2Pcs 50Rb Kaos Distro Motif Simple Cocok Untuk Pria Dan Wanita Motif Random,2053207226,5,Kualitas produk: bagus bahan nya adem ga nerawang enak di pke nya bguss bngt deh,1776526978,5 hari lalu,MARUN+HIJAU BOTOL - XL,True,Anonymous,0,True,False,
Paket Isi 2Pcs 50Rb Kaos Distro Motif Simple Cocok Untuk Pria Dan Wanita Motif Random,2053073270,5,Dasar ny lembut kualitas bagus dan nyaman d pakai,1776519548,5 hari lalu,HITAM+NAVY - XL,True,Anonymous,0,True,False,
Paket Isi 2Pcs 50Rb Kaos Distro Motif Simple Cocok Untuk Pria Dan Wanita Motif Random,2052941533,5,Kualitas produk: Bagus banget sesuai,1776513911,5 hari lalu,HITAM+BIRU MUDA - XL,True,Anonymous,0,False,False,
Paket Isi 2Pcs 50Rb Kaos Distro Motif Simple Cocok Untuk Pria Dan Wanita Motif Random,2052881972,4,Kayanya lebar size L 100 tapi cuma 94cm,1776511697,5 hari lalu,COKSU+HITAM - L,True,Anonymous,0,False,False,
Paket Isi 2Pcs 50Rb Kaos Distro Motif Simple Cocok Untuk Pria Dan Wanita Motif Random,2052823013,5,Kaos nya bagus sesuai dengan pesanan,1776509693,5 hari lalu,COKSU+ABU MUDA - L,True,Anonymous,0,False,False,
Paket Isi 2Pcs 50Rb Kaos Distro Motif Simple Cocok Untuk Pria Dan Wanita Motif Random,2052736475,5,Pengiriman cepat kurir nya ramah.. Baju nya bahannya bagus gak kecewa adem..,1776506633,5 hari lalu,HITAM+NAVY - XL,True,Anonymous,0,True,False,
Paket Isi 2Pcs 50Rb Kaos Distro Motif Simple Cocok Untuk Pria Dan Wanita Motif Random,2052722690,5,Bahannya halus banget nyaman di pake ga sumuk,1776506117,5 hari lalu,HITAM+BIRU MUDA - XL,True,Anonymous,0,False,False,
Paket Isi 2Pcs 50Rb Kaos Distro Motif Simple Cocok Untuk Pria Dan Wanita Motif Random,2052711042,5,"Barang bagus bahan okee, sesuai pesanan warnanya",1776505693,5 hari lalu,COKSU+ABU MUDA - XL,True,Anonymous,0,False,False,
Paket Isi 2Pcs 50Rb Kaos Distro Motif Simple Cocok Untuk Pria Dan Wanita Motif Random,2052649196,5,"Ok bagus, sesuai, tebal bahannya",1776503487,5 hari lalu,TERACOTA +KUNING - XL,True,Anonymous,0,False,False,
Paket Isi 2Pcs 50Rb Kaos Distro Motif Simple Cocok Untuk Pria Dan Wanita Motif Random,2052586819,5,Terimakasih paket sudah aku terima kaos dua 2pcs,1776501195,5 hari lalu,KUNING+WARDAH - L,True,Anonymous,0,False,False,
Paket Isi 2Pcs 50Rb Kaos Distro Motif Simple Cocok Untuk Pria Dan Wanita Motif Random,2052518772,5,"Ok lah dengan harga segitu,bahan halus",1776498738,5 hari lalu,MARUN+HIJAU BOTOL - XXL,True,Anonymous,0,True,False,
Paket Isi 2Pcs 50Rb Kaos Distro Motif Simple Cocok Untuk Pria Dan Wanita Motif Random,2052414364,5,"Bahan tebal,oke lah lumayan buat sehari hari.bisa buat langganan",1776494911,5 hari lalu,MARUN+HIJAU BOTOL - XL,True,Anonymous,0,True,False,
Paket Isi 2Pcs 50Rb Kaos Distro Motif Simple Cocok Untuk Pria Dan Wanita Motif Random,2052412844,3,Ukaran baju nya kecil padahal ukuran nya XL,1776494851,5 hari lalu,ALMOND+HITAM - XL,True,Anonymous,0,True,False,
Paket Isi 2Pcs 50Rb Kaos Distro Motif Simple Cocok Untuk Pria Dan Wanita Motif Random,2052407062,5,Bahan ny bagus tebel deng harga sgtu cuma syg ny kegedean harus ny pesen xl,1776494638,5 hari lalu,ABU MUDA+TOSCA - XXL,True,Anonymous,0,False,False,
Paket Isi 2Pcs 50Rb Kaos Distro Motif Simple Cocok Untuk Pria Dan Wanita Motif Random,2052404742,5,"Lmyan bagus buat kaos nya ,kainya lmyan ngk terlalu tipis ngk tebel juga",1776494568,5 hari lalu,WARDAH+COKSU - M,True,Anonymous,0,True,False,
Paket Isi 2Pcs 50Rb Kaos Distro Motif Simple Cocok Untuk Pria Dan Wanita Motif Random,2052256814,5,Puas,1776489451,5 hari lalu,MARUN+HITAM - XL,True,Anonymous,0,False,False,
Paket Isi 2Pcs 50Rb Kaos Distro Motif Simple Cocok Untuk Pria Dan Wanita Motif Random,2052224778,4,Bagus tpi kekecilan,1776488394,5 hari lalu,HITAM+NAVY - XXL,True,Anonymous,0,False,False,
Paket Isi 2Pcs 50Rb Kaos Distro Motif Simple Cocok Untuk Pria Dan Wanita Motif Random,2052192281,3,"Co 2 baju ukuran L, yg 1 pas ld nya 100.. Yg 1 lagi ld nya ngga sampe 100, ukuran l kyk ukuran m",1776487469,5 hari lalu,ABU MUDA+TOSCA - L,True,Anonymous,0,True,False,
Paket Isi 2Pcs 50Rb Kaos Distro Motif Simple Cocok Untuk Pria Dan Wanita Motif Random,2052175918,5,Barangnya udah nyampek,1776486954,5 hari lalu,MARUN+HIJAU BOTOL - L,True,Anonymous,0,False,False,
Paket Isi 2Pcs 50Rb Kaos Distro Motif Simple Cocok Untuk Pria Dan Wanita Motif Random,2052156452,4,Yang satu nya salah warna harus nya kuning yg datang warna lain,1776486437,5 hari lalu,TERACOTA +KUNING - L,True,Anonymous,0,True,False,
Paket Isi 2Pcs 50Rb Kaos Distro Motif Simple Cocok Untuk Pria Dan Wanita Motif Random,2052156441,4,Sesuai SMA yg d pesan cuma salah ambil ukuran jadi nya ngepas d badan,1776486437,5 hari lalu,HITAM+BIRU MUDA - L,True,Anonymous,0,True,False,
Paket Isi 2Pcs 50Rb Kaos Distro Motif Simple Cocok Untuk Pria Dan Wanita Motif Random,2052155647,5,"Barang sampai cepat👍
Bahan bagus dengan harga 55
Nanti cekout lagi deh buat langganan
Kurir baru muyer2 nyari 🏡 ku
Amanah yaaa buat penjualan nya makin laris",1776486411,5 hari lalu,COKSU+ABU MUDA - XL,True,Anonymous,0,True,False,
Paket Isi 2Pcs 50Rb Kaos Distro Motif Simple Cocok Untuk Pria Dan Wanita Motif Random,2052092521,5,"Kuningnya kok jadi hijau lemon y,tp gpp tetep suka",1776484501,5 hari lalu,KUNING+WARDAH - L,True,Anonymous,0,True,False,
Paket Isi 2Pcs 50Rb Kaos Distro Motif Simple Cocok Untuk Pria Dan Wanita Motif Random,2052045605,5,Kualitas produk: Bagus,1776483005,5 hari lalu,DUSTY+COKSU - XL,True,Anonymous,0,False,False,
Paket Isi 2Pcs 50Rb Kaos Distro Motif Simple Cocok Untuk Pria Dan Wanita Motif Random,2051797184,5,Kualitas produk: Sippoppp,1776473784,5 hari lalu,NAVY+MARUN - XL,True,Anonymous,0,True,True,
Paket Isi 2Pcs 50Rb Kaos Distro Motif Simple Cocok Untuk Pria Dan Wanita Motif Random,2051711130,5,Ok,1776467543,6 hari lalu,ALMOND+HITAM - L,True,Anonymous,0,False,False,
Paket Isi 2Pcs 50Rb Kaos Distro Motif Simple Cocok Untuk Pria Dan Wanita Motif Random,2051644613,4,oke lah,1776456087,6 hari lalu,BIRU MUDA+DUSTY - XL,False,fatkhul,0,False,False,Terima kasih telah berbelanja di INDAH MODE 20. Bagikan link toko kami https://www.tokopedia.com/indah-mode-20 kepada teman-teman kamu. Jangan lupa follow toko kami untuk tahu update terbaru tentang stok dan produk yang kami tawarkan.
Paket Isi 2Pcs 50Rb Kaos Distro Motif Simple Cocok Untuk Pria Dan Wanita Motif Random,2051607243,5,Bagus,1776447441,6 hari lalu,ABU MUDA+TOSCA - L,True,Anonymous,0,False,False,
Paket Isi 2Pcs 50Rb Kaos Distro Motif Simple Cocok Untuk Pria Dan Wanita Motif Random,2051516609,4,Minta hijau botol yg dikirim hijau army,1776439961,6 hari lalu,HIJAU BOTOL +ABU TUA - XL,True,Anonymous,0,False,False,
Paket Isi 2Pcs 50Rb Kaos Distro Motif Simple Cocok Untuk Pria Dan Wanita Motif Random,2051483964,5,Barang nya bagus lumayan tebal.. cuma kurirnya korupsi 5000,1776438086,6 hari lalu,HITAM+ABU TUA - L,True,Anonymous,0,False,False,
Paket Isi 2Pcs 50Rb Kaos Distro Motif Simple Cocok Untuk Pria Dan Wanita Motif Random,2051478290,3,Ada harga ada kualitas bahan lumayan jahitan lumayan intinya ada harga ada kualitas kurang cocok untuk cwok tinggi kurus,1776437782,6 hari lalu,PUTIH+HITAM - L,True,Anonymous,0,False,False,
Paket Isi 2Pcs 50Rb Kaos Distro Motif Simple Cocok Untuk Pria Dan Wanita Motif Random,2051469154,5,Cocok,1776437346,6 hari lalu,ABU MUDA+TOSCA - L,True,Anonymous,0,False,False,
Paket Isi 2Pcs 50Rb Kaos Distro Motif Simple Cocok Untuk Pria Dan Wanita Motif Random,2051453713,5,Bahan nya lembut adem nyaman dipake,1776436681,6 hari lalu,DUSTY+COKSU - XL,True,Anonymous,0,False,False,
Paket Isi 2Pcs 50Rb Kaos Distro Motif Simple Cocok Untuk Pria Dan Wanita Motif Random,2051362297,4,Bagus,1776433011,6 hari lalu,NAVY+ABU TUA - L,True,Anonymous,0,False,False,
Paket Isi 2Pcs 50Rb Kaos Distro Motif Simple Cocok Untuk Pria Dan Wanita Motif Random,2051345850,4,Kualitas produk: Baik,1776432343,6 hari lalu,NAVY+ABU TUA - L,True,Anonymous,0,False,False,
Paket Isi 2Pcs 50Rb Kaos Distro Motif Simple Cocok Untuk Pria Dan Wanita Motif Random,2051335198,5,Enak gk gatel d kulit kualitas nya jg bagus,1776431910,6 hari lalu,WARDAH+COKSU - XL,True,Anonymous,0,False,False,
Paket Isi 2Pcs 50Rb Kaos Distro Motif Simple Cocok Untuk Pria Dan Wanita Motif Random,2051319968,5,Good,1776431306,6 hari lalu,2PCS WARNA HITAM - XL,True,Anonymous,0,True,False,
Paket Isi 2Pcs 50Rb Kaos Distro Motif Simple Cocok Untuk Pria Dan Wanita Motif Random,2051132518,5,"Mantap bajunya, pas Ukurannya",1776424789,6 hari lalu,ALMOND+KUNING - XXL,True,Anonymous,0,True,False,
Paket Isi 2Pcs 50Rb Kaos Distro Motif Simple Cocok Untuk Pria Dan Wanita Motif Random,2051132529,5,"Mantap bajunya, pas ukurannya",1776424789,6 hari lalu,MARUN+HITAM - XXL,True,Anonymous,0,True,False,
Paket Isi 2Pcs 50Rb Kaos Distro Motif Simple Cocok Untuk Pria Dan Wanita Motif Random,2051096345,5,Barangnya bagus,1776423666,6 hari lalu,ABU MUDA+TOSCA - XXL,True,Anonymous,0,False,False,
Paket Isi 2Pcs 50Rb Kaos Distro Motif Simple Cocok Untuk Pria Dan Wanita Motif Random,2051047689,4,55rb dapet 2😍 bahan bagus,1776422176,6 hari lalu,COKSU+ABU MUDA - XL,True,Anonymous,0,True,False,
Paket Isi 2Pcs 50Rb Kaos Distro Motif Simple Cocok Untuk Pria Dan Wanita Motif Random,2051028617,5,Sesuai harga size sesuai yg d pesan pngiriman cepat,1776421570,6 hari lalu,NAVY+MARUN - L,True,Anonymous,0,False,False,
Paket Isi 2Pcs 50Rb Kaos Distro Motif Simple Cocok Untuk Pria Dan Wanita Motif Random,2051020004,5,Bagus lumayan buat ganti baju,1776421285,6 hari lalu,NAVY+MARUN - XL,True,Anonymous,0,True,False,
Paket Isi 2Pcs 50Rb Kaos Distro Motif Simple Cocok Untuk Pria Dan Wanita Motif Random,2051009506,5,"Kualitas produk: Baju sesuai Poto, untuk dipakai hari2",1776420974,6 hari lalu,NAVY+MARUN - XXL,True,Anonymous,0,False,False,
Paket Isi 2Pcs 50Rb Kaos Distro Motif Simple Cocok Untuk Pria Dan Wanita Motif Random,2050975929,5,"bahannya adem bagus banget ,jahitannya juga rapi ,
suka banget dech trimakasih 🤗🙏",1776419831,6 hari lalu,HITAM+NAVY - L,True,Anonymous,0,False,False,
Paket Isi 2Pcs 50Rb Kaos Distro Motif Simple Cocok Untuk Pria Dan Wanita Motif Random,2050916476,5,Kaos bagus halus pokoknya puas,1776418007,6 hari lalu,COKSU+ABU MUDA - XXL,True,Anonymous,0,False,False,
Paket Isi 2Pcs 50Rb Kaos Distro Motif Simple Cocok Untuk Pria Dan Wanita Motif Random,2050916463,5,"Bahan bagus untuk harga segitu, size pas, warna sesuai pesenan",1776418006,6 hari lalu,HITAM+NAVY - XL,True,Anonymous,0,False,False,
Paket Isi 2Pcs 50Rb Kaos Distro Motif Simple Cocok Untuk Pria Dan Wanita Motif Random,2050912173,5,"suka sama baju nya.
pesanan ke 4x nya ,☺️☺️",1776417859,6 hari lalu,ALMOND+HITAM - XL,True,Anonymous,0,False,False,
Paket Isi 2Pcs 50Rb Kaos Distro Motif Simple Cocok Untuk Pria Dan Wanita Motif Random,2050877561,5,Oh ijo nya ijo tua y,1776416756,6 hari lalu,MARUN+HIJAU BOTOL - M,True,Anonymous,0,True,False,
Paket Isi 2Pcs 50Rb Kaos Distro Motif Simple Cocok Untuk Pria Dan Wanita Motif Random,2050802606,5,Kualitas produk: Sangattt bagjzsss memuaskannnnnnnn bangaettttttttttty puasssssss bngettttttttttyy66 lkkonua mahhhhhh,1776414124,6 hari lalu,ABU MUDA+TOSCA - XL,True,Anonymous,0,True,False,
Paket Isi 2Pcs 50Rb Kaos Distro Motif Simple Cocok Untuk Pria Dan Wanita Motif Random,2050777695,3,Barang sudah kami terima kemasan rapih kurir baik terima kasih,1776413273,6 hari lalu,TOSCA+COKPOL - XL,True,Anonymous,0,False,False,
Paket Isi 2Pcs 50Rb Kaos Distro Motif Simple Cocok Untuk Pria Dan Wanita Motif Random,2050773333,5,"Bahan bagus, nyaman",1776413118,6 hari lalu,PUTIH+HITAM - L,True,Anonymous,0,False,False,
Paket Isi 2Pcs 50Rb Kaos Distro Motif Simple Cocok Untuk Pria Dan Wanita Motif Random,2050754028,5,"ini beneran bagus banget, kalian harus beli sih bahanya adem nyaman bagussss",1776412431,6 hari lalu,HITAM+ABU TUA - M,True,Anonymous,0,False,False,
Paket Isi 2Pcs 50Rb Kaos Distro Motif Simple Cocok Untuk Pria Dan Wanita Motif Random,2050407202,5,"Bag
Kualitas produk: Bahan bagus,cuman agak kekecilan aja",1776399858,6 hari lalu,ABU MUDA+TOSCA - L,True,Anonymous,0,False,False,
Paket Isi 2Pcs 50Rb Kaos Distro Motif Simple Cocok Untuk Pria Dan Wanita Motif Random,2050349235,5,Bagus,1776398084,6 hari lalu,HITAM+NAVY - L,True,Anonymous,0,False,False,
Paket Isi 2Pcs 50Rb Kaos Distro Motif Simple Cocok Untuk Pria Dan Wanita Motif Random,2050311365,5,Murah dgn harga 50.n dapet 2 .. lumayan buat gonta ganti suami di rumah. Terima kasih,1776396892,6 hari lalu,TERACOTA +BIRU MUDA - XL,True,Anonymous,0,False,False,
Paket Isi 2Pcs 50Rb Kaos Distro Motif Simple Cocok Untuk Pria Dan Wanita Motif Random,2050198750,5,Lumayan lah dengan harga segitu,1776392977,6 hari lalu,ALMOND+KUNING - XL,True,Anonymous,0,True,False,
Paket Isi 2Pcs 50Rb Kaos Distro Motif Simple Cocok Untuk Pria Dan Wanita Motif Random,2050170185,5,Dtang sesuai pesanan,1776392012,6 hari lalu,NAVY+MARUN - L,True,Anonymous,0,False,False,
Paket Isi 2Pcs 50Rb Kaos Distro Motif Simple Cocok Untuk Pria Dan Wanita Motif Random,2050031251,5,Puas tidak mengecewakan... mantap,1776385085,6 hari lalu,TOSCA+COKPOL - XXXL,True,Anonymous,0,True,False,
Paket Isi 2Pcs 50Rb Kaos Distro Motif Simple Cocok Untuk Pria Dan Wanita Motif Random,2050010230,5,Kualitas produk: 👍👍,1776383496,1 minggu lalu,NAVY+MARUN - XXXL,True,Anonymous,0,False,False,
Paket Isi 2Pcs 50Rb Kaos Distro Motif Simple Cocok Untuk Pria Dan Wanita Motif Random,2049931635,5,mantap,1776374559,1 minggu lalu,HITAM+NAVY - XL,True,Anonymous,0,False,False,
Paket Isi 2Pcs 50Rb Kaos Distro Motif Simple Cocok Untuk Pria Dan Wanita Motif Random,2049860386,5,Kualitas produk: Sesuai espektasi,1776357883,1 minggu lalu,PUTIH+HITAM - L,True,Anonymous,0,False,False,
Paket Isi 2Pcs 50Rb Kaos Distro Motif Simple Cocok Untuk Pria Dan Wanita Motif Random,2049823546,5,Barang sesuai bagus lumayan,1776354711,1 minggu lalu,ABU MUDA+TOSCA - XL,True,Anonymous,0,True,False,
Paket Isi 2Pcs 50Rb Kaos Distro Motif Simple Cocok Untuk Pria Dan Wanita Motif Random,2049791364,5,Kualitas produk: Bahan halus dan lembut,1776352529,1 minggu lalu,PUTIH+HITAM - L,True,Anonymous,0,False,False,
Paket Isi 2Pcs 50Rb Kaos Distro Motif Simple Cocok Untuk Pria Dan Wanita Motif Random,2049698788,4,"Kaos nya bagus lumayan tebal,wort ith bgt pokonya",1776347924,1 minggu lalu,HITAM+ABU TUA - M,True,Anonymous,0,False,False,
Paket Isi 2Pcs 50Rb Kaos Distro Motif Simple Cocok Untuk Pria Dan Wanita Motif Random,2049645537,5,Barang baguss,1776345627,1 minggu lalu,HITAM+NAVY - XL,True,Anonymous,0,False,False,
Paket Isi 2Pcs 50Rb Kaos Distro Motif Simple Cocok Untuk Pria Dan Wanita Motif Random,2049611601,5,Barang sdh diterima sesuai dengan pesanan mantap pokonya,1776344294,1 minggu lalu,HITAM+NAVY - XXXL,True,Anonymous,0,False,False,
Paket Isi 2Pcs 50Rb Kaos Distro Motif Simple Cocok Untuk Pria Dan Wanita Motif Random,2049605749,5,Mantap lur 👍,1776344086,1 minggu lalu,MARUN+HIJAU BOTOL - XL,True,Anonymous,0,True,False,
Paket Isi 2Pcs 50Rb Kaos Distro Motif Simple Cocok Untuk Pria Dan Wanita Motif Random,2049521406,5,Bagus seh. Tapi aku salah pilih ukuran aku kira L pas ternyata kekecilan din suami,1776341641,1 minggu lalu,HITAM+NAVY - L,True,Anonymous,0,False,False,
Paket Isi 2Pcs 50Rb Kaos Distro Motif Simple Cocok Untuk Pria Dan Wanita Motif Random,2049361054,5,Barang bagus,1776336527,1 minggu lalu,NAVY+ABU TUA - XXL,True,Anonymous,0,False,False,
Paket Isi 2Pcs 50Rb Kaos Distro Motif Simple Cocok Untuk Pria Dan Wanita Motif Random,2049156998,5,"kaosnya bgus...suamiku suka,kurirnya ramah...makasih",1776330050,1 minggu lalu,TOSCA+COKPOL - XL,True,Anonymous,0,False,False,
Paket Isi 2Pcs 50Rb Kaos Distro Motif Simple Cocok Untuk Pria Dan Wanita Motif Random,2048926404,5,Terimakasih,1776321643,1 minggu lalu,HIJAU BOTOL +ABU TUA - M,True,Anonymous,0,False,False,
Paket Isi 2Pcs 50Rb Kaos Distro Motif Simple Cocok Untuk Pria Dan Wanita Motif Random,2048903953,2,Tipis bahannya udh gtu kecil padahal ukuran L kaya ukuran M,1776320801,1 minggu lalu,NAVY+MARUN - L,True,Anonymous,0,False,False,
Paket Isi 2Pcs 50Rb Kaos Distro Motif Simple Cocok Untuk Pria Dan Wanita Motif Random,2048869583,5,"Kualitas produk: Katun adem
Dan lembut nyaman di pake seharian .",1776319517,1 minggu lalu,HITAM+NAVY - XXL,True,Anonymous,0,True,False,
Paket Isi 2Pcs 50Rb Kaos Distro Motif Simple Cocok Untuk Pria Dan Wanita Motif Random,2048788104,5,Yg king halus lembut,1776316659,1 minggu lalu,ALMOND+HITAM - XL,True,Anonymous,0,True,False,
Paket Isi 2Pcs 50Rb Kaos Distro Motif Simple Cocok Untuk Pria Dan Wanita Motif Random,2048788094,4,"Ditulisan merek.nya king semua tapi yg dikirim merek d best dan king 🥺 
Tapi GPP semua bagus tapi bahan halus.an yg king",1776316659,1 minggu lalu,TOSCA+COKPOL - XL,True,Anonymous,0,True,False,
Paket Isi 2Pcs 50Rb Kaos Distro Motif Simple Cocok Untuk Pria Dan Wanita Motif Random,2048783729,5,Bahanya adem.. Nyaman di pakai.. Warna juga sesuai pesanan,1776316510,1 minggu lalu,ALMOND+HITAM - L,True,Anonymous,0,False,False,
Paket Isi 2Pcs 50Rb Kaos Distro Motif Simple Cocok Untuk Pria Dan Wanita Motif Random,2048741710,5,Bagus bahan halus,1776315114,1 minggu lalu,NAVY+ABU TUA - XL,True,Anonymous,0,False,False,
Paket Isi 2Pcs 50Rb Kaos Distro Motif Simple Cocok Untuk Pria Dan Wanita Motif Random,2048677827,5,Bgus,1776313063,1 minggu lalu,HIJAU BOTOL +ABU TUA - XXL,True,Anonymous,0,True,False,
Paket Isi 2Pcs 50Rb Kaos Distro Motif Simple Cocok Untuk Pria Dan Wanita Motif Random,2048626042,4,Lumayan dgn harga segitu...dk terlalu tipis..,1776311426,1 minggu lalu,HIJAU BOTOL +ABU TUA - XXL,True,Anonymous,0,False,False,
Paket Isi 2Pcs 50Rb Kaos Distro Motif Simple Cocok Untuk Pria Dan Wanita Motif Random,2048580151,5,"Kren
Kualitas produk: Mantep",1776309924,1 minggu lalu,ABU MUDA+TOSCA - L,True,Anonymous,0,True,False,
Paket Isi 2Pcs 50Rb Kaos Distro Motif Simple Cocok Untuk Pria Dan Wanita Motif Random,2048489684,5,Pkt sudah sampai dgn baik,1776307082,1 minggu lalu,DUSTY+COKSU - XL,True,Anonymous,0,False,False,
Paket Isi 2Pcs 50Rb Kaos Distro Motif Simple Cocok Untuk Pria Dan Wanita Motif Random,2048451375,5,Bahan halus ..afem,1776305670,1 minggu lalu,BIRU MUDA+DUSTY - XL,True,Anonymous,0,True,False,
Paket Isi 2Pcs 50Rb Kaos Distro Motif Simple Cocok Untuk Pria Dan Wanita Motif Random,2048431939,5,"Bagus bngettt, tebel juga jngan ragu pokokx beli baju di sni",1776304896,1 minggu lalu,ALMOND+HITAM - L,True,Anonymous,0,True,False,
Paket Isi 2Pcs 50Rb Kaos Distro Motif Simple Cocok Untuk Pria Dan Wanita Motif Random,2048347144,1,Kualitas produk: Bagus sih cuman kenapa di kirim yang zise L AQ pesan yang XXL kok malah datangnya L mana nunggu lama lagi,1776300936,1 minggu lalu,HITAM+NAVY - XXL,True,Anonymous,0,False,False,
Paket Isi 2Pcs 50Rb Kaos Distro Motif Simple Cocok Untuk Pria Dan Wanita Motif Random,2048268794,4,Bahan tebal dan halis,1776295575,1 minggu lalu,TERACOTA +BIRU MUDA - L,True,Anonymous,0,False,False,
Paket Isi 2Pcs 50Rb Kaos Distro Motif Simple Cocok Untuk Pria Dan Wanita Motif Random,2048218144,5,Ok,1776290518,1 minggu lalu,NAVY+MARUN - XL,True,Anonymous,0,False,False,
Paket Isi 2Pcs 50Rb Kaos Distro Motif Simple Cocok Untuk Pria Dan Wanita Motif Random,2048217965,5,Ok,1776290492,1 minggu lalu,BIRU MUDA+DUSTY - XL,True,Anonymous,0,False,False,
Paket Isi 2Pcs 50Rb Kaos Distro Motif Simple Cocok Untuk Pria Dan Wanita Motif Random,2048212098,5,👍,1776289490,1 minggu lalu,HITAM+NAVY - XXL,True,Anonymous,0,False,False,
Paket Isi 2Pcs 50Rb Kaos Distro Motif Simple Cocok Untuk Pria Dan Wanita Motif Random,2048209295,5,👍👍,1776288929,1 minggu lalu,HITAM+NAVY - XXL,True,Anonymous,0,False,False,
Paket Isi 2Pcs 50Rb Kaos Distro Motif Simple Cocok Untuk Pria Dan Wanita Motif Random,2048160049,5,Sangat bagus udah yg ke 2 kalinya beli dsni 🥰🥰🥰🥰,1776274567,1 minggu lalu,HITAM+NAVY - XL,True,Anonymous,0,False,False,
Paket Isi 2Pcs 50Rb Kaos Distro Motif Simple Cocok Untuk Pria Dan Wanita Motif Random,2048000074,5,Bagus banget sesuai pesanan,1776262698,1 minggu lalu,HITAM+ABU TUA - XL,True,Anonymous,0,True,False,
Paket Isi 2Pcs 50Rb Kaos Distro Motif Simple Cocok Untuk Pria Dan Wanita Motif Random,2047888065,4,Kualitas produk: Baik,1776258249,1 minggu lalu,HIJAU BOTOL +ABU TUA - L,True,Anonymous,0,False,False,
Paket Isi 2Pcs 50Rb Kaos Distro Motif Simple Cocok Untuk Pria Dan Wanita Motif Random,2047859501,5,Kualitas produk: Bagus okelah untuk harga segitu,1776257277,1 minggu lalu,HIJAU BOTOL +ABU TUA - L,True,Anonymous,0,False,False,
Paket Isi 2Pcs 50Rb Kaos Distro Motif Simple Cocok Untuk Pria Dan Wanita Motif Random,2047787537,5,"Bagus,pas dan bahan ny adem",1776254837,1 minggu lalu,BIRU MUDA+DUSTY - XXL,True,Anonymous,0,False,False,
Paket Isi 2Pcs 50Rb Kaos Distro Motif Simple Cocok Untuk Pria Dan Wanita Motif Random,2047715890,5,paket sudah diterima dengan baik,1776252874,1 minggu lalu,MARUN+HIJAU BOTOL - M,True,Anonymous,0,True,False,Terima kasih telah berbelanja di INDAH MODE 20. Bagikan link toko kami https://www.tokopedia.com/indah-mode-20 kepada teman-teman kamu. Jangan lupa follow toko kami untuk tahu update terbaru tentang stok dan produk yang kami tawarkan.
Paket Isi 2Pcs 50Rb Kaos Distro Motif Simple Cocok Untuk Pria Dan Wanita Motif Random,2047509530,5,Kualitas produk: Bagus,1776247247,1 minggu lalu,HITAM+ABU TUA - L,True,Anonymous,0,False,False,
Paket Isi 2Pcs 50Rb Kaos Distro Motif Simple Cocok Untuk Pria Dan Wanita Motif Random,2047219918,3,Mksih pket dah sampai......,1776237924,1 minggu lalu,COKSU+ABU MUDA - XL,True,Anonymous,0,False,False,
Paket Isi 2Pcs 50Rb Kaos Distro Motif Simple Cocok Untuk Pria Dan Wanita Motif Random,2047211796,1,Ukuran sesuai warna sesuai tpi gambar di foto sama yg datang beda jauh,1776237642,1 minggu lalu,MARUN+HIJAU BOTOL - XXL,True,Anonymous,0,False,False,
Paket Isi 2Pcs 50Rb Kaos Distro Motif Simple Cocok Untuk Pria Dan Wanita Motif Random,2047113621,5,"Palet nya dah sampai barang nya bagus aku suka ,
Sesuai harapan 
Kurir nya biasa udah langganan",1776234176,1 minggu lalu,DUSTY+COKSU - XL,True,Anonymous,0,True,False,
Paket Isi 2Pcs 50Rb Kaos Distro Motif Simple Cocok Untuk Pria Dan Wanita Motif Random,2047109903,2,Lengan bajunya terllu lebar g sesuai ukuran biasa jd hrus di potong lg...parahhhh,1776234046,1 minggu lalu,HITAM+NAVY - XXL,True,Anonymous,0,False,False,
Paket Isi 2Pcs 50Rb Kaos Distro Motif Simple Cocok Untuk Pria Dan Wanita Motif Random,2047070144,3,"Saya kecewa. Saya pesenya biru merah, yg datang biru oreng.. gmn sih",1776232684,1 minggu lalu,TERACOTA +BIRU MUDA - M,True,Anonymous,0,True,False,
Paket Isi 2Pcs 50Rb Kaos Distro Motif Simple Cocok Untuk Pria Dan Wanita Motif Random,2046986760,5,bagus suami ku suka,1776229996,1 minggu lalu,COKSU+HITAM - XL,True,Anonymous,0,False,False,
Paket Isi 2Pcs 50Rb Kaos Distro Motif Simple Cocok Untuk Pria Dan Wanita Motif Random,2046932655,5,Kualitas so good👌👍,1776228285,1 minggu lalu,HITAM+NAVY - M,True,Anonymous,0,False,False,
Paket Isi 2Pcs 50Rb Kaos Distro Motif Simple Cocok Untuk Pria Dan Wanita Motif Random,2046925640,5,"mantap.
pesanan ke 3x nya..
next mau pesan lagi",1776228100,1 minggu lalu,HIJAU BOTOL +ABU TUA - XL,True,Anonymous,0,False,False,
Paket Isi 2Pcs 50Rb Kaos Distro Motif Simple Cocok Untuk Pria Dan Wanita Motif Random,2046879557,5,"Bahan adem, GK terlalu tebal, GK terlalu tipis, enak dipakai, cocok untuk suami saya",1776226733,1 minggu lalu,ABU MUDA+TOSCA - L,True,Anonymous,0,True,False,
Paket Isi 2Pcs 50Rb Kaos Distro Motif Simple Cocok Untuk Pria Dan Wanita Motif Random,2046866629,5,Alhamdulillah kaosnya dah nyampe bahannya lumayan tebal dgn harga murmer dpt 2,1776226359,1 minggu lalu,MARUN+HITAM - XXXL,True,Anonymous,0,True,False,
Paket Isi 2Pcs 50Rb Kaos Distro Motif Simple Cocok Untuk Pria Dan Wanita Motif Random,2046805521,5,Bahan adem... Sangat nyaman dipakainya,1776224517,1 minggu lalu,COKSU+ABU MUDA - XL,True,Anonymous,0,False,False,
Paket Isi 2Pcs 50Rb Kaos Distro Motif Simple Cocok Untuk Pria Dan Wanita Motif Random,2046789900,5,bagus banget baju sesuai pesanan ukuran pas adem juga di pakai,1776224043,1 minggu lalu,NAVY+MARUN - M,True,Anonymous,0,False,False,
Paket Isi 2Pcs 50Rb Kaos Distro Motif Simple Cocok Untuk Pria Dan Wanita Motif Random,2046727391,5,Sangat bagus. Ukuran nya pas,1776222046,1 minggu lalu,NAVY+MARUN - XL,True,Anonymous,0,True,False,
Paket Isi 2Pcs 50Rb Kaos Distro Motif Simple Cocok Untuk Pria Dan Wanita Motif Random,2046700149,5,bagus bahannya tebal,1776221138,1 minggu lalu,MARUN+HIJAU BOTOL - L,False,wahyudi,0,False,False,Terima kasih telah berbelanja di INDAH MODE 20. Bagikan link toko kami https://www.tokopedia.com/indah-mode-20 kepada teman-teman kamu. Jangan lupa follow toko kami untuk tahu update terbaru tentang stok dan produk yang kami tawarkan.
Paket Isi 2Pcs 50Rb Kaos Distro Motif Simple Cocok Untuk Pria Dan Wanita Motif Random,2046569783,5,Bagus,1776216011,1 minggu lalu,ABU MUDA+TOSCA - XL,True,Anonymous,0,False,False,
Paket Isi 2Pcs 50Rb Kaos Distro Motif Simple Cocok Untuk Pria Dan Wanita Motif Random,2046504703,5,"Lumayan buat sehari2 di rumah tp klu untuk pergi juga oky c karena bahan adem gak nerawang dan juga gak begitu tebal, harga murah terimakasih sukses selalu dan makin laris manis 😍💪",1776212858,1 minggu lalu,ABU MUDA+TOSCA - L,True,Anonymous,0,True,True,
Paket Isi 2Pcs 50Rb Kaos Distro Motif Simple Cocok Untuk Pria Dan Wanita Motif Random,2046499406,5,"Realpick sesuai pesanan, bahan halus,tebal,hrg murah tapi ga murahan, kualitas bagus,dan kurir nya itu dah langganan bgt,pas paket dtg AQ ga ada dirmh,taruh didpn rmh,pdhl cod , makasih buat bang kurir Aldy",1776212529,1 minggu lalu,TOSCA+COKPOL - XL,True,Anonymous,0,True,False,
Paket Isi 2Pcs 50Rb Kaos Distro Motif Simple Cocok Untuk Pria Dan Wanita Motif Random,2046441864,5,Barang sesuai. Bajunya baguss,1776208149,1 minggu lalu,HITAM+NAVY - XXL,True,Anonymous,0,True,False,
Paket Isi 2Pcs 50Rb Kaos Distro Motif Simple Cocok Untuk Pria Dan Wanita Motif Random,2046404600,5,Baik,1776204282,1 minggu lalu,MARUN+HITAM - M,True,Anonymous,0,False,False,
Paket Isi 2Pcs 50Rb Kaos Distro Motif Simple Cocok Untuk Pria Dan Wanita Motif Random,2046355509,5,Bagus,1776189993,1 minggu lalu,TERACOTA +BIRU MUDA - M,True,Anonymous,0,False,False,
Paket Isi 2Pcs 50Rb Kaos Distro Motif Simple Cocok Untuk Pria Dan Wanita Motif Random,2046324604,5,sesuai dengan ukuran,1776185108,1 minggu lalu,MARUN+HIJAU BOTOL - M,True,Anonymous,0,False,False,
Paket Isi 2Pcs 50Rb Kaos Distro Motif Simple Cocok Untuk Pria Dan Wanita Motif Random,2046167628,3,bhan panas ukuran L kok kecil y,1776175206,1 minggu lalu,HITAM+NAVY - L,True,Anonymous,0,False,False,
Paket Isi 2Pcs 50Rb Kaos Distro Motif Simple Cocok Untuk Pria Dan Wanita Motif Random,2046152861,5,"bahan nya tebal &amp; adem,,,mau pesan lagi yg 2",1776174580,1 minggu lalu,DUSTY+COKSU - L,False,Resi,0,False,False,Terima kasih telah berbelanja di INDAH MODE 20. Bagikan link toko kami https://www.tokopedia.com/indah-mode-20 kepada teman-teman kamu. Jangan lupa follow toko kami untuk tahu update terbaru tentang stok dan produk yang kami tawarkan.
Paket Isi 2Pcs 50Rb Kaos Distro Motif Simple Cocok Untuk Pria Dan Wanita Motif Random,2045914257,5,Bahan g panas dn jg g tipis di harga segini ma . Moga tambah sukses selalu buat toko y,1776166207,1 minggu lalu,TERACOTA +BIRU MUDA - XL,True,Anonymous,0,True,False,
Paket Isi 2Pcs 50Rb Kaos Distro Motif Simple Cocok Untuk Pria Dan Wanita Motif Random,2045879634,5,Bahan bagus pas buat bb 85 cwok bahan ga nerawang ga tebel...,1776165127,1 minggu lalu,MARUN+HIJAU BOTOL - XXL,True,Anonymous,0,False,False,
Paket Isi 2Pcs 50Rb Kaos Distro Motif Simple Cocok Untuk Pria Dan Wanita Motif Random,2045603773,5,Bagus banget,1776156083,1 minggu lalu,HITAM+BIRU MUDA - L,True,Anonymous,0,False,False,
Paket Isi 2Pcs 50Rb Kaos Distro Motif Simple Cocok Untuk Pria Dan Wanita Motif Random,2045499525,5,Zz,1776151889,1 minggu lalu,HITAM+ABU TUA - XL,True,Anonymous,0,False,False,
Paket Isi 2Pcs 50Rb Kaos Distro Motif Simple Cocok Untuk Pria Dan Wanita Motif Random,2045481192,5,Bagus bgtt semoga order selanjutnya tetep bagus,1776151147,1 minggu lalu,ABU TUA +TERACOTA - XL,True,Anonymous,0,False,False,
Paket Isi 2Pcs 50Rb Kaos Distro Motif Simple Cocok Untuk Pria Dan Wanita Motif Random,2045340082,5,"Bagus bgt dua²nya,next order lagi😍🥰
Kualitas produk: Sangat bagus",1776145442,1 minggu lalu,HITAM+NAVY - XL,True,Anonymous,1,True,False,
Paket Isi 2Pcs 50Rb Kaos Distro Motif Simple Cocok Untuk Pria Dan Wanita Motif Random,2045133350,4,Oke,1776138477,1 minggu lalu,ABU MUDA+TOSCA - XL,True,Anonymous,0,False,False,
Paket Isi 2Pcs 50Rb Kaos Distro Motif Simple Cocok Untuk Pria Dan Wanita Motif Random,2045126304,5,Keren Bahan bags murah tapi gak murahann😍😘,1776138306,1 minggu lalu,PLUM+HITAM - XL,True,Anonymous,0,True,False,
Paket Isi 2Pcs 50Rb Kaos Distro Motif Simple Cocok Untuk Pria Dan Wanita Motif Random,2045106640,2,Pesanan tidak sesuai pesanan tidak bisa Kapelan sama yang xl,1776137595,1 minggu lalu,PUTIH+HITAM - XXXL,True,Anonymous,0,True,False,
Paket Isi 2Pcs 50Rb Kaos Distro Motif Simple Cocok Untuk Pria Dan Wanita Motif Random,2045027790,4,"Bahan sesuai harga, tebal nyaman murah meriah",1776134784,1 minggu lalu,HIJAU BOTOL +ABU TUA - XL,True,Anonymous,0,True,False,
Paket Isi 2Pcs 50Rb Kaos Distro Motif Simple Cocok Untuk Pria Dan Wanita Motif Random,2044942688,5,Bagus👍,1776131534,1 minggu lalu,TOSCA+COKPOL - XXL,True,Anonymous,0,False,False,
Paket Isi 2Pcs 50Rb Kaos Distro Motif Simple Cocok Untuk Pria Dan Wanita Motif Random,2044942682,5,"Bahan tebal,total aku dan beli 6 kaos, enak di pakai untuk sehari-hari",1776131534,1 minggu lalu,NAVY+MARUN - XXL,True,Anonymous,0,False,False,
Paket Isi 2Pcs 50Rb Kaos Distro Motif Simple Cocok Untuk Pria Dan Wanita Motif Random,2044775980,5,"Bagus, sesuai, insya allah next order lagi",1776121290,1 minggu lalu,MARUN+HIJAU BOTOL - XL,True,Anonymous,0,False,False,
Paket Isi 2Pcs 50Rb Kaos Distro Motif Simple Cocok Untuk Pria Dan Wanita Motif Random,2044453184,5,Bahannya adem ngk tipis ngk tebal. Mantulll,1776087423,1 minggu lalu,HITAM+NAVY - XXL,True,Anonymous,0,False,False,
Paket Isi 2Pcs 50Rb Kaos Distro Motif Simple Cocok Untuk Pria Dan Wanita Motif Random,2044394066,5,"Kaos ukuran XXL seperti XL....tadinya kalau ukuran sesuai saya mau order lagi, tp ternyata TDK sesuai ekspektasi",1776085129,1 minggu lalu,HITAM+NAVY - XXL,True,Anonymous,0,False,False,
Paket Isi 2Pcs 50Rb Kaos Distro Motif Simple Cocok Untuk Pria Dan Wanita Motif Random,2044357831,5,Bagus bajunya cuma kekecilan pada ukuran L biasanya yang aku pake,1776083805,1 minggu lalu,HITAM+BIRU MUDA - L,True,Anonymous,0,False,False,
Paket Isi 2Pcs 50Rb Kaos Distro Motif Simple Cocok Untuk Pria Dan Wanita Motif Random,2044342272,5,Bagus,1776083240,1 minggu lalu,HITAM+NAVY - L,True,Anonymous,0,False,False,
Paket Isi 2Pcs 50Rb Kaos Distro Motif Simple Cocok Untuk Pria Dan Wanita Motif Random,2044318747,5,Alhamdulilah pesanan udah nyampe kaosnya bagus bahan halus ukuran nya jg pas trimakasih buat penjualnya yg amanah tidak mengecewakan,1776082415,1 minggu lalu,ABU MUDA+TOSCA - XXL,True,Anonymous,0,False,False,
Paket Isi 2Pcs 50Rb Kaos Distro Motif Simple Cocok Untuk Pria Dan Wanita Motif Random,2044209525,5,Kualitas produk: Bagus Sesuai Mantap👍👍👍,1776079123,1 minggu lalu,HIJAU BOTOL +ABU TUA - XXL,True,Anonymous,0,False,False,
Paket Isi 2Pcs 50Rb Kaos Distro Motif Simple Cocok Untuk Pria Dan Wanita Motif Random,2044176181,4,Bahan bagus tapi sayang warna tosca. Nya gelap kaya navi,1776078252,1 minggu lalu,ABU MUDA+TOSCA - XL,True,Anonymous,0,True,False,
Paket Isi 2Pcs 50Rb Kaos Distro Motif Simple Cocok Untuk Pria Dan Wanita Motif Random,2044166047,5,"Alhamdulillah baju nya bagus,, tidak mengecewakan... Next pasti pesen lagi bakalan jadi langganan,, pertahankan",1776077937,1 minggu lalu,HITAM+ABU TUA - XL,True,Anonymous,0,False,False,
Paket Isi 2Pcs 50Rb Kaos Distro Motif Simple Cocok Untuk Pria Dan Wanita Motif Random,2043948948,5,Bahan adem pas sm suamiku,1776070836,1 minggu lalu,TOSCA+COKPOL - XXXL,True,Anonymous,0,False,False,
Paket Isi 2Pcs 50Rb Kaos Distro Motif Simple Cocok Untuk Pria Dan Wanita Motif Random,2043616972,5,Kualitas produk: Ok,1776058979,1 minggu lalu,MARUN+HITAM - XL,True,Anonymous,0,False,False,
Paket Isi 2Pcs 50Rb Kaos Distro Motif Simple Cocok Untuk Pria Dan Wanita Motif Random,2043600878,5,Bagus,1776058430,1 minggu lalu,MARUN+HITAM - XXXL,True,Anonymous,0,False,False,
Paket Isi 2Pcs 50Rb Kaos Distro Motif Simple Cocok Untuk Pria Dan Wanita Motif Random,2043566228,5,Bahannya nyaman dan lentur,1776057351,1 minggu lalu,PLUM+ALMOND - XL,True,Anonymous,0,False,False,
Paket Isi 2Pcs 50Rb Kaos Distro Motif Simple Cocok Untuk Pria Dan Wanita Motif Random,2043523272,5,"Kurir nya baik dan ramah  ,",1776055952,1 minggu lalu,COKSU+ABU MUDA - XL,True,Anonymous,0,False,False,
Paket Isi 2Pcs 50Rb Kaos Distro Motif Simple Cocok Untuk Pria Dan Wanita Motif Random,2043225084,5,"Bagus,lumayan untuk dipakai harian",1776046670,1 minggu lalu,MARUN+HITAM - L,True,Anonymous,0,True,False,
Paket Isi 2Pcs 50Rb Kaos Distro Motif Simple Cocok Untuk Pria Dan Wanita Motif Random,2043186447,5,"Baju nya bagus buat sehari hari,sesuai pesanan jugaaa🥰",1776045079,1 minggu lalu,MARUN+HITAM - XL,True,Anonymous,0,True,False,
Paket Isi 2Pcs 50Rb Kaos Distro Motif Simple Cocok Untuk Pria Dan Wanita Motif Random,2043161926,4,Kualitas sesuai harga,1776043982,1 minggu lalu,MARUN+HIJAU BOTOL - L,True,Anonymous,0,False,False,
Paket Isi 2Pcs 50Rb Kaos Distro Motif Simple Cocok Untuk Pria Dan Wanita Motif Random,2043127072,5,Bagus dngsn hrga murah..lmyan buat ganti,1776042279,1 minggu lalu,COKSU+HITAM - XL,True,Anonymous,0,True,False,
Paket Isi 2Pcs 50Rb Kaos Distro Motif Simple Cocok Untuk Pria Dan Wanita Motif Random,2043125497,2,"Maaf kok ga sesuai yah warnanya
Saya pesen yang biru wardah yang datang biru apa ini",1776042187,1 minggu lalu,WARDAH+COKSU - L,True,Anonymous,0,True,False,
Paket Isi 2Pcs 50Rb Kaos Distro Motif Simple Cocok Untuk Pria Dan Wanita Motif Random,2043063959,5,"bagus sekali, kainya nyaman, warna sesuai dengan deskripsi.
saya ambil 3xl ternyata terlalu besar.",1776038451,1 minggu lalu,COKSU+ABU MUDA - XXXL,True,Anonymous,0,False,False,
Paket Isi 2Pcs 50Rb Kaos Distro Motif Simple Cocok Untuk Pria Dan Wanita Motif Random,2042855639,5,Bagus,1776005943,1 minggu lalu,PLUM+ALMOND - XXL,True,Anonymous,0,False,False,
Paket Isi 2Pcs 50Rb Kaos Distro Motif Simple Cocok Untuk Pria Dan Wanita Motif Random,2042731925,5,Mantap,1775999668,1 minggu lalu,PLUM+HITAM - XL,True,Anonymous,0,True,False,
Paket Isi 2Pcs 50Rb Kaos Distro Motif Simple Cocok Untuk Pria Dan Wanita Motif Random,2042697613,5,Produk bagus adem di pake pas di badan,1775998235,1 minggu lalu,MARUN+HIJAU BOTOL - L,True,Anonymous,0,False,False,
Paket Isi 2Pcs 50Rb Kaos Distro Motif Simple Cocok Untuk Pria Dan Wanita Motif Random,2042676453,5,Barang sudah di terima....bagus kaosnya....kemasan rapih....jahitan juga rapih....lumayan tebal juga bahanya....bagus pokonya saya suka....,1775997349,1 minggu lalu,TOSCA+COKPOL - XL,True,Anonymous,0,False,False,
Paket Isi 2Pcs 50Rb Kaos Distro Motif Simple Cocok Untuk Pria Dan Wanita Motif Random,2042664081,5,Bahan bagus dan adem,1775996844,1 minggu lalu,HIJAU BOTOL +ABU TUA - XL,True,Anonymous,0,False,False,
Paket Isi 2Pcs 50Rb Kaos Distro Motif Simple Cocok Untuk Pria Dan Wanita Motif Random,2042664085,5,Bahannya bagus dan adem,1775996844,1 minggu lalu,HITAM+NAVY - XL,True,Anonymous,0,False,False,
Paket Isi 2Pcs 50Rb Kaos Distro Motif Simple Cocok Untuk Pria Dan Wanita Motif Random,2042643446,5,harga murah tapi kualitas tidak murahan.nyaman di pakai.👍👍,1775996001,1 minggu lalu,BIRU MUDA+DUSTY - XL,True,Anonymous,0,False,False,
Paket Isi 2Pcs 50Rb Kaos Distro Motif Simple Cocok Untuk Pria Dan Wanita Motif Random,2042316435,5,Barang kaosnyah udah sampai di tujuan. pengiriman dan respon nyah cepat,1775983885,1 minggu lalu,WARDAH+COKSU - XXXL,False,Yadi,0,True,False,Terima kasih telah berbelanja di INDAH MODE 20. Bagikan link toko kami https://www.tokopedia.com/indah-mode-20 kepada teman-teman kamu. Jangan lupa follow toko kami untuk tahu update terbaru tentang stok dan produk yang kami tawarkan.
Paket Isi 2Pcs 50Rb Kaos Distro Motif Simple Cocok Untuk Pria Dan Wanita Motif Random,2042254308,5,"Suka, elegan, rekomendasi pokoknya",1775981304,1 minggu lalu,PUTIH+HITAM - XL,True,Anonymous,0,False,False,
Paket Isi 2Pcs 50Rb Kaos Distro Motif Simple Cocok Untuk Pria Dan Wanita Motif Random,2042190870,5,"Kualitas produk: Sangat bagus
Udah buat video unboxing barang tapi malah ngak bisa terkirim.
Barang nya sangat memuaskan bahan tebel dan tidak tembus pandang.
Asli bagus banget, seller nya juga ramah.
next time order lagi di toko ini.",1775978597,1 minggu lalu,PUTIH+HITAM - M,True,Anonymous,0,False,False,
Paket Isi 2Pcs 50Rb Kaos Distro Motif Simple Cocok Untuk Pria Dan Wanita Motif Random,2042121927,5,Bahan adem tebal   ukuran pas puas pokoknya,1775975684,1 minggu lalu,TOSCA+COKPOL - L,True,Anonymous,0,False,False,
Paket Isi 2Pcs 50Rb Kaos Distro Motif Simple Cocok Untuk Pria Dan Wanita Motif Random,2042035414,5,Kualitas produk: Bagus,1775972118,1 minggu lalu,NAVY+MARUN - L,True,Anonymous,0,False,False,
Paket Isi 2Pcs 50Rb Kaos Distro Motif Simple Cocok Untuk Pria Dan Wanita Motif Random,2042012660,5,Paketnya sudah di trima sesuai bajunya bagus dantebal mantap 👍👍👍,1775971252,1 minggu lalu,ABU MUDA+TOSCA - M,True,Anonymous,0,False,False,
Paket Isi 2Pcs 50Rb Kaos Distro Motif Simple Cocok Untuk Pria Dan Wanita Motif Random,2041805213,5,recommended seller deh 👍 pengiriman barang cepat 👍🙏,1775963711,1 minggu lalu,DUSTY+COKSU - XL,True,Anonymous,0,True,False,Terima kasih telah berbelanja di INDAH MODE 20. Bagikan link toko kami https://www.tokopedia.com/indah-mode-20 kepada teman-teman kamu. Jangan lupa follow toko kami untuk tahu update terbaru tentang stok dan produk yang kami tawarkan.
Paket Isi 2Pcs 50Rb Kaos Distro Motif Simple Cocok Untuk Pria Dan Wanita Motif Random,2041712924,5,"Bagus kaosnya,bahannya tebel.muat untuk BB 65 TB 165",1775959797,1 minggu lalu,PUTIH+HITAM - XL,True,Anonymous,0,True,False,
Paket Isi 2Pcs 50Rb Kaos Distro Motif Simple Cocok Untuk Pria Dan Wanita Motif Random,2041566779,5,bagus banget,1775947695,1 minggu lalu,COKSU+ABU MUDA - XL,True,Anonymous,0,False,False,
Paket Isi 2Pcs 50Rb Kaos Distro Motif Simple Cocok Untuk Pria Dan Wanita Motif Random,2041429531,5,nice,1775921318,1 minggu lalu,HIJAU BOTOL +ABU TUA - XL,False,Ujunk,0,False,False,Terima kasih telah berbelanja di INDAH MODE 20. Bagikan link toko kami https://www.tokopedia.com/indah-mode-20 kepada teman-teman kamu. Jangan lupa follow toko kami untuk tahu update terbaru tentang stok dan produk yang kami tawarkan.
Paket Isi 2Pcs 50Rb Kaos Distro Motif Simple Cocok Untuk Pria Dan Wanita Motif Random,2041422287,5,Sangat bagus,1775920790,1 minggu lalu,PUTIH+HITAM - XL,True,Anonymous,0,False,False,
Paket Isi 2Pcs 50Rb Kaos Distro Motif Simple Cocok Untuk Pria Dan Wanita Motif Random,2041391794,5,Kualitas produk: Good,1775918759,1 minggu lalu,NAVY+MARUN - L,True,Anonymous,0,False,False,
Paket Isi 2Pcs 50Rb Kaos Distro Motif Simple Cocok Untuk Pria Dan Wanita Motif Random,2041352095,5,warna gaa sesuai di foto Saya minta warna kuning hitam..di coklat,1775916497,1 minggu lalu,TERACOTA +KUNING - L,False,Doni,0,True,False,Terima kasih telah berbelanja di INDAH MODE 20. Bagikan link toko kami https://www.tokopedia.com/indah-mode-20 kepada teman-teman kamu. Jangan lupa follow toko kami untuk tahu update terbaru tentang stok dan produk yang kami tawarkan.
Paket Isi 2Pcs 50Rb Kaos Distro Motif Simple Cocok Untuk Pria Dan Wanita Motif Random,2041237869,5,Pas,1775910946,1 minggu lalu,PUTIH+HITAM - XL,True,Anonymous,0,False,False,
Paket Isi 2Pcs 50Rb Kaos Distro Motif Simple Cocok Untuk Pria Dan Wanita Motif Random,2041174009,5,"Makasih kakak barangnya sesuai dengan gambar,sukses selalu dan makasih uga pak kurir yg selalu antar paket tepat waktu sukses trs dan pnjng umur,",1775908383,1 minggu lalu,HITAM+NAVY - XL,True,Anonymous,0,False,False,
Paket Isi 2Pcs 50Rb Kaos Distro Motif Simple Cocok Untuk Pria Dan Wanita Motif Random,2040716411,5,Bagus banget harga terjangkau,1775891591,1 minggu lalu,HITAM+ABU TUA - L,True,Anonymous,0,False,False,
Paket Isi 2Pcs 50Rb Kaos Distro Motif Simple Cocok Untuk Pria Dan Wanita Motif Random,2040533794,5,Kualitas produk: Ok,1775884342,1 minggu lalu,TERACOTA +BIRU MUDA - XL,True,Anonymous,0,False,False,
Paket Isi 2Pcs 50Rb Kaos Distro Motif Simple Cocok Untuk Pria Dan Wanita Motif Random,2040143970,5,"Kualitas produk: Bagus, bahannya ga 💃nex order",1775867889,1 minggu lalu,PUTIH+HITAM - M,True,Anonymous,0,False,False,
Paket Isi 2Pcs 50Rb Kaos Distro Motif Simple Cocok Untuk Pria Dan Wanita Motif Random,2040068223,5,Barang dah sampai sesuai dg pesanan,1775860445,1 minggu lalu,DUSTY+COKSU - L,True,Anonymous,0,False,False,
Paket Isi 2Pcs 50Rb Kaos Distro Motif Simple Cocok Untuk Pria Dan Wanita Motif Random,2039998323,5,"Sesuai, cocok dan pas",1775841728,1 minggu lalu,NAVY+MARUN - XXXL,True,Anonymous,0,False,False,
Paket Isi 2Pcs 50Rb Kaos Distro Motif Simple Cocok Untuk Pria Dan Wanita Motif Random,2039996864,5,ok thanks respon cepat sampai tujuan kualitas terjamin harga murah mantap semoga bermanfaat,1775841509,1 minggu lalu,TOSCA+COKPOL - L,False,Syahroni,0,True,True,Terima kasih telah berbelanja di INDAH MODE 20. Bagikan link toko kami https://www.tokopedia.com/indah-mode-20 kepada teman-teman kamu. Jangan lupa follow toko kami untuk tahu update terbaru tentang stok dan produk yang kami tawarkan.
Paket Isi 2Pcs 50Rb Kaos Distro Motif Simple Cocok Untuk Pria Dan Wanita Motif Random,2039906213,5,Kualitas produk: Bagus,1775833734,1 minggu lalu,PUTIH+HITAM - M,True,Anonymous,0,False,False,
Paket Isi 2Pcs 50Rb Kaos Distro Motif Simple Cocok Untuk Pria Dan Wanita Motif Random,2039821579,2,Warna yang di kirim kurang sesuai sama yang di pesan,1775829128,1 minggu lalu,COKSU+ABU MUDA - XL,True,Anonymous,0,True,False,
Paket Isi 2Pcs 50Rb Kaos Distro Motif Simple Cocok Untuk Pria Dan Wanita Motif Random,2039786681,5,"Bagus keren , bahan sesui harga , tapi rekomendasi sih",1775827520,1 minggu lalu,HITAM+NAVY - L,True,Anonymous,0,True,False,
Paket Isi 2Pcs 50Rb Kaos Distro Motif Simple Cocok Untuk Pria Dan Wanita Motif Random,2039774043,5,Bagus dan datengnya cepat,1775826964,1 minggu lalu,HIJAU BOTOL +ABU TUA - XL,True,Anonymous,0,False,False,
Paket Isi 2Pcs 50Rb Kaos Distro Motif Simple Cocok Untuk Pria Dan Wanita Motif Random,2039676321,3,Kaosnya yg warna biru ada nodanya masih aja di kirim udah 2x sy cucu blm juga hilang penjualnya ngga amanah,1775822988,1 minggu lalu,WARDAH+COKSU - L,True,Anonymous,0,False,False,
Paket Isi 2Pcs 50Rb Kaos Distro Motif Simple Cocok Untuk Pria Dan Wanita Motif Random,2039675442,5,Kualitas produk bagus,1775822956,1 minggu lalu,PUTIH+HITAM - L,True,Anonymous,0,False,False,
Paket Isi 2Pcs 50Rb Kaos Distro Motif Simple Cocok Untuk Pria Dan Wanita Motif Random,2039643809,5,Bgus real🥰🥰👍,1775821885,1 minggu lalu,PUTIH+HITAM - XL,True,Anonymous,0,True,False,
Paket Isi 2Pcs 50Rb Kaos Distro Motif Simple Cocok Untuk Pria Dan Wanita Motif Random,2039565377,4,Cukup baik,1775819205,1 minggu lalu,HITAM+NAVY - L,True,Anonymous,0,False,False,
Paket Isi 2Pcs 50Rb Kaos Distro Motif Simple Cocok Untuk Pria Dan Wanita Motif Random,2039565367,4,Cukup memuaskan,1775819205,1 minggu lalu,ALMOND+KUNING - L,True,Anonymous,0,False,False,
Paket Isi 2Pcs 50Rb Kaos Distro Motif Simple Cocok Untuk Pria Dan Wanita Motif Random,2039531252,2,"Ukurannya pas tp yg warna biru muda baunya tidak enak, kayak barang bekas",1775818103,1 minggu lalu,TERACOTA +BIRU MUDA - XL,True,Anonymous,0,False,False,
Paket Isi 2Pcs 50Rb Kaos Distro Motif Simple Cocok Untuk Pria Dan Wanita Motif Random,2039517020,5,Bagus,1775817723,1 minggu lalu,HITAM+NAVY - M,True,Anonymous,0,False,False,
Paket Isi 2Pcs 50Rb Kaos Distro Motif Simple Cocok Untuk Pria Dan Wanita Motif Random,2039499029,5,Kualitas bagus dan bahan nya adem,1775817137,1 minggu lalu,BIRU MUDA+DUSTY - XL,True,Anonymous,0,True,False,
Paket Isi 2Pcs 50Rb Kaos Distro Motif Simple Cocok Untuk Pria Dan Wanita Motif Random,2039310076,5,Kualitas produk: Sangat bagus bahannya juga adem gk nerawang,1775810462,1 minggu lalu,HITAM+NAVY - XXXL,True,Anonymous,0,False,False,
Paket Isi 2Pcs 50Rb Kaos Distro Motif Simple Cocok Untuk Pria Dan Wanita Motif Random,2039297755,5,Kualitas produk: Baik,1775809975,1 minggu lalu,PUTIH+HITAM - XL,True,Anonymous,0,False,False,
Paket Isi 2Pcs 50Rb Kaos Distro Motif Simple Cocok Untuk Pria Dan Wanita Motif Random,2039216828,4,Bagus,1775806836,1 minggu lalu,NAVY+MARUN - L,True,Anonymous,0,True,False,
Paket Isi 2Pcs 50Rb Kaos Distro Motif Simple Cocok Untuk Pria Dan Wanita Motif Random,2039167255,5,Sesuai harga sesuai gambar,1775804815,1 minggu lalu,HIJAU BOTOL +ABU TUA - XL,True,Anonymous,0,False,False,
Paket Isi 2Pcs 50Rb Kaos Distro Motif Simple Cocok Untuk Pria Dan Wanita Motif Random,2039145877,5,Bahan kaos bagus,1775803969,1 minggu lalu,DUSTY+COKSU - XL,True,Anonymous,0,False,False,
Paket Isi 2Pcs 50Rb Kaos Distro Motif Simple Cocok Untuk Pria Dan Wanita Motif Random,2039142627,5,sesuai dengan gambar,1775803831,1 minggu lalu,MARUN+HITAM - M,True,Anonymous,0,False,False,
Paket Isi 2Pcs 50Rb Kaos Distro Motif Simple Cocok Untuk Pria Dan Wanita Motif Random,2039090417,5,Mksh kk  pas kaosnya ud nyampai,1775801679,1 minggu lalu,COKSU+ABU MUDA - XL,True,Anonymous,0,False,False,
Paket Isi 2Pcs 50Rb Kaos Distro Motif Simple Cocok Untuk Pria Dan Wanita Motif Random,2039080862,5,Ganteng kali warnanya.. Terima kasih.,1775801283,1 minggu lalu,HITAM+NAVY - XXL,True,Anonymous,0,False,False,
Paket Isi 2Pcs 50Rb Kaos Distro Motif Simple Cocok Untuk Pria Dan Wanita Motif Random,2039031392,5,Biang,1775799556,1 minggu lalu,2PCS WARNA HITAM - XL,True,Anonymous,0,False,False,
Paket Isi 2Pcs 50Rb Kaos Distro Motif Simple Cocok Untuk Pria Dan Wanita Motif Random,2038980702,5,"ukuran pas, bahan agak tipis sesuai harga. mudah2an awet",1775797710,1 minggu lalu,MARUN+HITAM - XL,False,Heru,0,False,False,Terima kasih telah berbelanja di INDAH MODE 20. Bagikan link toko kami https://www.tokopedia.com/indah-mode-20 kepada teman-teman kamu. Jangan lupa follow toko kami untuk tahu update terbaru tentang stok dan produk yang kami tawarkan.
Paket Isi 2Pcs 50Rb Kaos Distro Motif Simple Cocok Untuk Pria Dan Wanita Motif Random,2038875941,5,memuaskan,1775794524,1 minggu lalu,KUNING+WARDAH - XL,True,Anonymous,0,False,False,
Paket Isi 2Pcs 50Rb Kaos Distro Motif Simple Cocok Untuk Pria Dan Wanita Motif Random,2038852187,5,Terumakasih kak bagus ya,1775793763,1 minggu lalu,COKSU+ABU MUDA - L,True,Anonymous,0,False,False,
Paket Isi 2Pcs 50Rb Kaos Distro Motif Simple Cocok Untuk Pria Dan Wanita Motif Random,2038838419,5,Lumayan lh GK begitu tebal sesuwai dgn harga nya,1775793312,1 minggu lalu,HIJAU BOTOL +ABU TUA - XL,True,Anonymous,0,False,False,
Paket Isi 2Pcs 50Rb Kaos Distro Motif Simple Cocok Untuk Pria Dan Wanita Motif Random,2038798532,5,Kualitas produk: Bagus sesuai dengan harga,1775792015,1 minggu lalu,ABU MUDA+TOSCA - XXL,True,Anonymous,0,False,False,
Paket Isi 2Pcs 50Rb Kaos Distro Motif Simple Cocok Untuk Pria Dan Wanita Motif Random,2038784429,5,Bener bener recomended mantap🥳🥳,1775791537,1 minggu lalu,NAVY+ABU TUA - L,True,Anonymous,0,True,False,
Paket Isi 2Pcs 50Rb Kaos Distro Motif Simple Cocok Untuk Pria Dan Wanita Motif Random,2038668937,5,Bagus kainya tebal Tapi sayang agak kebesaran,1775787492,1 minggu lalu,WARDAH+COKSU - L,True,Anonymous,0,True,True,
Paket Isi 2Pcs 50Rb Kaos Distro Motif Simple Cocok Untuk Pria Dan Wanita Motif Random,2038645440,5,Alhamdulillah barang smpe...sesuai pesanan,1775786477,1 minggu lalu,2PCS WARNA HITAM - L,True,Anonymous,0,False,False,
Paket Isi 2Pcs 50Rb Kaos Distro Motif Simple Cocok Untuk Pria Dan Wanita Motif Random,2038627384,5,"Kualitas produk: Barang sudah sampai pengiriman sangat cepat bahan bagus tebal katun menyerap keringat saya puas belanja di toko ini
Saya akan berbelanja di toko ini lagi nanti kalau butuh lagi terimakasih kaka sukses selalu",1775785746,1 minggu lalu,PUTIH+HITAM - M,True,Anonymous,0,True,False,
Paket Isi 2Pcs 50Rb Kaos Distro Motif Simple Cocok Untuk Pria Dan Wanita Motif Random,2038308612,5,Kualitas produk: Bahan bagus 👍,1775747625,2 minggu lalu,KUNING+WARDAH - XL,True,Anonymous,0,False,False,
Paket Isi 2Pcs 50Rb Kaos Distro Motif Simple Cocok Untuk Pria Dan Wanita Motif Random,2038156977,4,Bagus banget mantap,1775740386,2 minggu lalu,HITAM+ABU TUA - XL,True,Anonymous,0,False,False,
Paket Isi 2Pcs 50Rb Kaos Distro Motif Simple Cocok Untuk Pria Dan Wanita Motif Random,2038109395,5,Kualitas produk: Bagus bahannya,1775738579,2 minggu lalu,HITAM+NAVY - L,True,Anonymous,0,True,False,
Paket Isi 2Pcs 50Rb Kaos Distro Motif Simple Cocok Untuk Pria Dan Wanita Motif Random,2038026157,5,Paket telah mendarat dengan selamat. Bajunya oke. Kain tebal. Nyaman dipakai. Pengiriman cepat,1775735693,2 minggu lalu,HITAM+BIRU MUDA - L,True,Anonymous,0,True,False,
Paket Isi 2Pcs 50Rb Kaos Distro Motif Simple Cocok Untuk Pria Dan Wanita Motif Random,2037993684,5,Cocok sesuai expetasi,1775734628,2 minggu lalu,HIJAU BOTOL +ABU TUA - XXL,True,Anonymous,0,False,False,
Paket Isi 2Pcs 50Rb Kaos Distro Motif Simple Cocok Untuk Pria Dan Wanita Motif Random,2037950990,5,bagus,1775733265,2 minggu lalu,NAVY+MARUN - XXXL,True,Anonymous,0,False,False,
Paket Isi 2Pcs 50Rb Kaos Distro Motif Simple Cocok Untuk Pria Dan Wanita Motif Random,2037911473,5,Kualitas produk: The best,1775732049,2 minggu lalu,DUSTY+COKSU - XL,True,Anonymous,0,True,True,
Paket Isi 2Pcs 50Rb Kaos Distro Motif Simple Cocok Untuk Pria Dan Wanita Motif Random,2037900580,5,Paket kaosnya dah datang bagus sesuai dengan yg digambar cuma agak kekecilan harusnya pesenku xl,1775731736,2 minggu lalu,COKSU+ABU MUDA - L,True,Anonymous,0,False,False,
Paket Isi 2Pcs 50Rb Kaos Distro Motif Simple Cocok Untuk Pria Dan Wanita Motif Random,2037898649,5,Kualitas produk: Bagussss#sssssss.mantapppppppp,1775731681,2 minggu lalu,TERACOTA +BIRU MUDA - XL,True,Anonymous,0,False,False,
Paket Isi 2Pcs 50Rb Kaos Distro Motif Simple Cocok Untuk Pria Dan Wanita Motif Random,2037869791,5,bagus tebal ga panas lumayan buat hari hari,1775730826,2 minggu lalu,TERACOTA +BIRU MUDA - XL,True,Anonymous,0,True,False,
Paket Isi 2Pcs 50Rb Kaos Distro Motif Simple Cocok Untuk Pria Dan Wanita Motif Random,2037840784,5,Kualitas produk: Bagus sesuay dengan pesanan,1775729907,2 minggu lalu,ALMOND+HITAM - L,True,Anonymous,0,False,False,
Paket Isi 2Pcs 50Rb Kaos Distro Motif Simple Cocok Untuk Pria Dan Wanita Motif Random,2037762504,5,Kualitas produk: Ok sesuai,1775727354,2 minggu lalu,BIRU MUDA+DUSTY - XL,True,Anonymous,0,True,False,
Paket Isi 2Pcs 50Rb Kaos Distro Motif Simple Cocok Untuk Pria Dan Wanita Motif Random,2037721276,5,Mantap👌👍,1775725972,2 minggu lalu,HIJAU BOTOL +ABU TUA - M,True,Anonymous,0,False,False,
Paket Isi 2Pcs 50Rb Kaos Distro Motif Simple Cocok Untuk Pria Dan Wanita Motif Random,2037691341,5,"Kualitas produk: Puas,,barang yg Dateng sesuai ekspektasi",1775724937,2 minggu lalu,ABU TUA +TERACOTA - XL,True,Anonymous,0,False,False,
Paket Isi 2Pcs 50Rb Kaos Distro Motif Simple Cocok Untuk Pria Dan Wanita Motif Random,2037622972,5,Pkt baju kaosnya telah sampai dgn selamat pas bjunya di anak sy umur 10thn size L,1775722460,2 minggu lalu,HITAM+NAVY - M,True,Anonymous,0,False,False,
Paket Isi 2Pcs 50Rb Kaos Distro Motif Simple Cocok Untuk Pria Dan Wanita Motif Random,2037531028,5,Bagus kaosnya walaupun agak tipis sesuai dg harga segitu,1775719013,2 minggu lalu,MARUN+HITAM - L,True,Anonymous,0,False,False,
Paket Isi 2Pcs 50Rb Kaos Distro Motif Simple Cocok Untuk Pria Dan Wanita Motif Random,2037469458,5,Bintang yg baca,1775716690,2 minggu lalu,TERACOTA +BIRU MUDA - XL,True,Anonymous,0,False,False,
Paket Isi 2Pcs 50Rb Kaos Distro Motif Simple Cocok Untuk Pria Dan Wanita Motif Random,2037325630,5,Bagus barangnya,1775711746,2 minggu lalu,NAVY+ABU TUA - L,True,Anonymous,0,False,False,
Paket Isi 2Pcs 50Rb Kaos Distro Motif Simple Cocok Untuk Pria Dan Wanita Motif Random,2037207354,5,"Alhamdulilah mendarat dengan Slamet
Siiiiip pokok nya paasssss",1775708160,2 minggu lalu,TERACOTA +BIRU MUDA - XXL,True,Anonymous,0,True,False,
Paket Isi 2Pcs 50Rb Kaos Distro Motif Simple Cocok Untuk Pria Dan Wanita Motif Random,2037086552,5,"Alhamdulillah paketnya udah nyampe kerumah, kaosnya enak dipakai bahannya tebal tokonya amanah kurirnya baik.",1775704360,2 minggu lalu,ABU MUDA+TOSCA - XL,True,Anonymous,0,False,False,
Paket Isi 2Pcs 50Rb Kaos Distro Motif Simple Cocok Untuk Pria Dan Wanita Motif Random,2037007636,5,"Barang bagus, ukuran XL nya agak kekecilan sedikit",1775701829,2 minggu lalu,ABU MUDA+TOSCA - XL,True,Anonymous,0,False,False,
Paket Isi 2Pcs 50Rb Kaos Distro Motif Simple Cocok Untuk Pria Dan Wanita Motif Random,2036909184,5,"Ok
Kualitas produk: Semua nya ok",1775697732,2 minggu lalu,ABU MUDA+TOSCA - XXXL,True,Anonymous,0,True,False,
Paket Isi 2Pcs 50Rb Kaos Distro Motif Simple Cocok Untuk Pria Dan Wanita Motif Random,2036852659,5,"Produk sangat memuaskan,kaos sangat bagus,tebal,sangat nyaman di pakai,,next kita order lagi,,terimakasih🙏😊",1775694343,2 minggu lalu,COKSU+ABU MUDA - XL,True,Anonymous,0,False,False,
Paket Isi 2Pcs 50Rb Kaos Distro Motif Simple Cocok Untuk Pria Dan Wanita Motif Random,2036627939,5,"Bahanx bagus,Yaman d pakai",1775662524,2 minggu lalu,COKSU+HITAM - L,True,Anonymous,0,False,False,
Paket Isi 2Pcs 50Rb Kaos Distro Motif Simple Cocok Untuk Pria Dan Wanita Motif Random,2036604482,5,Kualitas produk: Worth it untuk Harga segitu 👍,1775661070,2 minggu lalu,HITAM+BIRU MUDA - XL,True,Anonymous,0,False,False,
Paket Isi 2Pcs 50Rb Kaos Distro Motif Simple Cocok Untuk Pria Dan Wanita Motif Random,2036468379,5,Bagus,1775655103,2 minggu lalu,BIRU MUDA+DUSTY - XL,True,Anonymous,0,False,False,
Paket Isi 2Pcs 50Rb Kaos Distro Motif Simple Cocok Untuk Pria Dan Wanita Motif Random,2036427733,4,"Kualitas produk: Bagus
Pas di anak saya",1775653636,2 minggu lalu,ABU TUA +TERACOTA - L,True,Anonymous,0,False,False,
Paket Isi 2Pcs 50Rb Kaos Distro Motif Simple Cocok Untuk Pria Dan Wanita Motif Random,2036421953,5,"Kualitas produk: Bagus
Bahan adem",1775653437,2 minggu lalu,PUTIH+HITAM - L,True,Anonymous,0,False,False,
Paket Isi 2Pcs 50Rb Kaos Distro Motif Simple Cocok Untuk Pria Dan Wanita Motif Random,2036396805,5,Kualitas produk: Bagussss,1775652560,2 minggu lalu,HITAM+ABU TUA - L,True,Anonymous,0,False,False,
Paket Isi 2Pcs 50Rb Kaos Distro Motif Simple Cocok Untuk Pria Dan Wanita Motif Random,2036364204,5,Kualitas produk: Bagus,1775651570,2 minggu lalu,HITAM+NAVY - L,True,Anonymous,0,False,False,
Paket Isi 2Pcs 50Rb Kaos Distro Motif Simple Cocok Untuk Pria Dan Wanita Motif Random,2036317772,5,Bagus bajunya tebal wortid bagus suami suka next order lagi buat ganti ganti dirumah buat tokox semoga tambah amanah dan kurir sudah langganan,1775650265,2 minggu lalu,MARUN+HITAM - XXXL,True,Anonymous,0,False,False,
Paket Isi 2Pcs 50Rb Kaos Distro Motif Simple Cocok Untuk Pria Dan Wanita Motif Random,2036311758,5,"Bagus sekali,harga murah,kapan kapan co lagi",1775650101,2 minggu lalu,ABU TUA +TERACOTA - M,True,Anonymous,0,False,False,
Paket Isi 2Pcs 50Rb Kaos Distro Motif Simple Cocok Untuk Pria Dan Wanita Motif Random,2036290572,5,Terimakasih barang sesuai pesenan,1775649677,2 minggu lalu,NAVY+MARUN - XL,True,Anonymous,0,False,False,
Paket Isi 2Pcs 50Rb Kaos Distro Motif Simple Cocok Untuk Pria Dan Wanita Motif Random,2036093734,5,Mantap,1775644452,2 minggu lalu,MARUN+HIJAU BOTOL - XXL,True,Anonymous,0,False,False,
Paket Isi 2Pcs 50Rb Kaos Distro Motif Simple Cocok Untuk Pria Dan Wanita Motif Random,2036053324,5,"Baju nya bagus KA, bahan tebel, sesuai sama pesanan, makasih juga buat tokonya karna udah amanah,",1775643346,2 minggu lalu,MARUN+HITAM - XL,True,Anonymous,0,False,False,
Paket Isi 2Pcs 50Rb Kaos Distro Motif Simple Cocok Untuk Pria Dan Wanita Motif Random,2035944453,5,"Kualitas produk: Baik
Pengiriman cepat, Ukuran nya pas sesuai badan",1775640314,2 minggu lalu,MARUN+HITAM - XXL,True,Anonymous,0,True,False,
Paket Isi 2Pcs 50Rb Kaos Distro Motif Simple Cocok Untuk Pria Dan Wanita Motif Random,2035910619,5,lumayan tebel... worth it lah... rekomendasi mdh mdhn g berubah kualitas kl nnt beli.lagi,1775639370,2 minggu lalu,2PCS WARNA HITAM - XXL,False,Delpaka,0,True,False,Terima kasih telah berbelanja di INDAH MODE 20. Bagikan link toko kami https://www.tokopedia.com/indah-mode-20 kepada teman-teman kamu. Jangan lupa follow toko kami untuk tahu update terbaru tentang stok dan produk yang kami tawarkan.
Paket Isi 2Pcs 50Rb Kaos Distro Motif Simple Cocok Untuk Pria Dan Wanita Motif Random,2035878776,5,Bagus nex order lg,1775638381,2 minggu lalu,TERACOTA +BIRU MUDA - XXL,True,Anonymous,0,False,False,
Paket Isi 2Pcs 50Rb Kaos Distro Motif Simple Cocok Untuk Pria Dan Wanita Motif Random,2035820583,4,"Aq suka bahannya halus, adem, warnanya realpect bgus2, tp size L di aq  kok kekecilan ya, biasanya di toko lain size L pas di aq",1775636382,2 minggu lalu,TERACOTA +BIRU MUDA - L,True,Anonymous,0,False,False,
Paket Isi 2Pcs 50Rb Kaos Distro Motif Simple Cocok Untuk Pria Dan Wanita Motif Random,2035813329,5,Kualitas produk: Ok ok ok pokoknya,1775636137,2 minggu lalu,PUTIH+HITAM - XXXL,True,Anonymous,0,False,False,
Paket Isi 2Pcs 50Rb Kaos Distro Motif Simple Cocok Untuk Pria Dan Wanita Motif Random,2035812114,5,Mksh barang sudah sampai sesuai pesanan smoga jadi langganan sudah,1775636093,2 minggu lalu,COKSU+ABU MUDA - XL,True,Anonymous,0,True,False,
Paket Isi 2Pcs 50Rb Kaos Distro Motif Simple Cocok Untuk Pria Dan Wanita Motif Random,2035789727,5,Bguss bngt bhan nya tebellll suka bngt,1775635332,2 minggu lalu,HITAM+NAVY - L,True,Anonymous,0,False,False,
Paket Isi 2Pcs 50Rb Kaos Distro Motif Simple Cocok Untuk Pria Dan Wanita Motif Random,2035750498,5,Realll,1775633939,2 minggu lalu,HIJAU BOTOL +ABU TUA - M,True,Anonymous,0,False,False,
Paket Isi 2Pcs 50Rb Kaos Distro Motif Simple Cocok Untuk Pria Dan Wanita Motif Random,2035420163,5,Bagus,1775622997,2 minggu lalu,HITAM+ABU TUA - XL,True,Anonymous,0,False,False,
Paket Isi 2Pcs 50Rb Kaos Distro Motif Simple Cocok Untuk Pria Dan Wanita Motif Random,2035336765,5,B,1775620626,2 minggu lalu,PLUM+HITAM - XXL,True,Anonymous,0,False,False,
Paket Isi 2Pcs 50Rb Kaos Distro Motif Simple Cocok Untuk Pria Dan Wanita Motif Random,2035266077,4,"Barang datang tidak sesuai,kurir ramah",1775618410,2 minggu lalu,HITAM+ABU TUA - L,True,Anonymous,0,False,False,
Paket Isi 2Pcs 50Rb Kaos Distro Motif Simple Cocok Untuk Pria Dan Wanita Motif Random,2035258676,4,agak kecil ya xl nya seperti ukuran L itupun L kecil.,1775618173,2 minggu lalu,NAVY+ABU TUA - XL,True,Anonymous,0,False,False,Terima kasih telah berbelanja di INDAH MODE 20. Bagikan link toko kami https://www.tokopedia.com/indah-mode-20 kepada teman-teman kamu. Jangan lupa follow toko kami untuk tahu update terbaru tentang stok dan produk yang kami tawarkan.
Paket Isi 2Pcs 50Rb Kaos Distro Motif Simple Cocok Untuk Pria Dan Wanita Motif Random,2035247291,5,Mantap bagus,1775617796,2 minggu lalu,HITAM+NAVY - L,True,Anonymous,0,False,False,
Paket Isi 2Pcs 50Rb Kaos Distro Motif Simple Cocok Untuk Pria Dan Wanita Motif Random,2034951687,5,👍,1775600418,2 minggu lalu,HIJAU BOTOL +ABU TUA - XXXL,True,Anonymous,0,False,False,
Paket Isi 2Pcs 50Rb Kaos Distro Motif Simple Cocok Untuk Pria Dan Wanita Motif Random,2034878890,1,Sya pesan nya XL yg dteng kecil bgt ukuran baju nya.,1775581183,2 minggu lalu,COKPOL+PLUM - XL,True,Anonymous,0,False,False,
Paket Isi 2Pcs 50Rb Kaos Distro Motif Simple Cocok Untuk Pria Dan Wanita Motif Random,2034743351,5,"pesanan kedua kali.
next mau pesan lagi ☺️☺️",1775571785,2 minggu lalu,ALMOND+HITAM - XL,True,Anonymous,0,False,False,
Paket Isi 2Pcs 50Rb Kaos Distro Motif Simple Cocok Untuk Pria Dan Wanita Motif Random,2034674725,5,Bagus,1775568821,2 minggu lalu,PUTIH+HITAM - XL,True,Anonymous,0,False,False,
Paket Isi 2Pcs 50Rb Kaos Distro Motif Simple Cocok Untuk Pria Dan Wanita Motif Random,2034563719,5,Bahan tebal halus pas d badan...mantap pasti beli lagi,1775564622,2 minggu lalu,HITAM+BIRU MUDA - L,True,Anonymous,0,False,False,
Paket Isi 2Pcs 50Rb Kaos Distro Motif Simple Cocok Untuk Pria Dan Wanita Motif Random,2034429289,5,Bagus sesuai pesanan bahan bagus trima ksh,1775560250,2 minggu lalu,COKSU+HITAM - L,True,Anonymous,0,True,False,
Paket Isi 2Pcs 50Rb Kaos Distro Motif Simple Cocok Untuk Pria Dan Wanita Motif Random,2034399839,5,sesuai deskripsi,1775559375,2 minggu lalu,ABU MUDA+TOSCA - L,False,hary,0,False,False,Terima kasih telah berbelanja di INDAH MODE 20. Bagikan link toko kami https://www.tokopedia.com/indah-mode-20 kepada teman-teman kamu. Jangan lupa follow toko kami untuk tahu update terbaru tentang stok dan produk yang kami tawarkan.
Paket Isi 2Pcs 50Rb Kaos Distro Motif Simple Cocok Untuk Pria Dan Wanita Motif Random,2034362414,5,Kaosnya mantap tebal pula...,1775558436,2 minggu lalu,HITAM+BIRU MUDA - L,True,Anonymous,0,False,False,
Paket Isi 2Pcs 50Rb Kaos Distro Motif Simple Cocok Untuk Pria Dan Wanita Motif Random,2034282959,5,Bagus kaos nya mantaf poko nya,1775555894,2 minggu lalu,HITAM+ABU TUA - XL,True,Anonymous,0,False,False,
Paket Isi 2Pcs 50Rb Kaos Distro Motif Simple Cocok Untuk Pria Dan Wanita Motif Random,2034273151,5,"pengiriman cepat, barang bagus
terimakasih",1775555545,2 minggu lalu,NAVY+ABU TUA - XL,True,Anonymous,0,False,False,Terima kasih telah berbelanja di INDAH MODE 20. Bagikan link toko kami https://www.tokopedia.com/indah-mode-20 kepada teman-teman kamu. Jangan lupa follow toko kami untuk tahu update terbaru tentang stok dan produk yang kami tawarkan.
Paket Isi 2Pcs 50Rb Kaos Distro Motif Simple Cocok Untuk Pria Dan Wanita Motif Random,2034238798,5,Alhamdulillah paket ya udah datang dan sesuai dengan pesanan 🥰🥰🥰🥰🥰🥰,1775554303,2 minggu lalu,NAVY+MARUN - L,True,Anonymous,0,False,False,
Paket Isi 2Pcs 50Rb Kaos Distro Motif Simple Cocok Untuk Pria Dan Wanita Motif Random,2034150016,5,Warnanya bagus sesuai ekspektasi ukuran nya pun juga pas,1775550901,2 minggu lalu,HITAM+NAVY - XL,True,Anonymous,0,False,False,
Paket Isi 2Pcs 50Rb Kaos Distro Motif Simple Cocok Untuk Pria Dan Wanita Motif Random,2033951536,3,Kualitas produk: Bagus,1775542979,2 minggu lalu,MARUN+HITAM - L,True,Anonymous,0,False,False,
Paket Isi 2Pcs 50Rb Kaos Distro Motif Simple Cocok Untuk Pria Dan Wanita Motif Random,2033795897,5,"Produk cukup bagus,tidak tipis dan nyaman dipakai,,,ukuran juga pas
Pokoknya bagus untuk harga yg cukup terjangkau",1775536824,2 minggu lalu,HITAM+BIRU MUDA - XL,True,Anonymous,0,False,False,
Paket Isi 2Pcs 50Rb Kaos Distro Motif Simple Cocok Untuk Pria Dan Wanita Motif Random,2033750764,5,"Ok, bagus",1775535505,2 minggu lalu,HITAM+ABU TUA - L,True,Anonymous,0,False,False,
Paket Isi 2Pcs 50Rb Kaos Distro Motif Simple Cocok Untuk Pria Dan Wanita Motif Random,2033679618,2,"Sedikit kecewa pesen ukuran l 
Ko kaya ukuran m 
Jadinya kekecilan
Untuk bahan mah okeh sihh",1775532893,2 minggu lalu,NAVY+ABU TUA - L,True,Anonymous,0,False,False,
Paket Isi 2Pcs 50Rb Kaos Distro Motif Simple Cocok Untuk Pria Dan Wanita Motif Random,2033525487,5,Bahanya adem,1775527852,2 minggu lalu,DUSTY+COKSU - XL,True,Anonymous,0,False,False,
Paket Isi 2Pcs 50Rb Kaos Distro Motif Simple Cocok Untuk Pria Dan Wanita Motif Random,2033376169,5,Makasih sellernya makasih kurirnya semoga sukses selalu untuk selamanya,1775518971,2 minggu lalu,BIRU MUDA+DUSTY - L,True,Anonymous,0,True,False,
Paket Isi 2Pcs 50Rb Kaos Distro Motif Simple Cocok Untuk Pria Dan Wanita Motif Random,2033187291,4,Padahal mau belikan buat suami ukuran L eh ternyata kekecilan bajunya huuu,1775489832,2 minggu lalu,HITAM+NAVY - L,True,Anonymous,0,False,False,
Paket Isi 2Pcs 50Rb Kaos Distro Motif Simple Cocok Untuk Pria Dan Wanita Motif Random,2033186156,5,Bagus,1775489749,2 minggu lalu,HITAM+BIRU MUDA - XXL,True,Anonymous,0,False,False,
Paket Isi 2Pcs 50Rb Kaos Distro Motif Simple Cocok Untuk Pria Dan Wanita Motif Random,2033152103,5,Lumayan lah,1775487633,2 minggu lalu,TOSCA+COKPOL - L,True,Anonymous,0,False,False,
Paket Isi 2Pcs 50Rb Kaos Distro Motif Simple Cocok Untuk Pria Dan Wanita Motif Random,2033013336,5,Bahan bagus harga murah,1775481619,2 minggu lalu,KUNING+WARDAH - XL,True,Anonymous,0,False,False,
Paket Isi 2Pcs 50Rb Kaos Distro Motif Simple Cocok Untuk Pria Dan Wanita Motif Random,2032907396,5,"Barang Uda sampai
Bahan lembut",1775477704,2 minggu lalu,NAVY+ABU TUA - XL,True,Anonymous,0,False,False,
Paket Isi 2Pcs 50Rb Kaos Distro Motif Simple Cocok Untuk Pria Dan Wanita Motif Random,2032871625,5,Lumayan bagus . Cuma ukurang kekecilan pas datang,1775476511,2 minggu lalu,ABU MUDA+TOSCA - M,True,Anonymous,0,False,False,
Paket Isi 2Pcs 50Rb Kaos Distro Motif Simple Cocok Untuk Pria Dan Wanita Motif Random,2032735283,4,Buat kado anakku yg ultah. Semoga dia suka y,1775472259,2 minggu lalu,NAVY+MARUN - XL,True,Anonymous,0,False,False,
Paket Isi 2Pcs 50Rb Kaos Distro Motif Simple Cocok Untuk Pria Dan Wanita Motif Random,2032732418,5,"Puas banget blnja disini, bisa jadi langganan nih.",1775472173,2 minggu lalu,HITAM+ABU TUA - XL,True,Anonymous,0,False,False,
Paket Isi 2Pcs 50Rb Kaos Distro Motif Simple Cocok Untuk Pria Dan Wanita Motif Random,2032560702,5,Ok,1775466760,2 minggu lalu,HIJAU BOTOL +ABU TUA - L,True,Anonymous,0,False,False,
Paket Isi 2Pcs 50Rb Kaos Distro Motif Simple Cocok Untuk Pria Dan Wanita Motif Random,2032560710,5,Ok,1775466760,2 minggu lalu,TERACOTA +BIRU MUDA - L,True,Anonymous,0,False,False,
Paket Isi 2Pcs 50Rb Kaos Distro Motif Simple Cocok Untuk Pria Dan Wanita Motif Random,2032560715,5,Ok,1775466760,2 minggu lalu,TOSCA+COKPOL - L,True,Anonymous,0,False,False,
Paket Isi 2Pcs 50Rb Kaos Distro Motif Simple Cocok Untuk Pria Dan Wanita Motif Random,2032384280,5,Mantap,1775460519,2 minggu lalu,HITAM+NAVY - XXL,True,Anonymous,0,False,False,
Paket Isi 2Pcs 50Rb Kaos Distro Motif Simple Cocok Untuk Pria Dan Wanita Motif Random,2032226813,5,bagus sesuai dengan yg di gambar,1775455377,2 minggu lalu,NAVY+MARUN - XXL,True,Anonymous,0,False,False,
Paket Isi 2Pcs 50Rb Kaos Distro Motif Simple Cocok Untuk Pria Dan Wanita Motif Random,2032169148,5,Adem,1775453457,2 minggu lalu,NAVY+MARUN - XXL,True,Anonymous,0,False,False,
Paket Isi 2Pcs 50Rb Kaos Distro Motif Simple Cocok Untuk Pria Dan Wanita Motif Random,2032109749,5,Mantep pengiriman cepat,1775451554,2 minggu lalu,HITAM+NAVY - M,True,Anonymous,0,False,False,
Paket Isi 2Pcs 50Rb Kaos Distro Motif Simple Cocok Untuk Pria Dan Wanita Motif Random,2032109746,5,"Sesuai pesanan, pengiriman cepat",1775451554,2 minggu lalu,MARUN+HIJAU BOTOL - M,True,Anonymous,0,False,False,
Paket Isi 2Pcs 50Rb Kaos Distro Motif Simple Cocok Untuk Pria Dan Wanita Motif Random,2032109296,1,Bagus . Sayang kaos yang dikirim tidak sesuai yang di pilih,1775451541,2 minggu lalu,PLUM+HITAM - XL,True,Anonymous,0,False,False,
Paket Isi 2Pcs 50Rb Kaos Distro Motif Simple Cocok Untuk Pria Dan Wanita Motif Random,2032058936,5,Bagus sesuai harga,1775449987,2 minggu lalu,MARUN+HIJAU BOTOL - L,True,Anonymous,0,False,False,
Paket Isi 2Pcs 50Rb Kaos Distro Motif Simple Cocok Untuk Pria Dan Wanita Motif Random,2031982020,4,"Kualitas produk: Bagus cuma saya yg baju wrna tosca kekecilan yg ukuran L, kalo yg abu ukuran L nya pas..",1775447527,2 minggu lalu,ABU MUDA+TOSCA - L,True,Anonymous,0,False,False,
Paket Isi 2Pcs 50Rb Kaos Distro Motif Simple Cocok Untuk Pria Dan Wanita Motif Random,2031848396,5,bagus &amp; nyaman di pake,1775443152,2 minggu lalu,HITAM+ABU TUA - XL,True,Anonymous,0,False,False,Terima kasih telah berbelanja di INDAH MODE 20. Bagikan link toko kami https://www.tokopedia.com/indah-mode-20 kepada teman-teman kamu. Jangan lupa follow toko kami untuk tahu update terbaru tentang stok dan produk yang kami tawarkan.
Paket Isi 2Pcs 50Rb Kaos Distro Motif Simple Cocok Untuk Pria Dan Wanita Motif Random,2031800816,5,Kualitas produk: Bagus..bahan lembut sepertinnya adem dipakai(belum dicoba pakai) jahitan rapi bahan lumayan tebal sesuai dgn harganya.. toko amanah pelayanan cepat kemasan rapi..Recomended pokoknya (pingin CO lagi..semoga promonya masih berlaku),1775441304,2 minggu lalu,PUTIH+HITAM - XL,True,Anonymous,0,False,True,
Paket Isi 2Pcs 50Rb Kaos Distro Motif Simple Cocok Untuk Pria Dan Wanita Motif Random,2031750058,5,Gudddddddddddd,1775439289,2 minggu lalu,NAVY+ABU TUA - L,True,Anonymous,0,False,False,
Paket Isi 2Pcs 50Rb Kaos Distro Motif Simple Cocok Untuk Pria Dan Wanita Motif Random,2031733606,5,Bagus sesuai,1775438527,2 minggu lalu,HITAM+ABU TUA - L,True,Anonymous,0,False,False,
Paket Isi 2Pcs 50Rb Kaos Distro Motif Simple Cocok Untuk Pria Dan Wanita Motif Random,2031609255,5,Sesuai harapan. . kaosnya halus.,1775429141,2 minggu lalu,NAVY+ABU TUA - XL,True,Anonymous,0,False,False,
Paket Isi 2Pcs 50Rb Kaos Distro Motif Simple Cocok Untuk Pria Dan Wanita Motif Random,2031421198,5,Bner2 tebel dgn harga sgtu,1775400665,2 minggu lalu,HITAM+BIRU MUDA - XL,True,Anonymous,0,False,False,
Paket Isi 2Pcs 50Rb Kaos Distro Motif Simple Cocok Untuk Pria Dan Wanita Motif Random,2031419211,5,👍,1775400552,2 minggu lalu,WARDAH+COKSU - XXXL,True,Anonymous,0,False,False,
Paket Isi 2Pcs 50Rb Kaos Distro Motif Simple Cocok Untuk Pria Dan Wanita Motif Random,2031359692,5,Kualitas produk: Oke lumayan harga segitu,1775397563,2 minggu lalu,HITAM+ABU TUA - L,True,Anonymous,0,False,False,
Paket Isi 2Pcs 50Rb Kaos Distro Motif Simple Cocok Untuk Pria Dan Wanita Motif Random,2031295391,5,Kualitas yang bagus,1775394778,2 minggu lalu,MARUN+HIJAU BOTOL - XL,True,Anonymous,0,False,False,
Paket Isi 2Pcs 50Rb Kaos Distro Motif Simple Cocok Untuk Pria Dan Wanita Motif Random,2031172565,5,"Sesuai pesanan 
Mantuuuullll",1775390007,2 minggu lalu,TOSCA+COKPOL - L,True,Anonymous,2,True,False,
Paket Isi 2Pcs 50Rb Kaos Distro Motif Simple Cocok Untuk Pria Dan Wanita Motif Random,2031141435,4,kaosnya bagus cuma warna yg datang tidak sesuai pesanan,1775388924,2 minggu lalu,TERACOTA +BIRU MUDA - XL,False,Indah,0,False,False,Terima kasih telah berbelanja di INDAH MODE 20. Bagikan link toko kami https://www.tokopedia.com/indah-mode-20 kepada teman-teman kamu. Jangan lupa follow toko kami untuk tahu update terbaru tentang stok dan produk yang kami tawarkan.
Paket Isi 2Pcs 50Rb Kaos Distro Motif Simple Cocok Untuk Pria Dan Wanita Motif Random,2031071273,5,oke,1775386591,2 minggu lalu,HITAM+NAVY - XXL,True,Anonymous,0,True,False,Terima kasih telah berbelanja di INDAH MODE 20. Bagikan link toko kami https://www.tokopedia.com/indah-mode-20 kepada teman-teman kamu. Jangan lupa follow toko kami untuk tahu update terbaru tentang stok dan produk yang kami tawarkan.
Paket Isi 2Pcs 50Rb Kaos Distro Motif Simple Cocok Untuk Pria Dan Wanita Motif Random,2031067075,5,bahan adem enk di pke pas ukuran sesuai,1775386460,2 minggu lalu,NAVY+ABU TUA - L,True,Anonymous,0,False,False,
Paket Isi 2Pcs 50Rb Kaos Distro Motif Simple Cocok Untuk Pria Dan Wanita Motif Random,2031059791,4,Kualitas bagus cuman ukuran tidak sesuai minta ukuran L malah M.,1775386227,2 minggu lalu,ABU MUDA+TOSCA - L,True,Anonymous,0,False,False,
Paket Isi 2Pcs 50Rb Kaos Distro Motif Simple Cocok Untuk Pria Dan Wanita Motif Random,2030971567,5,Jos pegriman cpat bahan nya bgus,1775383022,2 minggu lalu,HITAM+NAVY - XL,True,Anonymous,0,False,False,
Paket Isi 2Pcs 50Rb Kaos Distro Motif Simple Cocok Untuk Pria Dan Wanita Motif Random,2030790387,5,Alhamdulillah sampai juga pesan saya,1775375762,2 minggu lalu,HIJAU BOTOL +ABU TUA - L,True,Anonymous,0,True,False,
Paket Isi 2Pcs 50Rb Kaos Distro Motif Simple Cocok Untuk Pria Dan Wanita Motif Random,2030623876,5,Trima kasih,1775368499,2 minggu lalu,NAVY+ABU TUA - XL,True,Anonymous,0,True,False,
Paket Isi 2Pcs 50Rb Kaos Distro Motif Simple Cocok Untuk Pria Dan Wanita Motif Random,2030612478,5,"Bahnnya bagus...
Adem di kulit...nyerap keringat...terimaksih reseler....",1775368028,2 minggu lalu,MARUN+HIJAU BOTOL - M,True,Anonymous,0,False,False,
Paket Isi 2Pcs 50Rb Kaos Distro Motif Simple Cocok Untuk Pria Dan Wanita Motif Random,2030555684,5,Bahan cukup bagus dan ukuran sesuai,1775365764,2 minggu lalu,COKSU+ABU MUDA - XL,True,Anonymous,0,True,False,
Paket Isi 2Pcs 50Rb Kaos Distro Motif Simple Cocok Untuk Pria Dan Wanita Motif Random,2030472899,5,"Paket pertama dtg langsung co lg,krna yg pertma kekecilan beli ukuran L kya M,jd co lg size xxl,gde dikit g apa² krna g keliatan gede....baju nya tebel,bagus,enak g panas....",1775362764,2 minggu lalu,NAVY+MARUN - XXL,True,Anonymous,0,False,False,
Paket Isi 2Pcs 50Rb Kaos Distro Motif Simple Cocok Untuk Pria Dan Wanita Motif Random,2030472308,4,Ukuran M kecil.. Biasa nya pas di badan saya... Bahan bagus,1775362744,2 minggu lalu,KUNING+WARDAH - M,True,Anonymous,0,False,False,
Paket Isi 2Pcs 50Rb Kaos Distro Motif Simple Cocok Untuk Pria Dan Wanita Motif Random,2030325251,4,Peket udah sampai kemaren tapi wrnanya GK sesuai tapi bahannya ok la,1775357095,2 minggu lalu,ABU MUDA+TOSCA - L,True,Anonymous,0,True,False,
Paket Isi 2Pcs 50Rb Kaos Distro Motif Simple Cocok Untuk Pria Dan Wanita Motif Random,2030298951,5,Bagus bet,1775355919,2 minggu lalu,ALMOND+HITAM - L,True,Anonymous,0,True,False,
Paket Isi 2Pcs 50Rb Kaos Distro Motif Simple Cocok Untuk Pria Dan Wanita Motif Random,2029970215,5,Kualitas produk: Sangat bagus,1775315736,2 minggu lalu,MARUN+HIJAU BOTOL - L,True,Anonymous,0,False,False,
Paket Isi 2Pcs 50Rb Kaos Distro Motif Simple Cocok Untuk Pria Dan Wanita Motif Random,2029969717,5,Bahan bagus nyaman di pake lembut,1775315697,2 minggu lalu,NAVY+MARUN - XL,True,Anonymous,0,False,False,
Paket Isi 2Pcs 50Rb Kaos Distro Motif Simple Cocok Untuk Pria Dan Wanita Motif Random,2029917800,5,"Alhmdlh suka bgt dgn kaosnya bhanya bgus, alhmdlh g kecewa dgn hrga sgitu amanah tokonya sukss brkah sllu aamiin",1775312462,2 minggu lalu,PUTIH+HITAM - XL,True,Anonymous,0,False,False,
Paket Isi 2Pcs 50Rb Kaos Distro Motif Simple Cocok Untuk Pria Dan Wanita Motif Random,2029883593,4,"Baik, &amp; sesuai dengan pesanan",1775310570,2 minggu lalu,NAVY+ABU TUA - XXL,True,Anonymous,0,False,False,
Paket Isi 2Pcs 50Rb Kaos Distro Motif Simple Cocok Untuk Pria Dan Wanita Motif Random,2029858041,5,Mantap kurir,1775309287,2 minggu lalu,ABU MUDA+TOSCA - XXXL,True,Anonymous,0,False,False,
Paket Isi 2Pcs 50Rb Kaos Distro Motif Simple Cocok Untuk Pria Dan Wanita Motif Random,2029786552,5,"Bagus, sesuai lah degn harga yg segitu",1775305972,2 minggu lalu,PUTIH+HITAM - L,True,Anonymous,0,True,False,
Paket Isi 2Pcs 50Rb Kaos Distro Motif Simple Cocok Untuk Pria Dan Wanita Motif Random,2029577677,5,"Bahan kain bagus sesuai harga, ukuran pas",1775298253,2 minggu lalu,HITAM+ABU TUA - L,True,Anonymous,0,True,False,
Paket Isi 2Pcs 50Rb Kaos Distro Motif Simple Cocok Untuk Pria Dan Wanita Motif Random,2029556210,1,Bagus 👍,1775297457,2 minggu lalu,MARUN+HIJAU BOTOL - L,True,Anonymous,0,False,False,
Paket Isi 2Pcs 50Rb Kaos Distro Motif Simple Cocok Untuk Pria Dan Wanita Motif Random,2029492283,5,Ukuran pas,1775295218,2 minggu lalu,ALMOND+KUNING - M,True,Anonymous,0,False,False,
Paket Isi 2Pcs 50Rb Kaos Distro Motif Simple Cocok Untuk Pria Dan Wanita Motif Random,2029461709,5,Terbaik,1775294072,2 minggu lalu,BIRU MUDA+DUSTY - XXL,True,Anonymous,0,False,False,Terima kasih telah berbelanja di INDAH MODE 20. Bagikan link toko kami https://www.tokopedia.com/indah-mode-20 kepada teman-teman kamu. Jangan lupa follow toko kami untuk tahu update terbaru tentang stok dan produk yang kami tawarkan.
Paket Isi 2Pcs 50Rb Kaos Distro Motif Simple Cocok Untuk Pria Dan Wanita Motif Random,2029391395,3,"Paket dah diterima,bahan bagus tebal tapi utk warna navy ukuran M tapi kecil gak cukup,",1775291253,2 minggu lalu,NAVY+ABU TUA - M,True,Anonymous,0,False,False,
Paket Isi 2Pcs 50Rb Kaos Distro Motif Simple Cocok Untuk Pria Dan Wanita Motif Random,2029382500,5,"Kualitas produk: Keren, bagus, adem dan nyaman saat dipakai bajunya.
Alhamdulillah paketnya sudah sampai dengan cepat dan bajunya bagus banget cocok dan pas buat aku bajunya. Terima kasih semuanya🙏🙏🙏🥰",1775290916,2 minggu lalu,PUTIH+HITAM - M,True,Anonymous,0,False,False,
Paket Isi 2Pcs 50Rb Kaos Distro Motif Simple Cocok Untuk Pria Dan Wanita Motif Random,2029374386,5,Kualitas produk: Sangat bagus,1775290591,2 minggu lalu,HITAM+NAVY - XXL,True,Anonymous,0,False,False,
Paket Isi 2Pcs 50Rb Kaos Distro Motif Simple Cocok Untuk Pria Dan Wanita Motif Random,2029339173,3,"Barang bagus cuma saya agak kecewa sedikit, krna yg satu warnanya beda bukan wrna merah..",1775289217,2 minggu lalu,TERACOTA +BIRU MUDA - L,True,Anonymous,0,False,False,
Paket Isi 2Pcs 50Rb Kaos Distro Motif Simple Cocok Untuk Pria Dan Wanita Motif Random,2029300153,5,"Bahan adem, bagus",1775287664,2 minggu lalu,MARUN+HITAM - XL,True,Anonymous,0,False,False,
Paket Isi 2Pcs 50Rb Kaos Distro Motif Simple Cocok Untuk Pria Dan Wanita Motif Random,2029250891,5,"Puasssss bgt belanja disini kaos nya bahan bagus keren sumpah gk nyangka sebagus ini harga boleh murahan tp barngnya gk murahan siip pokoknya trimksh , , maaf GK bisa aplod fotonya hp ku🙏🙏 Sayang GK sesuai coklat susu yg Dateng abu2 kecewa sihh tp is't ok msh aman lah. .",1775285689,2 minggu lalu,DUSTY+COKSU - XL,True,Anonymous,0,False,False,
Paket Isi 2Pcs 50Rb Kaos Distro Motif Simple Cocok Untuk Pria Dan Wanita Motif Random,2029216671,5,Alhamdulillah paket sy kemarin sore dah smpe mkch seller dan abng kurirnya🥰🥰🥰 semoga sesuai kaosnya klw bgus mau order lg,1775284329,2 minggu lalu,HITAM+NAVY - XL,True,Anonymous,0,False,False,
Paket Isi 2Pcs 50Rb Kaos Distro Motif Simple Cocok Untuk Pria Dan Wanita Motif Random,2029131588,5,"Paket sudah diterima dengan baik, kualitas bagus, jahitan rapi. Terima kasih seller 🙏",1775281022,2 minggu lalu,PLUM+ALMOND - XXL,True,Anonymous,0,True,False,
Paket Isi 2Pcs 50Rb Kaos Distro Motif Simple Cocok Untuk Pria Dan Wanita Motif Random,2029047594,5,Kuwalita bagus aq suka kak.cm xxxl.biasae jumbo kok kayak ukuran XXL.,1775278053,2 minggu lalu,TERACOTA +BIRU MUDA - XXXL,True,Anonymous,0,False,False,
Paket Isi 2Pcs 50Rb Kaos Distro Motif Simple Cocok Untuk Pria Dan Wanita Motif Random,2029007422,4,"Kualitasnya bagus,,,cuma sedikit kecewa Krn sy pesan warna hitam yang dtg warna putih",1775276666,2 minggu lalu,ALMOND+HITAM - XL,True,Anonymous,0,True,False,
Paket Isi 2Pcs 50Rb Kaos Distro Motif Simple Cocok Untuk Pria Dan Wanita Motif Random,2028935890,5,"Alhamdulillah paketnya udah datang bahannya bagus,adem maaf GK sempat Poto nexs order selanjutnya🤗",1775274242,2 minggu lalu,ALMOND+HITAM - XL,True,Anonymous,0,False,False,
Paket Isi 2Pcs 50Rb Kaos Distro Motif Simple Cocok Untuk Pria Dan Wanita Motif Random,2028913919,5,Kualitas produk: Bagus slimfit lembut nyaman dipakai jos jiss cuma merahnya warnannya kurng mencolok,1775273470,2 minggu lalu,MARUN+HITAM - M,True,Anonymous,0,True,False,
Paket Isi 2Pcs 50Rb Kaos Distro Motif Simple Cocok Untuk Pria Dan Wanita Motif Random,2028848157,5,Bagus bngt tapi aku salah pilih ukuran,1775271103,2 minggu lalu,NAVY+ABU TUA - M,True,Anonymous,0,False,False,
Paket Isi 2Pcs 50Rb Kaos Distro Motif Simple Cocok Untuk Pria Dan Wanita Motif Random,2028752510,5,"Harga murmer pengiriman cepat kurir langganan next pesan lgi buat kalian yg biasa y pake uk XL pake deh uk xxl coz uk ngepas buat bb 70 kg 
Bahan adem",1775267119,2 minggu lalu,ABU TUA +TERACOTA - XXL,True,Anonymous,0,False,False,
Paket Isi 2Pcs 50Rb Kaos Distro Motif Simple Cocok Untuk Pria Dan Wanita Motif Random,2028507006,5,Barang bagus,1775235567,2 minggu lalu,2PCS WARNA HITAM - XXL,True,Anonymous,0,False,False,
Paket Isi 2Pcs 50Rb Kaos Distro Motif Simple Cocok Untuk Pria Dan Wanita Motif Random,2028504998,5,Kualitas produk: Good good good,1775235329,2 minggu lalu,NAVY+ABU TUA - XL,True,Anonymous,0,False,False,
Paket Isi 2Pcs 50Rb Kaos Distro Motif Simple Cocok Untuk Pria Dan Wanita Motif Random,2028375601,4,"Baik,,",1775226864,2 minggu lalu,HITAM+NAVY - XL,True,Anonymous,0,False,False,
Paket Isi 2Pcs 50Rb Kaos Distro Motif Simple Cocok Untuk Pria Dan Wanita Motif Random,2028369115,5,Bagussss bangettt bahannya tebel,1775226529,2 minggu lalu,HITAM+ABU TUA - XXL,True,Anonymous,0,False,False,
Paket Isi 2Pcs 50Rb Kaos Distro Motif Simple Cocok Untuk Pria Dan Wanita Motif Random,2028366120,4,Warna tidak sesuai pesanan kak kalau bahan ya lumayan bagus di harga segitu,1775226379,2 minggu lalu,KUNING+WARDAH - XL,True,Anonymous,0,False,False,
Paket Isi 2Pcs 50Rb Kaos Distro Motif Simple Cocok Untuk Pria Dan Wanita Motif Random,2028352277,3,"Bahan: lumayan 
Kenyamanan: kurang nyaman, kurang nyerep keringat",1775225692,2 minggu lalu,TERACOTA +KUNING - XL,True,Anonymous,0,False,False,
Paket Isi 2Pcs 50Rb Kaos Distro Motif Simple Cocok Untuk Pria Dan Wanita Motif Random,2028103147,5,Barang sdah dtng trimakasih pak kurir.bahan bgus cocok,1775215591,2 minggu lalu,NAVY+MARUN - XL,True,Anonymous,0,True,False,
Paket Isi 2Pcs 50Rb Kaos Distro Motif Simple Cocok Untuk Pria Dan Wanita Motif Random,2028068145,5,"Kaosnya halus, warna abu muda dan tosca sesuai pesanan",1775214397,2 minggu lalu,ABU MUDA+TOSCA - L,True,Anonymous,0,True,False,
Paket Isi 2Pcs 50Rb Kaos Distro Motif Simple Cocok Untuk Pria Dan Wanita Motif Random,2028048994,3,Kualitas produk: Sesuai dengan harganya,1775213768,2 minggu lalu,TERACOTA +BIRU MUDA - XXL,True,Anonymous,0,False,False,
Paket Isi 2Pcs 50Rb Kaos Distro Motif Simple Cocok Untuk Pria Dan Wanita Motif Random,2027911162,5,"Kualitas produk: bagus,bahanya tebal",1775208944,2 minggu lalu,ABU MUDA+TOSCA - M,True,Anonymous,0,False,False,
Paket Isi 2Pcs 50Rb Kaos Distro Motif Simple Cocok Untuk Pria Dan Wanita Motif Random,2027876319,5,Mantap kainnya jos,1775207638,2 minggu lalu,PUTIH+HITAM - L,True,Anonymous,0,True,False,
Paket Isi 2Pcs 50Rb Kaos Distro Motif Simple Cocok Untuk Pria Dan Wanita Motif Random,2027845301,4,Kualitas produk: Okeee tapi buat yg biasa pake L itu menurutku kekecilan,1775206432,2 minggu lalu,TERACOTA +BIRU MUDA - L,True,Anonymous,0,False,False,
Paket Isi 2Pcs 50Rb Kaos Distro Motif Simple Cocok Untuk Pria Dan Wanita Motif Random,2027835588,5,"Mantap KK warna sesuai pesanan. Tapi belm di coba. Tapi bagus
Maaf gak ada foto nya kk",1775206050,2 minggu lalu,TOSCA+COKPOL - L,True,Anonymous,0,True,False,
Paket Isi 2Pcs 50Rb Kaos Distro Motif Simple Cocok Untuk Pria Dan Wanita Motif Random,2027761525,2,"Kaosnya bagus , tapi warna tak sesuai. lebih teliti lagi Terima kasih kurir",1775203098,2 minggu lalu,TERACOTA +KUNING - M,True,Anonymous,0,False,False,
Paket Isi 2Pcs 50Rb Kaos Distro Motif Simple Cocok Untuk Pria Dan Wanita Motif Random,2027754413,3,bahan sih oke lumayan buat harga segitu adem enak di pakai nyah cmn sayang warna sama ukuran nyah gak sesuai dengan yang saya pesan tolong lebih Teliti lagi ck lagi sebelum di kirim,1775202809,2 minggu lalu,WARDAH+COKSU - L,True,Anonymous,0,False,False,
Paket Isi 2Pcs 50Rb Kaos Distro Motif Simple Cocok Untuk Pria Dan Wanita Motif Random,2027672887,5,Bahan bagus sangat puas,1775199701,2 minggu lalu,MARUN+HIJAU BOTOL - XL,True,Anonymous,0,False,False,
Paket Isi 2Pcs 50Rb Kaos Distro Motif Simple Cocok Untuk Pria Dan Wanita Motif Random,2027552925,2,kaos dstro tp tipis y,1775194968,2 minggu lalu,HITAM+NAVY - XXL,False,Gustiani,0,False,False,
Paket Isi 2Pcs 50Rb Kaos Distro Motif Simple Cocok Untuk Pria Dan Wanita Motif Random,2027354098,5,"Pas sesuai pesanan, rekomen dah toko amanah, ini yg ke 2x beli disini",1775188521,2 minggu lalu,NAVY+ABU TUA - XL,True,Anonymous,0,False,False,
Paket Isi 2Pcs 50Rb Kaos Distro Motif Simple Cocok Untuk Pria Dan Wanita Motif Random,2027225897,4,Cocok,1775184392,2 minggu lalu,COKSU+ABU MUDA - XXL,True,Anonymous,0,False,False,
Paket Isi 2Pcs 50Rb Kaos Distro Motif Simple Cocok Untuk Pria Dan Wanita Motif Random,2027213685,4,"Untuk harga segitu dengan barang seperti ini sangatlah bagus &amp; layak dapat bintang 5.Akan tetapi yang saya sayangkan,saya pesan warna hitam,yang datang malah hijau gelap 🤦 Mungkin pegawainya kurang ngopi.",1775183959,2 minggu lalu,2PCS WARNA HITAM - XL,True,Anonymous,0,True,False,
Paket Isi 2Pcs 50Rb Kaos Distro Motif Simple Cocok Untuk Pria Dan Wanita Motif Random,2027143217,5,"Kualitas produk: Bagus, sangat sesuai dan cocok",1775181419,2 minggu lalu,COKPOL+PLUM - XXL,True,Anonymous,0,False,False,
Paket Isi 2Pcs 50Rb Kaos Distro Motif Simple Cocok Untuk Pria Dan Wanita Motif Random,2027110196,5,"Bagus sih, bahanx tebel, tapi kok yang Dateng warna navix beda ya, gak sesuai di gambarr",1775179796,2 minggu lalu,WARDAH+COKSU - L,True,Anonymous,0,False,False,
Paket Isi 2Pcs 50Rb Kaos Distro Motif Simple Cocok Untuk Pria Dan Wanita Motif Random,2027055966,5,Mantaaaap buangettt sesuai pesanan nex ordel lagi,1775176385,2 minggu lalu,TERACOTA +KUNING - L,True,Anonymous,0,False,False,
Paket Isi 2Pcs 50Rb Kaos Distro Motif Simple Cocok Untuk Pria Dan Wanita Motif Random,2027036541,5,"kirimnya cepat, bahannya bagus, mantap",1775174831,2 minggu lalu,COKSU+ABU MUDA - XXL,False,Subayu,0,False,False,Terima kasih telah berbelanja di INDAH MODE 20. Bagikan link toko kami https://www.tokopedia.com/indah-mode-20 kepada teman-teman kamu. Jangan lupa follow toko kami untuk tahu update terbaru tentang stok dan produk yang kami tawarkan.
Paket Isi 2Pcs 50Rb Kaos Distro Motif Simple Cocok Untuk Pria Dan Wanita Motif Random,2026919618,5,Bagus sekali kualitas bahan baju nya 👍 wort it banget dengan segitu gak nyesel beli disini 👍,1775153474,3 minggu lalu,DUSTY+COKSU - XL,True,Anonymous,0,False,False,
Paket Isi 2Pcs 50Rb Kaos Distro Motif Simple Cocok Untuk Pria Dan Wanita Motif Random,2026857869,5,Okee👍,1775146305,3 minggu lalu,HITAM+ABU TUA - XL,True,Anonymous,0,False,False,Terima kasih telah berbelanja di INDAH MODE 20. Bagikan link toko kami https://www.tokopedia.com/indah-mode-20 kepada teman-teman kamu. Jangan lupa follow toko kami untuk tahu update terbaru tentang stok dan produk yang kami tawarkan.
Paket Isi 2Pcs 50Rb Kaos Distro Motif Simple Cocok Untuk Pria Dan Wanita Motif Random,2026814366,5,Bagus. Bahan ok. Sesuai pesanan,1775143241,3 minggu lalu,DUSTY+COKSU - XL,True,Anonymous,0,True,True,
Paket Isi 2Pcs 50Rb Kaos Distro Motif Simple Cocok Untuk Pria Dan Wanita Motif Random,2026686437,4,Bagus ..dipakai adem..nyaman banget,1775137027,3 minggu lalu,ALMOND+KUNING - XL,True,Anonymous,0,False,False,
Paket Isi 2Pcs 50Rb Kaos Distro Motif Simple Cocok Untuk Pria Dan Wanita Motif Random,2026576354,5,Suka banget paketnya udah sampai,1775132923,3 minggu lalu,ALMOND+HITAM - XL,True,Anonymous,0,False,False,
Paket Isi 2Pcs 50Rb Kaos Distro Motif Simple Cocok Untuk Pria Dan Wanita Motif Random,2026570066,1,pesan hitam sama coksu kok yg dtng ijo dan abu muda😔😔😔,1775132699,3 minggu lalu,COKSU+HITAM - XL,True,Anonymous,0,True,False,
Paket Isi 2Pcs 50Rb Kaos Distro Motif Simple Cocok Untuk Pria Dan Wanita Motif Random,2026552461,3,Pesan hitam hitam dateng beda,1775132101,3 minggu lalu,HITAM+NAVY - XL,True,Anonymous,0,False,False,
Paket Isi 2Pcs 50Rb Kaos Distro Motif Simple Cocok Untuk Pria Dan Wanita Motif Random,2026417368,5,Sesuai sama gambar dan pas dipake bahan adem,1775127806,3 minggu lalu,ABU MUDA+TOSCA - M,True,Anonymous,0,False,False,
Paket Isi 2Pcs 50Rb Kaos Distro Motif Simple Cocok Untuk Pria Dan Wanita Motif Random,2026373911,4,Lumayan cumak agak kecewa warna nya mintak warna merah di kasik merah maron,1775126629,3 minggu lalu,DUSTY+COKSU - XL,True,Anonymous,0,False,False,
Paket Isi 2Pcs 50Rb Kaos Distro Motif Simple Cocok Untuk Pria Dan Wanita Motif Random,2026268554,5,"Bagus pas gk kecil,gk kegedean",1775123897,3 minggu lalu,ABU MUDA+TOSCA - XL,True,Anonymous,0,True,False,
Paket Isi 2Pcs 50Rb Kaos Distro Motif Simple Cocok Untuk Pria Dan Wanita Motif Random,2026196530,5,Kaosnya bagus...next order lagi,1775121651,3 minggu lalu,DUSTY+COKSU - XXL,True,Anonymous,0,False,False,
Paket Isi 2Pcs 50Rb Kaos Distro Motif Simple Cocok Untuk Pria Dan Wanita Motif Random,2026081351,3,"kok mesti ya beli online..beli kaos,kayak beli kemeja. gk melar sama sekali😔😔😔,ketat jadi pengap di badan.dg hrg 57 2kaos.apa yg beneran melar yg hrg diatas 50k untuk 1kaos🤔",1775117980,3 minggu lalu,NAVY+ABU TUA - XL,True,Anonymous,0,False,False,
Paket Isi 2Pcs 50Rb Kaos Distro Motif Simple Cocok Untuk Pria Dan Wanita Motif Random,2026060896,3,Ternyata M ny kecil..untuk anak remaja,1775117234,3 minggu lalu,HITAM+NAVY - M,True,Anonymous,0,False,False,
Paket Isi 2Pcs 50Rb Kaos Distro Motif Simple Cocok Untuk Pria Dan Wanita Motif Random,2025970043,5,Kualitas produk: Baik,1775113836,3 minggu lalu,HITAM+NAVY - XXXL,True,Anonymous,1,True,False,
Paket Isi 2Pcs 50Rb Kaos Distro Motif Simple Cocok Untuk Pria Dan Wanita Motif Random,2025964040,5,"Kualitas produk: Baik
Bahan lembut  Ukuran pas",1775113600,3 minggu lalu,TOSCA+COKPOL - XXL,True,Anonymous,0,True,False,
Paket Isi 2Pcs 50Rb Kaos Distro Motif Simple Cocok Untuk Pria Dan Wanita Motif Random,2025964042,5,Baju nya bagus murah lagih.,1775113600,3 minggu lalu,NAVY+ABU TUA - XL,True,Anonymous,0,False,False,
Paket Isi 2Pcs 50Rb Kaos Distro Motif Simple Cocok Untuk Pria Dan Wanita Motif Random,2025811299,5,Kualitas produk: Bagus bnget,1775107993,3 minggu lalu,MARUN+HIJAU BOTOL - XXL,True,Anonymous,0,False,False,
Paket Isi 2Pcs 50Rb Kaos Distro Motif Simple Cocok Untuk Pria Dan Wanita Motif Random,2025753393,5,Kualitas produk: Adem banget,1775106004,3 minggu lalu,HITAM+ABU TUA - L,True,Anonymous,0,False,False,
Paket Isi 2Pcs 50Rb Kaos Distro Motif Simple Cocok Untuk Pria Dan Wanita Motif Random,2025661198,4,"Alhamdulillah barang bagus ,cuman pesen ukurannya salah ,jadi kekecilan😄",1775103087,3 minggu lalu,TERACOTA +BIRU MUDA - L,True,Anonymous,0,False,False,
Paket Isi 2Pcs 50Rb Kaos Distro Motif Simple Cocok Untuk Pria Dan Wanita Motif Random,2025616174,5,Bagus bahan nya,1775101577,3 minggu lalu,MARUN+HIJAU BOTOL - XL,True,Anonymous,0,True,False,
Paket Isi 2Pcs 50Rb Kaos Distro Motif Simple Cocok Untuk Pria Dan Wanita Motif Random,2025551077,5,"Kualitas produk: Kain tebal, bagus",1775099348,3 minggu lalu,PLUM+HITAM - XL,True,Anonymous,0,False,False,
Paket Isi 2Pcs 50Rb Kaos Distro Motif Simple Cocok Untuk Pria Dan Wanita Motif Random,2025357055,5,Barangnya udah nyampe bahan bagus sesuai harga,1775090843,3 minggu lalu,MARUN+HITAM - XXL,True,Anonymous,0,True,False,
Paket Isi 2Pcs 50Rb Kaos Distro Motif Simple Cocok Untuk Pria Dan Wanita Motif Random,2025284168,3,Bagus kaosnya,1775085112,3 minggu lalu,HITAM+NAVY - L,True,Anonymous,0,False,False,
Paket Isi 2Pcs 50Rb Kaos Distro Motif Simple Cocok Untuk Pria Dan Wanita Motif Random,2025165698,5,Bahan lumayan tebel,1775062711,3 minggu lalu,KUNING+WARDAH - L,True,Anonymous,0,False,False,
Paket Isi 2Pcs 50Rb Kaos Distro Motif Simple Cocok Untuk Pria Dan Wanita Motif Random,2025118265,5,"Pengiriman cepat,bjunya mantap pokonya,nanti mo co lgi mksh",1775058649,3 minggu lalu,HITAM+ABU TUA - XXXL,True,Anonymous,0,False,False,
Paket Isi 2Pcs 50Rb Kaos Distro Motif Simple Cocok Untuk Pria Dan Wanita Motif Random,2025031671,5,untuk harga segitu sih menurut ku bagus,1775054028,3 minggu lalu,HITAM+ABU TUA - L,True,Anonymous,0,False,False,
Paket Isi 2Pcs 50Rb Kaos Distro Motif Simple Cocok Untuk Pria Dan Wanita Motif Random,2024891167,5,"order yang kedua, pesanan yg pertama dan kedua saya pesan ukuran L, tapi kenapa ukuran kaos kiriman kedua jauh lebih kecil dari yang pertama ya",1775048626,3 minggu lalu,HITAM+NAVY - L,False,Rani,0,True,False,Terima kasih telah berbelanja di INDAH MODE 20. Bagikan link toko kami https://www.tokopedia.com/indah-mode-20 kepada teman-teman kamu. Jangan lupa follow toko kami untuk tahu update terbaru tentang stok dan produk yang kami tawarkan.
Paket Isi 2Pcs 50Rb Kaos Distro Motif Simple Cocok Untuk Pria Dan Wanita Motif Random,2024591651,5,Sesuai pesanan,1775039546,3 minggu lalu,WARDAH+COKSU - XL,True,Anonymous,0,False,False,
Paket Isi 2Pcs 50Rb Kaos Distro Motif Simple Cocok Untuk Pria Dan Wanita Motif Random,2024523407,5,"Baik kaosnya, lumayan",1775037471,3 minggu lalu,WARDAH+COKSU - XXXL,True,Anonymous,0,False,False,
Paket Isi 2Pcs 50Rb Kaos Distro Motif Simple Cocok Untuk Pria Dan Wanita Motif Random,2024410896,5,Simpel,1775033751,3 minggu lalu,ABU MUDA+TOSCA - XL,True,Anonymous,0,True,False,
Paket Isi 2Pcs 50Rb Kaos Distro Motif Simple Cocok Untuk Pria Dan Wanita Motif Random,2024403965,5,Kain bagus sesuai pesanan,1775033510,3 minggu lalu,COKSU+HITAM - XL,True,Anonymous,0,False,False,
Paket Isi 2Pcs 50Rb Kaos Distro Motif Simple Cocok Untuk Pria Dan Wanita Motif Random,2024384362,4,Kl yg ini salah warna dikirim gk sesuai pesanan😔,1775032879,3 minggu lalu,KUNING+WARDAH - M,True,Anonymous,0,False,False,
Paket Isi 2Pcs 50Rb Kaos Distro Motif Simple Cocok Untuk Pria Dan Wanita Motif Random,2024382637,5,Kl yg ini sesuai pesanan mantul,1775032815,3 minggu lalu,MARUN+HIJAU BOTOL - XXL,True,Anonymous,0,False,False,
Paket Isi 2Pcs 50Rb Kaos Distro Motif Simple Cocok Untuk Pria Dan Wanita Motif Random,2024315506,5,Mantap pokonya kurir ok,1775030397,3 minggu lalu,NAVY+ABU TUA - XL,True,Anonymous,0,False,False,
Paket Isi 2Pcs 50Rb Kaos Distro Motif Simple Cocok Untuk Pria Dan Wanita Motif Random,2024073144,5,Kualitas produk: Bgus bjune mf telt ksih ulasan,1775021626,3 minggu lalu,MARUN+HITAM - L,True,Anonymous,0,False,False,
Paket Isi 2Pcs 50Rb Kaos Distro Motif Simple Cocok Untuk Pria Dan Wanita Motif Random,2024067440,1,Saya pesan warna hijau botol sama marun yg datang marun sama hitam kualitas buruk sangat mengecewakan sekali di toko ini buruk,1775021428,3 minggu lalu,MARUN+HIJAU BOTOL - XL,True,Anonymous,0,True,False,
Paket Isi 2Pcs 50Rb Kaos Distro Motif Simple Cocok Untuk Pria Dan Wanita Motif Random,2024035361,2,"Yahh salah warna, ambil hitam navy malah di kirim ijo navy",1775020319,3 minggu lalu,HITAM+NAVY - XXXL,True,Anonymous,0,True,False,
Paket Isi 2Pcs 50Rb Kaos Distro Motif Simple Cocok Untuk Pria Dan Wanita Motif Random,2023930791,2,pesanan sudah datang cuman L teh kecil ini mh ya,1775016977,3 minggu lalu,BIRU MUDA+DUSTY - L,True,Anonymous,0,False,False,
Paket Isi 2Pcs 50Rb Kaos Distro Motif Simple Cocok Untuk Pria Dan Wanita Motif Random,2023207642,5,Kualitas produk: Oke... K,1774964077,3 minggu lalu,COKSU+ABU MUDA - XL,True,Anonymous,0,False,False,
Paket Isi 2Pcs 50Rb Kaos Distro Motif Simple Cocok Untuk Pria Dan Wanita Motif Random,2023134162,5,Bahan bagus,1774961344,3 minggu lalu,MARUN+HIJAU BOTOL - XXL,True,Anonymous,0,False,False,
Paket Isi 2Pcs 50Rb Kaos Distro Motif Simple Cocok Untuk Pria Dan Wanita Motif Random,2022996503,5,Baguuuusss,1774956846,3 minggu lalu,HIJAU BOTOL +ABU TUA - XL,True,Anonymous,0,False,False,
Paket Isi 2Pcs 50Rb Kaos Distro Motif Simple Cocok Untuk Pria Dan Wanita Motif Random,2022872579,5,Bagus anaku suka banget,1774953069,3 minggu lalu,NAVY+ABU TUA - L,True,Anonymous,0,True,False,
Paket Isi 2Pcs 50Rb Kaos Distro Motif Simple Cocok Untuk Pria Dan Wanita Motif Random,2022846117,4,Kualitas produk: Kualitas sesuai dengan harga nya dan ngak mngecewakan,1774952200,3 minggu lalu,PUTIH+HITAM - M,True,Anonymous,0,False,False,
Paket Isi 2Pcs 50Rb Kaos Distro Motif Simple Cocok Untuk Pria Dan Wanita Motif Random,2022738642,1,Sangat kecewa ukuran tidak sesuai dengan pesana... Barangtdk terpakai,1774948385,3 minggu lalu,ALMOND+HITAM - L,True,Anonymous,0,False,False,
Paket Isi 2Pcs 50Rb Kaos Distro Motif Simple Cocok Untuk Pria Dan Wanita Motif Random,2022713249,5,Kaos bagus lembut lagi ga panas,1774947416,3 minggu lalu,ABU TUA +TERACOTA - L,True,Anonymous,0,False,False,
Paket Isi 2Pcs 50Rb Kaos Distro Motif Simple Cocok Untuk Pria Dan Wanita Motif Random,2022675755,4,Bajunya bagus cuma agak kekecilan ukuran XL nya,1774945979,3 minggu lalu,HITAM+NAVY - XL,True,Anonymous,0,False,False,
Paket Isi 2Pcs 50Rb Kaos Distro Motif Simple Cocok Untuk Pria Dan Wanita Motif Random,2022612262,5,Kualitas produk: Bagus,1774944406,3 minggu lalu,NAVY+ABU TUA - L,True,Anonymous,0,False,False,
Paket Isi 2Pcs 50Rb Kaos Distro Motif Simple Cocok Untuk Pria Dan Wanita Motif Random,2022512120,5,Sangat bagus gak tipis murah adem cocok buat santai,1774940690,3 minggu lalu,TERACOTA +BIRU MUDA - L,True,Anonymous,0,False,False,
Paket Isi 2Pcs 50Rb Kaos Distro Motif Simple Cocok Untuk Pria Dan Wanita Motif Random,2022373055,4,Kaos lumayan bagus dengan harga segitu. Tidak yg tebal juga tidak yg tipis. Bahan lumayan halus.,1774935571,3 minggu lalu,NAVY+ABU TUA - XL,True,Anonymous,0,True,False,
Paket Isi 2Pcs 50Rb Kaos Distro Motif Simple Cocok Untuk Pria Dan Wanita Motif Random,2022372290,5,"Harga murah tapi kwalitas Bahan bagus, tebal, tidak panas. Bakalan beli dengan warna yang lain.",1774935540,3 minggu lalu,NAVY+MARUN - XL,True,Anonymous,0,True,False,
Paket Isi 2Pcs 50Rb Kaos Distro Motif Simple Cocok Untuk Pria Dan Wanita Motif Random,2022239876,5,Bahan nya bagus adem,1774930619,3 minggu lalu,HIJAU BOTOL +ABU TUA - XL,True,Anonymous,0,False,False,
Paket Isi 2Pcs 50Rb Kaos Distro Motif Simple Cocok Untuk Pria Dan Wanita Motif Random,2022174056,4,Pas banget...bahan bagus...harga terjangkau...GK kecewa beli ditoko ini,1774928157,3 minggu lalu,ABU MUDA+TOSCA - XL,True,Anonymous,0,False,False,
Paket Isi 2Pcs 50Rb Kaos Distro Motif Simple Cocok Untuk Pria Dan Wanita Motif Random,2022164088,5,Buaguss,1774927784,3 minggu lalu,HITAM+ABU TUA - L,True,Anonymous,0,False,False,
Paket Isi 2Pcs 50Rb Kaos Distro Motif Simple Cocok Untuk Pria Dan Wanita Motif Random,2022164089,5,Kualitas produk: Buaguuss,1774927784,3 minggu lalu,TOSCA+COKPOL - L,True,Anonymous,0,False,False,
Paket Isi 2Pcs 50Rb Kaos Distro Motif Simple Cocok Untuk Pria Dan Wanita Motif Random,2022102899,5,Kualitas produk: Ok,1774925440,3 minggu lalu,HITAM+ABU TUA - L,True,Anonymous,0,False,False,
Paket Isi 2Pcs 50Rb Kaos Distro Motif Simple Cocok Untuk Pria Dan Wanita Motif Random,2022102894,5,Kualitas produk: Ok,1774925440,3 minggu lalu,TOSCA+COKPOL - L,True,Anonymous,0,False,False,
Paket Isi 2Pcs 50Rb Kaos Distro Motif Simple Cocok Untuk Pria Dan Wanita Motif Random,2021997005,5,Trima ks paket suda datang sesuai pesenan.. barang nya ok,1774920699,3 minggu lalu,ABU MUDA+TOSCA - L,True,Anonymous,0,False,False,
Paket Isi 2Pcs 50Rb Kaos Distro Motif Simple Cocok Untuk Pria Dan Wanita Motif Random,2021856542,5,Sangat sesuai bahan tebal. Halus dan sangat rekom ini toko amanah,1774910622,3 minggu lalu,ABU MUDA+TOSCA - L,True,Anonymous,0,False,False,
Paket Isi 2Pcs 50Rb Kaos Distro Motif Simple Cocok Untuk Pria Dan Wanita Motif Random,2021836117,4,Kualitas produk: Bagus bahan nya jaitan nya juga rapi sya suka dg harga semurah itu busa dpt 2 kaos ckup bagus ...,1774907952,3 minggu lalu,KUNING+WARDAH - L,True,Anonymous,0,False,False,
Paket Isi 2Pcs 50Rb Kaos Distro Motif Simple Cocok Untuk Pria Dan Wanita Motif Random,2021835439,4,Kualitas produk: Lumayan bagus utk harga semurah itu tp syqng ada yg cacat sdikit tp ga pa lh suka ko,1774907843,3 minggu lalu,PUTIH+HITAM - M,True,Anonymous,0,False,False,
Paket Isi 2Pcs 50Rb Kaos Distro Motif Simple Cocok Untuk Pria Dan Wanita Motif Random,2021767817,5,"Sesuai pesanan, bahannya bagus",1774890533,3 minggu lalu,KUNING+WARDAH - XL,True,Anonymous,0,False,False,
Paket Isi 2Pcs 50Rb Kaos Distro Motif Simple Cocok Untuk Pria Dan Wanita Motif Random,2021651436,2,"Kecewa karan dak sesuai warna,pesan warna navy sama abu tua yg dikirim hitam sama biru,buta warna dak tau warna",1774882015,3 minggu lalu,NAVY+ABU TUA - L,True,Anonymous,0,False,False,
Paket Isi 2Pcs 50Rb Kaos Distro Motif Simple Cocok Untuk Pria Dan Wanita Motif Random,2021513680,5,barang cpt sampai..ternyata kaos seharga itu cukup bagus bahanya lumayan tebel..puas pokokna ...hadi pengin order lg,1774876184,3 minggu lalu,TERACOTA +BIRU MUDA - XL,True,Anonymous,0,False,False,
Paket Isi 2Pcs 50Rb Kaos Distro Motif Simple Cocok Untuk Pria Dan Wanita Motif Random,2021476333,5,Kualitas produk: Mantaaaaap,1774874813,3 minggu lalu,2PCS WARNA HITAM - M,True,Anonymous,0,True,False,
Paket Isi 2Pcs 50Rb Kaos Distro Motif Simple Cocok Untuk Pria Dan Wanita Motif Random,2021457355,5,Bajunya sangat krennn mantap pokonya,1774874144,3 minggu lalu,MARUN+HITAM - XL,True,Anonymous,0,False,False,
Paket Isi 2Pcs 50Rb Kaos Distro Motif Simple Cocok Untuk Pria Dan Wanita Motif Random,2021276673,5,Kualitas produk: Saya suka mantap,1774868455,3 minggu lalu,COKSU+ABU MUDA - XXL,True,Anonymous,0,True,False,
Paket Isi 2Pcs 50Rb Kaos Distro Motif Simple Cocok Untuk Pria Dan Wanita Motif Random,2021235658,5,"Bagus, produknya rapi dan jahitannya juga bagus ,, rekomended deh",1774867246,3 minggu lalu,KUNING+WARDAH - XL,True,Anonymous,0,True,False,
Paket Isi 2Pcs 50Rb Kaos Distro Motif Simple Cocok Untuk Pria Dan Wanita Motif Random,2021215678,5,Harga nya murce baju nya bagus bahan nya jg adem..,1774866646,3 minggu lalu,HITAM+BIRU MUDA - XL,True,Anonymous,0,False,False,
Paket Isi 2Pcs 50Rb Kaos Distro Motif Simple Cocok Untuk Pria Dan Wanita Motif Random,2021038351,1,"Saya pesan x 2,,, seharus nyampe ke sini hrs 4 pcs lh ini datang nya 2 pcs,,, 2 lgi d kemana kan",1774861107,3 minggu lalu,HITAM+NAVY - XXL,True,Anonymous,0,True,False,
Paket Isi 2Pcs 50Rb Kaos Distro Motif Simple Cocok Untuk Pria Dan Wanita Motif Random,2021033747,5,Mantap kaka bahan adem sesuai pesenan pokoeeee jos dah,1774861040,3 minggu lalu,MARUN+HITAM - XL,True,Anonymous,0,False,False,
Paket Isi 2Pcs 50Rb Kaos Distro Motif Simple Cocok Untuk Pria Dan Wanita Motif Random,2020965460,5,Bagus,1774858867,3 minggu lalu,MARUN+HITAM - L,True,Anonymous,0,False,False,
Paket Isi 2Pcs 50Rb Kaos Distro Motif Simple Cocok Untuk Pria Dan Wanita Motif Random,2020955861,4,Cakep,1774858531,3 minggu lalu,COKSU+ABU MUDA - XL,True,Anonymous,0,False,False,
Paket Isi 2Pcs 50Rb Kaos Distro Motif Simple Cocok Untuk Pria Dan Wanita Motif Random,2020928340,5,Sip barang bagus,1774857585,3 minggu lalu,HIJAU BOTOL +ABU TUA - L,True,Anonymous,0,False,False,
Paket Isi 2Pcs 50Rb Kaos Distro Motif Simple Cocok Untuk Pria Dan Wanita Motif Random,2020917119,5,"Real pic
Bahan halus 
Pengiriman tepat waktu
Kurir ramah",1774857198,3 minggu lalu,HITAM+ABU TUA - XL,True,Anonymous,0,True,False,
Paket Isi 2Pcs 50Rb Kaos Distro Motif Simple Cocok Untuk Pria Dan Wanita Motif Random,2020814640,1,Warna tdk sesuai dengan yg saya pesan,1774853640,3 minggu lalu,ALMOND+KUNING - L,True,Anonymous,0,True,False,
Paket Isi 2Pcs 50Rb Kaos Distro Motif Simple Cocok Untuk Pria Dan Wanita Motif Random,2020791435,5,Matp bos,1774852862,3 minggu lalu,COKSU+HITAM - XL,True,Anonymous,0,True,False,
Paket Isi 2Pcs 50Rb Kaos Distro Motif Simple Cocok Untuk Pria Dan Wanita Motif Random,2020685822,5,Makasih barang lumayan❤️❤️❤️,1774849348,3 minggu lalu,NAVY+ABU TUA - XXL,True,Anonymous,0,False,False,
Paket Isi 2Pcs 50Rb Kaos Distro Motif Simple Cocok Untuk Pria Dan Wanita Motif Random,2020496483,5,Bagussss,1774843460,3 minggu lalu,ABU MUDA+TOSCA - XL,True,Anonymous,0,True,False,
Paket Isi 2Pcs 50Rb Kaos Distro Motif Simple Cocok Untuk Pria Dan Wanita Motif Random,2020325174,5,Sangat bagus sekali,1774837668,3 minggu lalu,MARUN+HIJAU BOTOL - XL,True,Anonymous,0,False,False,
Paket Isi 2Pcs 50Rb Kaos Distro Motif Simple Cocok Untuk Pria Dan Wanita Motif Random,2020303295,5,Kualitas produk: Baik,1774836827,3 minggu lalu,ALMOND+HITAM - XL,True,Anonymous,0,False,False,
Paket Isi 2Pcs 50Rb Kaos Distro Motif Simple Cocok Untuk Pria Dan Wanita Motif Random,2020284017,5,Lumayan tebal.,1774836050,3 minggu lalu,ABU MUDA+TOSCA - XL,True,Anonymous,0,False,False,
Paket Isi 2Pcs 50Rb Kaos Distro Motif Simple Cocok Untuk Pria Dan Wanita Motif Random,2020020986,5,Paket sudah sampai bagus aman,1774807180,3 minggu lalu,HITAM+NAVY - XL,True,Anonymous,0,False,False,
Paket Isi 2Pcs 50Rb Kaos Distro Motif Simple Cocok Untuk Pria Dan Wanita Motif Random,2019991664,5,Kaos bagus sesuwe pesanan,1774803553,3 minggu lalu,NAVY+ABU TUA - XL,True,Anonymous,0,False,False,
Paket Isi 2Pcs 50Rb Kaos Distro Motif Simple Cocok Untuk Pria Dan Wanita Motif Random,2019785492,3,Tidk sesuai,1774792028,3 minggu lalu,ALMOND+HITAM - L,True,Anonymous,0,False,False,
Paket Isi 2Pcs 50Rb Kaos Distro Motif Simple Cocok Untuk Pria Dan Wanita Motif Random,2019755169,5,Mantul terimakasis,1774790915,3 minggu lalu,MARUN+HITAM - XL,True,Anonymous,0,False,False,
Paket Isi 2Pcs 50Rb Kaos Distro Motif Simple Cocok Untuk Pria Dan Wanita Motif Random,2019690975,5,Terima kasih atas banyak,1774788622,3 minggu lalu,HIJAU BOTOL +ABU TUA - L,True,Anonymous,0,False,False,
Paket Isi 2Pcs 50Rb Kaos Distro Motif Simple Cocok Untuk Pria Dan Wanita Motif Random,2019625239,3,bagus cuma salah warna,1774786404,3 minggu lalu,WARDAH+COKSU - XL,True,Anonymous,0,True,False,
Paket Isi 2Pcs 50Rb Kaos Distro Motif Simple Cocok Untuk Pria Dan Wanita Motif Random,2019559586,5,Barang sesuai dengan gambar bagus juga gak mengecewakan..,1774784353,3 minggu lalu,NAVY+ABU TUA - L,True,Anonymous,0,False,False,
Paket Isi 2Pcs 50Rb Kaos Distro Motif Simple Cocok Untuk Pria Dan Wanita Motif Random,2019529271,5,Bagusss,1774783422,3 minggu lalu,WARDAH+COKSU - XL,True,Anonymous,0,False,False,
Paket Isi 2Pcs 50Rb Kaos Distro Motif Simple Cocok Untuk Pria Dan Wanita Motif Random,2019489297,5,"Kualitas produk: Top bangettt kainnya tebal, jahitan nya rapi, harga nya murah",1774782232,3 minggu lalu,TOSCA+COKPOL - L,True,Anonymous,0,True,False,
Paket Isi 2Pcs 50Rb Kaos Distro Motif Simple Cocok Untuk Pria Dan Wanita Motif Random,2019476931,5,biar bintang yang berbicara,1774781891,3 minggu lalu,HITAM+BIRU MUDA - XXXL,True,Anonymous,0,False,False,
Paket Isi 2Pcs 50Rb Kaos Distro Motif Simple Cocok Untuk Pria Dan Wanita Motif Random,2019321295,5,"Bajunya bagus,suami suka",1774776942,3 minggu lalu,HIJAU BOTOL +ABU TUA - XXL,True,Anonymous,0,False,False,
Paket Isi 2Pcs 50Rb Kaos Distro Motif Simple Cocok Untuk Pria Dan Wanita Motif Random,2019290868,5,Sya ambil ukuran XXL TPI kok masih kecil ya di suami sya..TPI bhanya bgus tbel,1774775887,3 minggu lalu,HITAM+NAVY - XXL,True,Anonymous,0,False,False,
Paket Isi 2Pcs 50Rb Kaos Distro Motif Simple Cocok Untuk Pria Dan Wanita Motif Random,2019003382,4,"lumayan bagus tidak nerawang juga &amp; cuma saya pesanya COKSU &amp; HITAM 
tapi pas dtang bukan coksu seperti hijau muda.",1774765571,3 minggu lalu,COKSU+HITAM - XL,True,Anonymous,0,True,False,
Paket Isi 2Pcs 50Rb Kaos Distro Motif Simple Cocok Untuk Pria Dan Wanita Motif Random,2018596228,5,"bahanya ngga nerawang, bagus,",1774752027,3 minggu lalu,PUTIH+HITAM - XL,True,Anonymous,0,True,False,
Paket Isi 2Pcs 50Rb Kaos Distro Motif Simple Cocok Untuk Pria Dan Wanita Motif Random,2018557451,5,"Jahitan nya rapih dan bagus ☺️ next order lagi ah di toko ini ,, jangan ragu ya dengan harga segitu udah bagus ☺️",1774750444,3 minggu lalu,TOSCA+COKPOL - L,True,Anonymous,0,False,False,
Paket Isi 2Pcs 50Rb Kaos Distro Motif Simple Cocok Untuk Pria Dan Wanita Motif Random,2018546088,4,"barang bagus,bahan adem dan gak terlalu tipiss",1774749930,3 minggu lalu,NAVY+MARUN - XL,True,Anonymous,0,True,False,
Paket Isi 2Pcs 50Rb Kaos Distro Motif Simple Cocok Untuk Pria Dan Wanita Motif Random,2018530831,5,Bahan adem jos ..jangan ragu cek out sekarang,1774749208,3 minggu lalu,MARUN+HITAM - XL,True,Anonymous,0,True,False,
Paket Isi 2Pcs 50Rb Kaos Distro Motif Simple Cocok Untuk Pria Dan Wanita Motif Random,2018403176,5,Barangnya bagus aku suka,1774740553,3 minggu lalu,NAVY+ABU TUA - L,True,Anonymous,0,False,False,
Paket Isi 2Pcs 50Rb Kaos Distro Motif Simple Cocok Untuk Pria Dan Wanita Motif Random,2018170690,5,Bagus tebal bahanya,1774710477,3 minggu lalu,MARUN+HITAM - L,True,Anonymous,0,False,False,
Paket Isi 2Pcs 50Rb Kaos Distro Motif Simple Cocok Untuk Pria Dan Wanita Motif Random,2018034563,5,"Alhamdulillah bajunya bagus banget,, pokoknya puas gak rugi beli",1774704544,3 minggu lalu,ALMOND+HITAM - XL,True,Anonymous,0,False,False,
Paket Isi 2Pcs 50Rb Kaos Distro Motif Simple Cocok Untuk Pria Dan Wanita Motif Random,2017986781,5,"Bahan nya adem,,,halus dan nyaman di pakai",1774702782,3 minggu lalu,ALMOND+HITAM - XXL,True,Anonymous,0,False,False,
Paket Isi 2Pcs 50Rb Kaos Distro Motif Simple Cocok Untuk Pria Dan Wanita Motif Random,2017903814,3,Kurang memuaskan tidak sperti gambar yg sya pesan bahannya lumayan,1774699927,3 minggu lalu,MARUN+HITAM - L,True,Anonymous,0,True,False,
Paket Isi 2Pcs 50Rb Kaos Distro Motif Simple Cocok Untuk Pria Dan Wanita Motif Random,2017866723,5,Kualitas produk: Kualitas produk baik pengiriman cepat bahan adem kurir ramah,1774698786,3 minggu lalu,COKSU+ABU MUDA - XL,True,Anonymous,0,False,False,
Paket Isi 2Pcs 50Rb Kaos Distro Motif Simple Cocok Untuk Pria Dan Wanita Motif Random,2017793180,5,Bahan bagus tebel dan halus kwalitas bagus,1774696592,3 minggu lalu,WARDAH+COKSU - XXL,True,Anonymous,0,False,False,
Paket Isi 2Pcs 50Rb Kaos Distro Motif Simple Cocok Untuk Pria Dan Wanita Motif Random,2017775501,5,"Bahan adem, bagus tidak nerawang",1774696093,3 minggu lalu,NAVY+MARUN - XL,True,Anonymous,0,True,False,
Paket Isi 2Pcs 50Rb Kaos Distro Motif Simple Cocok Untuk Pria Dan Wanita Motif Random,2017714385,5,Alhamdulillah sesuay Bhan nya tebl mksh seler smga slalu amanah nnti mau co .LG mksh BG kurir dh langgn,1774694377,3 minggu lalu,MARUN+HITAM - L,True,Anonymous,0,True,False,
Paket Isi 2Pcs 50Rb Kaos Distro Motif Simple Cocok Untuk Pria Dan Wanita Motif Random,2017311374,5,Bagus,1774681082,3 minggu lalu,WARDAH+COKSU - XXL,True,Anonymous,0,False,False,
Paket Isi 2Pcs 50Rb Kaos Distro Motif Simple Cocok Untuk Pria Dan Wanita Motif Random,2017304092,5,Bagus kaos nya. Bahanya juga tebal. Dengan harga segitu sangat memuaskan.,1774680825,3 minggu lalu,HITAM+ABU TUA - XL,True,Anonymous,0,False,False,
Paket Isi 2Pcs 50Rb Kaos Distro Motif Simple Cocok Untuk Pria Dan Wanita Motif Random,2017211547,4,"Kualitas produk bagus, 
Mantaaap 
Maaf gk di foto udh di pakai",1774677625,3 minggu lalu,2PCS WARNA HITAM - M,True,Anonymous,0,False,False,
Paket Isi 2Pcs 50Rb Kaos Distro Motif Simple Cocok Untuk Pria Dan Wanita Motif Random,2017059304,5,Ya lumayan bagus dengan harga segini,1774672899,3 minggu lalu,HITAM+BIRU MUDA - XL,True,Anonymous,0,False,False,
Paket Isi 2Pcs 50Rb Kaos Distro Motif Simple Cocok Untuk Pria Dan Wanita Motif Random,2017012479,4,"Kualitas produk: Bagusss bangettt anjayyy
Tapi kegedeannn",1774671496,3 minggu lalu,ABU MUDA+TOSCA - L,True,Anonymous,0,False,False,
Paket Isi 2Pcs 50Rb Kaos Distro Motif Simple Cocok Untuk Pria Dan Wanita Motif Random,2016969452,4,Lumayan bagus untuk harga segitu,1774670183,3 minggu lalu,NAVY+ABU TUA - XL,True,Anonymous,0,False,False,
Paket Isi 2Pcs 50Rb Kaos Distro Motif Simple Cocok Untuk Pria Dan Wanita Motif Random,2016825660,5,"Mantul pokok nya mah,amanah tokonya 
Terimakasih Abang kurir nya udah langganan",1774665426,3 minggu lalu,NAVY+ABU TUA - L,True,Anonymous,0,True,False,
Paket Isi 2Pcs 50Rb Kaos Distro Motif Simple Cocok Untuk Pria Dan Wanita Motif Random,2016813166,5,Lumayan la,1774664943,3 minggu lalu,COKPOL+PLUM - XXL,True,Anonymous,0,False,False,
Paket Isi 2Pcs 50Rb Kaos Distro Motif Simple Cocok Untuk Pria Dan Wanita Motif Random,2016713745,5,"Bagus,adem pokok e mantap",1774660034,3 minggu lalu,PUTIH+HITAM - L,True,Anonymous,0,False,False,
Paket Isi 2Pcs 50Rb Kaos Distro Motif Simple Cocok Untuk Pria Dan Wanita Motif Random,2016709806,1,"Pesan warna ap yang datang warna ap kecewa
Gimana ini gak sesuwe pesanan",1774659775,3 minggu lalu,ABU MUDA+TOSCA - XL,True,Anonymous,0,True,True,
Paket Isi 2Pcs 50Rb Kaos Distro Motif Simple Cocok Untuk Pria Dan Wanita Motif Random,2016663438,5,Kaosnya bagus lembut,1774656399,3 minggu lalu,MARUN+HITAM - XL,True,Anonymous,0,False,False,
Paket Isi 2Pcs 50Rb Kaos Distro Motif Simple Cocok Untuk Pria Dan Wanita Motif Random,2016564460,5,Blm di coba,1774641013,3 minggu lalu,HIJAU BOTOL +ABU TUA - XXXL,True,Anonymous,0,False,False,
Paket Isi 2Pcs 50Rb Kaos Distro Motif Simple Cocok Untuk Pria Dan Wanita Motif Random,2016294147,5,Bagus,1774619510,3 minggu lalu,HITAM+NAVY - L,True,Anonymous,0,False,False,
Paket Isi 2Pcs 50Rb Kaos Distro Motif Simple Cocok Untuk Pria Dan Wanita Motif Random,2016173956,5,Kaosnya bagus,1774615175,3 minggu lalu,TOSCA+COKPOL - XL,True,Anonymous,0,False,False,
Paket Isi 2Pcs 50Rb Kaos Distro Motif Simple Cocok Untuk Pria Dan Wanita Motif Random,2016070537,5,Alhamdulillah barangnya bagus warnanya sesuai pesanan bahannya tebal,1774612041,3 minggu lalu,PLUM+HITAM - XXXL,True,Anonymous,0,True,False,
Paket Isi 2Pcs 50Rb Kaos Distro Motif Simple Cocok Untuk Pria Dan Wanita Motif Random,2016065360,5,Bagus dan pass,1774611887,3 minggu lalu,PUTIH+HITAM - XL,True,Anonymous,0,False,False,
Paket Isi 2Pcs 50Rb Kaos Distro Motif Simple Cocok Untuk Pria Dan Wanita Motif Random,2016021639,5,Kualitas produk: Bagus pas sesuai ukuran &amp; warna yang di pesan,1774610624,3 minggu lalu,HITAM+BIRU MUDA - XL,True,Anonymous,0,True,False,
Paket Isi 2Pcs 50Rb Kaos Distro Motif Simple Cocok Untuk Pria Dan Wanita Motif Random,2016020018,5,"buaguss cowoku suka banget 
next order sini lagi",1774610574,3 minggu lalu,HITAM+ABU TUA - XL,True,Anonymous,0,True,False,
Paket Isi 2Pcs 50Rb Kaos Distro Motif Simple Cocok Untuk Pria Dan Wanita Motif Random,2015986107,5,bagus,1774609633,3 minggu lalu,HITAM+NAVY - XL,True,Anonymous,0,False,False,
Paket Isi 2Pcs 50Rb Kaos Distro Motif Simple Cocok Untuk Pria Dan Wanita Motif Random,2015911983,5,"Bhn alus pengiriman cepat...
Untuk abang kurir maaf klu muter2 soalnya cat pagar ganti maaf...",1774607632,3 minggu lalu,HITAM+NAVY - XL,True,Anonymous,0,True,False,
Paket Isi 2Pcs 50Rb Kaos Distro Motif Simple Cocok Untuk Pria Dan Wanita Motif Random,2015885788,5,Kualitas produk: Bagus,1774606870,3 minggu lalu,ALMOND+HITAM - XXL,True,Anonymous,0,False,False,
Paket Isi 2Pcs 50Rb Kaos Distro Motif Simple Cocok Untuk Pria Dan Wanita Motif Random,2015879185,5,Limayan bagus,1774606673,3 minggu lalu,HITAM+ABU TUA - L,True,Anonymous,0,False,False,
Paket Isi 2Pcs 50Rb Kaos Distro Motif Simple Cocok Untuk Pria Dan Wanita Motif Random,2015862816,5,"Kaosnya bagus , minta warna hitam cream malah dikirim hitam hijau, tapi gpp bagus jugaaa, makasihhh",1774606186,3 minggu lalu,COKSU+HITAM - XL,True,Anonymous,0,True,False,
Paket Isi 2Pcs 50Rb Kaos Distro Motif Simple Cocok Untuk Pria Dan Wanita Motif Random,2015845299,5,"Bagus, mau order lagi",1774605654,3 minggu lalu,COKSU+ABU MUDA - XL,True,Anonymous,0,False,False,
Paket Isi 2Pcs 50Rb Kaos Distro Motif Simple Cocok Untuk Pria Dan Wanita Motif Random,2015694899,5,fast respon dan memuaskan,1774600727,3 minggu lalu,WARDAH+COKSU - XXL,True,Anonymous,0,True,False,Terima kasih telah berbelanja di INDAH MODE 20. Bagikan link toko kami https://www.tokopedia.com/indah-mode-20 kepada teman-teman kamu. Jangan lupa follow toko kami untuk tahu update terbaru tentang stok dan produk yang kami tawarkan.
Paket Isi 2Pcs 50Rb Kaos Distro Motif Simple Cocok Untuk Pria Dan Wanita Motif Random,2015669959,3,tidak sesuai dengan pesanan,1774599860,3 minggu lalu,ALMOND+HITAM - XL,True,Anonymous,0,False,False,
Paket Isi 2Pcs 50Rb Kaos Distro Motif Simple Cocok Untuk Pria Dan Wanita Motif Random,2015505810,3,"Kecewa krn pesen 2pcs warna hitam, dikasih motif yg sama, padahal di etalase hitam 2pcs modelnya beda",1774594559,3 minggu lalu,2PCS WARNA HITAM - M,True,Anonymous,1,True,False,
Paket Isi 2Pcs 50Rb Kaos Distro Motif Simple Cocok Untuk Pria Dan Wanita Motif Random,2015385487,5,ok makasi banget,1774590609,3 minggu lalu,TERACOTA +BIRU MUDA - L,False,Rahman,0,False,False,Terima kasih telah berbelanja di INDAH MODE 20. Bagikan link toko kami https://www.tokopedia.com/indah-mode-20 kepada teman-teman kamu. Jangan lupa follow toko kami untuk tahu update terbaru tentang stok dan produk yang kami tawarkan.
Paket Isi 2Pcs 50Rb Kaos Distro Motif Simple Cocok Untuk Pria Dan Wanita Motif Random,2015379662,4,"Brg di trima dlm keadaan baik.. bagus..
Bahan halus..bagus..tidak ada cacat",1774590418,3 minggu lalu,TOSCA+COKPOL - L,True,Anonymous,0,True,False,
Paket Isi 2Pcs 50Rb Kaos Distro Motif Simple Cocok Untuk Pria Dan Wanita Motif Random,2015287301,5,Bagus,1774587467,3 minggu lalu,ABU MUDA+TOSCA - XXL,True,Anonymous,0,False,False,
Paket Isi 2Pcs 50Rb Kaos Distro Motif Simple Cocok Untuk Pria Dan Wanita Motif Random,2015131091,5,"Suka
Kualitas produk: Bagus",1774583122,3 minggu lalu,TERACOTA +KUNING - L,True,Anonymous,0,False,False,
Paket Isi 2Pcs 50Rb Kaos Distro Motif Simple Cocok Untuk Pria Dan Wanita Motif Random,2015048916,5,Bagus,1774580510,3 minggu lalu,NAVY+ABU TUA - XXXL,True,Anonymous,0,False,False,
Paket Isi 2Pcs 50Rb Kaos Distro Motif Simple Cocok Untuk Pria Dan Wanita Motif Random,2015047852,5,Bagus,1774580474,3 minggu lalu,COKSU+ABU MUDA - XXXL,True,Anonymous,0,False,False,
Paket Isi 2Pcs 50Rb Kaos Distro Motif Simple Cocok Untuk Pria Dan Wanita Motif Random,2015024259,5,Bagus,1774579669,3 minggu lalu,WARDAH+COKSU - XXL,True,Anonymous,0,False,False,
Paket Isi 2Pcs 50Rb Kaos Distro Motif Simple Cocok Untuk Pria Dan Wanita Motif Random,2014891057,4,bahan nya bagus,1774573342,3 minggu lalu,COKSU+HITAM - XL,True,Anonymous,0,False,False,
Paket Isi 2Pcs 50Rb Kaos Distro Motif Simple Cocok Untuk Pria Dan Wanita Motif Random,2014729419,5,"bahan bagus, harga murah tapi berkualitas 
baru dateng paket 4 pc mesin lg 2 pc lg",1774549248,4 minggu lalu,PLUM+HITAM - M,False,Novi,0,False,False,Terima kasih telah berbelanja di INDAH MODE 20. Bagikan link toko kami https://www.tokopedia.com/indah-mode-20 kepada teman-teman kamu. Jangan lupa follow toko kami untuk tahu update terbaru tentang stok dan produk yang kami tawarkan.
Paket Isi 2Pcs 50Rb Kaos Distro Motif Simple Cocok Untuk Pria Dan Wanita Motif Random,2014678554,5,Oke bajunya bagus,1774543187,4 minggu lalu,PUTIH+HITAM - XXL,True,Anonymous,0,False,False,
Paket Isi 2Pcs 50Rb Kaos Distro Motif Simple Cocok Untuk Pria Dan Wanita Motif Random,2014643963,3,Lumayan lah harga segitu,1774540434,4 minggu lalu,HIJAU BOTOL +ABU TUA - XXL,True,Anonymous,0,False,False,
Paket Isi 2Pcs 50Rb Kaos Distro Motif Simple Cocok Untuk Pria Dan Wanita Motif Random,2014630312,5,"Mantap Ini Toko nya,br amanah ni,,,kaos nya murah tebel berkualitas lagi..sukses terus 👍",1774539507,4 minggu lalu,HITAM+ABU TUA - XL,True,Anonymous,0,False,False,
Paket Isi 2Pcs 50Rb Kaos Distro Motif Simple Cocok Untuk Pria Dan Wanita Motif Random,2014572452,5,"Kualitas produk: Baik.
Bahan tebal ternyata, ku pikir tidak sesuai dengan ekspektasi taunya diluar ekspektasi",1774536255,4 minggu lalu,ABU MUDA+TOSCA - XL,True,Anonymous,0,False,False,
Paket Isi 2Pcs 50Rb Kaos Distro Motif Simple Cocok Untuk Pria Dan Wanita Motif Random,2014377865,5,"Maaf baru kasih ulasan barang nya sesuai bagus tadi nya mh mau buat anak tapi kebesaran jadi buat bapak nya ngepas ke bapak nya,suka banget
Kualitas produk: bagus bahan nya tebal adem nyaman di pake nya makasih seller &amp; kurir nya sudah langganan 👍👍👍👍",1774528233,4 minggu lalu,ABU MUDA+TOSCA - XXL,True,Anonymous,0,True,False,
Paket Isi 2Pcs 50Rb Kaos Distro Motif Simple Cocok Untuk Pria Dan Wanita Motif Random,2014288832,5,Kualitas produk: Sangat bagus,1774525265,4 minggu lalu,TERACOTA +BIRU MUDA - XXXL,True,Anonymous,0,False,False,
Paket Isi 2Pcs 50Rb Kaos Distro Motif Simple Cocok Untuk Pria Dan Wanita Motif Random,2014131228,5,"Kualitas produk: Bagus banget, anak saya suka,",1774520432,4 minggu lalu,2PCS WARNA HITAM - XL,True,Anonymous,0,False,False,
Paket Isi 2Pcs 50Rb Kaos Distro Motif Simple Cocok Untuk Pria Dan Wanita Motif Random,2013976738,5,Mantap sekali,1774515014,4 minggu lalu,WARDAH+COKSU - L,True,Anonymous,0,True,False,
Paket Isi 2Pcs 50Rb Kaos Distro Motif Simple Cocok Untuk Pria Dan Wanita Motif Random,2013890625,5,"yg L ternyata abis,, yg dikirim size XL, gapapa deh",1774511873,4 minggu lalu,WARDAH+COKSU - L,True,Anonymous,0,False,False,
Paket Isi 2Pcs 50Rb Kaos Distro Motif Simple Cocok Untuk Pria Dan Wanita Motif Random,2013846256,5,Kaosnya dh sampai sesuai harga..bahan adem👍,1774510235,4 minggu lalu,DUSTY+COKSU - XXL,True,Anonymous,0,False,False,
Paket Isi 2Pcs 50Rb Kaos Distro Motif Simple Cocok Untuk Pria Dan Wanita Motif Random,2013377899,5,Model nya keren cocok untuk beraktivitas dan buat berpergian,1774493293,4 minggu lalu,ABU MUDA+TOSCA - XXL,True,Anonymous,0,True,False,Terima kasih telah berbelanja di INDAH MODE 20. Bagikan link toko kami https://www.tokopedia.com/indah-mode-20 kepada teman-teman kamu. Jangan lupa follow toko kami untuk tahu update terbaru tentang stok dan produk yang kami tawarkan.
Paket Isi 2Pcs 50Rb Kaos Distro Motif Simple Cocok Untuk Pria Dan Wanita Motif Random,2013203190,5,Kualitas produk: Bagus sesuai pesanan relpict,1774482347,4 minggu lalu,HITAM+NAVY - L,True,Anonymous,0,False,False,
Paket Isi 2Pcs 50Rb Kaos Distro Motif Simple Cocok Untuk Pria Dan Wanita Motif Random,2013169123,5,Kualitas produk: Bagus bahan Adem,1774478459,4 minggu lalu,ABU MUDA+TOSCA - XL,True,Anonymous,0,False,False,
Paket Isi 2Pcs 50Rb Kaos Distro Motif Simple Cocok Untuk Pria Dan Wanita Motif Random,2013070851,5,Kualitas produk: Ok,1774456449,4 minggu lalu,MARUN+HITAM - L,True,Anonymous,0,False,False,
Paket Isi 2Pcs 50Rb Kaos Distro Motif Simple Cocok Untuk Pria Dan Wanita Motif Random,2012934161,5,Bagus tidak mengecewakan,1774447200,4 minggu lalu,ABU MUDA+TOSCA - XL,True,Anonymous,0,False,False,
Paket Isi 2Pcs 50Rb Kaos Distro Motif Simple Cocok Untuk Pria Dan Wanita Motif Random,2012853329,5,"Barang sudah diterima,warna dan ukuranya pas👍👍👍",1774443300,4 minggu lalu,ALMOND+HITAM - M,True,Anonymous,0,False,False,
Paket Isi 2Pcs 50Rb Kaos Distro Motif Simple Cocok Untuk Pria Dan Wanita Motif Random,2012723680,1,Kurang bgus bajunya,1774437967,4 minggu lalu,NAVY+MARUN - XXL,True,Anonymous,0,False,False,
Paket Isi 2Pcs 50Rb Kaos Distro Motif Simple Cocok Untuk Pria Dan Wanita Motif Random,2012722088,5,Oke mantap sesuai yang di gambar penjualnya amanah untuk kualitas nya bagus lembut dikulit agak tebel,1774437907,4 minggu lalu,NAVY+ABU TUA - XXL,True,Anonymous,0,False,False,
Paket Isi 2Pcs 50Rb Kaos Distro Motif Simple Cocok Untuk Pria Dan Wanita Motif Random,2012586027,5,Cukup baik 💖💖👍👍,1774432843,4 minggu lalu,ABU MUDA+TOSCA - XL,True,Anonymous,0,False,False,
Paket Isi 2Pcs 50Rb Kaos Distro Motif Simple Cocok Untuk Pria Dan Wanita Motif Random,2012375227,5,"Ok kaos sesuai, ukuran sesuai, terima kasih banyak ya",1774425857,4 minggu lalu,HITAM+ABU TUA - XXXL,True,Anonymous,0,False,False,
Paket Isi 2Pcs 50Rb Kaos Distro Motif Simple Cocok Untuk Pria Dan Wanita Motif Random,2012348270,5,Paket sudah di terima. Kurirnya baik.dengan harga segitu lumayan bagus.  Cuma Sayang agak kekecilan..,1774424596,4 minggu lalu,HITAM+NAVY - L,True,Anonymous,0,True,False,
Paket Isi 2Pcs 50Rb Kaos Distro Motif Simple Cocok Untuk Pria Dan Wanita Motif Random,2012276920,4,"KWalitas lumayan bagus, dengan harga mumer",1774421175,4 minggu lalu,HITAM+ABU TUA - L,True,Anonymous,0,False,False,
Paket Isi 2Pcs 50Rb Kaos Distro Motif Simple Cocok Untuk Pria Dan Wanita Motif Random,2012220178,5,Terima kasih sudah sampai bagus,1774418395,4 minggu lalu,HITAM+NAVY - L,True,Anonymous,0,True,False,
Paket Isi 2Pcs 50Rb Kaos Distro Motif Simple Cocok Untuk Pria Dan Wanita Motif Random,2012194473,5,Bahannya bagus,1774417187,4 minggu lalu,MARUN+HITAM - XL,True,Anonymous,0,False,False,
Paket Isi 2Pcs 50Rb Kaos Distro Motif Simple Cocok Untuk Pria Dan Wanita Motif Random,2012125938,5,Bagus,1774414167,4 minggu lalu,DUSTY+COKSU - XL,True,Anonymous,0,False,False,
Paket Isi 2Pcs 50Rb Kaos Distro Motif Simple Cocok Untuk Pria Dan Wanita Motif Random,2011796685,2,"Boleh tapi lengannya agak besar,
Jadi klo dpakai lengannya kembang bajunya doank hahahah mcm tengkorak padahal lengan aq size xl dah
Kualitas produk: Lengannya trrlalu lebar g pas padahal lengan aq dah agak besar",1774397542,4 minggu lalu,DUSTY+COKSU - XL,True,Anonymous,0,True,False,
Paket Isi 2Pcs 50Rb Kaos Distro Motif Simple Cocok Untuk Pria Dan Wanita Motif Random,2011305277,5,Bahan halus nyaman di pake siang hari,1774348028,1 bulan lalu,NAVY+ABU TUA - L,True,Anonymous,0,True,False,
Paket Isi 2Pcs 50Rb Kaos Distro Motif Simple Cocok Untuk Pria Dan Wanita Motif Random,2011209090,5,Paket sudah di terima bahan nya lumayan adem,1774342674,1 bulan lalu,ABU TUA +TERACOTA - XXL,True,Anonymous,0,False,False,
Paket Isi 2Pcs 50Rb Kaos Distro Motif Simple Cocok Untuk Pria Dan Wanita Motif Random,2011055517,5,barang bagus,1774333287,1 bulan lalu,HITAM+ABU TUA - L,True,Anonymous,0,False,False,
Paket Isi 2Pcs 50Rb Kaos Distro Motif Simple Cocok Untuk Pria Dan Wanita Motif Random,2011044405,5,Kuwalitas nya sangat baik,1774332597,1 bulan lalu,PUTIH+HITAM - M,True,Anonymous,0,False,False,
Paket Isi 2Pcs 50Rb Kaos Distro Motif Simple Cocok Untuk Pria Dan Wanita Motif Random,2010957832,5,"Bajunya bagus,lumayan",1774327699,1 bulan lalu,ABU MUDA+TOSCA - XL,True,Anonymous,0,False,False,
Paket Isi 2Pcs 50Rb Kaos Distro Motif Simple Cocok Untuk Pria Dan Wanita Motif Random,2010926301,4,Kualitas produk: Bagus tp ukuran 3xl kecil bnget kyk ukuran xl,1774325826,1 bulan lalu,TERACOTA +BIRU MUDA - XXXL,True,Anonymous,0,False,False,
Paket Isi 2Pcs 50Rb Kaos Distro Motif Simple Cocok Untuk Pria Dan Wanita Motif Random,2010890373,5,Bagus recommended barangnya..dengan harga yang ramah dikantong..makasiih...tapi warnanya beda satu..tapi gak papa.. overload hari raya kayaknya 🤭🙏..tetap amanah yaa,1774323728,1 bulan lalu,ALMOND+HITAM - XL,True,Anonymous,0,True,False,
Paket Isi 2Pcs 50Rb Kaos Distro Motif Simple Cocok Untuk Pria Dan Wanita Motif Random,2010856838,5,Ok,1774321724,1 bulan lalu,PUTIH+HITAM - L,True,Anonymous,0,False,False,
Paket Isi 2Pcs 50Rb Kaos Distro Motif Simple Cocok Untuk Pria Dan Wanita Motif Random,2010789579,5,Trimakasih paket nya udah keterima kaos nya bagus order lagi buat anak cewe ya,1774317603,1 bulan lalu,NAVY+ABU TUA - XXL,True,Anonymous,0,False,False,
Paket Isi 2Pcs 50Rb Kaos Distro Motif Simple Cocok Untuk Pria Dan Wanita Motif Random,2010609471,5,"kaosnya bahanya adem lembut,,,jahitannya rapi,,,ukrnya pas👍🏻",1774285506,1 bulan lalu,HITAM+ABU TUA - L,True,Anonymous,0,True,False,
Paket Isi 2Pcs 50Rb Kaos Distro Motif Simple Cocok Untuk Pria Dan Wanita Motif Random,2010484322,5,"Kualitas produk: Keren kaosnya adem banget bahanya,ga nyesel belanja disini",1774273438,1 bulan lalu,HITAM+ABU TUA - XXXL,True,Anonymous,0,True,False,
Paket Isi 2Pcs 50Rb Kaos Distro Motif Simple Cocok Untuk Pria Dan Wanita Motif Random,2010437088,5,"Nyaman saat di pake,bahan adem",1774269983,1 bulan lalu,HITAM+NAVY - XXXL,True,Anonymous,0,False,False,
Paket Isi 2Pcs 50Rb Kaos Distro Motif Simple Cocok Untuk Pria Dan Wanita Motif Random,2010058747,4,Alhamdulilah paket sudah saya Terima kaosnya yg hitam pas dianakku dan panjangnya jg pas...tpi yg kaos putih bawahnya kepanjangan,1774243424,1 bulan lalu,PUTIH+HITAM - XL,True,Anonymous,0,True,False,
Paket Isi 2Pcs 50Rb Kaos Distro Motif Simple Cocok Untuk Pria Dan Wanita Motif Random,2010022761,5,Kualitas produk: Bagus dan rapi,1774241107,1 bulan lalu,NAVY+ABU TUA - XL,True,Anonymous,0,False,False,
Paket Isi 2Pcs 50Rb Kaos Distro Motif Simple Cocok Untuk Pria Dan Wanita Motif Random,2009939827,5,"Bahannya bagus, adem ☺️",1774235976,1 bulan lalu,PLUM+HITAM - XXXL,True,Anonymous,0,False,False,
Paket Isi 2Pcs 50Rb Kaos Distro Motif Simple Cocok Untuk Pria Dan Wanita Motif Random,2009920528,5,Mantap sesuai pesanan,1774234649,1 bulan lalu,COKSU+ABU MUDA - XL,True,Anonymous,0,True,False,
Paket Isi 2Pcs 50Rb Kaos Distro Motif Simple Cocok Untuk Pria Dan Wanita Motif Random,2009707683,5,Kualitas produk: Bagus barang nya bahannya nyaman,1774198666,1 bulan lalu,HITAM+ABU TUA - XL,True,Anonymous,0,False,False,
Paket Isi 2Pcs 50Rb Kaos Distro Motif Simple Cocok Untuk Pria Dan Wanita Motif Random,2009640849,3,Bagus bahanya enak,1774190575,1 bulan lalu,HITAM+NAVY - XL,True,Anonymous,0,False,False,
Paket Isi 2Pcs 50Rb Kaos Distro Motif Simple Cocok Untuk Pria Dan Wanita Motif Random,2009171402,4,"Bahan lumayan tebal,sesuai yg di pesan",1774144532,1 bulan lalu,HITAM+NAVY - M,True,Anonymous,0,True,False,
Paket Isi 2Pcs 50Rb Kaos Distro Motif Simple Cocok Untuk Pria Dan Wanita Motif Random,2008843375,5,Kaosnya bahannya adem  bagus makin kece ajah paksu  walau murah tpi ngk keliatan murahan,1774089615,1 bulan lalu,PUTIH+HITAM - XL,True,Anonymous,0,True,False,
Paket Isi 2Pcs 50Rb Kaos Distro Motif Simple Cocok Untuk Pria Dan Wanita Motif Random,2008196908,4,"barang sesuay terimakasih semuanya 

Minalaidzinwalfaidzin...",1774002313,1 bulan lalu,NAVY+ABU TUA - XL,True,Anonymous,0,False,False,
Paket Isi 2Pcs 50Rb Kaos Distro Motif Simple Cocok Untuk Pria Dan Wanita Motif Random,2008050225,4,bagus Uda dua kali order gak ngecewain,1773993631,1 bulan lalu,COKSU+ABU MUDA - L,True,Anonymous,0,True,False,
Paket Isi 2Pcs 50Rb Kaos Distro Motif Simple Cocok Untuk Pria Dan Wanita Motif Random,2008034535,5,Kualitas produk: Lumayan bagus,1773992817,1 bulan lalu,ALMOND+HITAM - XL,True,Anonymous,0,False,False,
Paket Isi 2Pcs 50Rb Kaos Distro Motif Simple Cocok Untuk Pria Dan Wanita Motif Random,2008034533,5,Lumayan bagus,1773992817,1 bulan lalu,NAVY+MARUN - L,True,Anonymous,0,False,False,
Paket Isi 2Pcs 50Rb Kaos Distro Motif Simple Cocok Untuk Pria Dan Wanita Motif Random,2008034541,5,Lumayan bagus,1773992817,1 bulan lalu,TOSCA+COKPOL - XL,True,Anonymous,0,False,False,
Paket Isi 2Pcs 50Rb Kaos Distro Motif Simple Cocok Untuk Pria Dan Wanita Motif Random,2007999404,5,Dh langganan toko nya trimksh bhn bgs kurir nya baiiik,1773991049,1 bulan lalu,COKSU+ABU MUDA - XL,True,Anonymous,0,False,False,
Paket Isi 2Pcs 50Rb Kaos Distro Motif Simple Cocok Untuk Pria Dan Wanita Motif Random,2007867831,5,Oke masquu,1773984637,1 bulan lalu,COKSU+ABU MUDA - L,True,Anonymous,0,False,False,
Paket Isi 2Pcs 50Rb Kaos Distro Motif Simple Cocok Untuk Pria Dan Wanita Motif Random,2007774608,5,"Kualitas produk: Bahan tebal, jahitan rapih, warna cerah dan harga murah",1773980490,1 bulan lalu,BIRU MUDA+DUSTY - L,True,Anonymous,0,True,False,
Paket Isi 2Pcs 50Rb Kaos Distro Motif Simple Cocok Untuk Pria Dan Wanita Motif Random,2007388843,4,Bagus bahan nya juga ok saya suka next pesen again,1773953391,1 bulan lalu,COKSU+HITAM - XL,True,Anonymous,0,True,False,
Paket Isi 2Pcs 50Rb Kaos Distro Motif Simple Cocok Untuk Pria Dan Wanita Motif Random,2006340385,4,Baaik,1773896603,1 bulan lalu,MARUN+HIJAU BOTOL - XL,True,Anonymous,0,False,False,
Paket Isi 2Pcs 50Rb Kaos Distro Motif Simple Cocok Untuk Pria Dan Wanita Motif Random,2005354366,5,Suka sekali,1773837816,1 bulan lalu,NAVY+MARUN - M,True,Anonymous,0,False,False,
Paket Isi 2Pcs 50Rb Kaos Distro Motif Simple Cocok Untuk Pria Dan Wanita Motif Random,2005349069,5,G nyangka harga murah tpi kualitas bntang 5 adem bgt,1773837632,1 bulan lalu,HITAM+NAVY - L,True,Anonymous,0,False,False,
Paket Isi 2Pcs 50Rb Kaos Distro Motif Simple Cocok Untuk Pria Dan Wanita Motif Random,2005115552,5,bagus sesuai ekspektasi bahan adem gak nyesel beli disini 🥰,1773830255,1 bulan lalu,COKSU+HITAM - XL,True,Anonymous,0,False,False,
Paket Isi 2Pcs 50Rb Kaos Distro Motif Simple Cocok Untuk Pria Dan Wanita Motif Random,2005115543,5,bagus sesuai ekspektasi bahan adem gak nyesel beli disini 🥰,1773830255,1 bulan lalu,ABU MUDA+TOSCA - XL,True,Anonymous,0,False,False,
Paket Isi 2Pcs 50Rb Kaos Distro Motif Simple Cocok Untuk Pria Dan Wanita Motif Random,2005065355,5,Alhamdulilah kaos nya udan datang bahanya bagus jahitan rapi ukuran pas👍👍👍,1773828619,1 bulan lalu,MARUN+HITAM - XL,True,Anonymous,0,True,False,
Paket Isi 2Pcs 50Rb Kaos Distro Motif Simple Cocok Untuk Pria Dan Wanita Motif Random,2004540950,5,Mantap,1773812542,1 bulan lalu,HITAM+NAVY - M,True,Anonymous,0,False,False,
Paket Isi 2Pcs 50Rb Kaos Distro Motif Simple Cocok Untuk Pria Dan Wanita Motif Random,2004377767,2,"Pesennya warna item sama abu&#34;
Koc datengnya warna hijau😀kan gc sesuai warnanya",1773808293,1 bulan lalu,HITAM+ABU TUA - M,True,Anonymous,0,False,False,
Paket Isi 2Pcs 50Rb Kaos Distro Motif Simple Cocok Untuk Pria Dan Wanita Motif Random,2004368022,3,Yg satu kekecilan.,1773808042,1 bulan lalu,HITAM+NAVY - M,True,Anonymous,0,False,False,
Paket Isi 2Pcs 50Rb Kaos Distro Motif Simple Cocok Untuk Pria Dan Wanita Motif Random,2004250151,5,Kualitas produk: Ok,1773804881,1 bulan lalu,HITAM+ABU TUA - XL,True,Anonymous,0,False,False,
Paket Isi 2Pcs 50Rb Kaos Distro Motif Simple Cocok Untuk Pria Dan Wanita Motif Random,2004182177,1,"Pengiriman sanggat lama,slow respon",1773802860,1 bulan lalu,HITAM+NAVY - XL,True,Anonymous,0,False,False,
Paket Isi 2Pcs 50Rb Kaos Distro Motif Simple Cocok Untuk Pria Dan Wanita Motif Random,2004046258,5,pas cuma aga tipis lumayan lah,1773797767,1 bulan lalu,TERACOTA +KUNING - XL,True,Anonymous,0,True,False,
Paket Isi 2Pcs 50Rb Kaos Distro Motif Simple Cocok Untuk Pria Dan Wanita Motif Random,2004025977,5,Bhan bagus sesui harga,1773796698,1 bulan lalu,COKSU+ABU MUDA - XXL,True,Anonymous,0,True,False,
Paket Isi 2Pcs 50Rb Kaos Distro Motif Simple Cocok Untuk Pria Dan Wanita Motif Random,2003934188,4,Memuaskan sangat bagus,1773790189,1 bulan lalu,HITAM+NAVY - L,True,Anonymous,0,False,False,
Paket Isi 2Pcs 50Rb Kaos Distro Motif Simple Cocok Untuk Pria Dan Wanita Motif Random,2003883380,5,"Alhamdulillah nyampeknya cepat dan kurir sopan dan amanah 
Bahan kaos halus dan lembut sesuai dengan deskripsi 
Cocok untuk anak saya",1773785587,1 bulan lalu,HITAM+NAVY - L,True,Anonymous,0,False,False,
Paket Isi 2Pcs 50Rb Kaos Distro Motif Simple Cocok Untuk Pria Dan Wanita Motif Random,2003701325,5,Ukuran pas bahan juga bagus banget enak dipake cocok buat dipake sehari hari,1773768130,1 bulan lalu,PUTIH+HITAM - XL,True,Anonymous,0,False,False,
Paket Isi 2Pcs 50Rb Kaos Distro Motif Simple Cocok Untuk Pria Dan Wanita Motif Random,2003579914,5,Bahan halus trbal,1773761430,1 bulan lalu,MARUN+HITAM - L,True,Anonymous,0,False,False,
Paket Isi 2Pcs 50Rb Kaos Distro Motif Simple Cocok Untuk Pria Dan Wanita Motif Random,2003557604,5,Maaf baru ngasih ulasan baju nya udh saya trima bgus pokoknya top markotop,1773760521,1 bulan lalu,HITAM+BIRU MUDA - M,True,Anonymous,0,False,False,
Paket Isi 2Pcs 50Rb Kaos Distro Motif Simple Cocok Untuk Pria Dan Wanita Motif Random,2003472154,2,Warnanya tdk sesuai pesanan,1773757361,1 bulan lalu,ABU MUDA+TOSCA - XL,True,Anonymous,0,False,False,
Paket Isi 2Pcs 50Rb Kaos Distro Motif Simple Cocok Untuk Pria Dan Wanita Motif Random,2002929636,5,Mantap,1773741383,1 bulan lalu,HITAM+ABU TUA - L,True,Anonymous,0,False,False,
Paket Isi 2Pcs 50Rb Kaos Distro Motif Simple Cocok Untuk Pria Dan Wanita Motif Random,2002782282,5,"Barang bagus sesuai pesanan
Kualitas produk: Sangat bagus",1773736818,1 bulan lalu,COKSU+ABU MUDA - XL,True,Anonymous,0,False,False,
Paket Isi 2Pcs 50Rb Kaos Distro Motif Simple Cocok Untuk Pria Dan Wanita Motif Random,2002782294,5,"Barang bagus sesuai pesanan
Kualitas produk: Sangat bagus",1773736818,1 bulan lalu,WARDAH+COKSU - XXL,True,Anonymous,0,False,False,
Paket Isi 2Pcs 50Rb Kaos Distro Motif Simple Cocok Untuk Pria Dan Wanita Motif Random,2002635110,5,Baju nya bgus bnget bahan nya adem,1773732184,1 bulan lalu,ABU MUDA+TOSCA - XL,True,Anonymous,0,False,False,
Paket Isi 2Pcs 50Rb Kaos Distro Motif Simple Cocok Untuk Pria Dan Wanita Motif Random,2002225907,1,Pesennya warna hitam coksu datengnya malah warna ijo sma coksu,1773720418,1 bulan lalu,COKSU+HITAM - M,True,Anonymous,1,True,False,
Paket Isi 2Pcs 50Rb Kaos Distro Motif Simple Cocok Untuk Pria Dan Wanita Motif Random,2002135809,5,"Kualitas produk: kaosnya bagus,tpu sayang slh kirim warna yg DTG bukan warna pilihan",1773717960,1 bulan lalu,PLUM+ALMOND - XXXL,True,Anonymous,0,False,False,
Paket Isi 2Pcs 50Rb Kaos Distro Motif Simple Cocok Untuk Pria Dan Wanita Motif Random,2002023371,5,"Sudah di coba, pass..",1773714570,1 bulan lalu,BIRU MUDA+DUSTY - XL,True,Anonymous,0,True,False,
Paket Isi 2Pcs 50Rb Kaos Distro Motif Simple Cocok Untuk Pria Dan Wanita Motif Random,2001512785,3,"Abu muda + toska yg dikirim ijo botol+ biru muda
Gmna sih ini konsepnya",1773679039,1 bulan lalu,ABU MUDA+TOSCA - XXL,True,Anonymous,0,False,False,
Paket Isi 2Pcs 50Rb Kaos Distro Motif Simple Cocok Untuk Pria Dan Wanita Motif Random,2001305040,5,"Bahan lumayan bagus sesuai harga, cuma warna nya aja ga sesuai sama yg di pilih..",1773671001,1 bulan lalu,PLUM+ALMOND - L,True,Anonymous,1,True,False,
Paket Isi 2Pcs 50Rb Kaos Distro Motif Simple Cocok Untuk Pria Dan Wanita Motif Random,2000873442,3,Jaitan kurang rapi tp gpp 😁😁,1773659606,1 bulan lalu,BIRU MUDA+DUSTY - XL,True,Anonymous,0,False,False,
Paket Isi 2Pcs 50Rb Kaos Distro Motif Simple Cocok Untuk Pria Dan Wanita Motif Random,2000291797,5,Good,1773644153,1 bulan lalu,HITAM+NAVY - XXL,True,Anonymous,0,True,False,
Paket Isi 2Pcs 50Rb Kaos Distro Motif Simple Cocok Untuk Pria Dan Wanita Motif Random,2000269406,1,"Penipu, pesen 3 dikirim 2, bayarnya full 3 lagi, di chat ga dibales",1773643588,1 bulan lalu,HITAM+ABU TUA - XL,True,Anonymous,0,False,False,
Paket Isi 2Pcs 50Rb Kaos Distro Motif Simple Cocok Untuk Pria Dan Wanita Motif Random,1999289410,4,lumayan bagus,1773611485,1 bulan lalu,ALMOND+HITAM - L,True,Anonymous,0,False,False,
Paket Isi 2Pcs 50Rb Kaos Distro Motif Simple Cocok Untuk Pria Dan Wanita Motif Random,1999273324,5,Baju kaos distro yang berkualitas,1773610683,1 bulan lalu,NAVY+MARUN - XL,True,Anonymous,0,False,False,
Paket Isi 2Pcs 50Rb Kaos Distro Motif Simple Cocok Untuk Pria Dan Wanita Motif Random,1998963312,5,Sangat baik,1773589659,1 bulan lalu,PUTIH+HITAM - XL,True,Anonymous,0,False,False,
Paket Isi 2Pcs 50Rb Kaos Distro Motif Simple Cocok Untuk Pria Dan Wanita Motif Random,1998905209,4,Bagus bahanya tebel ya cocok lah buat di pake tiap hari,1773587680,1 bulan lalu,TERACOTA +BIRU MUDA - L,True,Anonymous,0,False,False,
Paket Isi 2Pcs 50Rb Kaos Distro Motif Simple Cocok Untuk Pria Dan Wanita Motif Random,1998671629,5,Kualitas produk: Bagus jahitan nya rapih,1773581098,1 bulan lalu,TOSCA+COKPOL - XL,True,Anonymous,0,False,False,
Paket Isi 2Pcs 50Rb Kaos Distro Motif Simple Cocok Untuk Pria Dan Wanita Motif Random,1998488464,5,baguss,1773576762,1 bulan lalu,HIJAU BOTOL +ABU TUA - L,True,Anonymous,0,False,False,
Paket Isi 2Pcs 50Rb Kaos Distro Motif Simple Cocok Untuk Pria Dan Wanita Motif Random,1998457172,5,Kualitas produk: Kain dingin,1773576107,1 bulan lalu,DUSTY+COKSU - L,True,Anonymous,0,False,False,
Paket Isi 2Pcs 50Rb Kaos Distro Motif Simple Cocok Untuk Pria Dan Wanita Motif Random,1997688650,5,"Bahannya halus adem, sesuai pesanan mantap",1773556755,1 bulan lalu,COKSU+HITAM - XL,True,Anonymous,0,True,False,
Paket Isi 2Pcs 50Rb Kaos Distro Motif Simple Cocok Untuk Pria Dan Wanita Motif Random,1997602006,4,Bagus baju ya gk tipis gk tebal lumayan buat sehari hari,1773554786,1 bulan lalu,NAVY+MARUN - L,True,Anonymous,0,True,False,
Paket Isi 2Pcs 50Rb Kaos Distro Motif Simple Cocok Untuk Pria Dan Wanita Motif Random,1997221641,5,Bahan adem ukuran pas next pingin beli lagi toko amanah ok aku suka,1773546542,1 bulan lalu,DUSTY+COKSU - XL,True,Anonymous,0,False,False,
Paket Isi 2Pcs 50Rb Kaos Distro Motif Simple Cocok Untuk Pria Dan Wanita Motif Random,1997208341,4,Bagus bahan nya gak tipis,1773546234,1 bulan lalu,TOSCA+COKPOL - L,True,Anonymous,0,False,False,
Paket Isi 2Pcs 50Rb Kaos Distro Motif Simple Cocok Untuk Pria Dan Wanita Motif Random,1996545177,5,Bagus,1773510748,1 bulan lalu,HITAM+NAVY - L,True,Anonymous,0,False,False,
Paket Isi 2Pcs 50Rb Kaos Distro Motif Simple Cocok Untuk Pria Dan Wanita Motif Random,1996487235,5,"Kualitas produk: Bagus adem
Pas di badan suamiku",1773507818,1 bulan lalu,ALMOND+HITAM - XXL,True,Anonymous,0,False,False,
Paket Isi 2Pcs 50Rb Kaos Distro Motif Simple Cocok Untuk Pria Dan Wanita Motif Random,1996436535,5,Bagus sesuai warna rapih dan adem saat di pakai,1773505433,1 bulan lalu,ABU MUDA+TOSCA - XL,True,Anonymous,0,True,False,
Paket Isi 2Pcs 50Rb Kaos Distro Motif Simple Cocok Untuk Pria Dan Wanita Motif Random,1996294647,5,Bagus banget buat suami next order lg warna lain,1773500527,1 bulan lalu,PUTIH+HITAM - XXL,True,Anonymous,0,False,False,
Paket Isi 2Pcs 50Rb Kaos Distro Motif Simple Cocok Untuk Pria Dan Wanita Motif Random,1996208313,2,"Kecewa yg dipesan wrna coksu, abu ...
yg dtg malah wrna biru",1773498090,1 bulan lalu,COKSU+ABU MUDA - XL,True,Anonymous,0,True,False,
Paket Isi 2Pcs 50Rb Kaos Distro Motif Simple Cocok Untuk Pria Dan Wanita Motif Random,1995863914,5,barang 👍sesuai,1773489743,1 bulan lalu,COKSU+ABU MUDA - XL,False,Agoes,0,False,False,Terima kasih telah berbelanja di INDAH MODE 20. Bagikan link toko kami https://www.tokopedia.com/indah-mode-20 kepada teman-teman kamu. Jangan lupa follow toko kami untuk tahu update terbaru tentang stok dan produk yang kami tawarkan.
Paket Isi 2Pcs 50Rb Kaos Distro Motif Simple Cocok Untuk Pria Dan Wanita Motif Random,1995850188,5,"bagus kaos,y bahan adem",1773489462,1 bulan lalu,HITAM+NAVY - XL,True,Anonymous,0,False,False,
Paket Isi 2Pcs 50Rb Kaos Distro Motif Simple Cocok Untuk Pria Dan Wanita Motif Random,1995707999,5,Bagus,1773486080,1 bulan lalu,TOSCA+COKPOL - L,True,Anonymous,0,False,False,
Paket Isi 2Pcs 50Rb Kaos Distro Motif Simple Cocok Untuk Pria Dan Wanita Motif Random,1995701252,5,Baik,1773485914,1 bulan lalu,MARUN+HITAM - XL,True,Anonymous,0,False,False,
Paket Isi 2Pcs 50Rb Kaos Distro Motif Simple Cocok Untuk Pria Dan Wanita Motif Random,1995656792,5,Kualitas produk: Bagus,1773484819,1 bulan lalu,2PCS WARNA HITAM - XL,True,Anonymous,0,False,False,
Paket Isi 2Pcs 50Rb Kaos Distro Motif Simple Cocok Untuk Pria Dan Wanita Motif Random,1995493145,4,"Kualitas produk: Baju nya bagus , lembur,dan nyaman di pakek, ukurannya pas, warna ya juga bagus2 semuanya dan saya suka",1773480970,1 bulan lalu,MARUN+HITAM - XXL,True,Anonymous,0,True,False,
Paket Isi 2Pcs 50Rb Kaos Distro Motif Simple Cocok Untuk Pria Dan Wanita Motif Random,1995289612,5,"Adem bahannya, bagus... Enak buat hari hari",1773475840,1 bulan lalu,TOSCA+COKPOL - XL,True,Anonymous,0,False,False,
Paket Isi 2Pcs 50Rb Kaos Distro Motif Simple Cocok Untuk Pria Dan Wanita Motif Random,1994908307,5,"kaos nya kece,pas d pake buat anak bujangku..mksh ya seller",1773466860,1 bulan lalu,HITAM+ABU TUA - M,True,Anonymous,0,False,False,
Paket Isi 2Pcs 50Rb Kaos Distro Motif Simple Cocok Untuk Pria Dan Wanita Motif Random,1994869635,5,Paketnya sudah saya terima.. Sesuai dengan pesanan .. Trimakasih kak,1773466041,1 bulan lalu,ABU MUDA+TOSCA - L,True,Anonymous,0,True,False,
Paket Isi 2Pcs 50Rb Kaos Distro Motif Simple Cocok Untuk Pria Dan Wanita Motif Random,1994744182,3,Pesen hitam sama abu dikirim hajau sama abu,1773463438,1 bulan lalu,HITAM+ABU TUA - L,True,Anonymous,0,False,False,
Paket Isi 2Pcs 50Rb Kaos Distro Motif Simple Cocok Untuk Pria Dan Wanita Motif Random,1994658964,3,yang di krim cuma 5 pdhl harusnya 6,1773461664,1 bulan lalu,HITAM+NAVY - XL,False,User390382,0,False,False,
Paket Isi 2Pcs 50Rb Kaos Distro Motif Simple Cocok Untuk Pria Dan Wanita Motif Random,1994039595,4,Bahan nya bagus tapi sayang aku salah pilih ukuran jdi kekecilan,1773438359,1 bulan lalu,NAVY+MARUN - M,True,Anonymous,0,False,False,
Paket Isi 2Pcs 50Rb Kaos Distro Motif Simple Cocok Untuk Pria Dan Wanita Motif Random,1993957635,5,Warnanya bagus,1773434624,1 bulan lalu,NAVY+MARUN - L,True,Anonymous,0,True,False,
Paket Isi 2Pcs 50Rb Kaos Distro Motif Simple Cocok Untuk Pria Dan Wanita Motif Random,1993957636,5,"Sangat bagus, kainnya dingin",1773434624,1 bulan lalu,BIRU MUDA+DUSTY - L,True,Anonymous,0,True,False,
Paket Isi 2Pcs 50Rb Kaos Distro Motif Simple Cocok Untuk Pria Dan Wanita Motif Random,1993937238,5,Lumayan. Sesuai harga bahan nya,1773433315,1 bulan lalu,MARUN+HITAM - L,True,Anonymous,0,True,False,
Paket Isi 2Pcs 50Rb Kaos Distro Motif Simple Cocok Untuk Pria Dan Wanita Motif Random,1993892424,5,👍,1773428318,1 bulan lalu,ALMOND+HITAM - XL,True,Anonymous,0,False,False,
Paket Isi 2Pcs 50Rb Kaos Distro Motif Simple Cocok Untuk Pria Dan Wanita Motif Random,1993794613,5,Ok.,1773420983,1 bulan lalu,TERACOTA +BIRU MUDA - L,True,Anonymous,0,False,False,
Paket Isi 2Pcs 50Rb Kaos Distro Motif Simple Cocok Untuk Pria Dan Wanita Motif Random,1993648745,3,"Bajunya bagus, tapi sayang penjualnya gak ngasih tau KLO produk yang aku pilih warna nya gak ada, aku mesen warna hitam sama abu tua tapi yang Dateng warna abu sama warna hijau,penjualnya gak konfirmasi warna dlu sebelum ngirim",1773415664,1 bulan lalu,HITAM+ABU TUA - L,True,Anonymous,0,True,False,
Paket Isi 2Pcs 50Rb Kaos Distro Motif Simple Cocok Untuk Pria Dan Wanita Motif Random,1993573002,5,bagus sesuai gambar bahannya halus adem,1773413561,1 bulan lalu,ABU MUDA+TOSCA - L,True,Anonymous,0,False,False,
Paket Isi 2Pcs 50Rb Kaos Distro Motif Simple Cocok Untuk Pria Dan Wanita Motif Random,1993459823,4,Lumayan lah harga segitu,1773410752,1 bulan lalu,TERACOTA +BIRU MUDA - XXL,True,Anonymous,0,False,False,
Paket Isi 2Pcs 50Rb Kaos Distro Motif Simple Cocok Untuk Pria Dan Wanita Motif Random,1993128321,5,Joz jiz,1773403797,1 bulan lalu,WARDAH+COKSU - M,True,Anonymous,0,False,False,
Paket Isi 2Pcs 50Rb Kaos Distro Motif Simple Cocok Untuk Pria Dan Wanita Motif Random,1993103789,5,"kaosnya udah dtg, bahannya bagus, harga murah 50 RB dpt 2. tp yg warna plum lebih KY marun yaa",1773403338,1 bulan lalu,COKPOL+PLUM - L,True,Anonymous,0,False,False,
Paket Isi 2Pcs 50Rb Kaos Distro Motif Simple Cocok Untuk Pria Dan Wanita Motif Random,1993033558,5,Kualitas produk: Bagus GK nerawang,1773401999,1 bulan lalu,COKSU+ABU MUDA - M,True,Anonymous,0,True,False,
Paket Isi 2Pcs 50Rb Kaos Distro Motif Simple Cocok Untuk Pria Dan Wanita Motif Random,1992924749,5,Adem banget bahan nya mana harga nya murce,1773399483,1 bulan lalu,MARUN+HIJAU BOTOL - XL,True,Anonymous,0,True,False,
Paket Isi 2Pcs 50Rb Kaos Distro Motif Simple Cocok Untuk Pria Dan Wanita Motif Random,1992776920,5,Barang sudah diterima sesuai kebutuhan makasih,1773396041,1 bulan lalu,ABU TUA +TERACOTA - L,True,Anonymous,0,False,False,
Paket Isi 2Pcs 50Rb Kaos Distro Motif Simple Cocok Untuk Pria Dan Wanita Motif Random,1992776921,5,Barang sudah diterima sesuai kebutuhan makasih,1773396041,1 bulan lalu,PLUM+ALMOND - L,True,Anonymous,0,False,False,
Paket Isi 2Pcs 50Rb Kaos Distro Motif Simple Cocok Untuk Pria Dan Wanita Motif Random,1992727058,5,Saya mau kasih bintang banyak tapi telat menceritakan,1773394810,1 bulan lalu,MARUN+HITAM - XL,True,Anonymous,0,False,False,
Paket Isi 2Pcs 50Rb Kaos Distro Motif Simple Cocok Untuk Pria Dan Wanita Motif Random,1992511397,5,Kaosnya Bagus sesuai dengan pesanan,1773389399,1 bulan lalu,NAVY+ABU TUA - XXL,True,Anonymous,0,True,False,
Paket Isi 2Pcs 50Rb Kaos Distro Motif Simple Cocok Untuk Pria Dan Wanita Motif Random,1992468241,5,Kualitas produk: Baik,1773388337,1 bulan lalu,NAVY+MARUN - M,True,Anonymous,0,True,False,
Paket Isi 2Pcs 50Rb Kaos Distro Motif Simple Cocok Untuk Pria Dan Wanita Motif Random,1992468250,5,Kualitas produk: Baik,1773388337,1 bulan lalu,ALMOND+HITAM - XL,True,Anonymous,0,True,False,
Paket Isi 2Pcs 50Rb Kaos Distro Motif Simple Cocok Untuk Pria Dan Wanita Motif Random,1992256424,5,"Bahan halus adem, ukuran juga sesuai",1773383516,1 bulan lalu,MARUN+HIJAU BOTOL - L,True,Anonymous,0,True,False,
Paket Isi 2Pcs 50Rb Kaos Distro Motif Simple Cocok Untuk Pria Dan Wanita Motif Random,1992168898,5,Bagus banget.,1773381505,1 bulan lalu,BIRU MUDA+DUSTY - XXXL,True,Anonymous,0,False,False,
Paket Isi 2Pcs 50Rb Kaos Distro Motif Simple Cocok Untuk Pria Dan Wanita Motif Random,1992076223,5,Barang nya bagus sesuai pesenan,1773379403,1 bulan lalu,ABU MUDA+TOSCA - M,True,Anonymous,0,False,False,
Paket Isi 2Pcs 50Rb Kaos Distro Motif Simple Cocok Untuk Pria Dan Wanita Motif Random,1991981933,5,bagus,1773377474,1 bulan lalu,COKSU+HITAM - L,True,Anonymous,0,False,False,
Paket Isi 2Pcs 50Rb Kaos Distro Motif Simple Cocok Untuk Pria Dan Wanita Motif Random,1991833676,1,"Saya pesen nya warna hitam sama coksu.
Tapi yg datang warna gak sesuai🙏",1773374690,1 bulan lalu,COKSU+HITAM - M,True,Anonymous,0,True,False,
Paket Isi 2Pcs 50Rb Kaos Distro Motif Simple Cocok Untuk Pria Dan Wanita Motif Random,1991675193,3,agak nerawang dr merek lain,1773371281,1 bulan lalu,ABU MUDA+TOSCA - XXL,True,Anonymous,0,False,False,
Paket Isi 2Pcs 50Rb Kaos Distro Motif Simple Cocok Untuk Pria Dan Wanita Motif Random,1991562122,5,Barang sudah sampai bagus desuai harga,1773368273,1 bulan lalu,PUTIH+HITAM - XL,True,Anonymous,0,False,False,
Paket Isi 2Pcs 50Rb Kaos Distro Motif Simple Cocok Untuk Pria Dan Wanita Motif Random,1991527950,5,Bagus,1773367185,1 bulan lalu,MARUN+HITAM - XXL,True,Anonymous,0,False,False,
Paket Isi 2Pcs 50Rb Kaos Distro Motif Simple Cocok Untuk Pria Dan Wanita Motif Random,1991494613,4,Terima kasih bagus,1773366031,1 bulan lalu,HITAM+ABU TUA - L,True,Anonymous,0,False,False,
Paket Isi 2Pcs 50Rb Kaos Distro Motif Simple Cocok Untuk Pria Dan Wanita Motif Random,1991403609,5,"Bahannya bagus, ga nyesel dech",1773362469,1 bulan lalu,DUSTY+COKSU - L,True,Anonymous,0,False,False,
Paket Isi 2Pcs 50Rb Kaos Distro Motif Simple Cocok Untuk Pria Dan Wanita Motif Random,1991208819,5,"Cakep kaosnya  , bahan tebal mau belilg",1773351795,1 bulan lalu,PUTIH+HITAM - XXXL,True,Anonymous,0,False,False,
Paket Isi 2Pcs 50Rb Kaos Distro Motif Simple Cocok Untuk Pria Dan Wanita Motif Random,1991059776,5,Bagus,1773341628,1 bulan lalu,NAVY+ABU TUA - L,True,Anonymous,0,False,False,
Paket Isi 2Pcs 50Rb Kaos Distro Motif Simple Cocok Untuk Pria Dan Wanita Motif Random,1990688632,5,Kualitas produk: Oke,1773325874,1 bulan lalu,TERACOTA +BIRU MUDA - M,True,Anonymous,0,False,False,
Paket Isi 2Pcs 50Rb Kaos Distro Motif Simple Cocok Untuk Pria Dan Wanita Motif Random,1990651794,5,"Barangnya sudah sampai dgn selamat
Bahannya tebal lembut bagus",1773325030,1 bulan lalu,TERACOTA +BIRU MUDA - XXXL,True,Anonymous,0,False,False,
Paket Isi 2Pcs 50Rb Kaos Distro Motif Simple Cocok Untuk Pria Dan Wanita Motif Random,1990558483,3,Bahan bagus,1773322970,1 bulan lalu,ABU MUDA+TOSCA - XL,True,Anonymous,0,False,False,
Paket Isi 2Pcs 50Rb Kaos Distro Motif Simple Cocok Untuk Pria Dan Wanita Motif Random,1990503586,5,Bagus aja ngk ada masalh,1773321814,1 bulan lalu,HITAM+NAVY - XL,True,Anonymous,0,False,False,
Paket Isi 2Pcs 50Rb Kaos Distro Motif Simple Cocok Untuk Pria Dan Wanita Motif Random,1990471088,5,Barangnya pas sesuai pesanan cuma kecewa di ukurannya aja minta L semua datangnya L sma M,1773321142,1 bulan lalu,HITAM+BIRU MUDA - L,True,Anonymous,0,False,False,
Paket Isi 2Pcs 50Rb Kaos Distro Motif Simple Cocok Untuk Pria Dan Wanita Motif Random,1990378011,5,Alhamdulilah paket nya sudah sampai kaos nya bagus kurir nya sudah langganan😊,1773319257,1 bulan lalu,HITAM+NAVY - XL,True,Anonymous,0,True,False,
Paket Isi 2Pcs 50Rb Kaos Distro Motif Simple Cocok Untuk Pria Dan Wanita Motif Random,1990282297,5,Sesuai hrg,1773317486,1 bulan lalu,HITAM+NAVY - L,True,Anonymous,0,False,False,
Paket Isi 2Pcs 50Rb Kaos Distro Motif Simple Cocok Untuk Pria Dan Wanita Motif Random,1990199043,5,Bagus sesuai dengan harga,1773316018,1 bulan lalu,HITAM+NAVY - M,True,Anonymous,0,False,False,
Paket Isi 2Pcs 50Rb Kaos Distro Motif Simple Cocok Untuk Pria Dan Wanita Motif Random,1990193152,5,Makasih kak paket nya udah sampe bagus tebal neks order lagi,1773315909,1 bulan lalu,COKSU+ABU MUDA - L,True,Anonymous,0,True,False,
Paket Isi 2Pcs 50Rb Kaos Distro Motif Simple Cocok Untuk Pria Dan Wanita Motif Random,1989941480,5,"Alhamdulillah paketnya sudah sampai,sesuai dengan pesanan,kurirnya ramah",1773310606,1 bulan lalu,ALMOND+HITAM - XXXL,True,Anonymous,0,False,False,
Paket Isi 2Pcs 50Rb Kaos Distro Motif Simple Cocok Untuk Pria Dan Wanita Motif Random,1989820659,5,Kualitas produk: Bahan ya tebal tdk menerawang adem dan cocok buat sehari hari kualitas bagus,1773307850,1 bulan lalu,HITAM+ABU TUA - M,True,Anonymous,0,False,False,
Paket Isi 2Pcs 50Rb Kaos Distro Motif Simple Cocok Untuk Pria Dan Wanita Motif Random,1989491343,5,"Alhamdulillah barang ny sudah sampai sesuai pesanan dan ukuran ny juga cukup, kurir ny juga ramah terimakasih seler",1773300365,1 bulan lalu,MARUN+HITAM - XL,True,Anonymous,0,False,False,
Paket Isi 2Pcs 50Rb Kaos Distro Motif Simple Cocok Untuk Pria Dan Wanita Motif Random,1989192555,5,Makasih buwat baju kaos nya  sukses terus yaa,1773294188,1 bulan lalu,HITAM+NAVY - L,True,Anonymous,0,False,False,
Paket Isi 2Pcs 50Rb Kaos Distro Motif Simple Cocok Untuk Pria Dan Wanita Motif Random,1988967704,5,"Keren bajunya,
Cocok di anakku yg usia 12 tahun",1773289876,1 bulan lalu,WARDAH+COKSU - M,True,Anonymous,0,True,True,
Paket Isi 2Pcs 50Rb Kaos Distro Motif Simple Cocok Untuk Pria Dan Wanita Motif Random,1988778288,5,Mantap barang udah di terima udah di coba mantap terima kasih,1773285935,1 bulan lalu,MARUN+HIJAU BOTOL - XL,True,Anonymous,0,False,False,
Paket Isi 2Pcs 50Rb Kaos Distro Motif Simple Cocok Untuk Pria Dan Wanita Motif Random,1988743287,5,Dengan harga 50k MashaAllah udah dpet 2pcs bahan yg lembut dan bgus.. adem dan nyaman..,1773285115,1 bulan lalu,HIJAU BOTOL +ABU TUA - XL,True,Anonymous,0,False,False,
Paket Isi 2Pcs 50Rb Kaos Distro Motif Simple Cocok Untuk Pria Dan Wanita Motif Random,1988643004,5,"Barang sudah diterima dgn baik dan bahannya bagus.
Sesuai dengan gambar dan deskripsi produk.
Terima kasih 🙏🙏🙏",1773282523,1 bulan lalu,COKSU+ABU MUDA - L,True,Anonymous,0,True,False,
Paket Isi 2Pcs 50Rb Kaos Distro Motif Simple Cocok Untuk Pria Dan Wanita Motif Random,1988643023,5,bagus dan sesuai,1773282523,1 bulan lalu,MARUN+HITAM - L,True,Anonymous,0,True,False,
Paket Isi 2Pcs 50Rb Kaos Distro Motif Simple Cocok Untuk Pria Dan Wanita Motif Random,1988615816,5,Kualitas produk: Bagus.ini pemesanan yng kedua x nya.pokonya puas banget.bajunya bagus banget👍,1773281748,1 bulan lalu,TOSCA+COKPOL - L,True,Anonymous,0,False,False,
Paket Isi 2Pcs 50Rb Kaos Distro Motif Simple Cocok Untuk Pria Dan Wanita Motif Random,1988556128,5,Bahannya bagus bngt tuk harga segitu... Terima kasih.. Kurirnya tepat waktu Terima kasih...,1773279897,1 bulan lalu,PUTIH+HITAM - XXL,True,Anonymous,0,False,False,
Paket Isi 2Pcs 50Rb Kaos Distro Motif Simple Cocok Untuk Pria Dan Wanita Motif Random,1988385913,4,bagus,1773273417,1 bulan lalu,HITAM+NAVY - XXXL,True,Anonymous,0,False,False,
Paket Isi 2Pcs 50Rb Kaos Distro Motif Simple Cocok Untuk Pria Dan Wanita Motif Random,1988385915,4,paket nya udah sampe oaos nya lumayan la untuk hrga segitu sih seimbang😁 maksih,1773273417,1 bulan lalu,HITAM+ABU TUA - L,True,Anonymous,0,False,False,
Paket Isi 2Pcs 50Rb Kaos Distro Motif Simple Cocok Untuk Pria Dan Wanita Motif Random,1988213929,5,"Barangnya bagus tebal gk nerawang
Kualitas produk: Sangat baik",1773264385,1 bulan lalu,HIJAU BOTOL +ABU TUA - XXL,True,Anonymous,0,False,False,
Paket Isi 2Pcs 50Rb Kaos Distro Motif Simple Cocok Untuk Pria Dan Wanita Motif Random,1988170636,4,Bajunya pas bahannya adem,1773262617,1 bulan lalu,ABU MUDA+TOSCA - L,True,Anonymous,0,False,False,
Paket Isi 2Pcs 50Rb Kaos Distro Motif Simple Cocok Untuk Pria Dan Wanita Motif Random,1988156094,5,Bhn nya bgs tebal harga lumayan mrh trimksh kurir nya baiiiik dh langganan SMG kurirnya ngga di ganti ya dia rmh bngt mksh,1773261891,1 bulan lalu,HIJAU BOTOL +ABU TUA - XL,True,Anonymous,0,False,False,
Paket Isi 2Pcs 50Rb Kaos Distro Motif Simple Cocok Untuk Pria Dan Wanita Motif Random,1988049714,5,Aku kira bakal tipis kainnya karna murah banget eeh ternyata sebagus itu dong ..... Next order lagi deh 😁,1773251386,1 bulan lalu,HITAM+ABU TUA - XXL,True,Anonymous,0,True,False,
Paket Isi 2Pcs 50Rb Kaos Distro Motif Simple Cocok Untuk Pria Dan Wanita Motif Random,1987917358,5,Bagus sekali kain a tebal,1773244902,1 bulan lalu,ALMOND+HITAM - XL,True,Anonymous,0,False,False,
Paket Isi 2Pcs 50Rb Kaos Distro Motif Simple Cocok Untuk Pria Dan Wanita Motif Random,1987787177,4,"Pesen yang warna hitam dateng warna ijo,,, tapi bahan nya ok",1773241000,1 bulan lalu,PLUM+HITAM - M,True,Anonymous,0,False,False,
Paket Isi 2Pcs 50Rb Kaos Distro Motif Simple Cocok Untuk Pria Dan Wanita Motif Random,1987715606,4,Hitam+plum yg dtang hitam+putih.. gimana ini,1773239234,1 bulan lalu,PLUM+HITAM - L,True,Anonymous,0,True,False,
Paket Isi 2Pcs 50Rb Kaos Distro Motif Simple Cocok Untuk Pria Dan Wanita Motif Random,1987690723,5,Kualitas Bagus,1773238651,1 bulan lalu,TERACOTA +BIRU MUDA - L,True,Anonymous,0,True,False,
Paket Isi 2Pcs 50Rb Kaos Distro Motif Simple Cocok Untuk Pria Dan Wanita Motif Random,1987661638,5,Sangat bagus,1773237991,1 bulan lalu,ALMOND+HITAM - XL,True,Anonymous,0,False,False,
Paket Isi 2Pcs 50Rb Kaos Distro Motif Simple Cocok Untuk Pria Dan Wanita Motif Random,1987639563,5,Sesuai,1773237510,1 bulan lalu,HITAM+ABU TUA - M,True,Anonymous,0,False,False,
Paket Isi 2Pcs 50Rb Kaos Distro Motif Simple Cocok Untuk Pria Dan Wanita Motif Random,1987584057,5,Baguuuuss,1773236322,1 bulan lalu,HITAM+ABU TUA - M,True,Anonymous,0,False,False,
Paket Isi 2Pcs 50Rb Kaos Distro Motif Simple Cocok Untuk Pria Dan Wanita Motif Random,1987462866,5,Kualitas produk sangat baik,1773233811,1 bulan lalu,TERACOTA +BIRU MUDA - XL,True,Anonymous,0,False,False,
Paket Isi 2Pcs 50Rb Kaos Distro Motif Simple Cocok Untuk Pria Dan Wanita Motif Random,1987266089,5,Bagus,1773230234,1 bulan lalu,KUNING+WARDAH - XXL,True,Anonymous,0,False,False,
Paket Isi 2Pcs 50Rb Kaos Distro Motif Simple Cocok Untuk Pria Dan Wanita Motif Random,1987257444,5,"Sesuai,,ukuran juga pas",1773230083,1 bulan lalu,COKSU+HITAM - XL,True,Anonymous,0,True,False,
Paket Isi 2Pcs 50Rb Kaos Distro Motif Simple Cocok Untuk Pria Dan Wanita Motif Random,1986884915,5,"bahannya bagus,adem,lembut,harga juga murah tapi bahan dan model kereeennn...pokoknya puassss",1773222430,1 bulan lalu,ABU MUDA+TOSCA - L,False,Lita,0,True,False,Terima kasih telah berbelanja di INDAH MODE 20. Bagikan link toko kami https://www.tokopedia.com/indah-mode-20 kepada teman-teman kamu. Jangan lupa follow toko kami untuk tahu update terbaru tentang stok dan produk yang kami tawarkan.
Paket Isi 2Pcs 50Rb Kaos Distro Motif Simple Cocok Untuk Pria Dan Wanita Motif Random,1986641404,5,Alhamdilillah paket udah sampai sesuai pesanan bagus bajunya,1773216824,1 bulan lalu,COKSU+HITAM - XL,True,Anonymous,0,True,False,
Paket Isi 2Pcs 50Rb Kaos Distro Motif Simple Cocok Untuk Pria Dan Wanita Motif Random,1986553374,5,Pengiriman cepat bahannya adem pas,1773214830,1 bulan lalu,MARUN+HIJAU BOTOL - XL,True,Anonymous,0,True,False,
Paket Isi 2Pcs 50Rb Kaos Distro Motif Simple Cocok Untuk Pria Dan Wanita Motif Random,1986493870,5,Paket sudah sampai bagus sesuai adem dan lembut 👍,1773213560,1 bulan lalu,COKSU+ABU MUDA - XL,True,Anonymous,0,False,False,
Paket Isi 2Pcs 50Rb Kaos Distro Motif Simple Cocok Untuk Pria Dan Wanita Motif Random,1986359708,5,"Kualitas produk: Bagus bgt
Bahannya adem nyaman banget
Kaos kasual yg sederhana santai di suasana apapun oke",1773210686,1 bulan lalu,HITAM+NAVY - XL,True,Anonymous,0,True,False,
Paket Isi 2Pcs 50Rb Kaos Distro Motif Simple Cocok Untuk Pria Dan Wanita Motif Random,1986242596,5,Sangat bagus 🫶🥰,1773208265,1 bulan lalu,ALMOND+HITAM - XXL,True,Anonymous,0,False,False,
Paket Isi 2Pcs 50Rb Kaos Distro Motif Simple Cocok Untuk Pria Dan Wanita Motif Random,1986011817,5,Kualitas produk: Sangat bagus bahan nya juga adem warna nya sof cocok dengan kulit sawo matang bikin warna kulit jauh lebih segar,1773203919,1 bulan lalu,COKSU+ABU MUDA - L,True,Anonymous,0,False,False,
Paket Isi 2Pcs 50Rb Kaos Distro Motif Simple Cocok Untuk Pria Dan Wanita Motif Random,1985784603,5,"susah diterima, belum dicoba",1773199292,1 bulan lalu,WARDAH+COKSU - XXL,False,Muhamad,0,False,False,Terima kasih telah berbelanja di INDAH MODE 20. Bagikan link toko kami https://www.tokopedia.com/indah-mode-20 kepada teman-teman kamu. Jangan lupa follow toko kami untuk tahu update terbaru tentang stok dan produk yang kami tawarkan.
Paket Isi 2Pcs 50Rb Kaos Distro Motif Simple Cocok Untuk Pria Dan Wanita Motif Random,1985714357,5,"Kualitas produk: lumayan sesuai harga
aman ga ada yg kurang",1773197642,1 bulan lalu,HITAM+BIRU MUDA - XL,True,Anonymous,0,True,False,
Paket Isi 2Pcs 50Rb Kaos Distro Motif Simple Cocok Untuk Pria Dan Wanita Motif Random,1985558864,5,Saya sangat suka dengan baju nya terimakasih kk,1773193274,1 bulan lalu,MARUN+HITAM - XL,True,Anonymous,0,False,False,
Paket Isi 2Pcs 50Rb Kaos Distro Motif Simple Cocok Untuk Pria Dan Wanita Motif Random,1985429946,5,Kualitas produk: bagusssss,1773188313,1 bulan lalu,DUSTY+COKSU - L,True,Anonymous,0,False,False,
Paket Isi 2Pcs 50Rb Kaos Distro Motif Simple Cocok Untuk Pria Dan Wanita Motif Random,1985421282,4,Bahan adem jaitan tapi cumaa kalo warna putih agak nerawang,1773187914,1 bulan lalu,PUTIH+HITAM - XXL,True,Anonymous,0,True,False,
Paket Isi 2Pcs 50Rb Kaos Distro Motif Simple Cocok Untuk Pria Dan Wanita Motif Random,1985316151,5,Bagus bahan y tebal tidak nerawang,1773181971,1 bulan lalu,ABU MUDA+TOSCA - XL,True,Anonymous,0,False,False,
Paket Isi 2Pcs 50Rb Kaos Distro Motif Simple Cocok Untuk Pria Dan Wanita Motif Random,1985270709,5,"baguss bajunyaa, mantepp warna sesuai",1773179475,1 bulan lalu,COKPOL+PLUM - XL,True,Anonymous,0,True,False,
Paket Isi 2Pcs 50Rb Kaos Distro Motif Simple Cocok Untuk Pria Dan Wanita Motif Random,1985067956,5,Terimakasih bahan nya bagus adem,1773164200,1 bulan lalu,NAVY+MARUN - L,True,Anonymous,0,True,False,
Paket Isi 2Pcs 50Rb Kaos Distro Motif Simple Cocok Untuk Pria Dan Wanita Motif Random,1984839619,4,Bagus bajunya,1773154715,1 bulan lalu,HITAM+NAVY - L,True,Anonymous,0,False,False,
Paket Isi 2Pcs 50Rb Kaos Distro Motif Simple Cocok Untuk Pria Dan Wanita Motif Random,1984798339,5,Cakep,1773153630,1 bulan lalu,BIRU MUDA+DUSTY - M,True,Anonymous,0,False,False,
Paket Isi 2Pcs 50Rb Kaos Distro Motif Simple Cocok Untuk Pria Dan Wanita Motif Random,1984513442,5,Kualitas produk: bahan lembut gk panas,1773147179,1 bulan lalu,COKSU+ABU MUDA - M,True,Anonymous,0,False,False,
Paket Isi 2Pcs 50Rb Kaos Distro Motif Simple Cocok Untuk Pria Dan Wanita Motif Random,1984437060,3,saya pesen Marun+Hijau Botol ko yg di kirim marun+hijau armi,1773145617,1 bulan lalu,MARUN+HIJAU BOTOL - M,True,Anonymous,0,True,False,
Paket Isi 2Pcs 50Rb Kaos Distro Motif Simple Cocok Untuk Pria Dan Wanita Motif Random,1984280246,4,"Bagus, tapi sayang gak sesuai warnanya sama yg di pesan,, tapi gak papa",1773142771,1 bulan lalu,TERACOTA +BIRU MUDA - M,True,Anonymous,0,True,False,
Paket Isi 2Pcs 50Rb Kaos Distro Motif Simple Cocok Untuk Pria Dan Wanita Motif Random,1984205109,5,"Baju nya bagus sesuai expetasi,kurir nya ramah",1773141342,1 bulan lalu,MARUN+HIJAU BOTOL - XL,True,Anonymous,0,False,False,
Paket Isi 2Pcs 50Rb Kaos Distro Motif Simple Cocok Untuk Pria Dan Wanita Motif Random,1984197132,5,Kaos nya bagus sesuai pesanan saya terima kasih,1773141140,1 bulan lalu,ALMOND+KUNING - M,True,Anonymous,0,False,False,
Paket Isi 2Pcs 50Rb Kaos Distro Motif Simple Cocok Untuk Pria Dan Wanita Motif Random,1984069252,5,Kainnya bgus warna jg okee,1773138478,1 bulan lalu,NAVY+MARUN - L,True,Anonymous,0,False,False,
Paket Isi 2Pcs 50Rb Kaos Distro Motif Simple Cocok Untuk Pria Dan Wanita Motif Random,1983892365,5,Sangat bagus sekali sesuai dengan pesanan,1773134457,1 bulan lalu,ABU MUDA+TOSCA - L,True,Anonymous,0,False,False,
Paket Isi 2Pcs 50Rb Kaos Distro Motif Simple Cocok Untuk Pria Dan Wanita Motif Random,1983654562,5,Barang nya bagus dan sangat baik dan menarik,1773128870,1 bulan lalu,COKSU+HITAM - XXL,True,Anonymous,0,False,False,
Paket Isi 2Pcs 50Rb Kaos Distro Motif Simple Cocok Untuk Pria Dan Wanita Motif Random,1983412752,5,Bahan lembut dan adem cocok di pakai untuk sehari2,1773123202,1 bulan lalu,ABU MUDA+TOSCA - L,True,Anonymous,0,False,False,
Paket Isi 2Pcs 50Rb Kaos Distro Motif Simple Cocok Untuk Pria Dan Wanita Motif Random,1983374207,5,Barangnya bagus sesuai dengan pesanan..semoga panjenengan dilancarkan usahanya dan sukses selalu,1773122329,1 bulan lalu,TOSCA+COKPOL - XXXL,True,Anonymous,0,False,False,
Paket Isi 2Pcs 50Rb Kaos Distro Motif Simple Cocok Untuk Pria Dan Wanita Motif Random,1983321987,5,"Bagus tapi kekecilan uk L nya,",1773121192,1 bulan lalu,BIRU MUDA+DUSTY - L,True,Anonymous,0,False,False,
Paket Isi 2Pcs 50Rb Kaos Distro Motif Simple Cocok Untuk Pria Dan Wanita Motif Random,1983277222,5,"Bagus baju nya, bahan adem jaitan nya rapi , lupa foto pas di buka nya .",1773120276,1 bulan lalu,ALMOND+HITAM - XL,True,Anonymous,0,True,False,
Paket Isi 2Pcs 50Rb Kaos Distro Motif Simple Cocok Untuk Pria Dan Wanita Motif Random,1983136646,1,ukuran L kayak XL ...bahanya tdk sebagus pengiriman pertama,1773117405,1 bulan lalu,TERACOTA +KUNING - L,True,Anonymous,0,False,False,
Paket Isi 2Pcs 50Rb Kaos Distro Motif Simple Cocok Untuk Pria Dan Wanita Motif Random,1983130185,4,"Kualitas produk: Bagus
Makasih sesuai pesanan ..",1773117273,1 bulan lalu,HITAM+BIRU MUDA - M,True,Anonymous,0,True,False,
Paket Isi 2Pcs 50Rb Kaos Distro Motif Simple Cocok Untuk Pria Dan Wanita Motif Random,1983113881,5,harga segitumh mantep,1773116940,1 bulan lalu,ABU MUDA+TOSCA - XL,True,Anonymous,0,False,False,
Paket Isi 2Pcs 50Rb Kaos Distro Motif Simple Cocok Untuk Pria Dan Wanita Motif Random,1983101935,5,Kualitas produk: Bagus ssui harga,1773116690,1 bulan lalu,HITAM+NAVY - L,True,Anonymous,0,False,False,
Paket Isi 2Pcs 50Rb Kaos Distro Motif Simple Cocok Untuk Pria Dan Wanita Motif Random,1983010039,5,👍👍👍👍👍👍👍👍👍👍👍👍👍👍👍👍👍👍👍👍👍👍👍👍👍👍👍👍👍👍,1773114725,1 bulan lalu,PLUM+HITAM - XXXL,True,Anonymous,0,False,False,
Paket Isi 2Pcs 50Rb Kaos Distro Motif Simple Cocok Untuk Pria Dan Wanita Motif Random,1982989561,5,Alhamdulillah udah sampek kausnya. Bahan lumayan adem . Cocok lah sama harganya. Sip,1773114281,1 bulan lalu,HITAM+NAVY - XL,True,Anonymous,0,True,False,
Paket Isi 2Pcs 50Rb Kaos Distro Motif Simple Cocok Untuk Pria Dan Wanita Motif Random,1982896876,2,"Pesannya coksu sama abu ,yg datang warna lain🙂‍↕️",1773112247,1 bulan lalu,COKSU+ABU MUDA - L,True,Anonymous,0,True,False,
Paket Isi 2Pcs 50Rb Kaos Distro Motif Simple Cocok Untuk Pria Dan Wanita Motif Random,1982860451,5,Paket udah sampe psen uk XL yg dateng L sma XL,1773111366,1 bulan lalu,2PCS WARNA HITAM - XL,True,Anonymous,0,True,False,
Paket Isi 2Pcs 50Rb Kaos Distro Motif Simple Cocok Untuk Pria Dan Wanita Motif Random,1982774573,5,"Alhamdulillah paket nya sudah mendarat,, bahan adem murah tapi gak murahan yaa,,, pas buat ank sya,, 
Trimakasih kak,, amanah selalu yaa",1773109183,1 bulan lalu,NAVY+MARUN - M,True,Anonymous,0,True,False,
Paket Isi 2Pcs 50Rb Kaos Distro Motif Simple Cocok Untuk Pria Dan Wanita Motif Random,1982636909,5,"Lupa Gak sempat foto, tapi worth it banget sih dengan harga segitu👍👍",1773105051,1 bulan lalu,BIRU MUDA+DUSTY - L,True,Anonymous,0,False,False,
Paket Isi 2Pcs 50Rb Kaos Distro Motif Simple Cocok Untuk Pria Dan Wanita Motif Random,1982612066,5,"Alhamdulillah paketnya sudah diterima, kaosnya lumayan bagus sesuai harga, makasih seller🙏",1773104148,1 bulan lalu,ABU TUA +TERACOTA - M,True,Anonymous,0,False,False,
Paket Isi 2Pcs 50Rb Kaos Distro Motif Simple Cocok Untuk Pria Dan Wanita Motif Random,1982554974,5,Bagus  sesuai pesanan 👍👍,1773101855,1 bulan lalu,MARUN+HITAM - L,True,Anonymous,0,False,False,
Paket Isi 2Pcs 50Rb Kaos Distro Motif Simple Cocok Untuk Pria Dan Wanita Motif Random,1982528915,5,Kaosnya bagus sekali,1773100581,1 bulan lalu,HIJAU BOTOL +ABU TUA - L,True,Anonymous,0,True,False,
Paket Isi 2Pcs 50Rb Kaos Distro Motif Simple Cocok Untuk Pria Dan Wanita Motif Random,1982520573,3,Baranvnha bagus..tebal ..namun yg disayangkan pesan uk L yg dtng xl &amp; L ..xl buat anakq kebesaran..sdh chat admin blm direspon,1773100135,1 bulan lalu,HITAM+ABU TUA - L,True,Anonymous,0,False,False,
Paket Isi 2Pcs 50Rb Kaos Distro Motif Simple Cocok Untuk Pria Dan Wanita Motif Random,1982510721,5,"Bagus,bahan tebal",1773099589,1 bulan lalu,MARUN+HITAM - XXL,True,Anonymous,0,False,False,
Paket Isi 2Pcs 50Rb Kaos Distro Motif Simple Cocok Untuk Pria Dan Wanita Motif Random,1982475730,5,Bagus,1773097546,1 bulan lalu,COKSU+HITAM - XL,True,Anonymous,0,False,False,
Paket Isi 2Pcs 50Rb Kaos Distro Motif Simple Cocok Untuk Pria Dan Wanita Motif Random,1982463880,5,Sunggu memuaskan blanja hari ini👍🏻👍🏻,1773096830,1 bulan lalu,NAVY+MARUN - XXL,True,Anonymous,0,False,False,
Paket Isi 2Pcs 50Rb Kaos Distro Motif Simple Cocok Untuk Pria Dan Wanita Motif Random,1982390852,5,"Barang sesuai,bagus",1773092768,1 bulan lalu,NAVY+MARUN - L,True,Anonymous,0,False,False,
Paket Isi 2Pcs 50Rb Kaos Distro Motif Simple Cocok Untuk Pria Dan Wanita Motif Random,1982347934,5,"Bagus sekali, bahan adem, nyaman dipakai",1773091091,1 bulan lalu,BIRU MUDA+DUSTY - XXL,True,Anonymous,0,False,False,
Paket Isi 2Pcs 50Rb Kaos Distro Motif Simple Cocok Untuk Pria Dan Wanita Motif Random,1982323358,4,Ok,1773090096,1 bulan lalu,COKSU+ABU MUDA - XXXL,True,Anonymous,0,False,False,
Paket Isi 2Pcs 50Rb Kaos Distro Motif Simple Cocok Untuk Pria Dan Wanita Motif Random,1982257690,5,Pesanan sudah sampai barangnya bagus sesuai dengan yang di gambar saya puas belanja di Tik- Tok?,1773085270,1 bulan lalu,HITAM+BIRU MUDA - L,True,Anonymous,0,False,False,
Paket Isi 2Pcs 50Rb Kaos Distro Motif Simple Cocok Untuk Pria Dan Wanita Motif Random,1982122550,5,Bgs,1773074056,1 bulan lalu,PLUM+HITAM - XL,True,Anonymous,0,False,False,
Paket Isi 2Pcs 50Rb Kaos Distro Motif Simple Cocok Untuk Pria Dan Wanita Motif Random,1982027892,5,Baik,1773070428,1 bulan lalu,NAVY+MARUN - XXL,True,Anonymous,0,False,False,
Paket Isi 2Pcs 50Rb Kaos Distro Motif Simple Cocok Untuk Pria Dan Wanita Motif Random,1981964844,4,Tebal dan bagus,1773068578,1 bulan lalu,COKSU+ABU MUDA - XL,True,Anonymous,0,False,False,
Paket Isi 2Pcs 50Rb Kaos Distro Motif Simple Cocok Untuk Pria Dan Wanita Motif Random,1981901368,5,Bagus sesuai pesanan kurir baik,1773066902,1 bulan lalu,COKSU+ABU MUDA - XXXL,True,Anonymous,0,False,False,
Paket Isi 2Pcs 50Rb Kaos Distro Motif Simple Cocok Untuk Pria Dan Wanita Motif Random,1981807430,4,Kualitas produk: bahanya bagus lembut dingin ukuranya pas,1773064689,1 bulan lalu,HITAM+NAVY - XL,True,Anonymous,0,False,False,
Paket Isi 2Pcs 50Rb Kaos Distro Motif Simple Cocok Untuk Pria Dan Wanita Motif Random,1981795419,5,Bagus,1773064403,1 bulan lalu,MARUN+HIJAU BOTOL - L,True,Anonymous,0,False,False,
Paket Isi 2Pcs 50Rb Kaos Distro Motif Simple Cocok Untuk Pria Dan Wanita Motif Random,1981755055,5,Recomend,1773063500,1 bulan lalu,TERACOTA +BIRU MUDA - L,True,Anonymous,0,False,False,
Paket Isi 2Pcs 50Rb Kaos Distro Motif Simple Cocok Untuk Pria Dan Wanita Motif Random,1981754045,5,"Paket tiba tepat waktu, warna sesuai pesanan, kualitas barang ok",1773063479,1 bulan lalu,MARUN+HITAM - XXL,True,Anonymous,0,True,False,
Paket Isi 2Pcs 50Rb Kaos Distro Motif Simple Cocok Untuk Pria Dan Wanita Motif Random,1981745908,5,"Barang nya bgus si, cuman saya slah ukuran harus XL tpi malah",1773063304,1 bulan lalu,BIRU MUDA+DUSTY - L,True,Anonymous,0,False,False,
Paket Isi 2Pcs 50Rb Kaos Distro Motif Simple Cocok Untuk Pria Dan Wanita Motif Random,1981745919,5,Barang mntappp,1773063304,1 bulan lalu,WARDAH+COKSU - L,True,Anonymous,0,False,False,
Paket Isi 2Pcs 50Rb Kaos Distro Motif Simple Cocok Untuk Pria Dan Wanita Motif Random,1981685768,5,Kualitas produk: Sangat memuaskan,1773062009,1 bulan lalu,COKSU+ABU MUDA - XL,True,Anonymous,0,False,False,
Paket Isi 2Pcs 50Rb Kaos Distro Motif Simple Cocok Untuk Pria Dan Wanita Motif Random,1981668556,5,Kualitas produk: Joss,1773061647,1 bulan lalu,KUNING+WARDAH - L,True,Anonymous,0,False,False,
Paket Isi 2Pcs 50Rb Kaos Distro Motif Simple Cocok Untuk Pria Dan Wanita Motif Random,1981528472,4,pesen hitam biru muda tpi yng d kirim ijo + biru muda,1773058897,1 bulan lalu,HITAM+BIRU MUDA - XXXL,True,Anonymous,0,True,False,
Paket Isi 2Pcs 50Rb Kaos Distro Motif Simple Cocok Untuk Pria Dan Wanita Motif Random,1981479320,5,"Makasih  dah sampai barang nya bahan lembut dan ngga bikin gerah
Kualitas produk: Saya sangat puas",1773058060,1 bulan lalu,WARDAH+COKSU - XXXL,True,Anonymous,0,False,False,
Paket Isi 2Pcs 50Rb Kaos Distro Motif Simple Cocok Untuk Pria Dan Wanita Motif Random,1981463964,5,"Bagus bgt bahanya adem, seller nya jg amanah👍",1773057824,1 bulan lalu,TOSCA+COKPOL - XL,True,Anonymous,0,False,False,
Paket Isi 2Pcs 50Rb Kaos Distro Motif Simple Cocok Untuk Pria Dan Wanita Motif Random,1981293709,5,"Baju nya bagus , sesuai pesanan",1773054559,1 bulan lalu,COKSU+HITAM - L,True,Anonymous,0,False,False,
Paket Isi 2Pcs 50Rb Kaos Distro Motif Simple Cocok Untuk Pria Dan Wanita Motif Random,1981283116,5,Kualitas produk: Baguss sesuai rekomen pokoknya,1773054341,1 bulan lalu,COKSU+HITAM - XXL,True,Anonymous,0,False,False,
Paket Isi 2Pcs 50Rb Kaos Distro Motif Simple Cocok Untuk Pria Dan Wanita Motif Random,1981253951,5,Bajunya bagus lembut enak di pakai,1773053743,1 bulan lalu,HITAM+NAVY - L,True,Anonymous,0,False,False,
Paket Isi 2Pcs 50Rb Kaos Distro Motif Simple Cocok Untuk Pria Dan Wanita Motif Random,1981209651,5,Alhamdulillah paketnya sama dengan pesanan..makasih..,1773052850,1 bulan lalu,PUTIH+HITAM - XXL,True,Anonymous,0,False,False,
Paket Isi 2Pcs 50Rb Kaos Distro Motif Simple Cocok Untuk Pria Dan Wanita Motif Random,1981203856,4,Bagus,1773052735,1 bulan lalu,NAVY+MARUN - XL,True,Anonymous,0,False,False,
Paket Isi 2Pcs 50Rb Kaos Distro Motif Simple Cocok Untuk Pria Dan Wanita Motif Random,1981203844,5,"Alhamdulillah pesanan sdh datang,,barang bagus sesuai harga",1773052735,1 bulan lalu,ABU MUDA+TOSCA - L,True,Anonymous,0,False,False,
Paket Isi 2Pcs 50Rb Kaos Distro Motif Simple Cocok Untuk Pria Dan Wanita Motif Random,1981165826,5,Kualitas produk: Bagusssssssssssssssssss,1773051996,1 bulan lalu,ABU MUDA+TOSCA - XL,True,Anonymous,0,True,False,
Paket Isi 2Pcs 50Rb Kaos Distro Motif Simple Cocok Untuk Pria Dan Wanita Motif Random,1981159648,4,Bagus,1773051873,1 bulan lalu,WARDAH+COKSU - L,True,Anonymous,0,False,False,
Paket Isi 2Pcs 50Rb Kaos Distro Motif Simple Cocok Untuk Pria Dan Wanita Motif Random,1981139364,5,Puas dengan harga segitu 👍👍,1773051454,1 bulan lalu,2PCS WARNA HITAM - XL,True,Anonymous,0,False,False,
Paket Isi 2Pcs 50Rb Kaos Distro Motif Simple Cocok Untuk Pria Dan Wanita Motif Random,1980929144,5,Asli bahaya bagus banget sesuai pesenan pokoke 👍,1773047146,1 bulan lalu,TOSCA+COKPOL - L,True,Anonymous,0,True,False,
Paket Isi 2Pcs 50Rb Kaos Distro Motif Simple Cocok Untuk Pria Dan Wanita Motif Random,1980672752,4,"Bahan bagus si tapi sayang salah warna,aku pesan coksu+Abu tapi yg datang malah sage+biru",1773041600,1 bulan lalu,COKSU+ABU MUDA - L,True,Anonymous,0,False,False,
Paket Isi 2Pcs 50Rb Kaos Distro Motif Simple Cocok Untuk Pria Dan Wanita Motif Random,1980650876,1,bahan tidak sesuai bukan katun tapi poliester,1773041129,1 bulan lalu,COKSU+ABU MUDA - L,True,Anonymous,0,False,False,
Paket Isi 2Pcs 50Rb Kaos Distro Motif Simple Cocok Untuk Pria Dan Wanita Motif Random,1980545035,2,"Tidak sesuai warna nya udah jelas saya pilih maroon + hitam ini malah dikirim army sama maroon , yg teliti dong pesen hitam dikirim army . Sengaja saya psen Disini soalnya bisa pilih warna eh malah ngecewain gimana sih senaknya aja kirim army",1773038895,1 bulan lalu,MARUN+HITAM - XL,True,Anonymous,0,True,False,
Paket Isi 2Pcs 50Rb Kaos Distro Motif Simple Cocok Untuk Pria Dan Wanita Motif Random,1980536865,1,Maaf kakak saya kasih bintang 1 lain x tolong lebih teliti bajunya bolong,1773038717,1 bulan lalu,NAVY+MARUN - L,True,Anonymous,0,True,False,
Paket Isi 2Pcs 50Rb Kaos Distro Motif Simple Cocok Untuk Pria Dan Wanita Motif Random,1980464207,5,Hdhfhshfjfkgjfjfkhljphjfgsfaffshfkhkfhhjkjcgghhjjkllljgg,1773037217,1 bulan lalu,HITAM+ABU TUA - XXL,True,Anonymous,0,True,False,
Paket Isi 2Pcs 50Rb Kaos Distro Motif Simple Cocok Untuk Pria Dan Wanita Motif Random,1980443612,4,"Kualitas produk: sesue foto
Cuma saya pesen hitam merah ,yang datang warna hijo merah",1773036811,1 bulan lalu,MARUN+HITAM - XL,True,Anonymous,0,True,False,
Paket Isi 2Pcs 50Rb Kaos Distro Motif Simple Cocok Untuk Pria Dan Wanita Motif Random,1980416695,4,"Kualitas produk: Baik
Ahamdulilah sampe paket nya cuma yang satu lagi ukuran L nya kecil gtu tapi gpp buat ade saya 🙏🙏🙏",1773036262,1 bulan lalu,ALMOND+HITAM - L,True,Anonymous,0,True,False,
Paket Isi 2Pcs 50Rb Kaos Distro Motif Simple Cocok Untuk Pria Dan Wanita Motif Random,1980192632,4,Kualitas produk: Baik,1773032228,1 bulan lalu,NAVY+MARUN - XL,True,Anonymous,0,False,False,
Paket Isi 2Pcs 50Rb Kaos Distro Motif Simple Cocok Untuk Pria Dan Wanita Motif Random,1980185073,5,Barangnya sdh. Sampe bagus,1773032091,1 bulan lalu,MARUN+HIJAU BOTOL - M,True,Anonymous,0,True,False,
Paket Isi 2Pcs 50Rb Kaos Distro Motif Simple Cocok Untuk Pria Dan Wanita Motif Random,1980172153,5,Bagus TPI yg coksu GK coklat knyak keputihan,1773031854,1 bulan lalu,COKSU+HITAM - XXL,True,Anonymous,0,False,False,
Paket Isi 2Pcs 50Rb Kaos Distro Motif Simple Cocok Untuk Pria Dan Wanita Motif Random,1980005309,2,Bahan nya cukup bagus.,1773028744,1 bulan lalu,HITAM+NAVY - XXL,True,Anonymous,0,False,False,
Paket Isi 2Pcs 50Rb Kaos Distro Motif Simple Cocok Untuk Pria Dan Wanita Motif Random,1979993986,5,Barang surah sampai makasih,1773028518,1 bulan lalu,NAVY+ABU TUA - L,True,Anonymous,0,False,False,
Paket Isi 2Pcs 50Rb Kaos Distro Motif Simple Cocok Untuk Pria Dan Wanita Motif Random,1979828699,5,Bagus,1773025201,1 bulan lalu,HITAM+NAVY - XXL,True,Anonymous,0,False,False,
Paket Isi 2Pcs 50Rb Kaos Distro Motif Simple Cocok Untuk Pria Dan Wanita Motif Random,1979771367,4,Lumayan soal nyh sesuway hrga,1773023981,1 bulan lalu,COKSU+ABU MUDA - L,True,Anonymous,0,False,False,
Paket Isi 2Pcs 50Rb Kaos Distro Motif Simple Cocok Untuk Pria Dan Wanita Motif Random,1979711752,5,Q ga bisa berkata kata pokok nya bagus poll. Kainnya adem lagi. Anak Q yg pake pun suka banget katanya 🥰,1773022435,1 bulan lalu,ABU TUA +TERACOTA - XXXL,True,Anonymous,0,False,False,
Paket Isi 2Pcs 50Rb Kaos Distro Motif Simple Cocok Untuk Pria Dan Wanita Motif Random,1979655473,5,Bahannya bagus sesuai harga,1773020826,1 bulan lalu,NAVY+MARUN - XL,True,Anonymous,0,False,False,
Paket Isi 2Pcs 50Rb Kaos Distro Motif Simple Cocok Untuk Pria Dan Wanita Motif Random,1979578226,5,Kaosnya bagus nyaman dipakai,1773018345,1 bulan lalu,NAVY+ABU TUA - XL,True,Anonymous,0,False,False,
Paket Isi 2Pcs 50Rb Kaos Distro Motif Simple Cocok Untuk Pria Dan Wanita Motif Random,1979554420,5,sesuai,1773017487,1 bulan lalu,MARUN+HIJAU BOTOL - L,True,Anonymous,0,False,False,
Paket Isi 2Pcs 50Rb Kaos Distro Motif Simple Cocok Untuk Pria Dan Wanita Motif Random,1979548095,4,Kualitas produk: Bagus bahan lumayan tebal,1773017252,1 bulan lalu,HITAM+BIRU MUDA - XL,True,Anonymous,0,False,False,
Paket Isi 2Pcs 50Rb Kaos Distro Motif Simple Cocok Untuk Pria Dan Wanita Motif Random,1979534328,5,Bagus,1773016710,1 bulan lalu,MARUN+HITAM - XXL,True,Anonymous,0,False,False,
Paket Isi 2Pcs 50Rb Kaos Distro Motif Simple Cocok Untuk Pria Dan Wanita Motif Random,1979525706,5,Bagus kaos ya bahan ya tebal,1773016346,1 bulan lalu,NAVY+MARUN - XXL,True,Anonymous,0,False,False,
Paket Isi 2Pcs 50Rb Kaos Distro Motif Simple Cocok Untuk Pria Dan Wanita Motif Random,1979459455,4,"sesuai pesanan,,,bahan bagus",1773013257,1 bulan lalu,HITAM+NAVY - M,True,Anonymous,0,False,False,
Paket Isi 2Pcs 50Rb Kaos Distro Motif Simple Cocok Untuk Pria Dan Wanita Motif Random,1979404214,5,"Bahannya bagus sesuai dengan pesanan yang ada di gambar, sesuai dengan harganya",1773009877,1 bulan lalu,DUSTY+COKSU - XL,True,Anonymous,0,False,False,
Paket Isi 2Pcs 50Rb Kaos Distro Motif Simple Cocok Untuk Pria Dan Wanita Motif Random,1979376926,5,"Warna sesuai,produk bagus kurirnya langganan",1773008212,1 bulan lalu,ABU MUDA+TOSCA - XL,True,Anonymous,0,False,False,
Paket Isi 2Pcs 50Rb Kaos Distro Motif Simple Cocok Untuk Pria Dan Wanita Motif Random,1979359138,5,bju sdh smpym urut aq harga segitu lmyn bgus ya mksh kk,1773007220,1 bulan lalu,HITAM+NAVY - XL,True,Anonymous,0,False,False,
Paket Isi 2Pcs 50Rb Kaos Distro Motif Simple Cocok Untuk Pria Dan Wanita Motif Random,1979328317,5,👍👍👍👍👍,1773005819,1 bulan lalu,MARUN+HITAM - M,True,Anonymous,0,False,False,
Paket Isi 2Pcs 50Rb Kaos Distro Motif Simple Cocok Untuk Pria Dan Wanita Motif Random,1979328323,5,👍👍👍👍👍,1773005819,1 bulan lalu,NAVY+MARUN - XL,True,Anonymous,0,False,False,
Paket Isi 2Pcs 50Rb Kaos Distro Motif Simple Cocok Untuk Pria Dan Wanita Motif Random,1979304341,3,Pesan hitam + NaVi yang datang hitam biru muda,1773004876,1 bulan lalu,HITAM+NAVY - M,True,Anonymous,0,False,False,
Paket Isi 2Pcs 50Rb Kaos Distro Motif Simple Cocok Untuk Pria Dan Wanita Motif Random,1979262623,5,👍👍👍👍👍,1773003089,1 bulan lalu,TOSCA+COKPOL - L,True,Anonymous,0,False,False,
Paket Isi 2Pcs 50Rb Kaos Distro Motif Simple Cocok Untuk Pria Dan Wanita Motif Random,1979161217,5,Mantap terimskasihhhh....,1772992773,1 bulan lalu,ALMOND+HITAM - XL,True,Anonymous,0,False,False,
Paket Isi 2Pcs 50Rb Kaos Distro Motif Simple Cocok Untuk Pria Dan Wanita Motif Random,1978907842,5,Real pic,1772981737,1 bulan lalu,COKSU+ABU MUDA - XXXL,True,Anonymous,0,False,False,
Paket Isi 2Pcs 50Rb Kaos Distro Motif Simple Cocok Untuk Pria Dan Wanita Motif Random,1978848175,5,Sudah sampai suamiku suka,1772980202,1 bulan lalu,NAVY+ABU TUA - L,True,Anonymous,0,False,False,
Paket Isi 2Pcs 50Rb Kaos Distro Motif Simple Cocok Untuk Pria Dan Wanita Motif Random,1978764881,4,"Kualitas produk: baguslah harga segitu,, terimakasih 👍👍👍",1772978163,1 bulan lalu,HITAM+ABU TUA - L,True,Anonymous,0,False,False,
Paket Isi 2Pcs 50Rb Kaos Distro Motif Simple Cocok Untuk Pria Dan Wanita Motif Random,1978724745,5,Kualitas produk: Bagus baik,1772977220,1 bulan lalu,HITAM+NAVY - XL,True,Anonymous,0,False,False,
Paket Isi 2Pcs 50Rb Kaos Distro Motif Simple Cocok Untuk Pria Dan Wanita Motif Random,1978675212,5,Bagus da ga nerawang tebal nyaman d pake,1772976069,1 bulan lalu,WARDAH+COKSU - XL,True,Anonymous,0,False,False,
Paket Isi 2Pcs 50Rb Kaos Distro Motif Simple Cocok Untuk Pria Dan Wanita Motif Random,1978614803,5,"Bahan nya ok bngt gk bikin gerah,waktu taun kemarin juga beli di toko ini, terimakasih buat tokonya amanah juga bang kurir nya,,,,,",1772974711,1 bulan lalu,HITAM+NAVY - XL,True,Anonymous,0,False,False,
Paket Isi 2Pcs 50Rb Kaos Distro Motif Simple Cocok Untuk Pria Dan Wanita Motif Random,1978567576,5,"Untuk bahan lumayan sesuailah , yeeyy 55 ribu dpt 2 baju",1772973668,1 bulan lalu,COKSU+ABU MUDA - XL,True,Anonymous,1,True,False,
Paket Isi 2Pcs 50Rb Kaos Distro Motif Simple Cocok Untuk Pria Dan Wanita Motif Random,1978425634,5,sip,1772970908,1 bulan lalu,PUTIH+HITAM - XL,False,Deni,0,False,False,Terima kasih telah berbelanja di INDAH MODE 20. Bagikan link toko kami https://www.tokopedia.com/indah-mode-20 kepada teman-teman kamu. Jangan lupa follow toko kami untuk tahu update terbaru tentang stok dan produk yang kami tawarkan.
Paket Isi 2Pcs 50Rb Kaos Distro Motif Simple Cocok Untuk Pria Dan Wanita Motif Random,1978423999,5,Kualitas produk: Kualitas nya lumayan buat pakaian sehari hari,1772970876,1 bulan lalu,PUTIH+HITAM - L,True,Anonymous,0,False,False,
Paket Isi 2Pcs 50Rb Kaos Distro Motif Simple Cocok Untuk Pria Dan Wanita Motif Random,1978400158,3,Barang udah smpai tp syang warna g sesuai yg d pesan,1772970397,1 bulan lalu,MARUN+HITAM - XL,True,Anonymous,0,False,False,
Paket Isi 2Pcs 50Rb Kaos Distro Motif Simple Cocok Untuk Pria Dan Wanita Motif Random,1978349627,3,ga sesuai warna yang di pesen sama yang dateng,1772969288,1 bulan lalu,ABU TUA +TERACOTA - XXXL,True,Anonymous,0,False,False,
Paket Isi 2Pcs 50Rb Kaos Distro Motif Simple Cocok Untuk Pria Dan Wanita Motif Random,1978290166,5,Order yg kedua kalinya 👍🏼👍🏼👍🏼🙏🏼🙏🏼🙏🏼,1772967784,1 bulan lalu,NAVY+ABU TUA - L,True,Anonymous,0,False,False,
Paket Isi 2Pcs 50Rb Kaos Distro Motif Simple Cocok Untuk Pria Dan Wanita Motif Random,1978235514,5,"Alhmdulillah paket SDH dtng sesuai Poto,,hrga murce buat kaos dewasa,,bhn lumyan tebal,,mksh,,maaf GK sempet Poto🙏",1772966556,1 bulan lalu,HITAM+ABU TUA - L,True,Anonymous,0,False,False,
Paket Isi 2Pcs 50Rb Kaos Distro Motif Simple Cocok Untuk Pria Dan Wanita Motif Random,1978114462,5,"Bgs, ketebalannya pas menyerap keringat",1772963719,1 bulan lalu,ALMOND+HITAM - XXL,True,Anonymous,0,True,False,
Paket Isi 2Pcs 50Rb Kaos Distro Motif Simple Cocok Untuk Pria Dan Wanita Motif Random,1977938310,5,"Kualitas produk: Bagus
Bahannya lembut adem modelnya bagus",1772959575,1 bulan lalu,ALMOND+HITAM - L,True,Anonymous,0,True,False,
Paket Isi 2Pcs 50Rb Kaos Distro Motif Simple Cocok Untuk Pria Dan Wanita Motif Random,1977906677,5,bagus banget,1772958840,1 bulan lalu,PUTIH+HITAM - XL,True,Anonymous,0,False,False,
Paket Isi 2Pcs 50Rb Kaos Distro Motif Simple Cocok Untuk Pria Dan Wanita Motif Random,1977888338,1,"Kecewa ahh katanya promo 2pcs 5rbu
Ko ini 100 lebih 2pcs",1772958407,1 bulan lalu,HITAM+ABU TUA - XL,True,Anonymous,0,False,False,
Paket Isi 2Pcs 50Rb Kaos Distro Motif Simple Cocok Untuk Pria Dan Wanita Motif Random,1977844687,5,Bagus tp gc sempet ak fto,1772957419,1 bulan lalu,BIRU MUDA+DUSTY - M,True,Anonymous,0,False,False,
Paket Isi 2Pcs 50Rb Kaos Distro Motif Simple Cocok Untuk Pria Dan Wanita Motif Random,1977742060,5,"Alhamdulillah paketnya sudah sampai sesuai pesanan realfict bahannya lembut adem tebel , pengiriman cepat 
Kegedean dikit tapi gpp anak saya ttp suka 👍",1772955163,1 bulan lalu,NAVY+MARUN - M,True,Anonymous,0,True,False,
Paket Isi 2Pcs 50Rb Kaos Distro Motif Simple Cocok Untuk Pria Dan Wanita Motif Random,1977737065,5,"Bahannya adem,",1772955054,1 bulan lalu,HITAM+NAVY - L,True,Anonymous,0,False,False,
Paket Isi 2Pcs 50Rb Kaos Distro Motif Simple Cocok Untuk Pria Dan Wanita Motif Random,1977663753,5,Mantaff,1772953477,1 bulan lalu,COKSU+HITAM - M,True,Anonymous,0,False,False,
Paket Isi 2Pcs 50Rb Kaos Distro Motif Simple Cocok Untuk Pria Dan Wanita Motif Random,1977626899,5,bagus,1772952702,1 bulan lalu,HITAM+ABU TUA - XXXL,True,Anonymous,0,False,False,
Paket Isi 2Pcs 50Rb Kaos Distro Motif Simple Cocok Untuk Pria Dan Wanita Motif Random,1977600205,4,Lumayan bagus sesuai dg hrga,1772952144,1 bulan lalu,COKSU+ABU MUDA - XL,True,Anonymous,0,False,False,
Paket Isi 2Pcs 50Rb Kaos Distro Motif Simple Cocok Untuk Pria Dan Wanita Motif Random,1977585372,5,Kaos nya bagus banget bahan nya halus ga tipis tp ga tebel..nyaman di pakai.. Next order lg nanti..,1772951839,1 bulan lalu,MARUN+HIJAU BOTOL - L,True,Anonymous,0,True,False,
Paket Isi 2Pcs 50Rb Kaos Distro Motif Simple Cocok Untuk Pria Dan Wanita Motif Random,1977529640,5,Barang sesuai dengan pesanan cepat pengiriman dn bgs bahan ny,1772950719,1 bulan lalu,COKSU+ABU MUDA - M,True,Anonymous,0,False,False,
Paket Isi 2Pcs 50Rb Kaos Distro Motif Simple Cocok Untuk Pria Dan Wanita Motif Random,1977472826,3,Warna tidak sesuai,1772949588,1 bulan lalu,DUSTY+COKSU - XL,True,Anonymous,0,False,False,
Paket Isi 2Pcs 50Rb Kaos Distro Motif Simple Cocok Untuk Pria Dan Wanita Motif Random,1977425045,5,Mantap,1772948682,1 bulan lalu,ABU MUDA+TOSCA - XL,True,Anonymous,0,False,False,
Paket Isi 2Pcs 50Rb Kaos Distro Motif Simple Cocok Untuk Pria Dan Wanita Motif Random,1977367623,5,"Kualitas produk: bagus cuma sayangnya ini bukan warna teracota, tapi ini merah",1772947597,1 bulan lalu,ABU TUA +TERACOTA - M,True,Anonymous,0,True,False,
Paket Isi 2Pcs 50Rb Kaos Distro Motif Simple Cocok Untuk Pria Dan Wanita Motif Random,1977329672,5,Kualitas produk: Sangat bagus,1772946891,1 bulan lalu,HIJAU BOTOL +ABU TUA - L,True,Anonymous,0,False,False,
Paket Isi 2Pcs 50Rb Kaos Distro Motif Simple Cocok Untuk Pria Dan Wanita Motif Random,1977324967,5,"Paket nya sudah sampai, ukuran pas. Bahan tipis sesuai harga .",1772946804,1 bulan lalu,HITAM+NAVY - L,True,Anonymous,0,False,False,
Paket Isi 2Pcs 50Rb Kaos Distro Motif Simple Cocok Untuk Pria Dan Wanita Motif Random,1977287663,5,"Terima kasih.. Paket baju sesuai 
Bagus 👍",1772946133,1 bulan lalu,COKSU+ABU MUDA - XL,True,Anonymous,0,False,False,
Paket Isi 2Pcs 50Rb Kaos Distro Motif Simple Cocok Untuk Pria Dan Wanita Motif Random,1977243541,5,Alhamdulillah sesuai dn bagus,1772945334,1 bulan lalu,COKPOL+PLUM - L,True,Anonymous,0,False,False,
Paket Isi 2Pcs 50Rb Kaos Distro Motif Simple Cocok Untuk Pria Dan Wanita Motif Random,1977215910,1,Warnya tidak sesuai,1772944823,1 bulan lalu,TERACOTA +BIRU MUDA - XXXL,True,Anonymous,0,False,False,
Paket Isi 2Pcs 50Rb Kaos Distro Motif Simple Cocok Untuk Pria Dan Wanita Motif Random,1977182650,3,"Pesen warna navy,sama abu tua di kirim malah warna lain",1772944209,1 bulan lalu,NAVY+ABU TUA - L,True,Anonymous,0,True,False,
Paket Isi 2Pcs 50Rb Kaos Distro Motif Simple Cocok Untuk Pria Dan Wanita Motif Random,1977136338,5,"Keren sih ini diharga yg murah , kainnya tebel , halus, bagus banget dech kalo di pakek apalagi suami jadi makin ganteng",1772943361,1 bulan lalu,MARUN+HIJAU BOTOL - XL,True,Anonymous,0,True,False,
Paket Isi 2Pcs 50Rb Kaos Distro Motif Simple Cocok Untuk Pria Dan Wanita Motif Random,1977119987,5,Kualitas produk: ok,1772943060,1 bulan lalu,PUTIH+HITAM - M,True,Anonymous,0,False,False,
Paket Isi 2Pcs 50Rb Kaos Distro Motif Simple Cocok Untuk Pria Dan Wanita Motif Random,1977113111,5,bagus banget baju nya😻,1772942928,1 bulan lalu,HITAM+NAVY - XL,True,Anonymous,0,False,False,
Paket Isi 2Pcs 50Rb Kaos Distro Motif Simple Cocok Untuk Pria Dan Wanita Motif Random,1977101847,5,"Sangat memuaskan ,,murah barang sesuai dgn expectasi ,, mantap ,, bisa belanja lagi dsini",1772942707,1 bulan lalu,NAVY+ABU TUA - XL,True,Anonymous,0,True,False,
Paket Isi 2Pcs 50Rb Kaos Distro Motif Simple Cocok Untuk Pria Dan Wanita Motif Random,1977097550,5,"Bagus, sesuai pesanan 
Warnanya juga sesuai",1772942622,1 bulan lalu,NAVY+MARUN - L,True,Anonymous,0,False,False,
Paket Isi 2Pcs 50Rb Kaos Distro Motif Simple Cocok Untuk Pria Dan Wanita Motif Random,1977071694,5,"Kualitas produk: Alhamdulillah...bahannya lumayan bags buat harga segitu, semoga tambah Paris🤲🙏",1772942114,1 bulan lalu,HITAM+NAVY - L,True,Anonymous,0,False,False,
Paket Isi 2Pcs 50Rb Kaos Distro Motif Simple Cocok Untuk Pria Dan Wanita Motif Random,1977068225,5,"Paketan udah nyampek sesuai dengan pesan, bahan tebal, kurir ramah",1772942043,1 bulan lalu,HITAM+NAVY - L,True,Anonymous,0,True,False,
Paket Isi 2Pcs 50Rb Kaos Distro Motif Simple Cocok Untuk Pria Dan Wanita Motif Random,1977015268,3,Bagus,1772940975,1 bulan lalu,COKSU+ABU MUDA - L,True,Anonymous,0,False,False,
Paket Isi 2Pcs 50Rb Kaos Distro Motif Simple Cocok Untuk Pria Dan Wanita Motif Random,1976982943,5,"Sesuai di poto bagus banget
Kualitas produk: Bahan tebal",1772940284,1 bulan lalu,TERACOTA +BIRU MUDA - L,True,Anonymous,0,True,False,
Paket Isi 2Pcs 50Rb Kaos Distro Motif Simple Cocok Untuk Pria Dan Wanita Motif Random,1976974879,1,Warna gak sesuai saya pesen hitam dan abu yg di kirim hijao army dan abu gmna sih gak sesuai bngt,1772940114,1 bulan lalu,HITAM+ABU TUA - XL,True,Anonymous,0,True,False,
Paket Isi 2Pcs 50Rb Kaos Distro Motif Simple Cocok Untuk Pria Dan Wanita Motif Random,1976771504,5,Bagus....,1772934713,1 bulan lalu,2PCS WARNA HITAM - L,True,Anonymous,0,False,False,
Paket Isi 2Pcs 50Rb Kaos Distro Motif Simple Cocok Untuk Pria Dan Wanita Motif Random,1976764014,5,Kualitas produk: Bagus,1772934466,1 bulan lalu,ABU MUDA+TOSCA - L,True,Anonymous,0,False,False,
Paket Isi 2Pcs 50Rb Kaos Distro Motif Simple Cocok Untuk Pria Dan Wanita Motif Random,1976759687,5,Bagus enak d pakenya gk panas,1772934314,1 bulan lalu,WARDAH+COKSU - L,True,Anonymous,0,False,False,
Paket Isi 2Pcs 50Rb Kaos Distro Motif Simple Cocok Untuk Pria Dan Wanita Motif Random,1976732806,5,Udah dateng paket bajunya semalam..terima kasih,1772933324,1 bulan lalu,BIRU MUDA+DUSTY - M,True,Anonymous,0,True,False,
Paket Isi 2Pcs 50Rb Kaos Distro Motif Simple Cocok Untuk Pria Dan Wanita Motif Random,1976669321,5,"Sesuai pesanan ,bahan halus bagus lumayan tebal",1772930493,1 bulan lalu,PUTIH+HITAM - XXL,True,Anonymous,0,True,False,
Paket Isi 2Pcs 50Rb Kaos Distro Motif Simple Cocok Untuk Pria Dan Wanita Motif Random,1976652720,5,"Bagus bajunya pas dipakai. Sesuai pesanan bahannya teball 
Sangat bagus dengan harga segitu. Mantapp",1772929621,1 bulan lalu,ALMOND+HITAM - XXL,True,Anonymous,0,True,False,
Paket Isi 2Pcs 50Rb Kaos Distro Motif Simple Cocok Untuk Pria Dan Wanita Motif Random,1976617838,5,Bagus bahanya halls suami saya suka,1772927580,1 bulan lalu,ABU MUDA+TOSCA - M,True,Anonymous,0,False,False,
Paket Isi 2Pcs 50Rb Kaos Distro Motif Simple Cocok Untuk Pria Dan Wanita Motif Random,1976605603,5,Sesuai,1772926740,1 bulan lalu,TERACOTA +BIRU MUDA - XL,True,Anonymous,0,True,False,
Paket Isi 2Pcs 50Rb Kaos Distro Motif Simple Cocok Untuk Pria Dan Wanita Motif Random,1976600810,4,"Alhamdulillah paketnya sudah datang, suami suka alhamdulillah bahan nya adem pas di badan suami.. 
Tpi yg sya pesan wrna hitam nya ko jdi warna hijau tua yaa.. 

Tpi gk pph suami ttp suka",1772926413,1 bulan lalu,HITAM+ABU TUA - XL,True,Anonymous,0,True,False,
Paket Isi 2Pcs 50Rb Kaos Distro Motif Simple Cocok Untuk Pria Dan Wanita Motif Random,1976585477,5,Bagus,1772925329,1 bulan lalu,HIJAU BOTOL +ABU TUA - L,True,Anonymous,0,False,False,
Paket Isi 2Pcs 50Rb Kaos Distro Motif Simple Cocok Untuk Pria Dan Wanita Motif Random,1976578030,5,Bagus udh 2x ceo sangat puas,1772924776,1 bulan lalu,HITAM+NAVY - L,True,Anonymous,0,False,False,
Paket Isi 2Pcs 50Rb Kaos Distro Motif Simple Cocok Untuk Pria Dan Wanita Motif Random,1976493505,5,"Barang baik,pesenan sesuai,kurir baik nahan nya bagus jaitan nya rapi.",1772919698,1 bulan lalu,COKSU+ABU MUDA - L,True,Anonymous,0,False,False,
Paket Isi 2Pcs 50Rb Kaos Distro Motif Simple Cocok Untuk Pria Dan Wanita Motif Random,1976442286,5,Bgs,1772917497,1 bulan lalu,TOSCA+COKPOL - M,True,Anonymous,0,False,False,
Paket Isi 2Pcs 50Rb Kaos Distro Motif Simple Cocok Untuk Pria Dan Wanita Motif Random,1976433613,5,Sesuai iklan,1772917075,1 bulan lalu,HIJAU BOTOL +ABU TUA - L,True,Anonymous,0,False,False,
Paket Isi 2Pcs 50Rb Kaos Distro Motif Simple Cocok Untuk Pria Dan Wanita Motif Random,1976391143,5,"Ya Alloh  bner ,, amanah banget bagus Skali pmbelian nya sangat puas sekali datang nya cepet lagi",1772913902,1 bulan lalu,HITAM+NAVY - L,True,Anonymous,0,True,False,
Paket Isi 2Pcs 50Rb Kaos Distro Motif Simple Cocok Untuk Pria Dan Wanita Motif Random,1976383299,5,bagus bgt baju nya.tebel tp aku slh pih sais kegedean tp GK pp sh dari PD kkcilan,1772913018,1 bulan lalu,NAVY+ABU TUA - XL,True,Anonymous,0,True,False,
Paket Isi 2Pcs 50Rb Kaos Distro Motif Simple Cocok Untuk Pria Dan Wanita Motif Random,1976354255,5,Bagus banget.bhnnya tebel.tp sayang kegedean dikit.,1772909293,1 bulan lalu,HITAM+ABU TUA - XXXL,True,Anonymous,0,True,False,
Paket Isi 2Pcs 50Rb Kaos Distro Motif Simple Cocok Untuk Pria Dan Wanita Motif Random,1976291490,4,Pesen warna hitam almond tapi yang datang warna nevi almond tapi ga papalah barangnya bagus sesuai di poto,1772903984,1 bulan lalu,ALMOND+HITAM - L,True,Anonymous,0,False,False,
Paket Isi 2Pcs 50Rb Kaos Distro Motif Simple Cocok Untuk Pria Dan Wanita Motif Random,1975995250,1,KK maaf ya. Sy pesan baju kaos coksu n itam ukuran M dewasa. Kok di kirim ukuran anak SD kls 3.,1772893418,1 bulan lalu,COKSU+HITAM - M,True,Anonymous,0,True,False,
Paket Isi 2Pcs 50Rb Kaos Distro Motif Simple Cocok Untuk Pria Dan Wanita Motif Random,1975993872,5,mantap kainnya adem dan agak tebel 👍,1772893383,1 bulan lalu,NAVY+ABU TUA - XXL,False,Agoes,0,False,False,Terima kasih telah berbelanja di INDAH MODE 20. Bagikan link toko kami https://www.tokopedia.com/indah-mode-20 kepada teman-teman kamu. Jangan lupa follow toko kami untuk tahu update terbaru tentang stok dan produk yang kami tawarkan.
Paket Isi 2Pcs 50Rb Kaos Distro Motif Simple Cocok Untuk Pria Dan Wanita Motif Random,1975979674,5,bahan nya bagus pengiriman cepat toko amanah mantap,1772893018,1 bulan lalu,HIJAU BOTOL +ABU TUA - XXL,True,Anonymous,0,True,False,
Paket Isi 2Pcs 50Rb Kaos Distro Motif Simple Cocok Untuk Pria Dan Wanita Motif Random,1975971289,4,"Warna nya beda satu,,abu muda tp yg dikirim biru muda",1772892804,1 bulan lalu,ABU MUDA+TOSCA - XXXL,True,Anonymous,0,True,False,
Paket Isi 2Pcs 50Rb Kaos Distro Motif Simple Cocok Untuk Pria Dan Wanita Motif Random,1975965194,5,Paket udah sampai dan gak sesuai warnanya tapi gakpapa lah,1772892648,1 bulan lalu,ALMOND+KUNING - XXXL,True,Anonymous,0,False,False,
Paket Isi 2Pcs 50Rb Kaos Distro Motif Simple Cocok Untuk Pria Dan Wanita Motif Random,1975941629,5,Bahan nya tebal dn pas dibadan ank sya,1772892072,1 bulan lalu,ABU TUA +TERACOTA - M,True,Anonymous,0,False,False,
Paket Isi 2Pcs 50Rb Kaos Distro Motif Simple Cocok Untuk Pria Dan Wanita Motif Random,1975892103,5,"Warna dan bahan sangat sesuai , dan nyaman dipakai tidak menerawang",1772890889,1 bulan lalu,ABU MUDA+TOSCA - XL,True,Anonymous,0,False,False,
Paket Isi 2Pcs 50Rb Kaos Distro Motif Simple Cocok Untuk Pria Dan Wanita Motif Random,1975849945,5,Bagus kaosnya,1772889885,1 bulan lalu,ABU MUDA+TOSCA - M,True,Anonymous,0,False,False,
Paket Isi 2Pcs 50Rb Kaos Distro Motif Simple Cocok Untuk Pria Dan Wanita Motif Random,1975777710,5,mksh paket dh dtg,1772888201,1 bulan lalu,COKSU+ABU MUDA - XL,True,Anonymous,0,False,False,
Paket Isi 2Pcs 50Rb Kaos Distro Motif Simple Cocok Untuk Pria Dan Wanita Motif Random,1975773397,5,"relpik sesuai warna,,kaos ny jg adem mkasih,pokonya suka bnget",1772888103,1 bulan lalu,ALMOND+HITAM - XXL,True,Anonymous,0,False,False,
Paket Isi 2Pcs 50Rb Kaos Distro Motif Simple Cocok Untuk Pria Dan Wanita Motif Random,1975762239,5,Bagus anak sya suka cuman kurang besar,1772887851,1 bulan lalu,HITAM+NAVY - M,True,Anonymous,0,False,False,
Paket Isi 2Pcs 50Rb Kaos Distro Motif Simple Cocok Untuk Pria Dan Wanita Motif Random,1975730604,3,Pesen baju warna item malah yg datang  biru jungga,1772887158,1 bulan lalu,HITAM+ABU TUA - XL,True,Anonymous,0,False,False,
Paket Isi 2Pcs 50Rb Kaos Distro Motif Simple Cocok Untuk Pria Dan Wanita Motif Random,1975685267,5,"Kualitas produk: Sangat oke,,",1772886206,1 bulan lalu,KUNING+WARDAH - L,True,Anonymous,0,True,False,
Paket Isi 2Pcs 50Rb Kaos Distro Motif Simple Cocok Untuk Pria Dan Wanita Motif Random,1975660315,3,Sesuai,1772885723,1 bulan lalu,WARDAH+COKSU - L,True,Anonymous,0,False,False,
Paket Isi 2Pcs 50Rb Kaos Distro Motif Simple Cocok Untuk Pria Dan Wanita Motif Random,1975651979,5,"Kualitas produk: Bagus
Pesanan sdh dtang, cm salah milih ukuran 🤦‍♂️",1772885565,1 bulan lalu,ABU MUDA+TOSCA - L,True,Anonymous,0,True,False,
Paket Isi 2Pcs 50Rb Kaos Distro Motif Simple Cocok Untuk Pria Dan Wanita Motif Random,1975633162,4,Barangnya udah nyampe bagus bahannya adem pas. Bnget di anak saya,1772885213,1 bulan lalu,HIJAU BOTOL +ABU TUA - L,True,Anonymous,0,False,False,
Paket Isi 2Pcs 50Rb Kaos Distro Motif Simple Cocok Untuk Pria Dan Wanita Motif Random,1975609427,5,Kualitas produk: Bahan baju kaos sangat bagus dan pas sekali dan ukuran sangat pas,1772884755,1 bulan lalu,HITAM+NAVY - XL,True,Anonymous,0,False,False,
Paket Isi 2Pcs 50Rb Kaos Distro Motif Simple Cocok Untuk Pria Dan Wanita Motif Random,1975599647,4,Lumayan bagus,1772884566,1 bulan lalu,HITAM+NAVY - XL,True,Anonymous,0,False,False,
Paket Isi 2Pcs 50Rb Kaos Distro Motif Simple Cocok Untuk Pria Dan Wanita Motif Random,1975597883,4,Mantap walaupun datangnya agak lama,1772884533,1 bulan lalu,PUTIH+HITAM - XL,True,Anonymous,0,False,False,
Paket Isi 2Pcs 50Rb Kaos Distro Motif Simple Cocok Untuk Pria Dan Wanita Motif Random,1975588758,5,bahan nya tebal. mantap,1772884359,1 bulan lalu,HITAM+NAVY - XL,False,Abdul,0,False,False,Terima kasih telah berbelanja di INDAH MODE 20. Bagikan link toko kami https://www.tokopedia.com/indah-mode-20 kepada teman-teman kamu. Jangan lupa follow toko kami untuk tahu update terbaru tentang stok dan produk yang kami tawarkan.
Paket Isi 2Pcs 50Rb Kaos Distro Motif Simple Cocok Untuk Pria Dan Wanita Motif Random,1975570926,5,Bagus,1772884005,1 bulan lalu,HITAM+NAVY - M,True,Anonymous,0,False,False,
Paket Isi 2Pcs 50Rb Kaos Distro Motif Simple Cocok Untuk Pria Dan Wanita Motif Random,1975563123,5,barang bagus sesuai dengan barang yah terimakasih banyak,1772883845,1 bulan lalu,ABU MUDA+TOSCA - L,True,Anonymous,0,False,False,
Paket Isi 2Pcs 50Rb Kaos Distro Motif Simple Cocok Untuk Pria Dan Wanita Motif Random,1975470742,4,Kualitas produk: bagus bahanya juga tebel gak nerawang,1772881588,1 bulan lalu,HITAM+NAVY - L,True,Anonymous,0,True,False,
Paket Isi 2Pcs 50Rb Kaos Distro Motif Simple Cocok Untuk Pria Dan Wanita Motif Random,1975461633,5,Bagus.bahan adem . Gk tebel gk tipis .,1772881390,1 bulan lalu,ALMOND+HITAM - XL,True,Anonymous,0,True,False,
Paket Isi 2Pcs 50Rb Kaos Distro Motif Simple Cocok Untuk Pria Dan Wanita Motif Random,1975450130,5,Ga nyangka bahan nya sebagus ini😍😍,1772881138,1 bulan lalu,ALMOND+HITAM - XL,True,Anonymous,0,True,False,
Paket Isi 2Pcs 50Rb Kaos Distro Motif Simple Cocok Untuk Pria Dan Wanita Motif Random,1975317817,5,Bahan bagus tebal..harga murce saya suka bangetttt😍😍😍😍😍😍 nexs order lagi,1772878243,1 bulan lalu,KUNING+WARDAH - M,True,Anonymous,0,True,False,
Paket Isi 2Pcs 50Rb Kaos Distro Motif Simple Cocok Untuk Pria Dan Wanita Motif Random,1975215922,5,Ok,1772875907,1 bulan lalu,MARUN+HITAM - L,True,Anonymous,0,False,False,
Paket Isi 2Pcs 50Rb Kaos Distro Motif Simple Cocok Untuk Pria Dan Wanita Motif Random,1975197689,5,"Bahan bagus, cmn ukuran L agak kekecilan dikit",1772875483,1 bulan lalu,HITAM+NAVY - L,True,Anonymous,0,False,False,
Paket Isi 2Pcs 50Rb Kaos Distro Motif Simple Cocok Untuk Pria Dan Wanita Motif Random,1975195981,5,Bagus,1772875440,1 bulan lalu,NAVY+ABU TUA - XL,True,Anonymous,0,False,False,
Paket Isi 2Pcs 50Rb Kaos Distro Motif Simple Cocok Untuk Pria Dan Wanita Motif Random,1975122939,5,Alhamdulillah warna sesuai suka banget bahan adem suamiku suka,1772873721,1 bulan lalu,ABU MUDA+TOSCA - XXL,True,Anonymous,0,False,False,
Paket Isi 2Pcs 50Rb Kaos Distro Motif Simple Cocok Untuk Pria Dan Wanita Motif Random,1975076671,5,"Bahan lumayan tebal, dan ukurannya pas",1772872723,1 bulan lalu,HITAM+NAVY - M,True,Anonymous,0,False,False,
Paket Isi 2Pcs 50Rb Kaos Distro Motif Simple Cocok Untuk Pria Dan Wanita Motif Random,1975076666,5,"Kualitas bagus, bahan lumayan tebel dan ukurannya pas.",1772872723,1 bulan lalu,MARUN+HIJAU BOTOL - XL,True,Anonymous,0,False,False,
Paket Isi 2Pcs 50Rb Kaos Distro Motif Simple Cocok Untuk Pria Dan Wanita Motif Random,1974790989,5,"Kualitas bahan bagu,adem ,lembut,ukurannya juga pas",1772866214,1 bulan lalu,TOSCA+COKPOL - XL,True,Anonymous,0,False,False,
Paket Isi 2Pcs 50Rb Kaos Distro Motif Simple Cocok Untuk Pria Dan Wanita Motif Random,1974667786,5,bagus bgt bhn ny juga tebell suami aku suka udh gtu wrna ny juga cakep,1772863592,1 bulan lalu,MARUN+HITAM - XL,True,Anonymous,0,False,False,
Paket Isi 2Pcs 50Rb Kaos Distro Motif Simple Cocok Untuk Pria Dan Wanita Motif Random,1974566639,5,Bagus,1772861637,1 bulan lalu,NAVY+ABU TUA - M,True,Anonymous,0,False,False,
Paket Isi 2Pcs 50Rb Kaos Distro Motif Simple Cocok Untuk Pria Dan Wanita Motif Random,1974497949,5,"Bgs bngt bhn adem , GK tipis Poko nya MH the best...",1772860368,1 bulan lalu,COKSU+ABU MUDA - L,True,Anonymous,0,True,False,
Paket Isi 2Pcs 50Rb Kaos Distro Motif Simple Cocok Untuk Pria Dan Wanita Motif Random,1974452960,5,"bagus banget,ukuran nya pas",1772859560,1 bulan lalu,TERACOTA +BIRU MUDA - XL,True,Anonymous,0,False,False,
Paket Isi 2Pcs 50Rb Kaos Distro Motif Simple Cocok Untuk Pria Dan Wanita Motif Random,1974452963,5,bagus,1772859560,1 bulan lalu,COKSU+HITAM - XL,True,Anonymous,0,False,False,
Paket Isi 2Pcs 50Rb Kaos Distro Motif Simple Cocok Untuk Pria Dan Wanita Motif Random,1974425495,5,"Istimewa, sangat bagus sekali kaosnya👍, ini tokonya amanah, mantap sy kasih bintang 5👌",1772859069,1 bulan lalu,2PCS WARNA HITAM - XXL,True,Anonymous,0,False,False,
Paket Isi 2Pcs 50Rb Kaos Distro Motif Simple Cocok Untuk Pria Dan Wanita Motif Random,1974291225,5,"Kualitas produk: Bagus banget paket dtang sesuai pesenan, Bhan tebal Bhan juga adem gak pnas",1772856670,1 bulan lalu,ABU MUDA+TOSCA - XL,True,Anonymous,0,True,False,
Paket Isi 2Pcs 50Rb Kaos Distro Motif Simple Cocok Untuk Pria Dan Wanita Motif Random,1974234243,5,Kualitas produk: Sesuai barga,1772855587,1 bulan lalu,HITAM+NAVY - M,True,Anonymous,0,False,False,
Paket Isi 2Pcs 50Rb Kaos Distro Motif Simple Cocok Untuk Pria Dan Wanita Motif Random,1974081346,5,"Bahan nya bagus banget,Nex pesen lagi",1772852436,1 bulan lalu,COKSU+HITAM - M,True,Anonymous,0,False,False,
Paket Isi 2Pcs 50Rb Kaos Distro Motif Simple Cocok Untuk Pria Dan Wanita Motif Random,1974071327,5,ok,1772852213,1 bulan lalu,MARUN+HITAM - L,True,Anonymous,0,False,False,
Paket Isi 2Pcs 50Rb Kaos Distro Motif Simple Cocok Untuk Pria Dan Wanita Motif Random,1974046901,5,harga murce tapi bagus banget 56 ribu udah dapet 2 pics kaos bahan bagus juga adem pokoknya biar bintang yang berbicara ⭐⭐⭐⭐⭐⭐⭐⭐,1772851786,1 bulan lalu,COKPOL+PLUM - XL,True,Anonymous,0,False,False,
Paket Isi 2Pcs 50Rb Kaos Distro Motif Simple Cocok Untuk Pria Dan Wanita Motif Random,1973849305,5,"Alhamdulillah paket sudah datang,bkaos nya bagus adem pula,anakku suka banget,,makasih seller makasih Abang kurir🙏",1772846134,1 bulan lalu,MARUN+HIJAU BOTOL - L,True,Anonymous,0,False,False,
Paket Isi 2Pcs 50Rb Kaos Distro Motif Simple Cocok Untuk Pria Dan Wanita Motif Random,1973809701,5,Tebel kaosnya saya suka,1772844544,1 bulan lalu,NAVY+MARUN - XL,True,Anonymous,0,False,False,
Paket Isi 2Pcs 50Rb Kaos Distro Motif Simple Cocok Untuk Pria Dan Wanita Motif Random,1973763958,5,Bahan bagus cuma GK melar ku kira melar lentur GPP dgn harga segitu oke lh,1772842395,1 bulan lalu,HITAM+ABU TUA - XL,True,Anonymous,0,False,False,
Paket Isi 2Pcs 50Rb Kaos Distro Motif Simple Cocok Untuk Pria Dan Wanita Motif Random,1973712468,5,sangat memuaskan bahan adem,1772839434,1 bulan lalu,PUTIH+HITAM - XL,True,Anonymous,0,False,False,
Paket Isi 2Pcs 50Rb Kaos Distro Motif Simple Cocok Untuk Pria Dan Wanita Motif Random,1973710433,4,"𝙼𝚊𝚊𝚏 𝚋𝚊𝚛𝚞 𝚔𝚊𝚜𝚒𝚑 𝚞𝚕𝚊𝚜𝚊𝚗
Kualitas produk: 𝙺𝚊𝚒𝚗 𝚗𝚢𝚊 𝚝𝚒𝚙𝚒𝚜
𝚆𝚊𝚛𝚗𝚊 𝚢𝚐 𝚍𝚒 𝚖𝚒𝚗𝚝𝚊 𝚜𝚊𝚖𝚊 𝚢𝚐 𝚍𝚒𝚔𝚒𝚛𝚒𝚖 𝚋𝚎𝚍𝚊... 𝙿𝚎𝚜𝚎𝚗 𝚗𝚢𝚊 𝚑𝚒𝚝𝚊𝚖 𝚢𝚐 𝚍𝚊𝚝𝚊𝚗𝚐 𝚗𝚊𝚟𝚢
𝙼𝚘𝚑𝚘𝚗 𝚕𝚊𝚒𝚗 𝚔𝚊𝙻𝚒 𝚍𝚒 𝚔𝚘𝚛𝚎𝚔𝚜𝚒 𝚔𝚎𝚖𝚋𝚊𝚕𝚒 𝚜𝚎𝚋𝚎𝚕𝚞𝚖 𝚍𝚒𝚔𝚒𝚛𝚒𝚖",1772839314,1 bulan lalu,ALMOND+HITAM - XL,True,Anonymous,0,True,False,
Paket Isi 2Pcs 50Rb Kaos Distro Motif Simple Cocok Untuk Pria Dan Wanita Motif Random,1973614139,5,"Alhamdulillah barang sudah sampe, barangnya bagus warna juga bagus.. sesuai harga kainnya juga halus dan adem, kurirnya baik dan ramah.. terimakasih seler, tokonya amanah",1772833664,1 bulan lalu,HIJAU BOTOL +ABU TUA - XL,True,Anonymous,0,False,False,
Paket Isi 2Pcs 50Rb Kaos Distro Motif Simple Cocok Untuk Pria Dan Wanita Motif Random,1973221575,5,"Kualitas produk: Kaosnya tebal ,bahan halus , pas dipakai",1772810399,1 bulan lalu,MARUN+HIJAU BOTOL - L,True,Anonymous,0,False,False,
Paket Isi 2Pcs 50Rb Kaos Distro Motif Simple Cocok Untuk Pria Dan Wanita Motif Random,1973217988,5,"Alhamdulillah paket nya sesuai banget , pengiriman nya juga cepet , bahan nya tebal lembut dan melar, semoga amanah selalu ya tokonya, kurir nya juga ramah",1772810296,1 bulan lalu,HITAM+NAVY - XL,True,Anonymous,0,False,False,
Paket Isi 2Pcs 50Rb Kaos Distro Motif Simple Cocok Untuk Pria Dan Wanita Motif Random,1973216843,4,"Kaosnya bagus, bahan tebel, cuma q yg salah pilih ukuran, karna kurang besar di badan anak q, untuk pelayanan nya sangat memuaskan, terimakasih",1772810264,1 bulan lalu,COKSU+HITAM - M,True,Anonymous,0,False,False,
Paket Isi 2Pcs 50Rb Kaos Distro Motif Simple Cocok Untuk Pria Dan Wanita Motif Random,1973190531,5,"Terima Ksh Sdh Sampai, Bahan Bagus, Kwalitas Jg Bagus",1772809513,1 bulan lalu,HITAM+NAVY - XXL,True,Anonymous,0,False,False,
Paket Isi 2Pcs 50Rb Kaos Distro Motif Simple Cocok Untuk Pria Dan Wanita Motif Random,1973190529,5,"Terima Kasih, Sdh Sampai...
Bahan Bagus, Kwalitas Jg Bagus",1772809513,1 bulan lalu,TERACOTA +BIRU MUDA - L,True,Anonymous,0,False,False,
Paket Isi 2Pcs 50Rb Kaos Distro Motif Simple Cocok Untuk Pria Dan Wanita Motif Random,1973171700,5,"Bahan oke., tebal",1772809008,1 bulan lalu,COKPOL+PLUM - L,True,Anonymous,0,False,False,
Paket Isi 2Pcs 50Rb Kaos Distro Motif Simple Cocok Untuk Pria Dan Wanita Motif Random,1973104592,5,Kualitas produk: Ok,1772807342,1 bulan lalu,HITAM+NAVY - L,True,Anonymous,0,False,False,
Paket Isi 2Pcs 50Rb Kaos Distro Motif Simple Cocok Untuk Pria Dan Wanita Motif Random,1973042467,5,Bahan bagus,1772805907,1 bulan lalu,COKSU+ABU MUDA - L,True,Anonymous,0,True,False,
Paket Isi 2Pcs 50Rb Kaos Distro Motif Simple Cocok Untuk Pria Dan Wanita Motif Random,1973014664,5,Kualitas produk: Bagus,1772805283,1 bulan lalu,COKSU+ABU MUDA - L,True,Anonymous,0,False,False,
Paket Isi 2Pcs 50Rb Kaos Distro Motif Simple Cocok Untuk Pria Dan Wanita Motif Random,1972968030,5,"Kualitas produk bagus,jahitan rapih bahan lumayan tebel",1772804259,1 bulan lalu,HITAM+NAVY - L,True,Anonymous,0,False,False,
Paket Isi 2Pcs 50Rb Kaos Distro Motif Simple Cocok Untuk Pria Dan Wanita Motif Random,1972933050,5,"Bagus bajunya, tebel, tidak tipis, melar, nyaman dipakai, adem bahan nya. Suka bgt, pas di suamiku yg bb 95 ukuran 3xl",1772803505,1 bulan lalu,TOSCA+COKPOL - XXXL,True,Anonymous,0,True,False,
Paket Isi 2Pcs 50Rb Kaos Distro Motif Simple Cocok Untuk Pria Dan Wanita Motif Random,1972921211,5,Bagus,1772803242,1 bulan lalu,MARUN+HITAM - L,True,Anonymous,0,True,False,
Paket Isi 2Pcs 50Rb Kaos Distro Motif Simple Cocok Untuk Pria Dan Wanita Motif Random,1972710213,5,"Alhamdulillah dh sampe paket nya warna nya sesuai pesanan bahannya okee, Abang kurirnya ramah dh langganan, terimakasih tiktok shope 🙏",1772799044,1 bulan lalu,NAVY+MARUN - M,True,Anonymous,0,False,False,
Paket Isi 2Pcs 50Rb Kaos Distro Motif Simple Cocok Untuk Pria Dan Wanita Motif Random,1972710223,5,"Paket nya dh sampai warnanya sesuai dengan foto nya bahannya juga bagus, Abang kurirnya dh langganan, 👍👍 terimakasih tiktok shope 🙏",1772799044,1 bulan lalu,ABU MUDA+TOSCA - M,True,Anonymous,0,True,False,
Paket Isi 2Pcs 50Rb Kaos Distro Motif Simple Cocok Untuk Pria Dan Wanita Motif Random,1972682430,4,👍,1772798569,1 bulan lalu,MARUN+HITAM - L,True,Anonymous,0,False,False,
Paket Isi 2Pcs 50Rb Kaos Distro Motif Simple Cocok Untuk Pria Dan Wanita Motif Random,1972566199,5,Bagus,1772796311,1 bulan lalu,BIRU MUDA+DUSTY - M,True,Anonymous,0,True,False,
Paket Isi 2Pcs 50Rb Kaos Distro Motif Simple Cocok Untuk Pria Dan Wanita Motif Random,1972472254,5,Sesuai,1772794258,1 bulan lalu,NAVY+ABU TUA - XXL,True,Anonymous,0,False,False,
Paket Isi 2Pcs 50Rb Kaos Distro Motif Simple Cocok Untuk Pria Dan Wanita Motif Random,1972373486,5,Sesuai,1772792232,1 bulan lalu,HITAM+NAVY - XXXL,True,Anonymous,0,False,False,
Paket Isi 2Pcs 50Rb Kaos Distro Motif Simple Cocok Untuk Pria Dan Wanita Motif Random,1972274845,4,"Suami suka... Pas bngt ukuran ya... Gak mengecewakan,, next order lagi",1772790066,1 bulan lalu,ABU MUDA+TOSCA - L,True,Anonymous,0,True,False,
Paket Isi 2Pcs 50Rb Kaos Distro Motif Simple Cocok Untuk Pria Dan Wanita Motif Random,1972115972,5,Paket dah sampai sesuai pesanan dan ukuran pas bget sm anakku Terima kasih tokonya sdh amanah,1772786377,1 bulan lalu,MARUN+HITAM - M,True,Anonymous,0,False,False,
Paket Isi 2Pcs 50Rb Kaos Distro Motif Simple Cocok Untuk Pria Dan Wanita Motif Random,1972111750,5,Oke,1772786280,1 bulan lalu,PLUM+ALMOND - XXL,True,Anonymous,0,False,False,
Paket Isi 2Pcs 50Rb Kaos Distro Motif Simple Cocok Untuk Pria Dan Wanita Motif Random,1971971075,5,"ok sesuai ukuran dan warna&#39;y
Kualitas produk: baik",1772783038,1 bulan lalu,HITAM+ABU TUA - L,True,Anonymous,0,True,False,
Paket Isi 2Pcs 50Rb Kaos Distro Motif Simple Cocok Untuk Pria Dan Wanita Motif Random,1971874151,5,Pengemasan aman XXL nya gede bnget ternyta..,1772780880,1 bulan lalu,TOSCA+COKPOL - XXL,True,Anonymous,0,True,False,
Paket Isi 2Pcs 50Rb Kaos Distro Motif Simple Cocok Untuk Pria Dan Wanita Motif Random,1971819652,5,bagus bahan adem,1772779683,1 bulan lalu,ALMOND+HITAM - XL,True,Anonymous,0,False,False,
Paket Isi 2Pcs 50Rb Kaos Distro Motif Simple Cocok Untuk Pria Dan Wanita Motif Random,1971801280,5,Kualitas produk: Bhan halus,1772779287,1 bulan lalu,ALMOND+KUNING - L,True,Anonymous,0,False,False,
Paket Isi 2Pcs 50Rb Kaos Distro Motif Simple Cocok Untuk Pria Dan Wanita Motif Random,1971792538,5,Bagus sesuai ekspektasi buat kalian yang lagi nyari baju kaos mending di sinih ajh slain murah tp bahanya bukan kaleng&#34;,1772779100,1 bulan lalu,ABU MUDA+TOSCA - XL,True,Anonymous,0,True,False,
Paket Isi 2Pcs 50Rb Kaos Distro Motif Simple Cocok Untuk Pria Dan Wanita Motif Random,1971784447,5,Kualitas produk: Bagus bahan tebal nex ordel lagi,1772778922,1 bulan lalu,TERACOTA +BIRU MUDA - M,True,Anonymous,0,True,False,
Paket Isi 2Pcs 50Rb Kaos Distro Motif Simple Cocok Untuk Pria Dan Wanita Motif Random,1971729799,5,Bagus,1772777727,1 bulan lalu,ABU MUDA+TOSCA - XL,True,Anonymous,0,False,False,
Paket Isi 2Pcs 50Rb Kaos Distro Motif Simple Cocok Untuk Pria Dan Wanita Motif Random,1971569508,5,Bajunya bagus 👍👍👍,1772774368,1 bulan lalu,NAVY+ABU TUA - XL,True,Anonymous,0,True,False,
Paket Isi 2Pcs 50Rb Kaos Distro Motif Simple Cocok Untuk Pria Dan Wanita Motif Random,1971394505,5,Bagus dan tebel,1772771152,1 bulan lalu,ABU MUDA+TOSCA - XL,True,Anonymous,0,False,False,
Paket Isi 2Pcs 50Rb Kaos Distro Motif Simple Cocok Untuk Pria Dan Wanita Motif Random,1971353448,5,"Alhamdulillah paket nya udah sampe dan bagus bgt baju nya, pas di anak q",1772770419,1 bulan lalu,ABU MUDA+TOSCA - L,True,Anonymous,0,True,True,
Paket Isi 2Pcs 50Rb Kaos Distro Motif Simple Cocok Untuk Pria Dan Wanita Motif Random,1971287898,5,Paket sesuai pesanan,1772769162,1 bulan lalu,HITAM+NAVY - L,True,Anonymous,0,False,False,
Paket Isi 2Pcs 50Rb Kaos Distro Motif Simple Cocok Untuk Pria Dan Wanita Motif Random,1971214062,5,Kualitas produk: Bagus bahan halus lembut adem nyaman dipakai pokoknya mantap,1772767666,1 bulan lalu,HITAM+BIRU MUDA - XL,True,Anonymous,0,True,False,
Paket Isi 2Pcs 50Rb Kaos Distro Motif Simple Cocok Untuk Pria Dan Wanita Motif Random,1971197508,5,"Alhamdulillah paketnya udah nyampe rumah kata adek saya suka dengan bajunya
Kualitas produk: Nyaman di pakai sama pas di pakainya",1772767306,1 bulan lalu,HITAM+NAVY - XL,True,Anonymous,0,False,False,
Paket Isi 2Pcs 50Rb Kaos Distro Motif Simple Cocok Untuk Pria Dan Wanita Motif Random,1971106851,5,Bagus bahannya adem,1772765210,1 bulan lalu,BIRU MUDA+DUSTY - L,True,Anonymous,0,False,False,
Paket Isi 2Pcs 50Rb Kaos Distro Motif Simple Cocok Untuk Pria Dan Wanita Motif Random,1971017430,5,"lumayan sesuai dgn harga 
bhn adem...",1772762885,1 bulan lalu,PUTIH+HITAM - XL,True,Anonymous,0,False,False,
Paket Isi 2Pcs 50Rb Kaos Distro Motif Simple Cocok Untuk Pria Dan Wanita Motif Random,1971004785,5,Kualitas produk: Bagus bahan nya halus dan adem nyaman di pake ukuran nya pas buat saya makasih banyak buat toko nya.. Pengiriman cepat pokoknya mantap..,1772762520,1 bulan lalu,HIJAU BOTOL +ABU TUA - XL,True,Anonymous,0,False,False,
Paket Isi 2Pcs 50Rb Kaos Distro Motif Simple Cocok Untuk Pria Dan Wanita Motif Random,1970959792,5,Barang bagus sesuai dg di photo,1772761139,1 bulan lalu,COKSU+ABU MUDA - L,True,Anonymous,0,False,False,
Paket Isi 2Pcs 50Rb Kaos Distro Motif Simple Cocok Untuk Pria Dan Wanita Motif Random,1970914788,5,Bagus,1772759646,1 bulan lalu,NAVY+ABU TUA - XL,True,Anonymous,0,False,False,
Paket Isi 2Pcs 50Rb Kaos Distro Motif Simple Cocok Untuk Pria Dan Wanita Motif Random,1970614525,5,sesuai harga,1772745520,1 bulan lalu,HITAM+NAVY - XL,False,Yuli,0,False,False,Terima kasih telah berbelanja di INDAH MODE 20. Bagikan link toko kami https://www.tokopedia.com/indah-mode-20 kepada teman-teman kamu. Jangan lupa follow toko kami untuk tahu update terbaru tentang stok dan produk yang kami tawarkan.
Paket Isi 2Pcs 50Rb Kaos Distro Motif Simple Cocok Untuk Pria Dan Wanita Motif Random,1970614090,5,Kualitas produk: Adem tebal,1772745504,1 bulan lalu,HITAM+ABU TUA - XL,True,Anonymous,0,False,False,
Paket Isi 2Pcs 50Rb Kaos Distro Motif Simple Cocok Untuk Pria Dan Wanita Motif Random,1970579239,5,"Bagus bajunya , bahan adem juga lembut terimakasih kk 🙏👍👍",1772744113,1 bulan lalu,HITAM+NAVY - L,True,Anonymous,1,True,False,
Paket Isi 2Pcs 50Rb Kaos Distro Motif Simple Cocok Untuk Pria Dan Wanita Motif Random,1970568942,5,Bagus sesuai gambar,1772743607,1 bulan lalu,PUTIH+HITAM - XL,True,Anonymous,0,False,False,
Paket Isi 2Pcs 50Rb Kaos Distro Motif Simple Cocok Untuk Pria Dan Wanita Motif Random,1970442115,5,Kren bangat,1772731333,1 bulan lalu,PUTIH+HITAM - M,True,Anonymous,0,False,False,
Paket Isi 2Pcs 50Rb Kaos Distro Motif Simple Cocok Untuk Pria Dan Wanita Motif Random,1970332659,5,"Kualitas produk: Oke ,,
Bahan Tebal , Nyaman Di Pakai,, 
Sesuai Pesanan , Real Pic,, 
Mantap Dehh Pokok Nya",1772726115,1 bulan lalu,BIRU MUDA+DUSTY - XL,True,Anonymous,0,True,False,
Paket Isi 2Pcs 50Rb Kaos Distro Motif Simple Cocok Untuk Pria Dan Wanita Motif Random,1970312083,5,Keren,1772725422,1 bulan lalu,TOSCA+COKPOL - M,True,Anonymous,0,False,False,
Paket Isi 2Pcs 50Rb Kaos Distro Motif Simple Cocok Untuk Pria Dan Wanita Motif Random,1970157056,5,Bagus,1772721214,1 bulan lalu,NAVY+ABU TUA - XXL,True,Anonymous,0,False,False,
Paket Isi 2Pcs 50Rb Kaos Distro Motif Simple Cocok Untuk Pria Dan Wanita Motif Random,1970023147,5,Mantap,1772718246,1 bulan lalu,NAVY+ABU TUA - XL,True,Anonymous,0,False,False,
Paket Isi 2Pcs 50Rb Kaos Distro Motif Simple Cocok Untuk Pria Dan Wanita Motif Random,1969929788,4,"Bagus, warna navi nya kehijau hijauan , bahan halus tebal",1772716292,1 bulan lalu,HITAM+NAVY - L,True,Anonymous,0,False,False,
Paket Isi 2Pcs 50Rb Kaos Distro Motif Simple Cocok Untuk Pria Dan Wanita Motif Random,1969912717,2,Waran gk secerah digambar,1772715945,1 bulan lalu,KUNING+WARDAH - XL,True,Anonymous,0,False,False,
Paket Isi 2Pcs 50Rb Kaos Distro Motif Simple Cocok Untuk Pria Dan Wanita Motif Random,1969912491,5,Bagus bahan adem,1772715940,1 bulan lalu,MARUN+HITAM - L,True,Anonymous,0,False,False,
Paket Isi 2Pcs 50Rb Kaos Distro Motif Simple Cocok Untuk Pria Dan Wanita Motif Random,1969893711,5,"Bahan nya bgus,adem n tebal
Wrna sesuai yg d pesan",1772715562,1 bulan lalu,WARDAH+COKSU - M,True,Anonymous,0,True,False,
Paket Isi 2Pcs 50Rb Kaos Distro Motif Simple Cocok Untuk Pria Dan Wanita Motif Random,1969836171,4,Lumayan lah sesuai harga. Makasih min,1772714415,1 bulan lalu,TERACOTA +BIRU MUDA - XL,True,Anonymous,0,False,False,
Paket Isi 2Pcs 50Rb Kaos Distro Motif Simple Cocok Untuk Pria Dan Wanita Motif Random,1969819414,5,Bahan tbel ok,1772714098,1 bulan lalu,ABU MUDA+TOSCA - M,True,Anonymous,0,False,False,
Paket Isi 2Pcs 50Rb Kaos Distro Motif Simple Cocok Untuk Pria Dan Wanita Motif Random,1969769096,5,"Kualitas nya oke,tokonya amanaha",1772713198,1 bulan lalu,COKSU+ABU MUDA - XL,True,Anonymous,0,False,False,
Paket Isi 2Pcs 50Rb Kaos Distro Motif Simple Cocok Untuk Pria Dan Wanita Motif Random,1969769122,5,Kualitas oke,1772713198,1 bulan lalu,HITAM+NAVY - M,True,Anonymous,0,False,False,
Paket Isi 2Pcs 50Rb Kaos Distro Motif Simple Cocok Untuk Pria Dan Wanita Motif Random,1969661613,5,Pengiriman cepet bahan tbel ok lah,1772711395,1 bulan lalu,ABU MUDA+TOSCA - L,True,Anonymous,0,False,False,
Paket Isi 2Pcs 50Rb Kaos Distro Motif Simple Cocok Untuk Pria Dan Wanita Motif Random,1969624662,5,Sip mantap sesuai pesanan,1772710726,1 bulan lalu,COKSU+ABU MUDA - XL,True,Anonymous,0,False,False,
Paket Isi 2Pcs 50Rb Kaos Distro Motif Simple Cocok Untuk Pria Dan Wanita Motif Random,1969577503,5,Kualitas produk: Bagus,1772709716,1 bulan lalu,PUTIH+HITAM - XL,True,Anonymous,0,False,False,
Paket Isi 2Pcs 50Rb Kaos Distro Motif Simple Cocok Untuk Pria Dan Wanita Motif Random,1969562445,5,"Kualitas produk: Bagus
Sesuai harga kaosnya lembut",1772709341,1 bulan lalu,PUTIH+HITAM - XL,True,Anonymous,0,False,False,
Paket Isi 2Pcs 50Rb Kaos Distro Motif Simple Cocok Untuk Pria Dan Wanita Motif Random,1969487671,5,Sangat puas dengan kualitas nya ukuran pas sesuai pesanan bahan jg halus harga murah banget,1772707865,1 bulan lalu,MARUN+HIJAU BOTOL - L,True,Anonymous,0,False,False,
Paket Isi 2Pcs 50Rb Kaos Distro Motif Simple Cocok Untuk Pria Dan Wanita Motif Random,1969334340,5,Sesuai pesanan,1772704837,1 bulan lalu,NAVY+ABU TUA - XL,True,Anonymous,0,False,False,
Paket Isi 2Pcs 50Rb Kaos Distro Motif Simple Cocok Untuk Pria Dan Wanita Motif Random,1969226634,5,Bagus banget,1772702591,1 bulan lalu,ABU MUDA+TOSCA - XXL,True,Anonymous,0,False,False,
Paket Isi 2Pcs 50Rb Kaos Distro Motif Simple Cocok Untuk Pria Dan Wanita Motif Random,1969173538,5,"Bahannya adem, bagus tembal juga",1772701406,1 bulan lalu,HITAM+ABU TUA - XL,True,Anonymous,0,False,False,
Paket Isi 2Pcs 50Rb Kaos Distro Motif Simple Cocok Untuk Pria Dan Wanita Motif Random,1968713799,5,Keren sekali saya suka,1772691752,1 bulan lalu,HITAM+NAVY - L,True,Anonymous,0,False,False,
Paket Isi 2Pcs 50Rb Kaos Distro Motif Simple Cocok Untuk Pria Dan Wanita Motif Random,1968615963,5,Kualitas produk: Bagus 👍,1772689889,1 bulan lalu,ABU MUDA+TOSCA - L,True,Anonymous,0,False,False,
Paket Isi 2Pcs 50Rb Kaos Distro Motif Simple Cocok Untuk Pria Dan Wanita Motif Random,1968414024,5,Bagus muat d BB 85,1772686061,1 bulan lalu,HITAM+NAVY - XXXL,True,Anonymous,0,True,False,
Paket Isi 2Pcs 50Rb Kaos Distro Motif Simple Cocok Untuk Pria Dan Wanita Motif Random,1968129919,5,Kualitas produk: Bahan kain halus dan nyaman di pakai untuk seharian,1772680184,1 bulan lalu,MARUN+HIJAU BOTOL - XL,True,Anonymous,0,False,False,
Paket Isi 2Pcs 50Rb Kaos Distro Motif Simple Cocok Untuk Pria Dan Wanita Motif Random,1967860367,5,baju nya bagus. Bahan tebal,1772672203,1 bulan lalu,HITAM+BIRU MUDA - L,True,Anonymous,0,False,False,
Paket Isi 2Pcs 50Rb Kaos Distro Motif Simple Cocok Untuk Pria Dan Wanita Motif Random,1967784488,5,Bagus,1772668854,1 bulan lalu,TERACOTA +BIRU MUDA - XL,True,Anonymous,0,False,False,
Paket Isi 2Pcs 50Rb Kaos Distro Motif Simple Cocok Untuk Pria Dan Wanita Motif Random,1967783535,5,Bagus,1772668805,1 bulan lalu,MARUN+HIJAU BOTOL - XL,True,Anonymous,0,False,False,
Paket Isi 2Pcs 50Rb Kaos Distro Motif Simple Cocok Untuk Pria Dan Wanita Motif Random,1967692717,5,"Kualitas produk: Lumayan buat di pake sehari2
Bahanya lumayan adem Dan halus",1772663497,1 bulan lalu,WARDAH+COKSU - L,True,Anonymous,0,False,False,
Paket Isi 2Pcs 50Rb Kaos Distro Motif Simple Cocok Untuk Pria Dan Wanita Motif Random,1967601478,5,Bagus banget dengan harga yang sangat murah next order lg,1772659154,1 bulan lalu,COKSU+ABU MUDA - XXL,True,Anonymous,0,False,False,
Paket Isi 2Pcs 50Rb Kaos Distro Motif Simple Cocok Untuk Pria Dan Wanita Motif Random,1967583584,5,Cakep,1772658466,1 bulan lalu,HIJAU BOTOL +ABU TUA - XL,True,Anonymous,0,False,False,
Paket Isi 2Pcs 50Rb Kaos Distro Motif Simple Cocok Untuk Pria Dan Wanita Motif Random,1967357400,5,"Bagus bajunya bahan nya jg gk tipis,murah tapi gk murahan...yg mau co cepet co... Makasih sukses terus,,makasih jg buat mas kurirnya..",1772640830,1 bulan lalu,NAVY+MARUN - XL,True,Anonymous,0,False,False,
Paket Isi 2Pcs 50Rb Kaos Distro Motif Simple Cocok Untuk Pria Dan Wanita Motif Random,1967220544,5,Bagus,1772636224,1 bulan lalu,NAVY+MARUN - L,True,Anonymous,0,False,False,
Paket Isi 2Pcs 50Rb Kaos Distro Motif Simple Cocok Untuk Pria Dan Wanita Motif Random,1967058455,5,Kualitas produk: Bagus.bahannya lembut.lumayan tebel.warnanya juga cerah.pokonya sesuai ekspektasi harganya juga murah.,1772632223,1 bulan lalu,TERACOTA +KUNING - L,True,Anonymous,0,False,False,
Paket Isi 2Pcs 50Rb Kaos Distro Motif Simple Cocok Untuk Pria Dan Wanita Motif Random,1967044663,5,Sesuai bahan lembut semua ny bagus buat toko nya sukses selalu.,1772631919,1 bulan lalu,NAVY+ABU TUA - XL,True,Anonymous,0,False,False,
Paket Isi 2Pcs 50Rb Kaos Distro Motif Simple Cocok Untuk Pria Dan Wanita Motif Random,1966852385,5,Sip,1772627890,1 bulan lalu,PUTIH+HITAM - XL,True,Anonymous,0,False,False,
Paket Isi 2Pcs 50Rb Kaos Distro Motif Simple Cocok Untuk Pria Dan Wanita Motif Random,1966779092,5,Gak nyangka harga murah barang gak murahan👍,1772626538,1 bulan lalu,DUSTY+COKSU - XL,True,Anonymous,0,True,False,
Paket Isi 2Pcs 50Rb Kaos Distro Motif Simple Cocok Untuk Pria Dan Wanita Motif Random,1966767220,4,Kekecilan,1772626342,1 bulan lalu,HITAM+BIRU MUDA - M,True,Anonymous,0,False,False,
Paket Isi 2Pcs 50Rb Kaos Distro Motif Simple Cocok Untuk Pria Dan Wanita Motif Random,1966764833,5,Baju nya bagus sesuai harga,1772626302,1 bulan lalu,PUTIH+HITAM - XL,True,Anonymous,0,False,False,
Paket Isi 2Pcs 50Rb Kaos Distro Motif Simple Cocok Untuk Pria Dan Wanita Motif Random,1966475469,4,Paket udah Dateng pas sesuai,1772620681,1 bulan lalu,MARUN+HITAM - XL,True,Anonymous,0,False,False,
Paket Isi 2Pcs 50Rb Kaos Distro Motif Simple Cocok Untuk Pria Dan Wanita Motif Random,1966359027,5,"Sesuai di foto, bahan nya lembut gak kasar, ukuran nya pas",1772618369,1 bulan lalu,COKSU+ABU MUDA - M,True,Anonymous,0,False,False,
Paket Isi 2Pcs 50Rb Kaos Distro Motif Simple Cocok Untuk Pria Dan Wanita Motif Random,1966324988,5,Trimakasih barang nya udah sampe barang nya juga bagus tebal saya suka,1772617630,1 bulan lalu,COKSU+ABU MUDA - XL,True,Anonymous,0,False,False,
Paket Isi 2Pcs 50Rb Kaos Distro Motif Simple Cocok Untuk Pria Dan Wanita Motif Random,1966312892,5,Bahan nya gak panas,1772617361,1 bulan lalu,HIJAU BOTOL +ABU TUA - XL,True,Anonymous,0,False,False,
Paket Isi 2Pcs 50Rb Kaos Distro Motif Simple Cocok Untuk Pria Dan Wanita Motif Random,1966301690,5,Lumayan bagus bahanya adem,1772617115,1 bulan lalu,HIJAU BOTOL +ABU TUA - L,True,Anonymous,0,False,False,
Paket Isi 2Pcs 50Rb Kaos Distro Motif Simple Cocok Untuk Pria Dan Wanita Motif Random,1966212480,5,Ok kaos ny mntep mksih toko,1772615085,1 bulan lalu,BIRU MUDA+DUSTY - L,True,Anonymous,0,False,False,
Paket Isi 2Pcs 50Rb Kaos Distro Motif Simple Cocok Untuk Pria Dan Wanita Motif Random,1965814417,5,Kualitas produk: Bagus,1772606236,1 bulan lalu,ALMOND+HITAM - L,True,Anonymous,0,False,False,
Paket Isi 2Pcs 50Rb Kaos Distro Motif Simple Cocok Untuk Pria Dan Wanita Motif Random,1965644347,5,pesen waena merah sama hijau yang di kirim warna hitam,1772602825,1 bulan lalu,MARUN+HIJAU BOTOL - XL,True,Anonymous,0,False,False,
Paket Isi 2Pcs 50Rb Kaos Distro Motif Simple Cocok Untuk Pria Dan Wanita Motif Random,1965629991,4,"Produk nya bagus sesuai dengan harga 
Dan sudah kedua kalinya beli",1772602549,1 bulan lalu,TOSCA+COKPOL - M,True,Anonymous,0,True,False,
Paket Isi 2Pcs 50Rb Kaos Distro Motif Simple Cocok Untuk Pria Dan Wanita Motif Random,1965610097,5,"Kualitas produk: Bagus
Lembut ,suami saya suka ,makasih👍",1772602179,1 bulan lalu,NAVY+ABU TUA - XL,True,Anonymous,0,True,False,
Paket Isi 2Pcs 50Rb Kaos Distro Motif Simple Cocok Untuk Pria Dan Wanita Motif Random,1965544715,5,Kualitas produk: Lumayan bagus banget 😍😍😍 sesuai pesanan pokoknya wajib banget belanja di toko ini 😍😍😍,1772600985,1 bulan lalu,NAVY+MARUN - XL,True,Anonymous,0,True,False,
Paket Isi 2Pcs 50Rb Kaos Distro Motif Simple Cocok Untuk Pria Dan Wanita Motif Random,1965464892,5,Barang real fic toko amanah 👍 kualitas oke,1772599560,1 bulan lalu,PUTIH+HITAM - XL,True,Anonymous,0,False,False,
Paket Isi 2Pcs 50Rb Kaos Distro Motif Simple Cocok Untuk Pria Dan Wanita Motif Random,1965425977,4,"Bahan bagus adem, cuma Size M ukuran kecil
Dipake ke badan kekecilan ini mah  kaya ukuran S..
Kalo yg biasa badan ukuran M mending beli yg size L",1772598854,1 bulan lalu,HITAM+NAVY - M,True,Anonymous,0,True,False,
Paket Isi 2Pcs 50Rb Kaos Distro Motif Simple Cocok Untuk Pria Dan Wanita Motif Random,1965235950,5,"Bahan nya lembut bagus.. Ukuran pas,",1772595172,1 bulan lalu,PUTIH+HITAM - XL,True,Anonymous,0,True,False,
Paket Isi 2Pcs 50Rb Kaos Distro Motif Simple Cocok Untuk Pria Dan Wanita Motif Random,1965209470,5,"pesanan sudah sampai, kualitas produknya bagus harganya terjangkau pengiriman cepat sesuai dengan pesanan... terimakasih...🙏",1772594623,1 bulan lalu,HITAM+ABU TUA - XL,False,Herman,0,False,False,Terima kasih telah berbelanja di INDAH MODE 20. Bagikan link toko kami https://www.tokopedia.com/indah-mode-20 kepada teman-teman kamu. Jangan lupa follow toko kami untuk tahu update terbaru tentang stok dan produk yang kami tawarkan.
Paket Isi 2Pcs 50Rb Kaos Distro Motif Simple Cocok Untuk Pria Dan Wanita Motif Random,1965196609,5,Produk sesuai bagus bgt,1772594346,1 bulan lalu,BIRU MUDA+DUSTY - XL,True,Anonymous,0,False,False,
Paket Isi 2Pcs 50Rb Kaos Distro Motif Simple Cocok Untuk Pria Dan Wanita Motif Random,1965087634,5,Paket di Terima dengan baik..murah tapi kualitas bagus.. Next bakal order lagi..,1772591812,1 bulan lalu,HIJAU BOTOL +ABU TUA - M,True,Anonymous,0,True,False,
Paket Isi 2Pcs 50Rb Kaos Distro Motif Simple Cocok Untuk Pria Dan Wanita Motif Random,1964845980,5,"Ssuai harga,bgus",1772583662,1 bulan lalu,TERACOTA +BIRU MUDA - L,True,Anonymous,0,False,False,
Paket Isi 2Pcs 50Rb Kaos Distro Motif Simple Cocok Untuk Pria Dan Wanita Motif Random,1964770899,5,"Kualitas produk: Bagus bahannya.
Warnanya juga cerah..",1772579416,1 bulan lalu,NAVY+MARUN - XXXL,True,Anonymous,0,False,False,
Paket Isi 2Pcs 50Rb Kaos Distro Motif Simple Cocok Untuk Pria Dan Wanita Motif Random,1964426633,5,Bagus,1772554326,1 bulan lalu,PUTIH+HITAM - XXL,True,Anonymous,0,False,False,
Paket Isi 2Pcs 50Rb Kaos Distro Motif Simple Cocok Untuk Pria Dan Wanita Motif Random,1964144538,5,Bagus,1772545621,1 bulan lalu,COKPOL+PLUM - M,True,Anonymous,0,False,False,
Paket Isi 2Pcs 50Rb Kaos Distro Motif Simple Cocok Untuk Pria Dan Wanita Motif Random,1964058494,5,bagus banget,1772543581,1 bulan lalu,COKSU+HITAM - L,True,Anonymous,0,False,False,
Paket Isi 2Pcs 50Rb Kaos Distro Motif Simple Cocok Untuk Pria Dan Wanita Motif Random,1964001661,5,"Kaos bagus bahan nya adem , cuman ukuran L lengan nya agak pendek, tapi masih bisa di pake bagus",1772542299,1 bulan lalu,COKSU+HITAM - L,True,Anonymous,0,True,False,
Paket Isi 2Pcs 50Rb Kaos Distro Motif Simple Cocok Untuk Pria Dan Wanita Motif Random,1963983739,5,murah. bahanya mending lah harga segitu.,1772541904,1 bulan lalu,HITAM+NAVY - XXXL,True,Anonymous,0,False,False,
Paket Isi 2Pcs 50Rb Kaos Distro Motif Simple Cocok Untuk Pria Dan Wanita Motif Random,1963930559,4,"Aku beli pas live, katanya beli yg paket 2 gratis 2,ko pas dateng cuma ada 2 kaos aja sih?",1772540802,1 bulan lalu,NAVY+MARUN - M,True,Anonymous,0,True,False,
Paket Isi 2Pcs 50Rb Kaos Distro Motif Simple Cocok Untuk Pria Dan Wanita Motif Random,1963855223,5,"modelnya keren, pas dibadan,, kiriman juga cepet, kurirnya juga ok,, sukses",1772539409,1 bulan lalu,HITAM+NAVY - XL,False,Mohamad,0,False,False,Terima kasih telah berbelanja di INDAH MODE 20. Bagikan link toko kami https://www.tokopedia.com/indah-mode-20 kepada teman-teman kamu. Jangan lupa follow toko kami untuk tahu update terbaru tentang stok dan produk yang kami tawarkan.
Paket Isi 2Pcs 50Rb Kaos Distro Motif Simple Cocok Untuk Pria Dan Wanita Motif Random,1963849801,5,Sudah yg kedua kalinya PO karena suami suka bahannya adem jahitan rapi,1772539309,1 bulan lalu,COKSU+ABU MUDA - XL,True,Anonymous,0,False,False,
Paket Isi 2Pcs 50Rb Kaos Distro Motif Simple Cocok Untuk Pria Dan Wanita Motif Random,1963708929,5,"Masya allah barang sudah sampai 
Barang realpic sesuai gambar
Harga murce 👍
Berkah selalu ya kak jualannya🤲",1772536182,1 bulan lalu,BIRU MUDA+DUSTY - L,True,Anonymous,0,True,False,
Paket Isi 2Pcs 50Rb Kaos Distro Motif Simple Cocok Untuk Pria Dan Wanita Motif Random,1963634568,5,Bagus banget baju nya suami aku suka,1772534544,1 bulan lalu,COKSU+ABU MUDA - L,True,Anonymous,0,False,False,
Paket Isi 2Pcs 50Rb Kaos Distro Motif Simple Cocok Untuk Pria Dan Wanita Motif Random,1963551233,2,Tolong lebih teliti lagi,1772532678,1 bulan lalu,PLUM+ALMOND - L,True,Anonymous,0,True,False,
Paket Isi 2Pcs 50Rb Kaos Distro Motif Simple Cocok Untuk Pria Dan Wanita Motif Random,1963386052,5,Bahan tebal,1772528685,1 bulan lalu,HITAM+NAVY - L,True,Anonymous,0,False,False,
Paket Isi 2Pcs 50Rb Kaos Distro Motif Simple Cocok Untuk Pria Dan Wanita Motif Random,1963137568,5,Kualitas produk: Sangat bagus bahan tebal pengiriman cepat kurir ramah 👍,1772522428,1 bulan lalu,MARUN+HITAM - XL,True,Anonymous,0,False,False,
Paket Isi 2Pcs 50Rb Kaos Distro Motif Simple Cocok Untuk Pria Dan Wanita Motif Random,1962916528,5,Suka banget sama kaos nya.. bahan nya lembut lumayan tebal juga,1772517138,1 bulan lalu,HITAM+NAVY - XL,True,Anonymous,0,False,False,
Paket Isi 2Pcs 50Rb Kaos Distro Motif Simple Cocok Untuk Pria Dan Wanita Motif Random,1962767508,4,Alhamdulillah paketan sudah sampai dan sesuai dengan pesanan kaosnya bagus,1772514005,1 bulan lalu,NAVY+ABU TUA - XL,True,Anonymous,0,True,False,
Paket Isi 2Pcs 50Rb Kaos Distro Motif Simple Cocok Untuk Pria Dan Wanita Motif Random,1962739683,5,Terimakasih Pket nya sudah sampai insyaallah next order lagi,1772513449,1 bulan lalu,COKSU+ABU MUDA - XL,True,Anonymous,0,True,False,
Paket Isi 2Pcs 50Rb Kaos Distro Motif Simple Cocok Untuk Pria Dan Wanita Motif Random,1962724075,5,"Bagus bahan nya dan barangnya sesuai, Trimakasih kakak",1772513130,1 bulan lalu,WARDAH+COKSU - XL,True,Anonymous,0,False,False,
Paket Isi 2Pcs 50Rb Kaos Distro Motif Simple Cocok Untuk Pria Dan Wanita Motif Random,1962668945,5,"Sesuai pesanan, penjual amanah",1772511971,1 bulan lalu,TOSCA+COKPOL - L,True,Anonymous,0,False,False,
Paket Isi 2Pcs 50Rb Kaos Distro Motif Simple Cocok Untuk Pria Dan Wanita Motif Random,1962622865,5,Kualitas produk: Sesuai dngn gambar bahan ny juga ok,1772511125,1 bulan lalu,HITAM+NAVY - L,True,Anonymous,0,False,False,
Paket Isi 2Pcs 50Rb Kaos Distro Motif Simple Cocok Untuk Pria Dan Wanita Motif Random,1962569397,5,"Ok,",1772509940,1 bulan lalu,COKSU+ABU MUDA - XL,True,Anonymous,0,False,False,
Paket Isi 2Pcs 50Rb Kaos Distro Motif Simple Cocok Untuk Pria Dan Wanita Motif Random,1962475385,5,Kualitas produk: Sangat bagus,1772507913,1 bulan lalu,NAVY+ABU TUA - XL,True,Anonymous,0,True,False,
Paket Isi 2Pcs 50Rb Kaos Distro Motif Simple Cocok Untuk Pria Dan Wanita Motif Random,1962472818,5,Kualitas produk: Bagus lumayan tebal dan sesuai pesanan semoga selalu amanah,1772507851,1 bulan lalu,ALMOND+HITAM - XXL,True,Anonymous,0,False,False,
Paket Isi 2Pcs 50Rb Kaos Distro Motif Simple Cocok Untuk Pria Dan Wanita Motif Random,1962363668,5,"Kualitas produk: Sangat bagus bahan tebel jahitan jg rapi..kurir nya jg ramah..nex kpn"" order lgi",1772504960,1 bulan lalu,COKSU+HITAM - XXL,True,Anonymous,0,False,False,
Paket Isi 2Pcs 50Rb Kaos Distro Motif Simple Cocok Untuk Pria Dan Wanita Motif Random,1962273504,5,Sesuai pesanan Bhan nya jga bgus,1772502159,1 bulan lalu,PLUM+ALMOND - XL,True,Anonymous,0,False,False,
Paket Isi 2Pcs 50Rb Kaos Distro Motif Simple Cocok Untuk Pria Dan Wanita Motif Random,1962242808,5,"bagus ko nyesel co nya cumn 2,,,,,tau sebagus ini pesen nya lebih banyak,,,,,,, nanti order lagi ah tapi beda ukuran  dari yang kemarin",1772501117,1 bulan lalu,HITAM+NAVY - M,True,Anonymous,0,True,False,
Paket Isi 2Pcs 50Rb Kaos Distro Motif Simple Cocok Untuk Pria Dan Wanita Motif Random,1961863783,5,Brg bagus,1772479582,1 bulan lalu,MARUN+HITAM - M,True,Anonymous,0,False,False,
Paket Isi 2Pcs 50Rb Kaos Distro Motif Simple Cocok Untuk Pria Dan Wanita Motif Random,1961741621,5,"Sesuai pesanan, paket datang lebih cepat dan kurir nya juga sudah langganan",1772469119,1 bulan lalu,HIJAU BOTOL +ABU TUA - L,False,Zhua,0,False,False,Terima kasih telah berbelanja di INDAH MODE 20. Bagikan link toko kami https://www.tokopedia.com/indah-mode-20 kepada teman-teman kamu. Jangan lupa follow toko kami untuk tahu update terbaru tentang stok dan produk yang kami tawarkan.
Paket Isi 2Pcs 50Rb Kaos Distro Motif Simple Cocok Untuk Pria Dan Wanita Motif Random,1961644196,5,Subhanallah.. Bagus bngt kaosnya.. Murah bngt sumpah,1772465025,1 bulan lalu,HITAM+BIRU MUDA - XL,True,Anonymous,0,False,False,
Paket Isi 2Pcs 50Rb Kaos Distro Motif Simple Cocok Untuk Pria Dan Wanita Motif Random,1961510196,5,Alhamdulillah barang nya udah datang cepat pengiriman nya barang nya sesuai yg aku ingin kan pas buat suami saya sukses terus,1772461207,1 bulan lalu,MARUN+HIJAU BOTOL - XXXL,True,Anonymous,0,True,False,
Paket Isi 2Pcs 50Rb Kaos Distro Motif Simple Cocok Untuk Pria Dan Wanita Motif Random,1961297148,5,Kualitas nya lumayan kalo harga segitu,1772455957,1 bulan lalu,HITAM+ABU TUA - L,True,Anonymous,0,False,False,
Paket Isi 2Pcs 50Rb Kaos Distro Motif Simple Cocok Untuk Pria Dan Wanita Motif Random,1961193376,5,Kualitas produk: Bagus dan pas di badan,1772453875,1 bulan lalu,COKPOL+PLUM - M,True,Anonymous,0,True,False,
Paket Isi 2Pcs 50Rb Kaos Distro Motif Simple Cocok Untuk Pria Dan Wanita Motif Random,1961099577,2,Warna ngak sesuai yang di pesen kuning yang datang kayak gini,1772452138,1 bulan lalu,KUNING+WARDAH - XXL,True,Anonymous,0,True,False,
Paket Isi 2Pcs 50Rb Kaos Distro Motif Simple Cocok Untuk Pria Dan Wanita Motif Random,1960933347,5,Bagus,1772448487,1 bulan lalu,COKSU+HITAM - L,True,Anonymous,0,False,False,
Paket Isi 2Pcs 50Rb Kaos Distro Motif Simple Cocok Untuk Pria Dan Wanita Motif Random,1960916260,5,Kualitas sangat bagus,1772448138,1 bulan lalu,HITAM+ABU TUA - XXL,True,Anonymous,0,False,True,
Paket Isi 2Pcs 50Rb Kaos Distro Motif Simple Cocok Untuk Pria Dan Wanita Motif Random,1960847178,5,Kaos nya bagus bahannya lumayan tebal tidak nerawang,1772446693,1 bulan lalu,HITAM+BIRU MUDA - XL,True,Anonymous,0,False,False,
Paket Isi 2Pcs 50Rb Kaos Distro Motif Simple Cocok Untuk Pria Dan Wanita Motif Random,1960834029,5,Alhamdulillah brang nya dah nyampe puas bngt brng nya bgus sesuai gambar mksih tko nya amanah kurir nya jg baik dah langganan,1772446415,1 bulan lalu,ABU MUDA+TOSCA - L,True,Anonymous,0,False,False,
Paket Isi 2Pcs 50Rb Kaos Distro Motif Simple Cocok Untuk Pria Dan Wanita Motif Random,1960811446,5,paketan sudah sampai sesuai pesanan seller amanah pengiriman cepat kurir ramah,1772445923,1 bulan lalu,HITAM+NAVY - L,False,gunawan,0,True,False,Terima kasih telah berbelanja di INDAH MODE 20. Bagikan link toko kami https://www.tokopedia.com/indah-mode-20 kepada teman-teman kamu. Jangan lupa follow toko kami untuk tahu update terbaru tentang stok dan produk yang kami tawarkan.
Paket Isi 2Pcs 50Rb Kaos Distro Motif Simple Cocok Untuk Pria Dan Wanita Motif Random,1960731460,4,"Warnanya kurang sesuai,1 
Bahanya bagus si",1772444229,1 bulan lalu,HITAM+BIRU MUDA - XXL,True,Anonymous,0,True,False,
Paket Isi 2Pcs 50Rb Kaos Distro Motif Simple Cocok Untuk Pria Dan Wanita Motif Random,1960685898,5,Untuk harga segitu worth it banget sih,1772443199,1 bulan lalu,HITAM+NAVY - XXL,True,Anonymous,0,True,False,
Paket Isi 2Pcs 50Rb Kaos Distro Motif Simple Cocok Untuk Pria Dan Wanita Motif Random,1960650379,5,Warna oke ank suka,1772442357,1 bulan lalu,COKSU+ABU MUDA - XL,True,Anonymous,0,False,False,
Paket Isi 2Pcs 50Rb Kaos Distro Motif Simple Cocok Untuk Pria Dan Wanita Motif Random,1960395140,5,Bagus baju ny,1772436396,1 bulan lalu,COKSU+ABU MUDA - L,True,Anonymous,0,False,False,
Paket Isi 2Pcs 50Rb Kaos Distro Motif Simple Cocok Untuk Pria Dan Wanita Motif Random,1960162540,5,Bahan bagus lembut,1772431180,1 bulan lalu,HITAM+NAVY - XXXL,True,Anonymous,0,False,False,
Paket Isi 2Pcs 50Rb Kaos Distro Motif Simple Cocok Untuk Pria Dan Wanita Motif Random,1960152152,5,"bagus, kainnya juga adem. recommended. 
thanks seller❤❤",1772430961,1 bulan lalu,TERACOTA +BIRU MUDA - M,False,Yuni,0,False,False,Terima kasih telah berbelanja di INDAH MODE 20. Bagikan link toko kami https://www.tokopedia.com/indah-mode-20 kepada teman-teman kamu. Jangan lupa follow toko kami untuk tahu update terbaru tentang stok dan produk yang kami tawarkan.
Paket Isi 2Pcs 50Rb Kaos Distro Motif Simple Cocok Untuk Pria Dan Wanita Motif Random,1960152029,5,"Bagus 50rb dapat 2 kaos bahan bagus yang satu sudah di pake 🙏🤗,jadi gak ke foto",1772430958,1 bulan lalu,COKSU+ABU MUDA - XL,True,Anonymous,0,True,False,
Paket Isi 2Pcs 50Rb Kaos Distro Motif Simple Cocok Untuk Pria Dan Wanita Motif Random,1960053366,5,Bajunya bagus .Bhan nya adem ..trimkasih tokonya amanah banget .lumayan dpt hrga promo😄😄,1772429027,1 bulan lalu,PUTIH+HITAM - XL,True,Anonymous,0,False,False,
Paket Isi 2Pcs 50Rb Kaos Distro Motif Simple Cocok Untuk Pria Dan Wanita Motif Random,1959993562,5,Bagus bahnnya,1772427863,1 bulan lalu,HITAM+NAVY - L,True,Anonymous,0,False,False,
Paket Isi 2Pcs 50Rb Kaos Distro Motif Simple Cocok Untuk Pria Dan Wanita Motif Random,1959924402,4,Lumayan utk sehari2,1772426522,1 bulan lalu,HITAM+NAVY - XXXL,True,Anonymous,0,False,False,
Paket Isi 2Pcs 50Rb Kaos Distro Motif Simple Cocok Untuk Pria Dan Wanita Motif Random,1959923933,4,"𝙏𝙚𝙧𝙞𝙢𝙖𝙣𝙠𝙖𝙨𝙞𝙝
𝘽𝙖𝙝𝙖𝙣𝙮𝙖 𝙡𝙪𝙢𝙖𝙮𝙖𝙣 𝙩𝙚𝙗𝙖𝙡 𝙙𝙚𝙣𝙜𝙖𝙣 𝙝𝙖𝙧𝙜𝙖 𝙨𝙚𝙜𝙞𝙩𝙪",1772426513,1 bulan lalu,PUTIH+HITAM - M,True,Anonymous,0,False,False,
Paket Isi 2Pcs 50Rb Kaos Distro Motif Simple Cocok Untuk Pria Dan Wanita Motif Random,1959629006,5,"bagus, bahan adem nexk pesen warna lain👍👍",1772420323,1 bulan lalu,HITAM+NAVY - L,True,Anonymous,0,False,False,
Paket Isi 2Pcs 50Rb Kaos Distro Motif Simple Cocok Untuk Pria Dan Wanita Motif Random,1959525030,5,Alhamdulillah baju nya sesuay murah lagih..,1772417765,1 bulan lalu,ALMOND+KUNING - XL,True,Anonymous,0,False,False,
Paket Isi 2Pcs 50Rb Kaos Distro Motif Simple Cocok Untuk Pria Dan Wanita Motif Random,1959497018,3,Pilih plum + hitam kenapa di kirim hitam sama putih??😓,1772417006,1 bulan lalu,PLUM+HITAM - XL,True,Anonymous,0,True,False,
Paket Isi 2Pcs 50Rb Kaos Distro Motif Simple Cocok Untuk Pria Dan Wanita Motif Random,1959349574,5,Kualitas sesuai harga,1772411829,1 bulan lalu,NAVY+ABU TUA - XL,True,Anonymous,0,False,False,
Paket Isi 2Pcs 50Rb Kaos Distro Motif Simple Cocok Untuk Pria Dan Wanita Motif Random,1959082095,5,Bagus.. Pengiriman cepat.. MashaAllah,1772396357,1 bulan lalu,DUSTY+COKSU - XL,True,Anonymous,0,False,False,
Paket Isi 2Pcs 50Rb Kaos Distro Motif Simple Cocok Untuk Pria Dan Wanita Motif Random,1959008816,5,Pengiriman cepat amanah barang bagus  adem dan nyaman top markotop,1772387189,1 bulan lalu,PUTIH+HITAM - XL,True,Anonymous,0,False,False,
Paket Isi 2Pcs 50Rb Kaos Distro Motif Simple Cocok Untuk Pria Dan Wanita Motif Random,1958765703,5,"Paket sudah sampai dngan selamat, barangnya bagus kainnya halus adem di pakek,, terimakasih tokonya semoga tambah laris,, kurir udah langganan,,",1772376336,1 bulan lalu,TERACOTA +KUNING - L,True,Anonymous,0,False,False,
Paket Isi 2Pcs 50Rb Kaos Distro Motif Simple Cocok Untuk Pria Dan Wanita Motif Random,1958420056,2,Barangnya datang sesuai pesanan tapi sayang kecewa kaos yang warna hitamnya bolong bagian bawahnya,1772367604,1 bulan lalu,MARUN+HITAM - L,True,Anonymous,0,False,False,
Paket Isi 2Pcs 50Rb Kaos Distro Motif Simple Cocok Untuk Pria Dan Wanita Motif Random,1958163013,5,baik,1772361532,1 bulan lalu,PUTIH+HITAM - L,True,Anonymous,0,False,False,
Paket Isi 2Pcs 50Rb Kaos Distro Motif Simple Cocok Untuk Pria Dan Wanita Motif Random,1958140743,4,"Terimakasih
Lumayan",1772360993,1 bulan lalu,HITAM+NAVY - XL,True,Anonymous,0,False,False,
Paket Isi 2Pcs 50Rb Kaos Distro Motif Simple Cocok Untuk Pria Dan Wanita Motif Random,1956859219,5,"Sudah sampai paketnya. 
Semoga tambah laris jualannya ya  !",1772331350,1 bulan lalu,COKSU+HITAM - XXL,True,Anonymous,0,False,False,
Paket Isi 2Pcs 50Rb Kaos Distro Motif Simple Cocok Untuk Pria Dan Wanita Motif Random,1956853416,4,Belum coba si semoga aj bgs biar bisa belanja lgi,1772331179,1 bulan lalu,HITAM+NAVY - L,True,Anonymous,0,False,False,
Paket Isi 2Pcs 50Rb Kaos Distro Motif Simple Cocok Untuk Pria Dan Wanita Motif Random,1956776659,5,"Produknya bagus,cuma beda warna",1772328620,1 bulan lalu,TERACOTA +BIRU MUDA - XL,True,Anonymous,0,True,False,
Paket Isi 2Pcs 50Rb Kaos Distro Motif Simple Cocok Untuk Pria Dan Wanita Motif Random,1956673125,5,"Alhmdulillah barangnya sudah sya terima, kaosnya lumayan tebal buat ngasiih keluarga.",1772323055,1 bulan lalu,TERACOTA +BIRU MUDA - M,True,Anonymous,0,False,False,
Paket Isi 2Pcs 50Rb Kaos Distro Motif Simple Cocok Untuk Pria Dan Wanita Motif Random,1955828779,5,Bhn ademm keren hrga murah bnget mksh Poko nya,1772281231,1 bulan lalu,MARUN+HITAM - XXL,True,Anonymous,2,True,False,
Paket Isi 2Pcs 50Rb Kaos Distro Motif Simple Cocok Untuk Pria Dan Wanita Motif Random,1955743780,4,"Sesuai pesanan,lumyan bgus dengan harga segitu",1772279466,1 bulan lalu,PUTIH+HITAM - XL,True,Anonymous,0,True,False,
Paket Isi 2Pcs 50Rb Kaos Distro Motif Simple Cocok Untuk Pria Dan Wanita Motif Random,1955622799,5,Barangnya datang sesuai tokonya sangat amanah puas belanja di toko ini,1772276293,1 bulan lalu,TERACOTA +BIRU MUDA - L,True,Anonymous,0,False,False,
Paket Isi 2Pcs 50Rb Kaos Distro Motif Simple Cocok Untuk Pria Dan Wanita Motif Random,1955622797,5,Barangnya sangat bagus puas belanja di toko ini,1772276293,1 bulan lalu,PUTIH+HITAM - L,True,Anonymous,0,False,False,
Paket Isi 2Pcs 50Rb Kaos Distro Motif Simple Cocok Untuk Pria Dan Wanita Motif Random,1955557057,5,Sangat bagus,1772274737,1 bulan lalu,TOSCA+COKPOL - L,True,Anonymous,0,False,False,
Paket Isi 2Pcs 50Rb Kaos Distro Motif Simple Cocok Untuk Pria Dan Wanita Motif Random,1955527440,5,Bagus banget ini mau pesan lagi saya,1772273998,1 bulan lalu,HITAM+ABU TUA - XL,True,Anonymous,0,False,False,
Paket Isi 2Pcs 50Rb Kaos Distro Motif Simple Cocok Untuk Pria Dan Wanita Motif Random,1955471661,5,Bahan bagus adem,1772272571,1 bulan lalu,WARDAH+COKSU - XL,True,Anonymous,0,True,False,
Paket Isi 2Pcs 50Rb Kaos Distro Motif Simple Cocok Untuk Pria Dan Wanita Motif Random,1955301455,4,Terima kasih barang ny dah sampai bagus sesuai n kurir nya juga ramah,1772268095,1 bulan lalu,HITAM+NAVY - XL,True,Anonymous,0,True,False,
Paket Isi 2Pcs 50Rb Kaos Distro Motif Simple Cocok Untuk Pria Dan Wanita Motif Random,1954671501,4,"Kualitas produk: Paket SDH sampai BRG bgus,, kurir nya jga baik,rmah",1772253388,1 bulan lalu,ABU MUDA+TOSCA - XL,True,Anonymous,0,False,False,
Paket Isi 2Pcs 50Rb Kaos Distro Motif Simple Cocok Untuk Pria Dan Wanita Motif Random,1954501799,5,Bagus,1772249974,1 bulan lalu,NAVY+ABU TUA - XL,True,Anonymous,0,False,False,
Paket Isi 2Pcs 50Rb Kaos Distro Motif Simple Cocok Untuk Pria Dan Wanita Motif Random,1954099012,5,Real pict,1772237278,1 bulan lalu,HITAM+ABU TUA - L,True,Anonymous,0,False,False,
Paket Isi 2Pcs 50Rb Kaos Distro Motif Simple Cocok Untuk Pria Dan Wanita Motif Random,1954088318,5,Bagus kaos y tebal anak saya suka,1772236595,1 bulan lalu,TERACOTA +BIRU MUDA - M,True,Anonymous,0,True,False,
Paket Isi 2Pcs 50Rb Kaos Distro Motif Simple Cocok Untuk Pria Dan Wanita Motif Random,1954074933,5,Sangat bagussss,1772235681,1 bulan lalu,HITAM+ABU TUA - XXL,True,Anonymous,0,False,False,
Paket Isi 2Pcs 50Rb Kaos Distro Motif Simple Cocok Untuk Pria Dan Wanita Motif Random,1953977315,5,bagus,1772228786,1 bulan lalu,HITAM+NAVY - XL,True,Anonymous,0,False,False,
Paket Isi 2Pcs 50Rb Kaos Distro Motif Simple Cocok Untuk Pria Dan Wanita Motif Random,1953940118,5,Bagus sesuai gambar,1772227066,1 bulan lalu,MARUN+HITAM - L,True,Anonymous,0,False,False,
Paket Isi 2Pcs 50Rb Kaos Distro Motif Simple Cocok Untuk Pria Dan Wanita Motif Random,1953811097,5,Bajunya bagus.. Bahannya adem,1772213987,1 bulan lalu,WARDAH+COKSU - L,True,Anonymous,0,True,False,
Paket Isi 2Pcs 50Rb Kaos Distro Motif Simple Cocok Untuk Pria Dan Wanita Motif Random,1953395436,5,"Barang sesuai deskripsi, pengiriman tepat waktu, fast respon",1772198190,1 bulan lalu,NAVY+MARUN - XXL,True,Anonymous,0,True,False,Terima kasih telah berbelanja di INDAH MODE 20. Bagikan link toko kami https://www.tokopedia.com/indah-mode-20 kepada teman-teman kamu. Jangan lupa follow toko kami untuk tahu update terbaru tentang stok dan produk yang kami tawarkan.
Paket Isi 2Pcs 50Rb Kaos Distro Motif Simple Cocok Untuk Pria Dan Wanita Motif Random,1952581457,5,"Pesanannya sampai, terimakasih, produknya sangat memuaskan
Kualitas produk: Sangat bagus",1772178276,1 bulan lalu,WARDAH+COKSU - XL,True,Anonymous,0,False,False,
Paket Isi 2Pcs 50Rb Kaos Distro Motif Simple Cocok Untuk Pria Dan Wanita Motif Random,1952559341,5,"Kualitas produk: Sangat bagus bahannya ngk nerawang,,,cocok banget buat ayahku🥰
Makasih 🥰🥰🥰🥰",1772177684,1 bulan lalu,COKSU+HITAM - XXL,True,Anonymous,0,False,False,
Paket Isi 2Pcs 50Rb Kaos Distro Motif Simple Cocok Untuk Pria Dan Wanita Motif Random,1952247913,5,Kualitas produk: Bahan y bagus semoga anak q suka,1772169913,1 bulan lalu,HITAM+NAVY - M,True,Anonymous,0,False,False,
Paket Isi 2Pcs 50Rb Kaos Distro Motif Simple Cocok Untuk Pria Dan Wanita Motif Random,1952098706,4,Kualitas produk: Good,1772166807,1 bulan lalu,NAVY+MARUN - XL,True,Anonymous,0,False,False,
Paket Isi 2Pcs 50Rb Kaos Distro Motif Simple Cocok Untuk Pria Dan Wanita Motif Random,1951985326,5,Kualitas produk: alhamdulillah barang nya selamat sampai tujuan aman kurir nya amanah,1772164523,1 bulan lalu,COKSU+ABU MUDA - M,True,Anonymous,0,False,False,
Paket Isi 2Pcs 50Rb Kaos Distro Motif Simple Cocok Untuk Pria Dan Wanita Motif Random,1951678850,5,"Pesanan sesuai,beneran dapat 2 dg hrga hrga 50",1772156518,1 bulan lalu,PUTIH+HITAM - L,True,Anonymous,0,True,False,
Paket Isi 2Pcs 50Rb Kaos Distro Motif Simple Cocok Untuk Pria Dan Wanita Motif Random,1951613042,5,Kaosnya kualitasnya gak kaleng2 harganya murah tapi gak murahan,1772154025,1 bulan lalu,ABU MUDA+TOSCA - XXL,True,Anonymous,0,False,False,
Paket Isi 2Pcs 50Rb Kaos Distro Motif Simple Cocok Untuk Pria Dan Wanita Motif Random,1951434362,5,"Trimakasih barang nya udah yampe
Bagus pas saya suka",1772142949,1 bulan lalu,ALMOND+HITAM - M,True,Anonymous,0,True,False,
Paket Isi 2Pcs 50Rb Kaos Distro Motif Simple Cocok Untuk Pria Dan Wanita Motif Random,1951427596,5,Bagus sesuai .tokonya amanah🙏🏻🙏🏻,1772142546,1 bulan lalu,HITAM+NAVY - L,True,Anonymous,0,False,False,
Paket Isi 2Pcs 50Rb Kaos Distro Motif Simple Cocok Untuk Pria Dan Wanita Motif Random,1951405143,5,Bahannya aden bagus bgt,1772141469,1 bulan lalu,NAVY+MARUN - XL,True,Anonymous,0,False,False,
Paket Isi 2Pcs 50Rb Kaos Distro Motif Simple Cocok Untuk Pria Dan Wanita Motif Random,1950778959,5,Alhamdulillah paketku sudah sampai Sesuai pesanan barangnya,1772110884,1 bulan lalu,PUTIH+HITAM - M,True,Anonymous,0,False,False,
Paket Isi 2Pcs 50Rb Kaos Distro Motif Simple Cocok Untuk Pria Dan Wanita Motif Random,1949889793,5,Kualitas produk: Bahan nya adem tebal lagi,1772089402,1 bulan lalu,ABU MUDA+TOSCA - XL,True,Anonymous,0,False,False,
Paket Isi 2Pcs 50Rb Kaos Distro Motif Simple Cocok Untuk Pria Dan Wanita Motif Random,1949766530,5,Oke,1772086332,1 bulan lalu,COKSU+HITAM - XL,True,Anonymous,0,False,False,
Paket Isi 2Pcs 50Rb Kaos Distro Motif Simple Cocok Untuk Pria Dan Wanita Motif Random,1949584118,5,"Saya suka,baju nya lumayan dengn hrga segitu,bahan nya adem tebel",1772082219,1 bulan lalu,WARDAH+COKSU - XL,True,Anonymous,0,True,False,
Paket Isi 2Pcs 50Rb Kaos Distro Motif Simple Cocok Untuk Pria Dan Wanita Motif Random,1949451955,4,Baik dan bagus,1772079398,1 bulan lalu,MARUN+HIJAU BOTOL - M,True,Anonymous,0,False,False,
Paket Isi 2Pcs 50Rb Kaos Distro Motif Simple Cocok Untuk Pria Dan Wanita Motif Random,1949398029,5,Bgus bgt,1772078235,1 bulan lalu,COKSU+ABU MUDA - XL,True,Anonymous,0,True,False,
Paket Isi 2Pcs 50Rb Kaos Distro Motif Simple Cocok Untuk Pria Dan Wanita Motif Random,1949396306,5,barang sesuai pesanan ukuran pas dibadan,1772078197,1 bulan lalu,PUTIH+HITAM - L,False,Hendrik,0,True,False,Terima kasih telah berbelanja di INDAH MODE 20. Bagikan link toko kami https://www.tokopedia.com/indah-mode-20 kepada teman-teman kamu. Jangan lupa follow toko kami untuk tahu update terbaru tentang stok dan produk yang kami tawarkan.
Paket Isi 2Pcs 50Rb Kaos Distro Motif Simple Cocok Untuk Pria Dan Wanita Motif Random,1949089094,5,"Bajunya sangat bagus, sangat amanah",1772069981,1 bulan lalu,MARUN+HIJAU BOTOL - XXXL,True,Anonymous,0,False,False,
Paket Isi 2Pcs 50Rb Kaos Distro Motif Simple Cocok Untuk Pria Dan Wanita Motif Random,1949089085,5,Bajunya sangat bagus dan juga amanah,1772069981,1 bulan lalu,KUNING+WARDAH - M,True,Anonymous,0,False,False,
Paket Isi 2Pcs 50Rb Kaos Distro Motif Simple Cocok Untuk Pria Dan Wanita Motif Random,1949089095,5,"Bajunya sangat bagus, sangat amanah",1772069981,1 bulan lalu,TERACOTA +BIRU MUDA - M,True,Anonymous,0,False,False,
Paket Isi 2Pcs 50Rb Kaos Distro Motif Simple Cocok Untuk Pria Dan Wanita Motif Random,1948928831,5,"Bahan nya adem
Ukuran XL nya kecil",1772061769,1 bulan lalu,ABU MUDA+TOSCA - XL,True,Anonymous,0,False,False,
Paket Isi 2Pcs 50Rb Kaos Distro Motif Simple Cocok Untuk Pria Dan Wanita Motif Random,1948468498,5,Bagus banget. Bahan nyah bagus tebel nyaman. Mantapppp,1772030577,1 bulan lalu,COKSU+HITAM - XL,True,Anonymous,0,False,False,
Paket Isi 2Pcs 50Rb Kaos Distro Motif Simple Cocok Untuk Pria Dan Wanita Motif Random,1948080120,5,Keren sesuai pesanan,1772021467,1 bulan lalu,COKSU+HITAM - XL,True,Anonymous,0,False,False,
Paket Isi 2Pcs 50Rb Kaos Distro Motif Simple Cocok Untuk Pria Dan Wanita Motif Random,1947654820,1,Warna tidak sesuai,1772011635,1 bulan lalu,BIRU MUDA+DUSTY - L,True,Anonymous,0,False,False,
Paket Isi 2Pcs 50Rb Kaos Distro Motif Simple Cocok Untuk Pria Dan Wanita Motif Random,1946932860,5,Bagus,1771994046,1 bulan lalu,PUTIH+HITAM - M,True,Anonymous,0,False,False,
Paket Isi 2Pcs 50Rb Kaos Distro Motif Simple Cocok Untuk Pria Dan Wanita Motif Random,1946708863,5,Kaos nya bagus bahan adem top banget nex order lagi ngga nyesel beli di sini murah tapi ngga murahan,1771988940,1 bulan lalu,ABU TUA +TERACOTA - M,True,Anonymous,0,True,True,
Paket Isi 2Pcs 50Rb Kaos Distro Motif Simple Cocok Untuk Pria Dan Wanita Motif Random,1946164110,5,Bagus kaos nya mksh,1771965562,1 bulan lalu,COKSU+HITAM - M,True,Anonymous,0,False,False,
Paket Isi 2Pcs 50Rb Kaos Distro Motif Simple Cocok Untuk Pria Dan Wanita Motif Random,1945301157,5,"Bahan tebal,ukuran pas,harga murah tapi gk murahan",1771928696,1 bulan lalu,TERACOTA +BIRU MUDA - L,True,Anonymous,1,True,False,
Paket Isi 2Pcs 50Rb Kaos Distro Motif Simple Cocok Untuk Pria Dan Wanita Motif Random,1945080506,5,"Barang SDH sampai , alhmdulillah barang sesuai gambar, bahannya bagus halus dn lmbut,ankku suka..terima kasih utk tokonya SDH amanah🙏",1771922563,1 bulan lalu,NAVY+ABU TUA - XXL,True,Anonymous,0,True,False,
Paket Isi 2Pcs 50Rb Kaos Distro Motif Simple Cocok Untuk Pria Dan Wanita Motif Random,1944481095,5,Bagus kainy,1771906006,1 bulan lalu,KUNING+WARDAH - XXXL,True,Anonymous,0,False,False,
Paket Isi 2Pcs 50Rb Kaos Distro Motif Simple Cocok Untuk Pria Dan Wanita Motif Random,1943721089,2,Kualitas produk: Baik,1771861710,1 bulan lalu,COKSU+ABU MUDA - L,True,Anonymous,0,False,False,
Paket Isi 2Pcs 50Rb Kaos Distro Motif Simple Cocok Untuk Pria Dan Wanita Motif Random,1942813909,5,Baju nya bagus banget... Dengan harga sgtu GK kelihatan murahan pokonya suka warna nya sesuai,1771835767,1 bulan lalu,TERACOTA +KUNING - XL,True,Anonymous,0,True,False,
Paket Isi 2Pcs 50Rb Kaos Distro Motif Simple Cocok Untuk Pria Dan Wanita Motif Random,1942747402,4,Daah datang kaosnya. Bahan adem halus dan nyaman dipakai. Buat lebran lah biar ada kaos baru juga,1771833943,1 bulan lalu,PLUM+HITAM - XL,True,Anonymous,0,True,False,
Paket Isi 2Pcs 50Rb Kaos Distro Motif Simple Cocok Untuk Pria Dan Wanita Motif Random,1942397668,5,Kaosnya bagus tebal Murmer tp GK murahan pengiriman cepat bang kurirnya baik mksh,1771825061,1 bulan lalu,PUTIH+HITAM - L,True,Anonymous,0,False,False,
Paket Isi 2Pcs 50Rb Kaos Distro Motif Simple Cocok Untuk Pria Dan Wanita Motif Random,1942375347,5,Mantap,1771824537,1 bulan lalu,HITAM+BIRU MUDA - XL,True,Anonymous,0,False,False,
Paket Isi 2Pcs 50Rb Kaos Distro Motif Simple Cocok Untuk Pria Dan Wanita Motif Random,1942353433,5,Kaos nya bagus bahan adem,1771824025,1 bulan lalu,HITAM+NAVY - XXL,True,Anonymous,0,False,False,
Paket Isi 2Pcs 50Rb Kaos Distro Motif Simple Cocok Untuk Pria Dan Wanita Motif Random,1942113216,5,Keren,1771818768,1 bulan lalu,WARDAH+COKSU - XL,True,Anonymous,1,True,False,
Paket Isi 2Pcs 50Rb Kaos Distro Motif Simple Cocok Untuk Pria Dan Wanita Motif Random,1941641621,5,Lumayan bagus,1771800978,2 bulan lalu,NAVY+MARUN - XXL,True,Anonymous,0,False,False,
Paket Isi 2Pcs 50Rb Kaos Distro Motif Simple Cocok Untuk Pria Dan Wanita Motif Random,1940974579,5,Kualitas produk: Sangat bagus suamiku sangat suka bahan lumayan tebal trimakasih,1771762791,2 bulan lalu,TOSCA+COKPOL - XL,True,Anonymous,1,True,False,
Paket Isi 2Pcs 50Rb Kaos Distro Motif Simple Cocok Untuk Pria Dan Wanita Motif Random,1940812772,5,"kualitas bagus .
kain enak di pake adem
pengiriman cepat
respon seller cepat",1771758597,2 bulan lalu,HITAM+BIRU MUDA - L,True,Anonymous,0,True,False,
Paket Isi 2Pcs 50Rb Kaos Distro Motif Simple Cocok Untuk Pria Dan Wanita Motif Random,1940812768,5,"Kualitas produk: bagus sesuai harga
harga terjangkau kain adem
fast respon 
pengiriman cepat pesen kmrin hari ini datang..",1771758597,2 bulan lalu,ABU MUDA+TOSCA - M,True,Anonymous,0,True,False,
Paket Isi 2Pcs 50Rb Kaos Distro Motif Simple Cocok Untuk Pria Dan Wanita Motif Random,1940184976,4,Basus sesuai pesanan trimkaish,1771742125,2 bulan lalu,PLUM+ALMOND - XL,True,Anonymous,0,False,False,
Paket Isi 2Pcs 50Rb Kaos Distro Motif Simple Cocok Untuk Pria Dan Wanita Motif Random,1939690406,5,pengiriman cepat ...ukurannya Alhamdulillah cepat bngt...thanks jga untuk jnt,1771731193,2 bulan lalu,HITAM+ABU TUA - XXL,False,Mimin,0,False,False,Terima kasih telah berbelanja di INDAH MODE 20. Bagikan link toko kami https://www.tokopedia.com/indah-mode-20 kepada teman-teman kamu. Jangan lupa follow toko kami untuk tahu update terbaru tentang stok dan produk yang kami tawarkan.
Paket Isi 2Pcs 50Rb Kaos Distro Motif Simple Cocok Untuk Pria Dan Wanita Motif Random,1939270047,5,Bagus murah lg,1771712856,2 bulan lalu,MARUN+HIJAU BOTOL - M,True,Anonymous,0,True,False,
Paket Isi 2Pcs 50Rb Kaos Distro Motif Simple Cocok Untuk Pria Dan Wanita Motif Random,1939144599,4,Relpict,1771703292,2 bulan lalu,HITAM+ABU TUA - XL,True,Anonymous,0,False,False,
Paket Isi 2Pcs 50Rb Kaos Distro Motif Simple Cocok Untuk Pria Dan Wanita Motif Random,1938974621,5,"Bagus,next order lgi",1771688115,2 bulan lalu,ABU TUA +TERACOTA - L,True,Anonymous,0,False,False,
Paket Isi 2Pcs 50Rb Kaos Distro Motif Simple Cocok Untuk Pria Dan Wanita Motif Random,1938512687,5,Barang sesuai UU aii Topp pkonmah kurir ramah 👍👍👍👍👍👍👍👍👍👍👍👍👍👍👍👍👍,1771672889,2 bulan lalu,NAVY+ABU TUA - XL,True,Anonymous,0,False,False,
Paket Isi 2Pcs 50Rb Kaos Distro Motif Simple Cocok Untuk Pria Dan Wanita Motif Random,1937493815,5,Bahannya adem gk kecewa belik di toko ini,1771646088,2 bulan lalu,HITAM+BIRU MUDA - L,True,Anonymous,0,False,False,
Paket Isi 2Pcs 50Rb Kaos Distro Motif Simple Cocok Untuk Pria Dan Wanita Motif Random,1937434582,5,"Bahan bagus mantap dah
Gx kecewa pokonyamah",1771644835,2 bulan lalu,HITAM+ABU TUA - L,True,Anonymous,0,True,False,
Paket Isi 2Pcs 50Rb Kaos Distro Motif Simple Cocok Untuk Pria Dan Wanita Motif Random,1937367424,5,"Alhamdulillah barangnya bagus bsngett,kakinya agak nerawang tapi ya wort it lah dgn harga segitu",1771643248,2 bulan lalu,MARUN+HITAM - XL,True,Anonymous,0,False,False,
Paket Isi 2Pcs 50Rb Kaos Distro Motif Simple Cocok Untuk Pria Dan Wanita Motif Random,1937295451,5,Puas banget,1771641414,2 bulan lalu,ABU MUDA+TOSCA - XL,True,Anonymous,0,False,False,
Paket Isi 2Pcs 50Rb Kaos Distro Motif Simple Cocok Untuk Pria Dan Wanita Motif Random,1936548882,5,Kualitas produk: bagus bhan tebbballlll suami ku suka senang dia👍🥰,1771594877,2 bulan lalu,COKSU+HITAM - XXL,True,Anonymous,0,False,False,
Paket Isi 2Pcs 50Rb Kaos Distro Motif Simple Cocok Untuk Pria Dan Wanita Motif Random,1936526433,5,Barangnya bagus,1771594145,2 bulan lalu,HIJAU BOTOL +ABU TUA - L,True,Anonymous,0,False,False,
Paket Isi 2Pcs 50Rb Kaos Distro Motif Simple Cocok Untuk Pria Dan Wanita Motif Random,1935467181,5,Bintang yang berbicara,1771563390,2 bulan lalu,HITAM+BIRU MUDA - L,True,Anonymous,0,False,False,
Paket Isi 2Pcs 50Rb Kaos Distro Motif Simple Cocok Untuk Pria Dan Wanita Motif Random,1935313918,5,Kualitas produk: Ok,1771560104,2 bulan lalu,COKSU+ABU MUDA - XL,True,Anonymous,0,False,False,
Paket Isi 2Pcs 50Rb Kaos Distro Motif Simple Cocok Untuk Pria Dan Wanita Motif Random,1934751628,5,Wort it dengan harga segituu 👍👍,1771535436,2 bulan lalu,NAVY+ABU TUA - XL,True,Anonymous,0,False,False,
Paket Isi 2Pcs 50Rb Kaos Distro Motif Simple Cocok Untuk Pria Dan Wanita Motif Random,1933468874,5,"Alhamdlillah paket dah DTG,barang sesuai yg d gambar,kaos nya bagus tebal dn halus,pas d pake anakku,mkcih ya kakak dn mkcih jg wat Abang kurirnya yg ramah,,?",1771480042,2 bulan lalu,NAVY+ABU TUA - XL,True,Anonymous,0,False,False,
Paket Isi 2Pcs 50Rb Kaos Distro Motif Simple Cocok Untuk Pria Dan Wanita Motif Random,1933248406,5,Barang bagus pengiriman cepet,1771474550,2 bulan lalu,PUTIH+HITAM - L,True,Anonymous,0,False,False,
Paket Isi 2Pcs 50Rb Kaos Distro Motif Simple Cocok Untuk Pria Dan Wanita Motif Random,1933220465,5,Bagus.anakku suka,1771473855,2 bulan lalu,HITAM+NAVY - XL,True,Anonymous,0,False,False,
Paket Isi 2Pcs 50Rb Kaos Distro Motif Simple Cocok Untuk Pria Dan Wanita Motif Random,1933154766,5,Baguuus bahan nya haluus mau beli lagi,1771472240,2 bulan lalu,HITAM+ABU TUA - M,True,Anonymous,0,False,False,
Paket Isi 2Pcs 50Rb Kaos Distro Motif Simple Cocok Untuk Pria Dan Wanita Motif Random,1932985305,5,Bagus kaosnya sesuai sama di poto tebel terimakasih,1771467631,2 bulan lalu,DUSTY+COKSU - XXXL,True,Anonymous,0,False,False,
Paket Isi 2Pcs 50Rb Kaos Distro Motif Simple Cocok Untuk Pria Dan Wanita Motif Random,1932970660,5,"Alhamdulillah paketnya dah nyampe, bagus, the best dech. Thanks kk seller N bang kurir 🙏🙏",1771467177,2 bulan lalu,ABU MUDA+TOSCA - L,True,Anonymous,0,True,False,
Paket Isi 2Pcs 50Rb Kaos Distro Motif Simple Cocok Untuk Pria Dan Wanita Motif Random,1932650209,5,Sesuai pesanan...harganya murah..bahannya juga tebel..,1771445589,2 bulan lalu,COKSU+ABU MUDA - L,True,Anonymous,0,True,False,
Paket Isi 2Pcs 50Rb Kaos Distro Motif Simple Cocok Untuk Pria Dan Wanita Motif Random,1932631709,5,Gambar dan warna nya sama realfic,1771442131,2 bulan lalu,HIJAU BOTOL +ABU TUA - XL,True,Anonymous,0,False,False,
Paket Isi 2Pcs 50Rb Kaos Distro Motif Simple Cocok Untuk Pria Dan Wanita Motif Random,1932405270,5,Terimakasih sangat bagus saya puas,1771424647,2 bulan lalu,PUTIH+HITAM - XL,True,Anonymous,0,True,False,
Paket Isi 2Pcs 50Rb Kaos Distro Motif Simple Cocok Untuk Pria Dan Wanita Motif Random,1931753560,5,"Bgus bgt, murah lagi, TPI nggak murahan nya",1771404749,2 bulan lalu,COKSU+HITAM - XL,True,Anonymous,0,False,False,
Paket Isi 2Pcs 50Rb Kaos Distro Motif Simple Cocok Untuk Pria Dan Wanita Motif Random,1931049190,5,Ok barang sesui,1771384321,2 bulan lalu,TERACOTA +BIRU MUDA - L,True,Anonymous,0,False,False,
Paket Isi 2Pcs 50Rb Kaos Distro Motif Simple Cocok Untuk Pria Dan Wanita Motif Random,1930710594,5,Bagus bajunya,1771367692,2 bulan lalu,PLUM+ALMOND - XL,True,Anonymous,0,False,False,
Paket Isi 2Pcs 50Rb Kaos Distro Motif Simple Cocok Untuk Pria Dan Wanita Motif Random,1929348795,5,Puas dg hrg sgtu dpt lmyn bgs  bhnnya mksh,1771302364,2 bulan lalu,PLUM+ALMOND - XL,True,Anonymous,0,False,False,
Paket Isi 2Pcs 50Rb Kaos Distro Motif Simple Cocok Untuk Pria Dan Wanita Motif Random,1929242072,5,"Plum almond,yg Dateng marun coksu 🤦.
Lumayan sih ya. Tapi lain kali diteliti LGI ya KA.",1771298975,2 bulan lalu,PLUM+ALMOND - XXXL,True,Anonymous,0,True,False,
Paket Isi 2Pcs 50Rb Kaos Distro Motif Simple Cocok Untuk Pria Dan Wanita Motif Random,1929136106,5,"Pokoknya bintang 5, sangat bagus",1771295403,2 bulan lalu,PUTIH+HITAM - XXL,True,Anonymous,0,True,False,
Paket Isi 2Pcs 50Rb Kaos Distro Motif Simple Cocok Untuk Pria Dan Wanita Motif Random,1928603873,5,"Bahan adem,,size nya pas",1771251127,2 bulan lalu,HITAM+NAVY - XXXL,True,Anonymous,0,False,False,
Paket Isi 2Pcs 50Rb Kaos Distro Motif Simple Cocok Untuk Pria Dan Wanita Motif Random,1927036622,5,Satu kata buat tokonya berkah selalu makin sukses jualannya amin🤲🤲🤲 ngsyaawlloh KLO ada rezeky lebih co LG warna laennya,1771200146,2 bulan lalu,COKSU+ABU MUDA - XL,True,Anonymous,0,False,False,
Paket Isi 2Pcs 50Rb Kaos Distro Motif Simple Cocok Untuk Pria Dan Wanita Motif Random,1926471568,5,Kualitas produk: Bagus banget,1771158257,2 bulan lalu,HITAM+NAVY - XL,True,Anonymous,0,False,False,
Paket Isi 2Pcs 50Rb Kaos Distro Motif Simple Cocok Untuk Pria Dan Wanita Motif Random,1926415885,5,"Alhamdulilah.. paketnya dah sampai, ini beli yg ke 3xnya kaosnya bgus bnget, puas belanja disini, sesuai, mkasih buat toko nya amanah, da mkasih juga buat abang kurirnya 🙏🙏",1771156603,2 bulan lalu,MARUN+HITAM - L,True,Anonymous,0,False,False,
Paket Isi 2Pcs 50Rb Kaos Distro Motif Simple Cocok Untuk Pria Dan Wanita Motif Random,1926006057,5,Bahan bagus murah 2 pcs 55000 +ongkir,1771144013,2 bulan lalu,TERACOTA +BIRU MUDA - XL,True,Anonymous,0,False,False,
Paket Isi 2Pcs 50Rb Kaos Distro Motif Simple Cocok Untuk Pria Dan Wanita Motif Random,1925512475,5,Bgus bngt bhn tebel ga nerawang murah lgi 50 dpt 2 kaos,1771128209,2 bulan lalu,ABU MUDA+TOSCA - M,True,Anonymous,0,False,True,
Paket Isi 2Pcs 50Rb Kaos Distro Motif Simple Cocok Untuk Pria Dan Wanita Motif Random,1924749931,5,Kualitas produk: Ok,1771075920,2 bulan lalu,MARUN+HITAM - XL,True,Anonymous,0,False,False,
Paket Isi 2Pcs 50Rb Kaos Distro Motif Simple Cocok Untuk Pria Dan Wanita Motif Random,1924549646,5,Bagus bangetttt yaaa,1771069463,2 bulan lalu,HITAM+NAVY - L,True,Anonymous,0,False,False,
Paket Isi 2Pcs 50Rb Kaos Distro Motif Simple Cocok Untuk Pria Dan Wanita Motif Random,1924482445,4,"Kualitas produk: Bagus,lembut nyaman di pakai
Pengiriman cepat,kurir ramah",1771067590,2 bulan lalu,KUNING+WARDAH - L,True,Anonymous,0,True,False,
Paket Isi 2Pcs 50Rb Kaos Distro Motif Simple Cocok Untuk Pria Dan Wanita Motif Random,1923451978,5,"Paket sudah dateng sesuai iklan,,trimksih toko dn kurir sudah langganan",1771036060,2 bulan lalu,PUTIH+HITAM - XL,True,Anonymous,0,True,False,
Paket Isi 2Pcs 50Rb Kaos Distro Motif Simple Cocok Untuk Pria Dan Wanita Motif Random,1923211369,5,Kualitas produk: Bagus bahan nya adem,1771022082,2 bulan lalu,NAVY+ABU TUA - L,True,Anonymous,0,False,False,
Paket Isi 2Pcs 50Rb Kaos Distro Motif Simple Cocok Untuk Pria Dan Wanita Motif Random,1922827565,5,Oke bgus sangat2 memuaskan Bhan adem semoga suamiku suka maksih shop tiktok,1770990407,2 bulan lalu,HITAM+BIRU MUDA - XL,True,Anonymous,0,True,False,
Paket Isi 2Pcs 50Rb Kaos Distro Motif Simple Cocok Untuk Pria Dan Wanita Motif Random,1922792546,5,barang yg di kirim sesuai dengan pesanana,1770989202,2 bulan lalu,PUTIH+HITAM - L,True,Anonymous,0,False,False,
Paket Isi 2Pcs 50Rb Kaos Distro Motif Simple Cocok Untuk Pria Dan Wanita Motif Random,1922727627,5,Bagus halus,1770987081,2 bulan lalu,ABU MUDA+TOSCA - M,True,Anonymous,0,False,False,
Paket Isi 2Pcs 50Rb Kaos Distro Motif Simple Cocok Untuk Pria Dan Wanita Motif Random,1922522079,5,Bagus,1770981475,2 bulan lalu,COKSU+HITAM - L,True,Anonymous,0,False,False,
Paket Isi 2Pcs 50Rb Kaos Distro Motif Simple Cocok Untuk Pria Dan Wanita Motif Random,1920546883,5,Barangnya thebes bangt,1770895566,2 bulan lalu,TERACOTA +BIRU MUDA - M,True,Anonymous,0,False,False,
Paket Isi 2Pcs 50Rb Kaos Distro Motif Simple Cocok Untuk Pria Dan Wanita Motif Random,1920410651,5,Yah lumayan bagus dg hrga segitu,1770892368,2 bulan lalu,NAVY+ABU TUA - M,True,Anonymous,0,False,False,
Paket Isi 2Pcs 50Rb Kaos Distro Motif Simple Cocok Untuk Pria Dan Wanita Motif Random,1920377083,5,Mantaff.......,1770891503,2 bulan lalu,COKSU+ABU MUDA - XL,True,Anonymous,0,True,False,
Paket Isi 2Pcs 50Rb Kaos Distro Motif Simple Cocok Untuk Pria Dan Wanita Motif Random,1919790570,4,bagus sih kaosnya sesuai yg di pesen warnanya tpi knapa lma banget ya nympenya.,1770874162,2 bulan lalu,PLUM+ALMOND - L,True,Anonymous,0,False,False,
Paket Isi 2Pcs 50Rb Kaos Distro Motif Simple Cocok Untuk Pria Dan Wanita Motif Random,1918405295,5,Sesuai pesanan bahan adem pengiriman cepat,1770806177,2 bulan lalu,WARDAH+COKSU - M,True,Anonymous,0,False,False,
Paket Isi 2Pcs 50Rb Kaos Distro Motif Simple Cocok Untuk Pria Dan Wanita Motif Random,1918398484,5,"Kualitas produk: Cantik warna nya sesuai dengan pesanan. Next order lagi nih. Terimakasih.
Maaf gak sempat foto",1770805994,2 bulan lalu,NAVY+MARUN - XL,True,Anonymous,0,False,False,
Paket Isi 2Pcs 50Rb Kaos Distro Motif Simple Cocok Untuk Pria Dan Wanita Motif Random,1917783739,5,"Masya Allah cepet banget pengirimannya, cuma 2 hari udah sampai, bahan lumayan tebel &amp; adem",1770791681,2 bulan lalu,BIRU MUDA+DUSTY - L,True,Anonymous,0,True,False,
Paket Isi 2Pcs 50Rb Kaos Distro Motif Simple Cocok Untuk Pria Dan Wanita Motif Random,1917623509,5,okee,1770786958,2 bulan lalu,PUTIH+HITAM - XL,True,Anonymous,0,True,False,Terima kasih telah berbelanja di INDAH MODE 20. Bagikan link toko kami https://www.tokopedia.com/indah-mode-20 kepada teman-teman kamu. Jangan lupa follow toko kami untuk tahu update terbaru tentang stok dan produk yang kami tawarkan.
Paket Isi 2Pcs 50Rb Kaos Distro Motif Simple Cocok Untuk Pria Dan Wanita Motif Random,1916372088,5,Bagus mantul,1770721161,2 bulan lalu,WARDAH+COKSU - XL,True,Anonymous,0,False,False,
Paket Isi 2Pcs 50Rb Kaos Distro Motif Simple Cocok Untuk Pria Dan Wanita Motif Random,1916102682,5,Paket nya udah sampai bajuny bagus,1770712651,2 bulan lalu,HIJAU BOTOL +ABU TUA - L,True,Anonymous,0,False,False,
Paket Isi 2Pcs 50Rb Kaos Distro Motif Simple Cocok Untuk Pria Dan Wanita Motif Random,1915472593,5,"Kualitas produk: 👍👍👍👍👍bagus banget pokoknya gk bakal nyesel beli bara ng di toko ini,, buruan CO 🫰👍",1770690148,2 bulan lalu,HITAM+NAVY - XXXL,True,Anonymous,0,True,False,
Paket Isi 2Pcs 50Rb Kaos Distro Motif Simple Cocok Untuk Pria Dan Wanita Motif Random,1913602833,5,Barang bagus,1770605656,2 bulan lalu,TERACOTA +BIRU MUDA - XL,True,Anonymous,0,False,False,
Paket Isi 2Pcs 50Rb Kaos Distro Motif Simple Cocok Untuk Pria Dan Wanita Motif Random,1913540861,5,"Bagus banget bajunya,,JD suka 👍",1770603517,2 bulan lalu,HITAM+NAVY - L,True,Anonymous,0,False,False,
Paket Isi 2Pcs 50Rb Kaos Distro Motif Simple Cocok Untuk Pria Dan Wanita Motif Random,1912382676,4,"Makasih pakeet dah nyampai,,,bahanya lumayan bagus sesuai dengan harga",1770546860,2 bulan lalu,BIRU MUDA+DUSTY - XL,True,Anonymous,0,False,False,
Paket Isi 2Pcs 50Rb Kaos Distro Motif Simple Cocok Untuk Pria Dan Wanita Motif Random,1909720627,5,"Kualitas produk: Sangat bagus
Seller sangat amanah sukses terus ya Ka usaha nya",1770431492,2 bulan lalu,NAVY+ABU TUA - L,True,Anonymous,0,True,False,
Paket Isi 2Pcs 50Rb Kaos Distro Motif Simple Cocok Untuk Pria Dan Wanita Motif Random,1907167413,5,Jozz,1770300467,2 bulan lalu,PUTIH+HITAM - XXL,True,Anonymous,0,False,False,
Paket Isi 2Pcs 50Rb Kaos Distro Motif Simple Cocok Untuk Pria Dan Wanita Motif Random,1904719270,5,"Paket&#39;a dh sampe 
Bgus ukuran&#39;a pas",1770203472,2 bulan lalu,HITAM+NAVY - L,True,Anonymous,0,False,False,
Paket Isi 2Pcs 50Rb Kaos Distro Motif Simple Cocok Untuk Pria Dan Wanita Motif Random,1904545973,5,Lumayanlah dg harga segitu,1770199148,2 bulan lalu,NAVY+ABU TUA - XL,True,Anonymous,0,False,False,
Paket Isi 2Pcs 50Rb Kaos Distro Motif Simple Cocok Untuk Pria Dan Wanita Motif Random,1903940998,5,Kualitas produk: Bagus bgt,1770182268,2 bulan lalu,HITAM+NAVY - XL,True,Anonymous,0,False,False,
Paket Isi 2Pcs 50Rb Kaos Distro Motif Simple Cocok Untuk Pria Dan Wanita Motif Random,1901782212,5,Kualitas produk: Bagus,1770089096,2 bulan lalu,MARUN+HITAM - L,True,Anonymous,0,False,False,
Paket Isi 2Pcs 50Rb Kaos Distro Motif Simple Cocok Untuk Pria Dan Wanita Motif Random,1900919062,5,Bahan bagus boskuhh,1770035029,2 bulan lalu,DUSTY+COKSU - M,True,Anonymous,0,False,False,
Paket Isi 2Pcs 50Rb Kaos Distro Motif Simple Cocok Untuk Pria Dan Wanita Motif Random,1900667670,5,Kualitas produk: Bagus,1770027411,2 bulan lalu,HITAM+BIRU MUDA - XXL,True,Anonymous,0,False,False,
Paket Isi 2Pcs 50Rb Kaos Distro Motif Simple Cocok Untuk Pria Dan Wanita Motif Random,1900101336,5,Bagus,1770010291,2 bulan lalu,TERACOTA +BIRU MUDA - L,True,Anonymous,0,False,False,
Paket Isi 2Pcs 50Rb Kaos Distro Motif Simple Cocok Untuk Pria Dan Wanita Motif Random,1899952052,5,Paket sesuai dengan gambar,1770006286,2 bulan lalu,HITAM+BIRU MUDA - XXXL,True,Anonymous,0,True,False,
Paket Isi 2Pcs 50Rb Kaos Distro Motif Simple Cocok Untuk Pria Dan Wanita Motif Random,1899161050,5,Bagus tebal pengiriman cepat sekali,1769959242,2 bulan lalu,HITAM+NAVY - XXL,True,Anonymous,0,False,False,
Paket Isi 2Pcs 50Rb Kaos Distro Motif Simple Cocok Untuk Pria Dan Wanita Motif Random,1898045979,5,Nevy+ marun kaos nya bagus adem jahitan rapi..saya suka,1769922548,2 bulan lalu,NAVY+MARUN - XL,True,Anonymous,0,False,False,
Paket Isi 2Pcs 50Rb Kaos Distro Motif Simple Cocok Untuk Pria Dan Wanita Motif Random,1896859158,5,mantaps,1769858139,2 bulan lalu,ABU MUDA+TOSCA - XXXL,True,Anonymous,0,False,False,Terima kasih telah berbelanja di INDAH MODE 20. Bagikan link toko kami https://www.tokopedia.com/indah-mode-20 kepada teman-teman kamu. Jangan lupa follow toko kami untuk tahu update terbaru tentang stok dan produk yang kami tawarkan.
Paket Isi 2Pcs 50Rb Kaos Distro Motif Simple Cocok Untuk Pria Dan Wanita Motif Random,1895060333,4,"ukuran dan warna sesuai
cuma logo gambar tulisan di gambar gk sama",1769776976,2 bulan lalu,BIRU MUDA+DUSTY - L,True,Anonymous,0,False,False,
Paket Isi 2Pcs 50Rb Kaos Distro Motif Simple Cocok Untuk Pria Dan Wanita Motif Random,1894812709,4,Sesuai pesanan,1769770438,2 bulan lalu,NAVY+MARUN - XL,True,Anonymous,0,False,False,
Paket Isi 2Pcs 50Rb Kaos Distro Motif Simple Cocok Untuk Pria Dan Wanita Motif Random,1894802908,5,"Barang sudah diterima sesuai dengan deskripsi, kualitas produk bagus, pokoknya puas deh . MANTAP GAN , sukses selalu.",1769770182,2 bulan lalu,COKSU+HITAM - XXXL,True,Anonymous,0,False,False,
Paket Isi 2Pcs 50Rb Kaos Distro Motif Simple Cocok Untuk Pria Dan Wanita Motif Random,1892464592,5,👍sesuay pesanan,1769665988,2 bulan lalu,NAVY+MARUN - L,True,Anonymous,0,False,False,
Paket Isi 2Pcs 50Rb Kaos Distro Motif Simple Cocok Untuk Pria Dan Wanita Motif Random,1891952319,5,"Sangaaat bagus,adem, tebal",1769646094,2 bulan lalu,KUNING+WARDAH - XL,True,Anonymous,0,False,False,
Paket Isi 2Pcs 50Rb Kaos Distro Motif Simple Cocok Untuk Pria Dan Wanita Motif Random,1890128443,4,Kaos nya lembut nyaman di pakai nya,1769552282,2 bulan lalu,HITAM+NAVY - L,True,Anonymous,0,False,False,
Paket Isi 2Pcs 50Rb Kaos Distro Motif Simple Cocok Untuk Pria Dan Wanita Motif Random,1888702517,4,Bahan adem pas,1769475588,2 bulan lalu,TERACOTA +BIRU MUDA - XXL,True,Anonymous,0,False,False,
Paket Isi 2Pcs 50Rb Kaos Distro Motif Simple Cocok Untuk Pria Dan Wanita Motif Random,1888304279,5,Kualitas produk: 𝑆𝑎𝑛𝑔𝑎𝑡 𝑏𝑎𝑔𝑢𝑠,1769433573,2 bulan lalu,TOSCA+COKPOL - M,True,Anonymous,0,False,False,
Paket Isi 2Pcs 50Rb Kaos Distro Motif Simple Cocok Untuk Pria Dan Wanita Motif Random,1887324666,5,Kaos bgus ank aku suka Bhan ny tebal,1769399599,2 bulan lalu,HITAM+ABU TUA - L,True,Anonymous,0,False,False,
Paket Isi 2Pcs 50Rb Kaos Distro Motif Simple Cocok Untuk Pria Dan Wanita Motif Random,1887315151,5,"Kaos jumbonya tebal,hangat &amp; baik untuk dipakai nyaman",1769399277,2 bulan lalu,PUTIH+HITAM - XXXL,True,Anonymous,0,False,False,
Paket Isi 2Pcs 50Rb Kaos Distro Motif Simple Cocok Untuk Pria Dan Wanita Motif Random,1886520830,5,Kualitas produk: Bagus bahan tebal saya suka😊,1769343497,2 bulan lalu,BIRU MUDA+DUSTY - XXL,True,Anonymous,0,False,False,
Paket Isi 2Pcs 50Rb Kaos Distro Motif Simple Cocok Untuk Pria Dan Wanita Motif Random,1884973257,5,Sangat bagus,1769258108,2 bulan lalu,WARDAH+COKSU - XL,True,Anonymous,0,False,False,
Paket Isi 2Pcs 50Rb Kaos Distro Motif Simple Cocok Untuk Pria Dan Wanita Motif Random,1881765312,4,mantap,1769086917,3 bulan lalu,NAVY+MARUN - XXL,True,Anonymous,0,False,False,
Paket Isi 2Pcs 50Rb Kaos Distro Motif Simple Cocok Untuk Pria Dan Wanita Motif Random,1881316873,4,Lumayan sesuai harga,1769073959,3 bulan lalu,NAVY+ABU TUA - XL,True,Anonymous,0,False,False,
Paket Isi 2Pcs 50Rb Kaos Distro Motif Simple Cocok Untuk Pria Dan Wanita Motif Random,1881033171,5,Alhamdulillah bagus mksh,1769064591,3 bulan lalu,MARUN+HIJAU BOTOL - XXXL,True,Anonymous,0,False,False,
Paket Isi 2Pcs 50Rb Kaos Distro Motif Simple Cocok Untuk Pria Dan Wanita Motif Random,1880274955,5,Paket sudah sampai.. bajunya bagus bahan nya pada tebal..sip deh,1769015425,3 bulan lalu,WARDAH+COKSU - XXL,False,Zaky,0,False,False,Terima kasih telah berbelanja di INDAH MODE 20. Bagikan link toko kami https://www.tokopedia.com/indah-mode-20 kepada teman-teman kamu. Jangan lupa follow toko kami untuk tahu update terbaru tentang stok dan produk yang kami tawarkan.
Paket Isi 2Pcs 50Rb Kaos Distro Motif Simple Cocok Untuk Pria Dan Wanita Motif Random,1878142134,5,"Ok mantap,bahan bagus..
Sesuai pesanan..",1768911796,3 bulan lalu,PUTIH+HITAM - XL,True,Anonymous,0,False,False,
Paket Isi 2Pcs 50Rb Kaos Distro Motif Simple Cocok Untuk Pria Dan Wanita Motif Random,1874136476,5,Mantap toko Amanah... Buat langganan....,1768716783,3 bulan lalu,TERACOTA +BIRU MUDA - XXXL,True,Anonymous,0,False,False,
Paket Isi 2Pcs 50Rb Kaos Distro Motif Simple Cocok Untuk Pria Dan Wanita Motif Random,1873047956,5,Pas,1768646723,3 bulan lalu,TERACOTA +BIRU MUDA - L,True,Anonymous,0,True,False,
Paket Isi 2Pcs 50Rb Kaos Distro Motif Simple Cocok Untuk Pria Dan Wanita Motif Random,1872861449,5,"Alhamdulillah paket udah mendarat, order lg ah",1768640408,3 bulan lalu,DUSTY+COKSU - XXL,True,Anonymous,0,False,False,
Paket Isi 2Pcs 50Rb Kaos Distro Motif Simple Cocok Untuk Pria Dan Wanita Motif Random,1872456214,5,Baju nya bagus gk ada yg cacat,1768626209,3 bulan lalu,2PCS WARNA HITAM - XXL,True,Anonymous,0,False,False,
Paket Isi 2Pcs 50Rb Kaos Distro Motif Simple Cocok Untuk Pria Dan Wanita Motif Random,1872009724,5,"Alhamdulillah pesanan dah nyampek cepat , bahanx kaos alus , jahitan rapi, warna bagus sesuai pesanan .
Kurirnx langganan jg ramah .",1768607659,3 bulan lalu,MARUN+HITAM - M,True,Anonymous,0,True,False,
Paket Isi 2Pcs 50Rb Kaos Distro Motif Simple Cocok Untuk Pria Dan Wanita Motif Random,1871620765,5,Bagus pas banget..ukurannya bahannya adem gak nerawang..pokoknya mau belilagi...terimakasiiiiiiih.,1768568716,3 bulan lalu,ABU MUDA+TOSCA - L,True,Anonymous,0,True,False,
Paket Isi 2Pcs 50Rb Kaos Distro Motif Simple Cocok Untuk Pria Dan Wanita Motif Random,1870396485,5,Aslinya bagus bnget...bahan nyak sangat Tebel.nexs mau beli lagii dehh,1768526273,3 bulan lalu,TERACOTA +BIRU MUDA - M,True,Anonymous,0,False,False,
Paket Isi 2Pcs 50Rb Kaos Distro Motif Simple Cocok Untuk Pria Dan Wanita Motif Random,1869757589,4,Sesuai dengan harga. Cakep banget 😁,1768476437,3 bulan lalu,HITAM+BIRU MUDA - L,True,Anonymous,0,False,False,
Paket Isi 2Pcs 50Rb Kaos Distro Motif Simple Cocok Untuk Pria Dan Wanita Motif Random,1865399937,4,"Baru saja Sampek paketnya, kaosnya ketebalan sedang, warna sesuai pesanan, jahitan bagus, tp kaosnya TDK nyerap keringat......😥 Agak sedih....😞 Krn TDK sesuai harapan....ku, maaf ya kakak....penilaiannya jujur.",1768272909,3 bulan lalu,BIRU MUDA+DUSTY - XL,True,Anonymous,1,True,False,
Paket Isi 2Pcs 50Rb Kaos Distro Motif Simple Cocok Untuk Pria Dan Wanita Motif Random,1863879156,5,"Kualitas produk: Bahan bagus
Sudah ke 3x nya aku beli di toko ini barangnya bagus tidak mengecewakan pokone maksih buat tokonya yg selalu amanah😘😘",1768192341,3 bulan lalu,PUTIH+HITAM - XL,True,Anonymous,0,False,False,
Paket Isi 2Pcs 50Rb Kaos Distro Motif Simple Cocok Untuk Pria Dan Wanita Motif Random,1862049334,2,"Pengiriman.cepat
Ongkir.nya.mahal
Barangnya.inggak.bagus .bangat
Biasa.aja",1768099736,3 bulan lalu,HITAM+BIRU MUDA - L,True,Anonymous,0,False,False,
Paket Isi 2Pcs 50Rb Kaos Distro Motif Simple Cocok Untuk Pria Dan Wanita Motif Random,1861893556,3,"Kualitas produk: Kainnya lumayan lah..cuma size nya kecil untuk di ukuran L.
Jadi agak kecewa dengan ukuran. Biasa pakai ukuran L..ku kira muat. Ternyata sinetron L yg buat anak anak",1768091733,3 bulan lalu,HITAM+ABU TUA - L,True,Anonymous,0,False,False,
Paket Isi 2Pcs 50Rb Kaos Distro Motif Simple Cocok Untuk Pria Dan Wanita Motif Random,1860079266,5,"𝑩𝒂𝒉𝒂𝒏 𝒃𝒂𝒈𝒖𝒔, 𝒖𝒌𝒖𝒓𝒂𝒏 𝒑𝒂𝒔, 𝒈𝒌 𝒕𝒊𝒑𝒊𝒔 𝒋𝒈",1767980407,3 bulan lalu,HITAM+NAVY - XL,True,Anonymous,0,True,False,
Paket Isi 2Pcs 50Rb Kaos Distro Motif Simple Cocok Untuk Pria Dan Wanita Motif Random,1859494394,5,Produk nya bagus,1767954403,3 bulan lalu,PUTIH+HITAM - M,True,Anonymous,0,True,False,
Paket Isi 2Pcs 50Rb Kaos Distro Motif Simple Cocok Untuk Pria Dan Wanita Motif Random,1858643881,5,bahan cukup lumayan bagus.,1767925428,3 bulan lalu,PUTIH+HITAM - XXL,True,Anonymous,0,False,False,
Paket Isi 2Pcs 50Rb Kaos Distro Motif Simple Cocok Untuk Pria Dan Wanita Motif Random,1857271243,5,Kualitas produk: Bagus,1767853142,3 bulan lalu,KUNING+WARDAH - M,True,Anonymous,0,False,False,
Paket Isi 2Pcs 50Rb Kaos Distro Motif Simple Cocok Untuk Pria Dan Wanita Motif Random,1855645175,5,Ssuai😘😘🥰,1767774924,3 bulan lalu,HITAM+NAVY - L,True,Anonymous,0,False,False,
Paket Isi 2Pcs 50Rb Kaos Distro Motif Simple Cocok Untuk Pria Dan Wanita Motif Random,1855000561,4,Bagus,1767754603,3 bulan lalu,COKSU+ABU MUDA - L,True,Anonymous,0,False,False,
Paket Isi 2Pcs 50Rb Kaos Distro Motif Simple Cocok Untuk Pria Dan Wanita Motif Random,1854368732,5,Bagus n sesuai pesenan,1767705130,3 bulan lalu,HITAM+NAVY - XL,True,Anonymous,0,False,False,
Paket Isi 2Pcs 50Rb Kaos Distro Motif Simple Cocok Untuk Pria Dan Wanita Motif Random,1853307775,5,Kualitas produk: kualitas produk bagus,1767668536,3 bulan lalu,HITAM+BIRU MUDA - XXL,True,Anonymous,0,False,False,
Paket Isi 2Pcs 50Rb Kaos Distro Motif Simple Cocok Untuk Pria Dan Wanita Motif Random,1849210060,5,Bagus,1767453841,3 bulan lalu,MARUN+HITAM - XL,True,Anonymous,0,False,False,
Paket Isi 2Pcs 50Rb Kaos Distro Motif Simple Cocok Untuk Pria Dan Wanita Motif Random,1848134963,3,salah warna,1767411390,3 bulan lalu,MARUN+HIJAU BOTOL - XXXL,False,Ayung,0,False,False,
Paket Isi 2Pcs 50Rb Kaos Distro Motif Simple Cocok Untuk Pria Dan Wanita Motif Random,1847845430,4,Bagus,1767394897,3 bulan lalu,PUTIH+HITAM - L,True,Anonymous,0,False,False,
Paket Isi 2Pcs 50Rb Kaos Distro Motif Simple Cocok Untuk Pria Dan Wanita Motif Random,1847380692,5,Kualitas produk: Bagus,1767353664,3 bulan lalu,MARUN+HIJAU BOTOL - XXL,True,Anonymous,0,False,False,
Paket Isi 2Pcs 50Rb Kaos Distro Motif Simple Cocok Untuk Pria Dan Wanita Motif Random,1846433527,5,Kualitas produk: Kualitas barang sesuai top,1767321472,3 bulan lalu,ABU MUDA+TOSCA - L,True,Anonymous,0,False,False,
Paket Isi 2Pcs 50Rb Kaos Distro Motif Simple Cocok Untuk Pria Dan Wanita Motif Random,1846282882,5,Syukaaaaa bagus banget bajunya 💗,1767314472,3 bulan lalu,ALMOND+HITAM - M,True,Anonymous,0,False,False,
Paket Isi 2Pcs 50Rb Kaos Distro Motif Simple Cocok Untuk Pria Dan Wanita Motif Random,1844313618,5,Mantap kainya halus,1767185933,3 bulan lalu,MARUN+HITAM - XXXL,True,Anonymous,0,False,False,
Paket Isi 2Pcs 50Rb Kaos Distro Motif Simple Cocok Untuk Pria Dan Wanita Motif Random,1844296267,5,Kualitas produk: Bagus saya suka trima kasih seller,1767185042,3 bulan lalu,ABU MUDA+TOSCA - XXXL,True,Anonymous,0,False,False,
Paket Isi 2Pcs 50Rb Kaos Distro Motif Simple Cocok Untuk Pria Dan Wanita Motif Random,1843730072,5,"Waktu pertama pesan masih ragu,tau2 sewaktu nyampe kaosnya sangat tebal dan murah harganya,tokonya Amanah",1767164123,3 bulan lalu,COKSU+HITAM - XL,True,Anonymous,0,False,False,
Paket Isi 2Pcs 50Rb Kaos Distro Motif Simple Cocok Untuk Pria Dan Wanita Motif Random,1843426828,5,"Barang sudah di terima,Alhamdulillah amanah,sesuai sama harga nya",1767154206,3 bulan lalu,HITAM+ABU TUA - XXL,True,Anonymous,0,False,False,
Paket Isi 2Pcs 50Rb Kaos Distro Motif Simple Cocok Untuk Pria Dan Wanita Motif Random,1843426834,5,"Barang sudah di terima,Alhamdulillah amanah,sesuai sama harga nya terima kasih",1767154206,3 bulan lalu,HITAM+NAVY - L,True,Anonymous,0,False,False,
Paket Isi 2Pcs 50Rb Kaos Distro Motif Simple Cocok Untuk Pria Dan Wanita Motif Random,1842610711,5,Sangat bagus halus,1767097609,3 bulan lalu,NAVY+MARUN - XL,True,Anonymous,0,False,True,
Paket Isi 2Pcs 50Rb Kaos Distro Motif Simple Cocok Untuk Pria Dan Wanita Motif Random,1840938269,5,Baik,1767009087,3 bulan lalu,PLUM+ALMOND - XXL,True,Anonymous,0,False,False,
Paket Isi 2Pcs 50Rb Kaos Distro Motif Simple Cocok Untuk Pria Dan Wanita Motif Random,1840656358,5,"Bahannya adem , pengiriman cepat ,smoga tokonya selalu amanah",1766999623,3 bulan lalu,ALMOND+KUNING - XL,True,Anonymous,0,False,False,
Paket Isi 2Pcs 50Rb Kaos Distro Motif Simple Cocok Untuk Pria Dan Wanita Motif Random,1839715771,5,Almdullah.bhan nya bagus tebal trima kasih toko nya sudah amnah,1766963636,3 bulan lalu,HITAM+ABU TUA - L,True,Anonymous,0,True,False,
Paket Isi 2Pcs 50Rb Kaos Distro Motif Simple Cocok Untuk Pria Dan Wanita Motif Random,1838770036,5,Oke,1766907715,3 bulan lalu,ABU MUDA+TOSCA - XL,True,Anonymous,0,False,False,
Paket Isi 2Pcs 50Rb Kaos Distro Motif Simple Cocok Untuk Pria Dan Wanita Motif Random,1838750688,5,Barangnya udah yampek bagus,1766906962,3 bulan lalu,ABU MUDA+TOSCA - XL,True,Anonymous,0,False,False,
Paket Isi 2Pcs 50Rb Kaos Distro Motif Simple Cocok Untuk Pria Dan Wanita Motif Random,1837089806,5,Ok Mantap,1766818724,3 bulan lalu,ABU MUDA+TOSCA - XL,True,Anonymous,0,True,False,
Paket Isi 2Pcs 50Rb Kaos Distro Motif Simple Cocok Untuk Pria Dan Wanita Motif Random,1836632927,5,"Kaosnya bagus ,,baru pertama order tp SDH Ok aja,,,next order lagi ..pengiriman cepat aman..trimksih 🙏",1766802279,3 bulan lalu,MARUN+HITAM - XXL,True,Anonymous,0,True,False,
Paket Isi 2Pcs 50Rb Kaos Distro Motif Simple Cocok Untuk Pria Dan Wanita Motif Random,1835148591,5,Barang susuai,1766723224,3 bulan lalu,TOSCA+COKPOL - L,True,Anonymous,0,False,False,
Paket Isi 2Pcs 50Rb Kaos Distro Motif Simple Cocok Untuk Pria Dan Wanita Motif Random,1834558675,5,Bagus banget bahan adem dan tebal tp gak panas,1766683020,3 bulan lalu,WARDAH+COKSU - XL,True,Anonymous,0,True,False,
Paket Isi 2Pcs 50Rb Kaos Distro Motif Simple Cocok Untuk Pria Dan Wanita Motif Random,1833069382,5,Terimakasih barang sudah sampai dan sesuai,1766626465,3 bulan lalu,NAVY+ABU TUA - M,True,Anonymous,0,True,False,
Paket Isi 2Pcs 50Rb Kaos Distro Motif Simple Cocok Untuk Pria Dan Wanita Motif Random,1831362454,2,Alhmdulillah brang sudah sampai bagus,1766545657,4 bulan lalu,HITAM+NAVY - XL,True,Anonymous,0,False,False,
Paket Isi 2Pcs 50Rb Kaos Distro Motif Simple Cocok Untuk Pria Dan Wanita Motif Random,1831052424,5,Mantap sesuai pesanan,1766532429,4 bulan lalu,MARUN+HITAM - XL,True,Anonymous,0,False,False,
Paket Isi 2Pcs 50Rb Kaos Distro Motif Simple Cocok Untuk Pria Dan Wanita Motif Random,1830142970,5,Bagus bahan adem .. bapak saya suka kaosnya,1766478323,4 bulan lalu,HITAM+BIRU MUDA - XL,True,Anonymous,0,False,False,
Paket Isi 2Pcs 50Rb Kaos Distro Motif Simple Cocok Untuk Pria Dan Wanita Motif Random,1828149098,5,Baguslah bahan adem,1766379093,4 bulan lalu,HIJAU BOTOL +ABU TUA - XL,True,Anonymous,0,False,False,
Paket Isi 2Pcs 50Rb Kaos Distro Motif Simple Cocok Untuk Pria Dan Wanita Motif Random,1825437326,5,Bagus kaos nya sesuai prediksi sukses selalu,1766224495,4 bulan lalu,DUSTY+COKSU - XL,True,Anonymous,0,False,False,
Paket Isi 2Pcs 50Rb Kaos Distro Motif Simple Cocok Untuk Pria Dan Wanita Motif Random,1819864447,5,"Bahan bagus,TDK kecewa pesan nya",1765958903,4 bulan lalu,COKSU+ABU MUDA - M,True,Anonymous,0,False,False,
Paket Isi 2Pcs 50Rb Kaos Distro Motif Simple Cocok Untuk Pria Dan Wanita Motif Random,1818614211,4,"Kualitas produk: Bagus
Pas lg ukuran L",1765892490,4 bulan lalu,ABU MUDA+TOSCA - L,True,Anonymous,0,False,False,
Paket Isi 2Pcs 50Rb Kaos Distro Motif Simple Cocok Untuk Pria Dan Wanita Motif Random,1812859375,5,Bagus,1765631238,4 bulan lalu,DUSTY+COKSU - XL,True,Anonymous,0,False,False,
Paket Isi 2Pcs 50Rb Kaos Distro Motif Simple Cocok Untuk Pria Dan Wanita Motif Random,1812859370,5,Bagus,1765631238,4 bulan lalu,HITAM+NAVY - XL,True,Anonymous,0,False,False,
Paket Isi 2Pcs 50Rb Kaos Distro Motif Simple Cocok Untuk Pria Dan Wanita Motif Random,1811398025,5,Terimakasih pesanan ny cepat baju ny bagus,1765565083,4 bulan lalu,HITAM+BIRU MUDA - XXXL,True,Anonymous,0,True,False,
Paket Isi 2Pcs 50Rb Kaos Distro Motif Simple Cocok Untuk Pria Dan Wanita Motif Random,1807368090,5,Produk bagus sesuai psnan trimakasih,1765370111,4 bulan lalu,TERACOTA +BIRU MUDA - L,True,Anonymous,0,False,False,
Paket Isi 2Pcs 50Rb Kaos Distro Motif Simple Cocok Untuk Pria Dan Wanita Motif Random,1806497155,5,"Kua
Kualitas produk: Bagus",1765343786,4 bulan lalu,COKSU+HITAM - L,True,Anonymous,0,False,False,
Paket Isi 2Pcs 50Rb Kaos Distro Motif Simple Cocok Untuk Pria Dan Wanita Motif Random,1804769020,5,Kualitas produk: Sangat bagus,1765257608,4 bulan lalu,PUTIH+HITAM - M,True,Anonymous,0,False,False,
Paket Isi 2Pcs 50Rb Kaos Distro Motif Simple Cocok Untuk Pria Dan Wanita Motif Random,1794865439,5,Pas,1764754180,4 bulan lalu,MARUN+HIJAU BOTOL - L,True,Anonymous,0,False,False,
Paket Isi 2Pcs 50Rb Kaos Distro Motif Simple Cocok Untuk Pria Dan Wanita Motif Random,1793855095,5,Bahanya bagus kurirnya juga baik,1764702213,4 bulan lalu,PUTIH+HITAM - M,True,Anonymous,0,False,False,
Paket Isi 2Pcs 50Rb Kaos Distro Motif Simple Cocok Untuk Pria Dan Wanita Motif Random,1792684995,4,Ukuran nya terlalu besar gak sperti biasa yg saya pesan udah gitu dr Lebel nya Juga pada lepas,1764646860,4 bulan lalu,ABU MUDA+TOSCA - L,True,Anonymous,0,True,False,
